record_kind,completeness,allow_incomplete,issue_codes,run_id,manifest_sha256,selection_id,selection_sha256,verdict_sha256,cell_id,cell_identity_sha256,attempt_id,attempt_record_sha256,configuration_id,workload_id,repetition,value_us,sample_count,measurement_schema,producer_schema,measurement_artifact_sha256,repository_commit,repository_dirty,repository_patch_sha256,source_archive_sha256,environment_sha256,execution_identity_sha256,input_hashes,regeneration_command
campaign,COMPLETE,false,,core-20260724-r7,3bd321ec960c2bce0e6c0ff9aba8bb2be89cb19bdb99011a838cbd79068835b8,primary,d01db822c8e909fe2dbfac157bf62eeeb370a3eef45168f4eb1ff5023fbd4e3a,46d8012b3594c18c96ee1a3f1e063ceeaf5642068c6a6aa895e655bcfb257bdd,,,,,,,,,,,,,2855275288e67a1a2d0bbefff0740841fdf0ecf0,false,,8c5f30748596f665cca0bde76d4637074ffff3fa077387dd12b993cf98d2cee6,,,commcanary-wheel=954c9fe0ef908a448b5343c91e7d58e8785fc20a7fd029b699ca0e252614304d;environment-lock=d4b8b2dc177cb09cea84a5b5a51c99d4510a3270fe70286d2133382fbc4abd8b;param-patch-contract=182942ecf6ed3c0ea267b1660a19be8601c16768640dd6ef3f112601a0b26f34;rostam-catalog=a4926ec9b012724b926fbc583b865bb083b7ad6526fee9ffc3e95129717195b8,python -m experiments.rostam.analyze verify --run-directory experiments/rostam/results/core-20260724-r7 --selection-id primary --verdict-sha256 46d8012b3594c18c96ee1a3f1e063ceeaf5642068c6a6aa895e655bcfb257bdd --output-directory experiments/rostam/results/publications/core-20260724-r7-primary --archive-descriptor experiments/rostam/results/archives/core-20260724-r7-primary-46d8012b3594c18c96ee1a3f1e063ceeaf5642068c6a6aa895e655bcfb257bdd.raw-archive-descriptor.json --raw-archive experiments/rostam/results/archives/core-20260724-r7-primary-46d8012b3594c18c96ee1a3f1e063ceeaf5642068c6a6aa895e655bcfb257bdd.raw.tar.gz --baseline-config nccl-2.19.3-default --candidate-config nccl-2.20.5-default --median-threshold-pct 8.0 --median-absolute-threshold-us 1.0
measurement,COMPLETE,false,,core-20260724-r7,3bd321ec960c2bce0e6c0ff9aba8bb2be89cb19bdb99011a838cbd79068835b8,primary,d01db822c8e909fe2dbfac157bf62eeeb370a3eef45168f4eb1ff5023fbd4e3a,46d8012b3594c18c96ee1a3f1e063ceeaf5642068c6a6aa895e655bcfb257bdd,c-canary-param-nccl-2.19.3-defaul-r000000-9cf35fea71dc8b52,9cf35fea71dc8b52da8e8dad229ef398ba744b05a1c62378e38f5cccdf068ee0,a-000001,5a9c81b5b6395a1578583cd6b459094ef5eea08028c3e87082411635d888d362,nccl-2.19.3-default,canary-param,0,245.275000,8192,commcanary.rostam.physical.param-measurement.v1,commcanary.rostam.physical.param-producer.v1,88a3f07c3a3f002418ea571cb94533a7a2123fa15a341e4524c291c0762d5cfb,2855275288e67a1a2d0bbefff0740841fdf0ecf0,false,,8c5f30748596f665cca0bde76d4637074ffff3fa077387dd12b993cf98d2cee6,cc21deddd8d38b6a9a5604d0ab7c47635066abebd1a0a8c9990e7f1c87588f8f,c5124deee1669c00b0c99cc2c4e6b98fc678ce4fe453c701584785621c954723,commcanary-wheel=954c9fe0ef908a448b5343c91e7d58e8785fc20a7fd029b699ca0e252614304d;environment-lock=d4b8b2dc177cb09cea84a5b5a51c99d4510a3270fe70286d2133382fbc4abd8b;param-patch-contract=182942ecf6ed3c0ea267b1660a19be8601c16768640dd6ef3f112601a0b26f34;rostam-catalog=a4926ec9b012724b926fbc583b865bb083b7ad6526fee9ffc3e95129717195b8,python -m experiments.rostam.analyze verify --run-directory experiments/rostam/results/core-20260724-r7 --selection-id primary --verdict-sha256 46d8012b3594c18c96ee1a3f1e063ceeaf5642068c6a6aa895e655bcfb257bdd --output-directory experiments/rostam/results/publications/core-20260724-r7-primary --archive-descriptor experiments/rostam/results/archives/core-20260724-r7-primary-46d8012b3594c18c96ee1a3f1e063ceeaf5642068c6a6aa895e655bcfb257bdd.raw-archive-descriptor.json --raw-archive experiments/rostam/results/archives/core-20260724-r7-primary-46d8012b3594c18c96ee1a3f1e063ceeaf5642068c6a6aa895e655bcfb257bdd.raw.tar.gz --baseline-config nccl-2.19.3-default --candidate-config nccl-2.20.5-default --median-threshold-pct 8.0 --median-absolute-threshold-us 1.0
measurement,COMPLETE,false,,core-20260724-r7,3bd321ec960c2bce0e6c0ff9aba8bb2be89cb19bdb99011a838cbd79068835b8,primary,d01db822c8e909fe2dbfac157bf62eeeb370a3eef45168f4eb1ff5023fbd4e3a,46d8012b3594c18c96ee1a3f1e063ceeaf5642068c6a6aa895e655bcfb257bdd,c-canary-param-nccl-2.19.3-defaul-r000001-e7d364c85b2e483e,e7d364c85b2e483e06eca1f4a0d430190ec939fcf5a668ac9e257d2e202b939d,a-000001,cb878e16e88cb5bfcb4a7527dad023a26d6c45f7759db9342368938386d04eda,nccl-2.19.3-default,canary-param,1,241.095000,8192,commcanary.rostam.physical.param-measurement.v1,commcanary.rostam.physical.param-producer.v1,1085dd2878ea662cca36d23c3b1742665390764a507187f1469cd9ec7a4ecc46,2855275288e67a1a2d0bbefff0740841fdf0ecf0,false,,8c5f30748596f665cca0bde76d4637074ffff3fa077387dd12b993cf98d2cee6,22cc03072f09824fcad31bc891a1de2363df3bd0a7c0f84fecfaca717e66bf7f,ff27a4b03f2d3e6a269f8cc39403de22f59c4ff39aaeac72209b15d8cf982cef,commcanary-wheel=954c9fe0ef908a448b5343c91e7d58e8785fc20a7fd029b699ca0e252614304d;environment-lock=d4b8b2dc177cb09cea84a5b5a51c99d4510a3270fe70286d2133382fbc4abd8b;param-patch-contract=182942ecf6ed3c0ea267b1660a19be8601c16768640dd6ef3f112601a0b26f34;rostam-catalog=a4926ec9b012724b926fbc583b865bb083b7ad6526fee9ffc3e95129717195b8,python -m experiments.rostam.analyze verify --run-directory experiments/rostam/results/core-20260724-r7 --selection-id primary --verdict-sha256 46d8012b3594c18c96ee1a3f1e063ceeaf5642068c6a6aa895e655bcfb257bdd --output-directory experiments/rostam/results/publications/core-20260724-r7-primary --archive-descriptor experiments/rostam/results/archives/core-20260724-r7-primary-46d8012b3594c18c96ee1a3f1e063ceeaf5642068c6a6aa895e655bcfb257bdd.raw-archive-descriptor.json --raw-archive experiments/rostam/results/archives/core-20260724-r7-primary-46d8012b3594c18c96ee1a3f1e063ceeaf5642068c6a6aa895e655bcfb257bdd.raw.tar.gz --baseline-config nccl-2.19.3-default --candidate-config nccl-2.20.5-default --median-threshold-pct 8.0 --median-absolute-threshold-us 1.0
measurement,COMPLETE,false,,core-20260724-r7,3bd321ec960c2bce0e6c0ff9aba8bb2be89cb19bdb99011a838cbd79068835b8,primary,d01db822c8e909fe2dbfac157bf62eeeb370a3eef45168f4eb1ff5023fbd4e3a,46d8012b3594c18c96ee1a3f1e063ceeaf5642068c6a6aa895e655bcfb257bdd,c-canary-param-nccl-2.19.3-defaul-r000002-13120a6e54c603bb,13120a6e54c603bba65b54f869e06aeae9ae4aaf590b3e6407bad38d6ff76dbd,a-000001,79055703594a775ed7c98321964190cad53fcb01b86059a20578a1ce3b2fc8b0,nccl-2.19.3-default,canary-param,2,241.450000,8192,commcanary.rostam.physical.param-measurement.v1,commcanary.rostam.physical.param-producer.v1,df60bba04dbf4745a795e8c0cc6536dcf48d341bd1314198963d1bf755794e18,2855275288e67a1a2d0bbefff0740841fdf0ecf0,false,,8c5f30748596f665cca0bde76d4637074ffff3fa077387dd12b993cf98d2cee6,5686179033ba1122ecda3ff0489d779be22eefb9784a0cfc14052616488f75b0,f66d1e355dda1371e69bfb3c2f4b23b3280f237f9014c3dd2124454212268824,commcanary-wheel=954c9fe0ef908a448b5343c91e7d58e8785fc20a7fd029b699ca0e252614304d;environment-lock=d4b8b2dc177cb09cea84a5b5a51c99d4510a3270fe70286d2133382fbc4abd8b;param-patch-contract=182942ecf6ed3c0ea267b1660a19be8601c16768640dd6ef3f112601a0b26f34;rostam-catalog=a4926ec9b012724b926fbc583b865bb083b7ad6526fee9ffc3e95129717195b8,python -m experiments.rostam.analyze verify --run-directory experiments/rostam/results/core-20260724-r7 --selection-id primary --verdict-sha256 46d8012b3594c18c96ee1a3f1e063ceeaf5642068c6a6aa895e655bcfb257bdd --output-directory experiments/rostam/results/publications/core-20260724-r7-primary --archive-descriptor experiments/rostam/results/archives/core-20260724-r7-primary-46d8012b3594c18c96ee1a3f1e063ceeaf5642068c6a6aa895e655bcfb257bdd.raw-archive-descriptor.json --raw-archive experiments/rostam/results/archives/core-20260724-r7-primary-46d8012b3594c18c96ee1a3f1e063ceeaf5642068c6a6aa895e655bcfb257bdd.raw.tar.gz --baseline-config nccl-2.19.3-default --candidate-config nccl-2.20.5-default --median-threshold-pct 8.0 --median-absolute-threshold-us 1.0
measurement,COMPLETE,false,,core-20260724-r7,3bd321ec960c2bce0e6c0ff9aba8bb2be89cb19bdb99011a838cbd79068835b8,primary,d01db822c8e909fe2dbfac157bf62eeeb370a3eef45168f4eb1ff5023fbd4e3a,46d8012b3594c18c96ee1a3f1e063ceeaf5642068c6a6aa895e655bcfb257bdd,c-canary-param-nccl-2.19.3-defaul-r000003-03333c651355622d,03333c651355622df7eac2ab3026ef487faf81b2301f3608c1bffacfe21ded5c,a-000001,041cd8b1e24eecc650daf987c7135897168f6cbc28945c4a14de88d5ffe7c000,nccl-2.19.3-default,canary-param,3,241.280000,8192,commcanary.rostam.physical.param-measurement.v1,commcanary.rostam.physical.param-producer.v1,091bee85b58c09b6b214a668caebe90998e23cc0b8c141531cb24a2b20abe606,2855275288e67a1a2d0bbefff0740841fdf0ecf0,false,,8c5f30748596f665cca0bde76d4637074ffff3fa077387dd12b993cf98d2cee6,49d5ff1eb73d8b5d1057cf5555395bfc35c8c7039439b9a5104138621c39a9ee,bf7e3291c6f293f4a4a2d8b721a74d2d9e80a99173d9338029dff494e9cadec5,commcanary-wheel=954c9fe0ef908a448b5343c91e7d58e8785fc20a7fd029b699ca0e252614304d;environment-lock=d4b8b2dc177cb09cea84a5b5a51c99d4510a3270fe70286d2133382fbc4abd8b;param-patch-contract=182942ecf6ed3c0ea267b1660a19be8601c16768640dd6ef3f112601a0b26f34;rostam-catalog=a4926ec9b012724b926fbc583b865bb083b7ad6526fee9ffc3e95129717195b8,python -m experiments.rostam.analyze verify --run-directory experiments/rostam/results/core-20260724-r7 --selection-id primary --verdict-sha256 46d8012b3594c18c96ee1a3f1e063ceeaf5642068c6a6aa895e655bcfb257bdd --output-directory experiments/rostam/results/publications/core-20260724-r7-primary --archive-descriptor experiments/rostam/results/archives/core-20260724-r7-primary-46d8012b3594c18c96ee1a3f1e063ceeaf5642068c6a6aa895e655bcfb257bdd.raw-archive-descriptor.json --raw-archive experiments/rostam/results/archives/core-20260724-r7-primary-46d8012b3594c18c96ee1a3f1e063ceeaf5642068c6a6aa895e655bcfb257bdd.raw.tar.gz --baseline-config nccl-2.19.3-default --candidate-config nccl-2.20.5-default --median-threshold-pct 8.0 --median-absolute-threshold-us 1.0
measurement,COMPLETE,false,,core-20260724-r7,3bd321ec960c2bce0e6c0ff9aba8bb2be89cb19bdb99011a838cbd79068835b8,primary,d01db822c8e909fe2dbfac157bf62eeeb370a3eef45168f4eb1ff5023fbd4e3a,46d8012b3594c18c96ee1a3f1e063ceeaf5642068c6a6aa895e655bcfb257bdd,c-canary-param-nccl-2.19.3-defaul-r000004-426a801506729c9d,426a801506729c9d48e543f916a83ef11d3d1eba3c2b3404eacf81cfcbb182f4,a-000001,acbaab354e86a4b29249c813a63e3aa13b52acb5a7d0c7944f6e2e09c230d4df,nccl-2.19.3-default,canary-param,4,242.105000,8192,commcanary.rostam.physical.param-measurement.v1,commcanary.rostam.physical.param-producer.v1,db354f223887d9a4d5dcfe06e91741050de6056dcb4309a660eb75f3e4c5db1f,2855275288e67a1a2d0bbefff0740841fdf0ecf0,false,,8c5f30748596f665cca0bde76d4637074ffff3fa077387dd12b993cf98d2cee6,9c42aecc4702ae24ce404087a728fb454807359d7e52b896391c6cf2226a3dce,19c4057fa39c62ef2aab3713c04e3f86e0253c2e7c2eddc310cdb39f4faa3baf,commcanary-wheel=954c9fe0ef908a448b5343c91e7d58e8785fc20a7fd029b699ca0e252614304d;environment-lock=d4b8b2dc177cb09cea84a5b5a51c99d4510a3270fe70286d2133382fbc4abd8b;param-patch-contract=182942ecf6ed3c0ea267b1660a19be8601c16768640dd6ef3f112601a0b26f34;rostam-catalog=a4926ec9b012724b926fbc583b865bb083b7ad6526fee9ffc3e95129717195b8,python -m experiments.rostam.analyze verify --run-directory experiments/rostam/results/core-20260724-r7 --selection-id primary --verdict-sha256 46d8012b3594c18c96ee1a3f1e063ceeaf5642068c6a6aa895e655bcfb257bdd --output-directory experiments/rostam/results/publications/core-20260724-r7-primary --archive-descriptor experiments/rostam/results/archives/core-20260724-r7-primary-46d8012b3594c18c96ee1a3f1e063ceeaf5642068c6a6aa895e655bcfb257bdd.raw-archive-descriptor.json --raw-archive experiments/rostam/results/archives/core-20260724-r7-primary-46d8012b3594c18c96ee1a3f1e063ceeaf5642068c6a6aa895e655bcfb257bdd.raw.tar.gz --baseline-config nccl-2.19.3-default --candidate-config nccl-2.20.5-default --median-threshold-pct 8.0 --median-absolute-threshold-us 1.0
measurement,COMPLETE,false,,core-20260724-r7,3bd321ec960c2bce0e6c0ff9aba8bb2be89cb19bdb99011a838cbd79068835b8,primary,d01db822c8e909fe2dbfac157bf62eeeb370a3eef45168f4eb1ff5023fbd4e3a,46d8012b3594c18c96ee1a3f1e063ceeaf5642068c6a6aa895e655bcfb257bdd,c-canary-param-nccl-2.20.5-defaul-r000000-9ab71d431a6505d4,9ab71d431a6505d4301b2026d6c153662dfb8eb3fc69d155231e081c88371be1,a-000001,5aab1159b36a07630278423c5e20f18bad201177c7c85604086fa5570f6d2fd3,nccl-2.20.5-default,canary-param,0,243.235000,8192,commcanary.rostam.physical.param-measurement.v1,commcanary.rostam.physical.param-producer.v1,7317ea3fce441aaf9858ea63e5651a9a944f5d94112b2464745f0dea06a7f6ea,2855275288e67a1a2d0bbefff0740841fdf0ecf0,false,,8c5f30748596f665cca0bde76d4637074ffff3fa077387dd12b993cf98d2cee6,7338e4677236eb1bcd4972ed3f9be176c66f9141d5d41a902c50937857a049f4,c23c01e8988f36ffa8c5363ab1148ed5d160f421b3b3edf3be2bfe7406153e18,commcanary-wheel=954c9fe0ef908a448b5343c91e7d58e8785fc20a7fd029b699ca0e252614304d;environment-lock=d4b8b2dc177cb09cea84a5b5a51c99d4510a3270fe70286d2133382fbc4abd8b;param-patch-contract=182942ecf6ed3c0ea267b1660a19be8601c16768640dd6ef3f112601a0b26f34;rostam-catalog=a4926ec9b012724b926fbc583b865bb083b7ad6526fee9ffc3e95129717195b8,python -m experiments.rostam.analyze verify --run-directory experiments/rostam/results/core-20260724-r7 --selection-id primary --verdict-sha256 46d8012b3594c18c96ee1a3f1e063ceeaf5642068c6a6aa895e655bcfb257bdd --output-directory experiments/rostam/results/publications/core-20260724-r7-primary --archive-descriptor experiments/rostam/results/archives/core-20260724-r7-primary-46d8012b3594c18c96ee1a3f1e063ceeaf5642068c6a6aa895e655bcfb257bdd.raw-archive-descriptor.json --raw-archive experiments/rostam/results/archives/core-20260724-r7-primary-46d8012b3594c18c96ee1a3f1e063ceeaf5642068c6a6aa895e655bcfb257bdd.raw.tar.gz --baseline-config nccl-2.19.3-default --candidate-config nccl-2.20.5-default --median-threshold-pct 8.0 --median-absolute-threshold-us 1.0
measurement,COMPLETE,false,,core-20260724-r7,3bd321ec960c2bce0e6c0ff9aba8bb2be89cb19bdb99011a838cbd79068835b8,primary,d01db822c8e909fe2dbfac157bf62eeeb370a3eef45168f4eb1ff5023fbd4e3a,46d8012b3594c18c96ee1a3f1e063ceeaf5642068c6a6aa895e655bcfb257bdd,c-canary-param-nccl-2.20.5-defaul-r000001-18fed7cdd4378739,18fed7cdd43787390b63bc9d4eeab834bfef9c3ec983937c1a1e458e3feff17d,a-000001,451bd5a09066d6d50e648ddfc1317dc9c6ead40d5dac4c8f890bba78f2428325,nccl-2.20.5-default,canary-param,1,244.580000,8192,commcanary.rostam.physical.param-measurement.v1,commcanary.rostam.physical.param-producer.v1,b2aec00a85b33e6b951ab0257ab1671c98a5fe38c1423be4f3470baff120c72e,2855275288e67a1a2d0bbefff0740841fdf0ecf0,false,,8c5f30748596f665cca0bde76d4637074ffff3fa077387dd12b993cf98d2cee6,7da2df261ae7ab989413dfc29ad080a5c608e5a7327763ce772bbd62d00045cf,17b03ffb9b15b97626afd2f71b470e6c20cf23f501e519fc0b8e795a0a3bd47d,commcanary-wheel=954c9fe0ef908a448b5343c91e7d58e8785fc20a7fd029b699ca0e252614304d;environment-lock=d4b8b2dc177cb09cea84a5b5a51c99d4510a3270fe70286d2133382fbc4abd8b;param-patch-contract=182942ecf6ed3c0ea267b1660a19be8601c16768640dd6ef3f112601a0b26f34;rostam-catalog=a4926ec9b012724b926fbc583b865bb083b7ad6526fee9ffc3e95129717195b8,python -m experiments.rostam.analyze verify --run-directory experiments/rostam/results/core-20260724-r7 --selection-id primary --verdict-sha256 46d8012b3594c18c96ee1a3f1e063ceeaf5642068c6a6aa895e655bcfb257bdd --output-directory experiments/rostam/results/publications/core-20260724-r7-primary --archive-descriptor experiments/rostam/results/archives/core-20260724-r7-primary-46d8012b3594c18c96ee1a3f1e063ceeaf5642068c6a6aa895e655bcfb257bdd.raw-archive-descriptor.json --raw-archive experiments/rostam/results/archives/core-20260724-r7-primary-46d8012b3594c18c96ee1a3f1e063ceeaf5642068c6a6aa895e655bcfb257bdd.raw.tar.gz --baseline-config nccl-2.19.3-default --candidate-config nccl-2.20.5-default --median-threshold-pct 8.0 --median-absolute-threshold-us 1.0
measurement,COMPLETE,false,,core-20260724-r7,3bd321ec960c2bce0e6c0ff9aba8bb2be89cb19bdb99011a838cbd79068835b8,primary,d01db822c8e909fe2dbfac157bf62eeeb370a3eef45168f4eb1ff5023fbd4e3a,46d8012b3594c18c96ee1a3f1e063ceeaf5642068c6a6aa895e655bcfb257bdd,c-canary-param-nccl-2.20.5-defaul-r000002-10ebec374dcf8284,10ebec374dcf828421c85ab2c44bc294defc92741cf0f9ac0eae629a731f2146,a-000001,1e7953688f6be5b257543592b0d187657ec1ca7d50c2c2cdb163ddd930d6444b,nccl-2.20.5-default,canary-param,2,243.040000,8192,commcanary.rostam.physical.param-measurement.v1,commcanary.rostam.physical.param-producer.v1,c7b8e19ec51956463978d644049c197170b1ad5f57f383709be56577eb0b616f,2855275288e67a1a2d0bbefff0740841fdf0ecf0,false,,8c5f30748596f665cca0bde76d4637074ffff3fa077387dd12b993cf98d2cee6,91ee3a6b66929b84050380af7da725e3b6af63589af4fea11a2e063fec5e2aa2,41029391f16cf56147fa76c1c631ba9d21f1837912943291de200f6598aaf235,commcanary-wheel=954c9fe0ef908a448b5343c91e7d58e8785fc20a7fd029b699ca0e252614304d;environment-lock=d4b8b2dc177cb09cea84a5b5a51c99d4510a3270fe70286d2133382fbc4abd8b;param-patch-contract=182942ecf6ed3c0ea267b1660a19be8601c16768640dd6ef3f112601a0b26f34;rostam-catalog=a4926ec9b012724b926fbc583b865bb083b7ad6526fee9ffc3e95129717195b8,python -m experiments.rostam.analyze verify --run-directory experiments/rostam/results/core-20260724-r7 --selection-id primary --verdict-sha256 46d8012b3594c18c96ee1a3f1e063ceeaf5642068c6a6aa895e655bcfb257bdd --output-directory experiments/rostam/results/publications/core-20260724-r7-primary --archive-descriptor experiments/rostam/results/archives/core-20260724-r7-primary-46d8012b3594c18c96ee1a3f1e063ceeaf5642068c6a6aa895e655bcfb257bdd.raw-archive-descriptor.json --raw-archive experiments/rostam/results/archives/core-20260724-r7-primary-46d8012b3594c18c96ee1a3f1e063ceeaf5642068c6a6aa895e655bcfb257bdd.raw.tar.gz --baseline-config nccl-2.19.3-default --candidate-config nccl-2.20.5-default --median-threshold-pct 8.0 --median-absolute-threshold-us 1.0
measurement,COMPLETE,false,,core-20260724-r7,3bd321ec960c2bce0e6c0ff9aba8bb2be89cb19bdb99011a838cbd79068835b8,primary,d01db822c8e909fe2dbfac157bf62eeeb370a3eef45168f4eb1ff5023fbd4e3a,46d8012b3594c18c96ee1a3f1e063ceeaf5642068c6a6aa895e655bcfb257bdd,c-canary-param-nccl-2.20.5-defaul-r000003-392a4bc99c0f7216,392a4bc99c0f7216f440c1ed00d690ce0e23654ea2da6e17bf186b1cb7dbad1b,a-000001,0fa11c50d3da7f841d226e001f41a37579f474800894359e1de538022f61fca1,nccl-2.20.5-default,canary-param,3,247.730000,8192,commcanary.rostam.physical.param-measurement.v1,commcanary.rostam.physical.param-producer.v1,b6a4a78797133eacb1e28b3ae1381d7249b56f3dfb28dce0f9c9dff798b2ad9b,2855275288e67a1a2d0bbefff0740841fdf0ecf0,false,,8c5f30748596f665cca0bde76d4637074ffff3fa077387dd12b993cf98d2cee6,9890070bd983850b2816715622a08109bd44a3d8db67f1323c7bc694d14b7e87,d0d10671533b9c9175fcbc04b38a6bd3d94a0b4431ef123f407b72137333b2a5,commcanary-wheel=954c9fe0ef908a448b5343c91e7d58e8785fc20a7fd029b699ca0e252614304d;environment-lock=d4b8b2dc177cb09cea84a5b5a51c99d4510a3270fe70286d2133382fbc4abd8b;param-patch-contract=182942ecf6ed3c0ea267b1660a19be8601c16768640dd6ef3f112601a0b26f34;rostam-catalog=a4926ec9b012724b926fbc583b865bb083b7ad6526fee9ffc3e95129717195b8,python -m experiments.rostam.analyze verify --run-directory experiments/rostam/results/core-20260724-r7 --selection-id primary --verdict-sha256 46d8012b3594c18c96ee1a3f1e063ceeaf5642068c6a6aa895e655bcfb257bdd --output-directory experiments/rostam/results/publications/core-20260724-r7-primary --archive-descriptor experiments/rostam/results/archives/core-20260724-r7-primary-46d8012b3594c18c96ee1a3f1e063ceeaf5642068c6a6aa895e655bcfb257bdd.raw-archive-descriptor.json --raw-archive experiments/rostam/results/archives/core-20260724-r7-primary-46d8012b3594c18c96ee1a3f1e063ceeaf5642068c6a6aa895e655bcfb257bdd.raw.tar.gz --baseline-config nccl-2.19.3-default --candidate-config nccl-2.20.5-default --median-threshold-pct 8.0 --median-absolute-threshold-us 1.0
measurement,COMPLETE,false,,core-20260724-r7,3bd321ec960c2bce0e6c0ff9aba8bb2be89cb19bdb99011a838cbd79068835b8,primary,d01db822c8e909fe2dbfac157bf62eeeb370a3eef45168f4eb1ff5023fbd4e3a,46d8012b3594c18c96ee1a3f1e063ceeaf5642068c6a6aa895e655bcfb257bdd,c-canary-param-nccl-2.20.5-defaul-r000004-334db0bba632ba5b,334db0bba632ba5badec30b0b02fee4928cddfcb42e9bdb4c34b1cf5cbf53fc3,a-000001,8637e59615993570e3dfc48d5a0c9a07890fe932ad40a22c2232ad214f3d9c65,nccl-2.20.5-default,canary-param,4,244.645000,8192,commcanary.rostam.physical.param-measurement.v1,commcanary.rostam.physical.param-producer.v1,930c81274ed756b8fb934488d9f213d4411c2ea47097f403f821a50cc9604273,2855275288e67a1a2d0bbefff0740841fdf0ecf0,false,,8c5f30748596f665cca0bde76d4637074ffff3fa077387dd12b993cf98d2cee6,76710d4daef0ca7d500374ecf3b66b6bc526b934f2e54ddc441c945567a93b47,a1bacee713e686935d2c7ee198c89ab296296a5246342cf0bbafe7892cc98944,commcanary-wheel=954c9fe0ef908a448b5343c91e7d58e8785fc20a7fd029b699ca0e252614304d;environment-lock=d4b8b2dc177cb09cea84a5b5a51c99d4510a3270fe70286d2133382fbc4abd8b;param-patch-contract=182942ecf6ed3c0ea267b1660a19be8601c16768640dd6ef3f112601a0b26f34;rostam-catalog=a4926ec9b012724b926fbc583b865bb083b7ad6526fee9ffc3e95129717195b8,python -m experiments.rostam.analyze verify --run-directory experiments/rostam/results/core-20260724-r7 --selection-id primary --verdict-sha256 46d8012b3594c18c96ee1a3f1e063ceeaf5642068c6a6aa895e655bcfb257bdd --output-directory experiments/rostam/results/publications/core-20260724-r7-primary --archive-descriptor experiments/rostam/results/archives/core-20260724-r7-primary-46d8012b3594c18c96ee1a3f1e063ceeaf5642068c6a6aa895e655bcfb257bdd.raw-archive-descriptor.json --raw-archive experiments/rostam/results/archives/core-20260724-r7-primary-46d8012b3594c18c96ee1a3f1e063ceeaf5642068c6a6aa895e655bcfb257bdd.raw.tar.gz --baseline-config nccl-2.19.3-default --candidate-config nccl-2.20.5-default --median-threshold-pct 8.0 --median-absolute-threshold-us 1.0
measurement,COMPLETE,false,,core-20260724-r7,3bd321ec960c2bce0e6c0ff9aba8bb2be89cb19bdb99011a838cbd79068835b8,primary,d01db822c8e909fe2dbfac157bf62eeeb370a3eef45168f4eb1ff5023fbd4e3a,46d8012b3594c18c96ee1a3f1e063ceeaf5642068c6a6aa895e655bcfb257bdd,c-canary-param-nccl-2.20.5-ring-l-r000000-464a772e6147d7b0,464a772e6147d7b0f2904f1ac678e0b4fee68e25335ddf9c5c7729acfd85e0fd,a-000001,328dfdc1b604dc6d3fb929c29e3b0ef4d8aa95aa6f2a2b909c031f5e983eedc6,nccl-2.20.5-ring-ll128,canary-param,0,241.800000,8192,commcanary.rostam.physical.param-measurement.v1,commcanary.rostam.physical.param-producer.v1,1606705218376c67f329a46e2089d1e4b92b8d6d0105457f5cfe6be317cfdd01,2855275288e67a1a2d0bbefff0740841fdf0ecf0,false,,8c5f30748596f665cca0bde76d4637074ffff3fa077387dd12b993cf98d2cee6,be0f7fbb1694228910339a4184c427251b7ea7f281501ad1b146eb26c282d134,7ff3a15361cca46ddd3ef12d5f8138a53710fa2000e740d9912a0c59d7dd6a88,commcanary-wheel=954c9fe0ef908a448b5343c91e7d58e8785fc20a7fd029b699ca0e252614304d;environment-lock=d4b8b2dc177cb09cea84a5b5a51c99d4510a3270fe70286d2133382fbc4abd8b;param-patch-contract=182942ecf6ed3c0ea267b1660a19be8601c16768640dd6ef3f112601a0b26f34;rostam-catalog=a4926ec9b012724b926fbc583b865bb083b7ad6526fee9ffc3e95129717195b8,python -m experiments.rostam.analyze verify --run-directory experiments/rostam/results/core-20260724-r7 --selection-id primary --verdict-sha256 46d8012b3594c18c96ee1a3f1e063ceeaf5642068c6a6aa895e655bcfb257bdd --output-directory experiments/rostam/results/publications/core-20260724-r7-primary --archive-descriptor experiments/rostam/results/archives/core-20260724-r7-primary-46d8012b3594c18c96ee1a3f1e063ceeaf5642068c6a6aa895e655bcfb257bdd.raw-archive-descriptor.json --raw-archive experiments/rostam/results/archives/core-20260724-r7-primary-46d8012b3594c18c96ee1a3f1e063ceeaf5642068c6a6aa895e655bcfb257bdd.raw.tar.gz --baseline-config nccl-2.19.3-default --candidate-config nccl-2.20.5-default --median-threshold-pct 8.0 --median-absolute-threshold-us 1.0
measurement,COMPLETE,false,,core-20260724-r7,3bd321ec960c2bce0e6c0ff9aba8bb2be89cb19bdb99011a838cbd79068835b8,primary,d01db822c8e909fe2dbfac157bf62eeeb370a3eef45168f4eb1ff5023fbd4e3a,46d8012b3594c18c96ee1a3f1e063ceeaf5642068c6a6aa895e655bcfb257bdd,c-canary-param-nccl-2.20.5-ring-l-r000000-c59575349d93b247,c59575349d93b247abef022ee9d4b82a0cf19cc1f0b501d949b05fc26a530007,a-000001,9b57f42380e518acb7625f5373149bf7df2a9e7588f49f8c41b07dacd491bb52,nccl-2.20.5-ring-ll,canary-param,0,222.820000,8192,commcanary.rostam.physical.param-measurement.v1,commcanary.rostam.physical.param-producer.v1,1a765330e840f2314d511d4f042969a7eef45ee992621b1d79b7723882aba8df,2855275288e67a1a2d0bbefff0740841fdf0ecf0,false,,8c5f30748596f665cca0bde76d4637074ffff3fa077387dd12b993cf98d2cee6,2363352964d97b4448dbe2088a94f46cb6bd33d595043a80db3466ddd922329a,e13f26a87747fa94be46a1f79005a648f78f1df9271c9d284fbaeeaaea3f7eea,commcanary-wheel=954c9fe0ef908a448b5343c91e7d58e8785fc20a7fd029b699ca0e252614304d;environment-lock=d4b8b2dc177cb09cea84a5b5a51c99d4510a3270fe70286d2133382fbc4abd8b;param-patch-contract=182942ecf6ed3c0ea267b1660a19be8601c16768640dd6ef3f112601a0b26f34;rostam-catalog=a4926ec9b012724b926fbc583b865bb083b7ad6526fee9ffc3e95129717195b8,python -m experiments.rostam.analyze verify --run-directory experiments/rostam/results/core-20260724-r7 --selection-id primary --verdict-sha256 46d8012b3594c18c96ee1a3f1e063ceeaf5642068c6a6aa895e655bcfb257bdd --output-directory experiments/rostam/results/publications/core-20260724-r7-primary --archive-descriptor experiments/rostam/results/archives/core-20260724-r7-primary-46d8012b3594c18c96ee1a3f1e063ceeaf5642068c6a6aa895e655bcfb257bdd.raw-archive-descriptor.json --raw-archive experiments/rostam/results/archives/core-20260724-r7-primary-46d8012b3594c18c96ee1a3f1e063ceeaf5642068c6a6aa895e655bcfb257bdd.raw.tar.gz --baseline-config nccl-2.19.3-default --candidate-config nccl-2.20.5-default --median-threshold-pct 8.0 --median-absolute-threshold-us 1.0
measurement,COMPLETE,false,,core-20260724-r7,3bd321ec960c2bce0e6c0ff9aba8bb2be89cb19bdb99011a838cbd79068835b8,primary,d01db822c8e909fe2dbfac157bf62eeeb370a3eef45168f4eb1ff5023fbd4e3a,46d8012b3594c18c96ee1a3f1e063ceeaf5642068c6a6aa895e655bcfb257bdd,c-canary-param-nccl-2.20.5-ring-l-r000001-3a27a2b4f490b726,3a27a2b4f490b7263c6ba151d0fd1fa76bcf6046419a1c2801a96bfe885f35f4,a-000001,48045d2c212617d99d886fcd3ff30d33ec0a2e660f4d17fcd08b3b05c36edfd2,nccl-2.20.5-ring-ll128,canary-param,1,239.060000,8192,commcanary.rostam.physical.param-measurement.v1,commcanary.rostam.physical.param-producer.v1,56140ac1e0c0ca2f91a2fadcac0ecc0ccc50a0a210d87508d7f4f22848391c8c,2855275288e67a1a2d0bbefff0740841fdf0ecf0,false,,8c5f30748596f665cca0bde76d4637074ffff3fa077387dd12b993cf98d2cee6,3b18c145bfca84c7227138f1ad2f7a6549c496c94766ebf43b51de4b44ab0fdc,87c81fb860ae33a18831cb281a29f9c2e75c14cf6235e51ccc046a566cbd7604,commcanary-wheel=954c9fe0ef908a448b5343c91e7d58e8785fc20a7fd029b699ca0e252614304d;environment-lock=d4b8b2dc177cb09cea84a5b5a51c99d4510a3270fe70286d2133382fbc4abd8b;param-patch-contract=182942ecf6ed3c0ea267b1660a19be8601c16768640dd6ef3f112601a0b26f34;rostam-catalog=a4926ec9b012724b926fbc583b865bb083b7ad6526fee9ffc3e95129717195b8,python -m experiments.rostam.analyze verify --run-directory experiments/rostam/results/core-20260724-r7 --selection-id primary --verdict-sha256 46d8012b3594c18c96ee1a3f1e063ceeaf5642068c6a6aa895e655bcfb257bdd --output-directory experiments/rostam/results/publications/core-20260724-r7-primary --archive-descriptor experiments/rostam/results/archives/core-20260724-r7-primary-46d8012b3594c18c96ee1a3f1e063ceeaf5642068c6a6aa895e655bcfb257bdd.raw-archive-descriptor.json --raw-archive experiments/rostam/results/archives/core-20260724-r7-primary-46d8012b3594c18c96ee1a3f1e063ceeaf5642068c6a6aa895e655bcfb257bdd.raw.tar.gz --baseline-config nccl-2.19.3-default --candidate-config nccl-2.20.5-default --median-threshold-pct 8.0 --median-absolute-threshold-us 1.0
measurement,COMPLETE,false,,core-20260724-r7,3bd321ec960c2bce0e6c0ff9aba8bb2be89cb19bdb99011a838cbd79068835b8,primary,d01db822c8e909fe2dbfac157bf62eeeb370a3eef45168f4eb1ff5023fbd4e3a,46d8012b3594c18c96ee1a3f1e063ceeaf5642068c6a6aa895e655bcfb257bdd,c-canary-param-nccl-2.20.5-ring-l-r000001-9403ae574558019e,9403ae574558019ed6d0e87d1e7b465f09ff2d0f547a2a5278c23ad55e70f2e7,a-000001,67977938fc5c3dae0d433808f0d7b926e18be1cef93079b3209af4dc4bca5507,nccl-2.20.5-ring-ll,canary-param,1,222.955000,8192,commcanary.rostam.physical.param-measurement.v1,commcanary.rostam.physical.param-producer.v1,a813913cd7dcd79c9c05e892987b57617775d83801fbb09444544b09c1494899,2855275288e67a1a2d0bbefff0740841fdf0ecf0,false,,8c5f30748596f665cca0bde76d4637074ffff3fa077387dd12b993cf98d2cee6,67b4978f1b3cd90d7ee7886ee293f372f226866d0d649bda6f776e746de1abc1,bf854e3f8bc58f64c0d1e5e798b80d3af5ad11c931f97492824e4ead7e928394,commcanary-wheel=954c9fe0ef908a448b5343c91e7d58e8785fc20a7fd029b699ca0e252614304d;environment-lock=d4b8b2dc177cb09cea84a5b5a51c99d4510a3270fe70286d2133382fbc4abd8b;param-patch-contract=182942ecf6ed3c0ea267b1660a19be8601c16768640dd6ef3f112601a0b26f34;rostam-catalog=a4926ec9b012724b926fbc583b865bb083b7ad6526fee9ffc3e95129717195b8,python -m experiments.rostam.analyze verify --run-directory experiments/rostam/results/core-20260724-r7 --selection-id primary --verdict-sha256 46d8012b3594c18c96ee1a3f1e063ceeaf5642068c6a6aa895e655bcfb257bdd --output-directory experiments/rostam/results/publications/core-20260724-r7-primary --archive-descriptor experiments/rostam/results/archives/core-20260724-r7-primary-46d8012b3594c18c96ee1a3f1e063ceeaf5642068c6a6aa895e655bcfb257bdd.raw-archive-descriptor.json --raw-archive experiments/rostam/results/archives/core-20260724-r7-primary-46d8012b3594c18c96ee1a3f1e063ceeaf5642068c6a6aa895e655bcfb257bdd.raw.tar.gz --baseline-config nccl-2.19.3-default --candidate-config nccl-2.20.5-default --median-threshold-pct 8.0 --median-absolute-threshold-us 1.0
measurement,COMPLETE,false,,core-20260724-r7,3bd321ec960c2bce0e6c0ff9aba8bb2be89cb19bdb99011a838cbd79068835b8,primary,d01db822c8e909fe2dbfac157bf62eeeb370a3eef45168f4eb1ff5023fbd4e3a,46d8012b3594c18c96ee1a3f1e063ceeaf5642068c6a6aa895e655bcfb257bdd,c-canary-param-nccl-2.20.5-ring-l-r000002-4e80423c51f9ff79,4e80423c51f9ff798869723a2f1e877087266549f6b26d5d46d021c8ce8a5f4c,a-000001,224452276ebb5227dc404c8f245b558a2dd5a2727e6d851220e2e3bd0a41da8a,nccl-2.20.5-ring-ll128,canary-param,2,242.195000,8192,commcanary.rostam.physical.param-measurement.v1,commcanary.rostam.physical.param-producer.v1,fd4c8ec0424d473314b2a357a666b577ca766c5b8777319a5eebf645478b1ac1,2855275288e67a1a2d0bbefff0740841fdf0ecf0,false,,8c5f30748596f665cca0bde76d4637074ffff3fa077387dd12b993cf98d2cee6,e714d437a2d6242b8e40ef57e67ad23b8ab0ea937c418136cdaa7ba21275904b,3490b170cc68338922b8efbce86aee8d3028d59072380c4cc76ff3bb84d782d0,commcanary-wheel=954c9fe0ef908a448b5343c91e7d58e8785fc20a7fd029b699ca0e252614304d;environment-lock=d4b8b2dc177cb09cea84a5b5a51c99d4510a3270fe70286d2133382fbc4abd8b;param-patch-contract=182942ecf6ed3c0ea267b1660a19be8601c16768640dd6ef3f112601a0b26f34;rostam-catalog=a4926ec9b012724b926fbc583b865bb083b7ad6526fee9ffc3e95129717195b8,python -m experiments.rostam.analyze verify --run-directory experiments/rostam/results/core-20260724-r7 --selection-id primary --verdict-sha256 46d8012b3594c18c96ee1a3f1e063ceeaf5642068c6a6aa895e655bcfb257bdd --output-directory experiments/rostam/results/publications/core-20260724-r7-primary --archive-descriptor experiments/rostam/results/archives/core-20260724-r7-primary-46d8012b3594c18c96ee1a3f1e063ceeaf5642068c6a6aa895e655bcfb257bdd.raw-archive-descriptor.json --raw-archive experiments/rostam/results/archives/core-20260724-r7-primary-46d8012b3594c18c96ee1a3f1e063ceeaf5642068c6a6aa895e655bcfb257bdd.raw.tar.gz --baseline-config nccl-2.19.3-default --candidate-config nccl-2.20.5-default --median-threshold-pct 8.0 --median-absolute-threshold-us 1.0
measurement,COMPLETE,false,,core-20260724-r7,3bd321ec960c2bce0e6c0ff9aba8bb2be89cb19bdb99011a838cbd79068835b8,primary,d01db822c8e909fe2dbfac157bf62eeeb370a3eef45168f4eb1ff5023fbd4e3a,46d8012b3594c18c96ee1a3f1e063ceeaf5642068c6a6aa895e655bcfb257bdd,c-canary-param-nccl-2.20.5-ring-l-r000002-ccf9852f0a6bde02,ccf9852f0a6bde025ddfb5f581bba4ffab0466cbf4a91f21bda14002c0287a47,a-000001,c040db9be409db27669d4c8030a342f7ee6531e879e37c5f3378663ba203bfac,nccl-2.20.5-ring-ll,canary-param,2,224.960000,8192,commcanary.rostam.physical.param-measurement.v1,commcanary.rostam.physical.param-producer.v1,045d32ad138ae1814cfc3f2314893aac879d2dd9480675957bcde4b9a292b5cb,2855275288e67a1a2d0bbefff0740841fdf0ecf0,false,,8c5f30748596f665cca0bde76d4637074ffff3fa077387dd12b993cf98d2cee6,fa10d23118ba863dbdbc7d71079d4c099b44759e53bb4c9ad417cb720b96329f,c96574be11f91c5b14feb7556bbb77cc457a2ed3f45241fc28fac62348b0b5ba,commcanary-wheel=954c9fe0ef908a448b5343c91e7d58e8785fc20a7fd029b699ca0e252614304d;environment-lock=d4b8b2dc177cb09cea84a5b5a51c99d4510a3270fe70286d2133382fbc4abd8b;param-patch-contract=182942ecf6ed3c0ea267b1660a19be8601c16768640dd6ef3f112601a0b26f34;rostam-catalog=a4926ec9b012724b926fbc583b865bb083b7ad6526fee9ffc3e95129717195b8,python -m experiments.rostam.analyze verify --run-directory experiments/rostam/results/core-20260724-r7 --selection-id primary --verdict-sha256 46d8012b3594c18c96ee1a3f1e063ceeaf5642068c6a6aa895e655bcfb257bdd --output-directory experiments/rostam/results/publications/core-20260724-r7-primary --archive-descriptor experiments/rostam/results/archives/core-20260724-r7-primary-46d8012b3594c18c96ee1a3f1e063ceeaf5642068c6a6aa895e655bcfb257bdd.raw-archive-descriptor.json --raw-archive experiments/rostam/results/archives/core-20260724-r7-primary-46d8012b3594c18c96ee1a3f1e063ceeaf5642068c6a6aa895e655bcfb257bdd.raw.tar.gz --baseline-config nccl-2.19.3-default --candidate-config nccl-2.20.5-default --median-threshold-pct 8.0 --median-absolute-threshold-us 1.0
measurement,COMPLETE,false,,core-20260724-r7,3bd321ec960c2bce0e6c0ff9aba8bb2be89cb19bdb99011a838cbd79068835b8,primary,d01db822c8e909fe2dbfac157bf62eeeb370a3eef45168f4eb1ff5023fbd4e3a,46d8012b3594c18c96ee1a3f1e063ceeaf5642068c6a6aa895e655bcfb257bdd,c-canary-param-nccl-2.20.5-ring-l-r000003-378927690ec83e33,378927690ec83e33559ef02ede70b95cad5d98d3eae072d224255cc89a951c36,a-000001,8b640cbb4558611aa4da24e6e24f1c625e38e64266cc6104d1fb85bab8a5055f,nccl-2.20.5-ring-ll,canary-param,3,225.390000,8192,commcanary.rostam.physical.param-measurement.v1,commcanary.rostam.physical.param-producer.v1,745842c462d886788c19b839c0779dbd82cfb78db48cb64ab587cae4caf81f98,2855275288e67a1a2d0bbefff0740841fdf0ecf0,false,,8c5f30748596f665cca0bde76d4637074ffff3fa077387dd12b993cf98d2cee6,16894096f6d501a7f6c1a61576da71c2b6d54155a187080b81326d59fca62117,3c735c2b2aae516c3ea07813cbe43f207234d542e3151361e28d8c058b44e6e3,commcanary-wheel=954c9fe0ef908a448b5343c91e7d58e8785fc20a7fd029b699ca0e252614304d;environment-lock=d4b8b2dc177cb09cea84a5b5a51c99d4510a3270fe70286d2133382fbc4abd8b;param-patch-contract=182942ecf6ed3c0ea267b1660a19be8601c16768640dd6ef3f112601a0b26f34;rostam-catalog=a4926ec9b012724b926fbc583b865bb083b7ad6526fee9ffc3e95129717195b8,python -m experiments.rostam.analyze verify --run-directory experiments/rostam/results/core-20260724-r7 --selection-id primary --verdict-sha256 46d8012b3594c18c96ee1a3f1e063ceeaf5642068c6a6aa895e655bcfb257bdd --output-directory experiments/rostam/results/publications/core-20260724-r7-primary --archive-descriptor experiments/rostam/results/archives/core-20260724-r7-primary-46d8012b3594c18c96ee1a3f1e063ceeaf5642068c6a6aa895e655bcfb257bdd.raw-archive-descriptor.json --raw-archive experiments/rostam/results/archives/core-20260724-r7-primary-46d8012b3594c18c96ee1a3f1e063ceeaf5642068c6a6aa895e655bcfb257bdd.raw.tar.gz --baseline-config nccl-2.19.3-default --candidate-config nccl-2.20.5-default --median-threshold-pct 8.0 --median-absolute-threshold-us 1.0
measurement,COMPLETE,false,,core-20260724-r7,3bd321ec960c2bce0e6c0ff9aba8bb2be89cb19bdb99011a838cbd79068835b8,primary,d01db822c8e909fe2dbfac157bf62eeeb370a3eef45168f4eb1ff5023fbd4e3a,46d8012b3594c18c96ee1a3f1e063ceeaf5642068c6a6aa895e655bcfb257bdd,c-canary-param-nccl-2.20.5-ring-l-r000003-8943b4c7de0a1196,8943b4c7de0a1196a1bf93f4e101eb9c4ade8093eb75eca94689ee13162866de,a-000001,66d0505492c962971e1f14ecb6b2cc689aa665c2d43e83674852192b7d39e05d,nccl-2.20.5-ring-ll128,canary-param,3,236.790000,8192,commcanary.rostam.physical.param-measurement.v1,commcanary.rostam.physical.param-producer.v1,f23df08982c59a7c8509d7d2dcee4dd2113a56e3f2ed0f1dac1be8ba6948ab41,2855275288e67a1a2d0bbefff0740841fdf0ecf0,false,,8c5f30748596f665cca0bde76d4637074ffff3fa077387dd12b993cf98d2cee6,7e7d3462d5d6cc3267adb1d90846e6a53086e2e93bd0ec4b6ecf7f414ff0b917,491a8bb1698a508e763881775b268581bb1a16a2bef07f02bef0e93a019ed770,commcanary-wheel=954c9fe0ef908a448b5343c91e7d58e8785fc20a7fd029b699ca0e252614304d;environment-lock=d4b8b2dc177cb09cea84a5b5a51c99d4510a3270fe70286d2133382fbc4abd8b;param-patch-contract=182942ecf6ed3c0ea267b1660a19be8601c16768640dd6ef3f112601a0b26f34;rostam-catalog=a4926ec9b012724b926fbc583b865bb083b7ad6526fee9ffc3e95129717195b8,python -m experiments.rostam.analyze verify --run-directory experiments/rostam/results/core-20260724-r7 --selection-id primary --verdict-sha256 46d8012b3594c18c96ee1a3f1e063ceeaf5642068c6a6aa895e655bcfb257bdd --output-directory experiments/rostam/results/publications/core-20260724-r7-primary --archive-descriptor experiments/rostam/results/archives/core-20260724-r7-primary-46d8012b3594c18c96ee1a3f1e063ceeaf5642068c6a6aa895e655bcfb257bdd.raw-archive-descriptor.json --raw-archive experiments/rostam/results/archives/core-20260724-r7-primary-46d8012b3594c18c96ee1a3f1e063ceeaf5642068c6a6aa895e655bcfb257bdd.raw.tar.gz --baseline-config nccl-2.19.3-default --candidate-config nccl-2.20.5-default --median-threshold-pct 8.0 --median-absolute-threshold-us 1.0
measurement,COMPLETE,false,,core-20260724-r7,3bd321ec960c2bce0e6c0ff9aba8bb2be89cb19bdb99011a838cbd79068835b8,primary,d01db822c8e909fe2dbfac157bf62eeeb370a3eef45168f4eb1ff5023fbd4e3a,46d8012b3594c18c96ee1a3f1e063ceeaf5642068c6a6aa895e655bcfb257bdd,c-canary-param-nccl-2.20.5-ring-l-r000004-406a17189136337f,406a17189136337f2341dc72d513a3001e0ff8ad25f1d3641dfc3b248e1487ad,a-000001,53cf1aac5c31cdc1f9c6cda214d7e27920e950af6aed50a06da86843acb9179a,nccl-2.20.5-ring-ll128,canary-param,4,246.460000,8192,commcanary.rostam.physical.param-measurement.v1,commcanary.rostam.physical.param-producer.v1,da00892c3964654d054531a909955478d00ff63cb7f40080e9282db806455b78,2855275288e67a1a2d0bbefff0740841fdf0ecf0,false,,8c5f30748596f665cca0bde76d4637074ffff3fa077387dd12b993cf98d2cee6,28285afb1e1cbb8762fd765d76183b10e46c7f738eb5783bdbe52777ec6db4d2,d336c90bb452f13808138c3ae8dd754ad9c7302c42e2524b864767d46b6611cf,commcanary-wheel=954c9fe0ef908a448b5343c91e7d58e8785fc20a7fd029b699ca0e252614304d;environment-lock=d4b8b2dc177cb09cea84a5b5a51c99d4510a3270fe70286d2133382fbc4abd8b;param-patch-contract=182942ecf6ed3c0ea267b1660a19be8601c16768640dd6ef3f112601a0b26f34;rostam-catalog=a4926ec9b012724b926fbc583b865bb083b7ad6526fee9ffc3e95129717195b8,python -m experiments.rostam.analyze verify --run-directory experiments/rostam/results/core-20260724-r7 --selection-id primary --verdict-sha256 46d8012b3594c18c96ee1a3f1e063ceeaf5642068c6a6aa895e655bcfb257bdd --output-directory experiments/rostam/results/publications/core-20260724-r7-primary --archive-descriptor experiments/rostam/results/archives/core-20260724-r7-primary-46d8012b3594c18c96ee1a3f1e063ceeaf5642068c6a6aa895e655bcfb257bdd.raw-archive-descriptor.json --raw-archive experiments/rostam/results/archives/core-20260724-r7-primary-46d8012b3594c18c96ee1a3f1e063ceeaf5642068c6a6aa895e655bcfb257bdd.raw.tar.gz --baseline-config nccl-2.19.3-default --candidate-config nccl-2.20.5-default --median-threshold-pct 8.0 --median-absolute-threshold-us 1.0
measurement,COMPLETE,false,,core-20260724-r7,3bd321ec960c2bce0e6c0ff9aba8bb2be89cb19bdb99011a838cbd79068835b8,primary,d01db822c8e909fe2dbfac157bf62eeeb370a3eef45168f4eb1ff5023fbd4e3a,46d8012b3594c18c96ee1a3f1e063ceeaf5642068c6a6aa895e655bcfb257bdd,c-canary-param-nccl-2.20.5-ring-l-r000004-5502a9574b73ffc7,5502a9574b73ffc7f2e8eaf9f2bd8a300613bb775ad46dae217e713e353a2fb3,a-000001,01bc0c668bdddb0bfd8d1492587095957651af6ef5eedbcdb67c50373cb9e82a,nccl-2.20.5-ring-ll,canary-param,4,224.570000,8192,commcanary.rostam.physical.param-measurement.v1,commcanary.rostam.physical.param-producer.v1,dc15e5cf2f0a6dca4aa6b311e23608ce1c9c921e56695225e2e3fa5c4f5dcaf2,2855275288e67a1a2d0bbefff0740841fdf0ecf0,false,,8c5f30748596f665cca0bde76d4637074ffff3fa077387dd12b993cf98d2cee6,0958b5e6e9590c718d2f90c0c378dea65a48d053149bab479698bea5b9aeb2bd,f5a594a1806e14c76dc60470a8e2d386fce44724bb321a8214e8ee4fe7dcd665,commcanary-wheel=954c9fe0ef908a448b5343c91e7d58e8785fc20a7fd029b699ca0e252614304d;environment-lock=d4b8b2dc177cb09cea84a5b5a51c99d4510a3270fe70286d2133382fbc4abd8b;param-patch-contract=182942ecf6ed3c0ea267b1660a19be8601c16768640dd6ef3f112601a0b26f34;rostam-catalog=a4926ec9b012724b926fbc583b865bb083b7ad6526fee9ffc3e95129717195b8,python -m experiments.rostam.analyze verify --run-directory experiments/rostam/results/core-20260724-r7 --selection-id primary --verdict-sha256 46d8012b3594c18c96ee1a3f1e063ceeaf5642068c6a6aa895e655bcfb257bdd --output-directory experiments/rostam/results/publications/core-20260724-r7-primary --archive-descriptor experiments/rostam/results/archives/core-20260724-r7-primary-46d8012b3594c18c96ee1a3f1e063ceeaf5642068c6a6aa895e655bcfb257bdd.raw-archive-descriptor.json --raw-archive experiments/rostam/results/archives/core-20260724-r7-primary-46d8012b3594c18c96ee1a3f1e063ceeaf5642068c6a6aa895e655bcfb257bdd.raw.tar.gz --baseline-config nccl-2.19.3-default --candidate-config nccl-2.20.5-default --median-threshold-pct 8.0 --median-absolute-threshold-us 1.0
measurement,COMPLETE,false,,core-20260724-r7,3bd321ec960c2bce0e6c0ff9aba8bb2be89cb19bdb99011a838cbd79068835b8,primary,d01db822c8e909fe2dbfac157bf62eeeb370a3eef45168f4eb1ff5023fbd4e3a,46d8012b3594c18c96ee1a3f1e063ceeaf5642068c6a6aa895e655bcfb257bdd,c-canary-param-nccl-2.20.5-ring-s-r000000-7d5da9187e1e7d66,7d5da9187e1e7d6644e2bb45128a9e489e3711db299aeedff1e5d45fbe2b3345,a-000001,afe57f52af2c0f6c43ec3014c34e02abd48ba71f23107b16abc8332a8a7a6a70,nccl-2.20.5-ring-simple,canary-param,0,277.070000,8192,commcanary.rostam.physical.param-measurement.v1,commcanary.rostam.physical.param-producer.v1,9246624462b9ca5f6e25f1dda37fc4327faa984d608e0b9bdcd8fac03bc4e827,2855275288e67a1a2d0bbefff0740841fdf0ecf0,false,,8c5f30748596f665cca0bde76d4637074ffff3fa077387dd12b993cf98d2cee6,a8a858796d67da845d3664780caed3b7706b7bc043003dd73c67889a25659c2d,f7f31ca5cb60363fb54f68940c8656afe0af44bcb2ddaca067abb0656c74b177,commcanary-wheel=954c9fe0ef908a448b5343c91e7d58e8785fc20a7fd029b699ca0e252614304d;environment-lock=d4b8b2dc177cb09cea84a5b5a51c99d4510a3270fe70286d2133382fbc4abd8b;param-patch-contract=182942ecf6ed3c0ea267b1660a19be8601c16768640dd6ef3f112601a0b26f34;rostam-catalog=a4926ec9b012724b926fbc583b865bb083b7ad6526fee9ffc3e95129717195b8,python -m experiments.rostam.analyze verify --run-directory experiments/rostam/results/core-20260724-r7 --selection-id primary --verdict-sha256 46d8012b3594c18c96ee1a3f1e063ceeaf5642068c6a6aa895e655bcfb257bdd --output-directory experiments/rostam/results/publications/core-20260724-r7-primary --archive-descriptor experiments/rostam/results/archives/core-20260724-r7-primary-46d8012b3594c18c96ee1a3f1e063ceeaf5642068c6a6aa895e655bcfb257bdd.raw-archive-descriptor.json --raw-archive experiments/rostam/results/archives/core-20260724-r7-primary-46d8012b3594c18c96ee1a3f1e063ceeaf5642068c6a6aa895e655bcfb257bdd.raw.tar.gz --baseline-config nccl-2.19.3-default --candidate-config nccl-2.20.5-default --median-threshold-pct 8.0 --median-absolute-threshold-us 1.0
measurement,COMPLETE,false,,core-20260724-r7,3bd321ec960c2bce0e6c0ff9aba8bb2be89cb19bdb99011a838cbd79068835b8,primary,d01db822c8e909fe2dbfac157bf62eeeb370a3eef45168f4eb1ff5023fbd4e3a,46d8012b3594c18c96ee1a3f1e063ceeaf5642068c6a6aa895e655bcfb257bdd,c-canary-param-nccl-2.20.5-ring-s-r000001-de1675dcfd87ecfe,de1675dcfd87ecfe2cc256a409bc329107f10e085896ec4caeca944a703c6b70,a-000001,0d7eec69148037b23a5bf42fda2a2b4d941066fc55ebb717954753bf8c11adfe,nccl-2.20.5-ring-simple,canary-param,1,282.510000,8192,commcanary.rostam.physical.param-measurement.v1,commcanary.rostam.physical.param-producer.v1,9057d120ff94940b51b651ba15c2e237b543fd208930a06b3fa9fb90e85dbfd4,2855275288e67a1a2d0bbefff0740841fdf0ecf0,false,,8c5f30748596f665cca0bde76d4637074ffff3fa077387dd12b993cf98d2cee6,da95b0ac6589fe50ffb972cfced14f90df5a70526b347db24505d276e23e6c41,80b599f9b9c839db8a5a6dd82fc10daf57afd9b3181471e0c20a3267e949eb73,commcanary-wheel=954c9fe0ef908a448b5343c91e7d58e8785fc20a7fd029b699ca0e252614304d;environment-lock=d4b8b2dc177cb09cea84a5b5a51c99d4510a3270fe70286d2133382fbc4abd8b;param-patch-contract=182942ecf6ed3c0ea267b1660a19be8601c16768640dd6ef3f112601a0b26f34;rostam-catalog=a4926ec9b012724b926fbc583b865bb083b7ad6526fee9ffc3e95129717195b8,python -m experiments.rostam.analyze verify --run-directory experiments/rostam/results/core-20260724-r7 --selection-id primary --verdict-sha256 46d8012b3594c18c96ee1a3f1e063ceeaf5642068c6a6aa895e655bcfb257bdd --output-directory experiments/rostam/results/publications/core-20260724-r7-primary --archive-descriptor experiments/rostam/results/archives/core-20260724-r7-primary-46d8012b3594c18c96ee1a3f1e063ceeaf5642068c6a6aa895e655bcfb257bdd.raw-archive-descriptor.json --raw-archive experiments/rostam/results/archives/core-20260724-r7-primary-46d8012b3594c18c96ee1a3f1e063ceeaf5642068c6a6aa895e655bcfb257bdd.raw.tar.gz --baseline-config nccl-2.19.3-default --candidate-config nccl-2.20.5-default --median-threshold-pct 8.0 --median-absolute-threshold-us 1.0
measurement,COMPLETE,false,,core-20260724-r7,3bd321ec960c2bce0e6c0ff9aba8bb2be89cb19bdb99011a838cbd79068835b8,primary,d01db822c8e909fe2dbfac157bf62eeeb370a3eef45168f4eb1ff5023fbd4e3a,46d8012b3594c18c96ee1a3f1e063ceeaf5642068c6a6aa895e655bcfb257bdd,c-canary-param-nccl-2.20.5-ring-s-r000002-5b9803e79b53fe1f,5b9803e79b53fe1f133c7823b8f9c78a02a59fe07fd5719e311cbc2cd181ec58,a-000001,fbebd8534b4eea24435f728b89a9ab847336a447d97c3138bbc26619c7b7d4ee,nccl-2.20.5-ring-simple,canary-param,2,277.450000,8192,commcanary.rostam.physical.param-measurement.v1,commcanary.rostam.physical.param-producer.v1,ce80f0bff472c3b4cceee2e06df527957ae493950569afe97ff7f977879f72e1,2855275288e67a1a2d0bbefff0740841fdf0ecf0,false,,8c5f30748596f665cca0bde76d4637074ffff3fa077387dd12b993cf98d2cee6,efa58070ac1d71d0944f999cfdd1c91e7c9ef681c0e9dfef3e3ac0d3ed9a6bbf,37571976a773a1b5a57969b9ad4c530b5f2eea77554ad746af7afe5b6d98ff41,commcanary-wheel=954c9fe0ef908a448b5343c91e7d58e8785fc20a7fd029b699ca0e252614304d;environment-lock=d4b8b2dc177cb09cea84a5b5a51c99d4510a3270fe70286d2133382fbc4abd8b;param-patch-contract=182942ecf6ed3c0ea267b1660a19be8601c16768640dd6ef3f112601a0b26f34;rostam-catalog=a4926ec9b012724b926fbc583b865bb083b7ad6526fee9ffc3e95129717195b8,python -m experiments.rostam.analyze verify --run-directory experiments/rostam/results/core-20260724-r7 --selection-id primary --verdict-sha256 46d8012b3594c18c96ee1a3f1e063ceeaf5642068c6a6aa895e655bcfb257bdd --output-directory experiments/rostam/results/publications/core-20260724-r7-primary --archive-descriptor experiments/rostam/results/archives/core-20260724-r7-primary-46d8012b3594c18c96ee1a3f1e063ceeaf5642068c6a6aa895e655bcfb257bdd.raw-archive-descriptor.json --raw-archive experiments/rostam/results/archives/core-20260724-r7-primary-46d8012b3594c18c96ee1a3f1e063ceeaf5642068c6a6aa895e655bcfb257bdd.raw.tar.gz --baseline-config nccl-2.19.3-default --candidate-config nccl-2.20.5-default --median-threshold-pct 8.0 --median-absolute-threshold-us 1.0
measurement,COMPLETE,false,,core-20260724-r7,3bd321ec960c2bce0e6c0ff9aba8bb2be89cb19bdb99011a838cbd79068835b8,primary,d01db822c8e909fe2dbfac157bf62eeeb370a3eef45168f4eb1ff5023fbd4e3a,46d8012b3594c18c96ee1a3f1e063ceeaf5642068c6a6aa895e655bcfb257bdd,c-canary-param-nccl-2.20.5-ring-s-r000003-4c1d88f1ac21f7f8,4c1d88f1ac21f7f8f962deb5a1da4a414d432a5b13c68adac4cb4c3a71c41e47,a-000001,3c6d362fc4286207b9f3465f2ee8ddef18110903165b7cac7864a39f29d2645d,nccl-2.20.5-ring-simple,canary-param,3,280.900000,8192,commcanary.rostam.physical.param-measurement.v1,commcanary.rostam.physical.param-producer.v1,1a5e310bd4bf6220f65388bbb92e6108bc9384249a274c530ae05042cca56a90,2855275288e67a1a2d0bbefff0740841fdf0ecf0,false,,8c5f30748596f665cca0bde76d4637074ffff3fa077387dd12b993cf98d2cee6,9fd5f97b17dd2d597924308a77ce3607a5f00802ffa155ca5aef67b84f88b695,e5a34064d241f3aafde99d63c908d87d31c12fe70de8ce2d37245764d7c626f5,commcanary-wheel=954c9fe0ef908a448b5343c91e7d58e8785fc20a7fd029b699ca0e252614304d;environment-lock=d4b8b2dc177cb09cea84a5b5a51c99d4510a3270fe70286d2133382fbc4abd8b;param-patch-contract=182942ecf6ed3c0ea267b1660a19be8601c16768640dd6ef3f112601a0b26f34;rostam-catalog=a4926ec9b012724b926fbc583b865bb083b7ad6526fee9ffc3e95129717195b8,python -m experiments.rostam.analyze verify --run-directory experiments/rostam/results/core-20260724-r7 --selection-id primary --verdict-sha256 46d8012b3594c18c96ee1a3f1e063ceeaf5642068c6a6aa895e655bcfb257bdd --output-directory experiments/rostam/results/publications/core-20260724-r7-primary --archive-descriptor experiments/rostam/results/archives/core-20260724-r7-primary-46d8012b3594c18c96ee1a3f1e063ceeaf5642068c6a6aa895e655bcfb257bdd.raw-archive-descriptor.json --raw-archive experiments/rostam/results/archives/core-20260724-r7-primary-46d8012b3594c18c96ee1a3f1e063ceeaf5642068c6a6aa895e655bcfb257bdd.raw.tar.gz --baseline-config nccl-2.19.3-default --candidate-config nccl-2.20.5-default --median-threshold-pct 8.0 --median-absolute-threshold-us 1.0
measurement,COMPLETE,false,,core-20260724-r7,3bd321ec960c2bce0e6c0ff9aba8bb2be89cb19bdb99011a838cbd79068835b8,primary,d01db822c8e909fe2dbfac157bf62eeeb370a3eef45168f4eb1ff5023fbd4e3a,46d8012b3594c18c96ee1a3f1e063ceeaf5642068c6a6aa895e655bcfb257bdd,c-canary-param-nccl-2.20.5-ring-s-r000004-47ab9d6b1a7562c8,47ab9d6b1a7562c8dd5a265a5e244bde47702036ba5915437a669f88933b7cf6,a-000001,a68aafe09b10d81e79ef8c442185e302023fa389dfa4745cebd39f70c67a9b0c,nccl-2.20.5-ring-simple,canary-param,4,277.870000,8192,commcanary.rostam.physical.param-measurement.v1,commcanary.rostam.physical.param-producer.v1,00078811dccf12f3b7ecce5e5000bb15e7498b793940ab8b8247ab53cebe4ae8,2855275288e67a1a2d0bbefff0740841fdf0ecf0,false,,8c5f30748596f665cca0bde76d4637074ffff3fa077387dd12b993cf98d2cee6,dc4e17aae423be826f5402e842807d167ffb2774e8a31e73de3d779c958f081f,3a682126657b164dab57cf23fd6e947618e3259a005b46fb089dbb920dcd5d90,commcanary-wheel=954c9fe0ef908a448b5343c91e7d58e8785fc20a7fd029b699ca0e252614304d;environment-lock=d4b8b2dc177cb09cea84a5b5a51c99d4510a3270fe70286d2133382fbc4abd8b;param-patch-contract=182942ecf6ed3c0ea267b1660a19be8601c16768640dd6ef3f112601a0b26f34;rostam-catalog=a4926ec9b012724b926fbc583b865bb083b7ad6526fee9ffc3e95129717195b8,python -m experiments.rostam.analyze verify --run-directory experiments/rostam/results/core-20260724-r7 --selection-id primary --verdict-sha256 46d8012b3594c18c96ee1a3f1e063ceeaf5642068c6a6aa895e655bcfb257bdd --output-directory experiments/rostam/results/publications/core-20260724-r7-primary --archive-descriptor experiments/rostam/results/archives/core-20260724-r7-primary-46d8012b3594c18c96ee1a3f1e063ceeaf5642068c6a6aa895e655bcfb257bdd.raw-archive-descriptor.json --raw-archive experiments/rostam/results/archives/core-20260724-r7-primary-46d8012b3594c18c96ee1a3f1e063ceeaf5642068c6a6aa895e655bcfb257bdd.raw.tar.gz --baseline-config nccl-2.19.3-default --candidate-config nccl-2.20.5-default --median-threshold-pct 8.0 --median-absolute-threshold-us 1.0
measurement,COMPLETE,false,,core-20260724-r7,3bd321ec960c2bce0e6c0ff9aba8bb2be89cb19bdb99011a838cbd79068835b8,primary,d01db822c8e909fe2dbfac157bf62eeeb370a3eef45168f4eb1ff5023fbd4e3a,46d8012b3594c18c96ee1a3f1e063ceeaf5642068c6a6aa895e655bcfb257bdd,c-canary-param-nccl-2.20.5-tree-l-r000000-76dce5b2210fdd9a,76dce5b2210fdd9af867c7dcd4dc940d2c6e93eee4af8cb63748d581e0889a56,a-000001,dad3fd5d26bde909dbd4db2925627793510ba687c28a9e0303b39fd0004ae69b,nccl-2.20.5-tree-ll,canary-param,0,232.960000,8192,commcanary.rostam.physical.param-measurement.v1,commcanary.rostam.physical.param-producer.v1,5db95214d6c523c01948de0dfb763394dc24afd4bba7db336d96217b93566c6f,2855275288e67a1a2d0bbefff0740841fdf0ecf0,false,,8c5f30748596f665cca0bde76d4637074ffff3fa077387dd12b993cf98d2cee6,4e0be1b9a7b37b9991b974bf4c97ff349bbdbf05e5663d29fdd14e34ec60a385,3de6303e5400361394b8a56261d6074dbaa16da23e1fb0f35ffe99fc42c39dcf,commcanary-wheel=954c9fe0ef908a448b5343c91e7d58e8785fc20a7fd029b699ca0e252614304d;environment-lock=d4b8b2dc177cb09cea84a5b5a51c99d4510a3270fe70286d2133382fbc4abd8b;param-patch-contract=182942ecf6ed3c0ea267b1660a19be8601c16768640dd6ef3f112601a0b26f34;rostam-catalog=a4926ec9b012724b926fbc583b865bb083b7ad6526fee9ffc3e95129717195b8,python -m experiments.rostam.analyze verify --run-directory experiments/rostam/results/core-20260724-r7 --selection-id primary --verdict-sha256 46d8012b3594c18c96ee1a3f1e063ceeaf5642068c6a6aa895e655bcfb257bdd --output-directory experiments/rostam/results/publications/core-20260724-r7-primary --archive-descriptor experiments/rostam/results/archives/core-20260724-r7-primary-46d8012b3594c18c96ee1a3f1e063ceeaf5642068c6a6aa895e655bcfb257bdd.raw-archive-descriptor.json --raw-archive experiments/rostam/results/archives/core-20260724-r7-primary-46d8012b3594c18c96ee1a3f1e063ceeaf5642068c6a6aa895e655bcfb257bdd.raw.tar.gz --baseline-config nccl-2.19.3-default --candidate-config nccl-2.20.5-default --median-threshold-pct 8.0 --median-absolute-threshold-us 1.0
measurement,COMPLETE,false,,core-20260724-r7,3bd321ec960c2bce0e6c0ff9aba8bb2be89cb19bdb99011a838cbd79068835b8,primary,d01db822c8e909fe2dbfac157bf62eeeb370a3eef45168f4eb1ff5023fbd4e3a,46d8012b3594c18c96ee1a3f1e063ceeaf5642068c6a6aa895e655bcfb257bdd,c-canary-param-nccl-2.20.5-tree-l-r000000-c5fb95f67457b94f,c5fb95f67457b94f4cee4ae8160735b9c05890da4a35048290c947685e30d21d,a-000001,bab8b1d47fb1d49fdb088ed1d0f339e9ab7e83445753a5029b6fea990dc6f567,nccl-2.20.5-tree-ll128,canary-param,0,278.860000,8192,commcanary.rostam.physical.param-measurement.v1,commcanary.rostam.physical.param-producer.v1,37d2a1f02e637e60549ddd4eb6df80338f3527a254e9b27ea5bbb386e790a799,2855275288e67a1a2d0bbefff0740841fdf0ecf0,false,,8c5f30748596f665cca0bde76d4637074ffff3fa077387dd12b993cf98d2cee6,d7b9ce962a4e604e8934006cc773bf937c36ae9aaf293f3edaa95488d96f794e,54fef90a88dbb8a0b4b5b5d25474759e6f8977e118ad52270bfb770ce553cb7b,commcanary-wheel=954c9fe0ef908a448b5343c91e7d58e8785fc20a7fd029b699ca0e252614304d;environment-lock=d4b8b2dc177cb09cea84a5b5a51c99d4510a3270fe70286d2133382fbc4abd8b;param-patch-contract=182942ecf6ed3c0ea267b1660a19be8601c16768640dd6ef3f112601a0b26f34;rostam-catalog=a4926ec9b012724b926fbc583b865bb083b7ad6526fee9ffc3e95129717195b8,python -m experiments.rostam.analyze verify --run-directory experiments/rostam/results/core-20260724-r7 --selection-id primary --verdict-sha256 46d8012b3594c18c96ee1a3f1e063ceeaf5642068c6a6aa895e655bcfb257bdd --output-directory experiments/rostam/results/publications/core-20260724-r7-primary --archive-descriptor experiments/rostam/results/archives/core-20260724-r7-primary-46d8012b3594c18c96ee1a3f1e063ceeaf5642068c6a6aa895e655bcfb257bdd.raw-archive-descriptor.json --raw-archive experiments/rostam/results/archives/core-20260724-r7-primary-46d8012b3594c18c96ee1a3f1e063ceeaf5642068c6a6aa895e655bcfb257bdd.raw.tar.gz --baseline-config nccl-2.19.3-default --candidate-config nccl-2.20.5-default --median-threshold-pct 8.0 --median-absolute-threshold-us 1.0
measurement,COMPLETE,false,,core-20260724-r7,3bd321ec960c2bce0e6c0ff9aba8bb2be89cb19bdb99011a838cbd79068835b8,primary,d01db822c8e909fe2dbfac157bf62eeeb370a3eef45168f4eb1ff5023fbd4e3a,46d8012b3594c18c96ee1a3f1e063ceeaf5642068c6a6aa895e655bcfb257bdd,c-canary-param-nccl-2.20.5-tree-l-r000001-0842f8b903eec68e,0842f8b903eec68e7acefe86fbf35fac6f5ff83541e86a6b3dbb93e4e11b7aad,a-000001,e8b22110ccac40b87a0f77c38464050dc5c05d41c0148a065fda7bfbc9168956,nccl-2.20.5-tree-ll128,canary-param,1,272.160000,8192,commcanary.rostam.physical.param-measurement.v1,commcanary.rostam.physical.param-producer.v1,6242382e1d40ec8c861261ce50645a36b4cac79132f4012a3ef4215f0253fd83,2855275288e67a1a2d0bbefff0740841fdf0ecf0,false,,8c5f30748596f665cca0bde76d4637074ffff3fa077387dd12b993cf98d2cee6,3e3a231864b41b18b567853bff1ae1892ce3e2bb26850a94b4e2e094e5975af5,71b5ed2d26418540d494655d8997286edc28508d79fe99576820d21815ebac37,commcanary-wheel=954c9fe0ef908a448b5343c91e7d58e8785fc20a7fd029b699ca0e252614304d;environment-lock=d4b8b2dc177cb09cea84a5b5a51c99d4510a3270fe70286d2133382fbc4abd8b;param-patch-contract=182942ecf6ed3c0ea267b1660a19be8601c16768640dd6ef3f112601a0b26f34;rostam-catalog=a4926ec9b012724b926fbc583b865bb083b7ad6526fee9ffc3e95129717195b8,python -m experiments.rostam.analyze verify --run-directory experiments/rostam/results/core-20260724-r7 --selection-id primary --verdict-sha256 46d8012b3594c18c96ee1a3f1e063ceeaf5642068c6a6aa895e655bcfb257bdd --output-directory experiments/rostam/results/publications/core-20260724-r7-primary --archive-descriptor experiments/rostam/results/archives/core-20260724-r7-primary-46d8012b3594c18c96ee1a3f1e063ceeaf5642068c6a6aa895e655bcfb257bdd.raw-archive-descriptor.json --raw-archive experiments/rostam/results/archives/core-20260724-r7-primary-46d8012b3594c18c96ee1a3f1e063ceeaf5642068c6a6aa895e655bcfb257bdd.raw.tar.gz --baseline-config nccl-2.19.3-default --candidate-config nccl-2.20.5-default --median-threshold-pct 8.0 --median-absolute-threshold-us 1.0
measurement,COMPLETE,false,,core-20260724-r7,3bd321ec960c2bce0e6c0ff9aba8bb2be89cb19bdb99011a838cbd79068835b8,primary,d01db822c8e909fe2dbfac157bf62eeeb370a3eef45168f4eb1ff5023fbd4e3a,46d8012b3594c18c96ee1a3f1e063ceeaf5642068c6a6aa895e655bcfb257bdd,c-canary-param-nccl-2.20.5-tree-l-r000001-a8c20b0b140e9056,a8c20b0b140e9056fdda4d9704f82628e556af4238d12764176bea613f423314,a-000001,012e5a69751cd498b9978a5bc3e412764725c7f01e3bf9e991772cdf22025ca8,nccl-2.20.5-tree-ll,canary-param,1,232.540000,8192,commcanary.rostam.physical.param-measurement.v1,commcanary.rostam.physical.param-producer.v1,d2ea312cd12adf9e2f050b439095d6a0a0016332f65ea2cb0f100f2bf092505f,2855275288e67a1a2d0bbefff0740841fdf0ecf0,false,,8c5f30748596f665cca0bde76d4637074ffff3fa077387dd12b993cf98d2cee6,640b671f443727fdae58a3cc37a3b16fe8975a0226607f3902853d4da97f11c2,8ce418c8fb965443d76b15b1638b65ecc63b3e55e50f02ca57963cb685bb635c,commcanary-wheel=954c9fe0ef908a448b5343c91e7d58e8785fc20a7fd029b699ca0e252614304d;environment-lock=d4b8b2dc177cb09cea84a5b5a51c99d4510a3270fe70286d2133382fbc4abd8b;param-patch-contract=182942ecf6ed3c0ea267b1660a19be8601c16768640dd6ef3f112601a0b26f34;rostam-catalog=a4926ec9b012724b926fbc583b865bb083b7ad6526fee9ffc3e95129717195b8,python -m experiments.rostam.analyze verify --run-directory experiments/rostam/results/core-20260724-r7 --selection-id primary --verdict-sha256 46d8012b3594c18c96ee1a3f1e063ceeaf5642068c6a6aa895e655bcfb257bdd --output-directory experiments/rostam/results/publications/core-20260724-r7-primary --archive-descriptor experiments/rostam/results/archives/core-20260724-r7-primary-46d8012b3594c18c96ee1a3f1e063ceeaf5642068c6a6aa895e655bcfb257bdd.raw-archive-descriptor.json --raw-archive experiments/rostam/results/archives/core-20260724-r7-primary-46d8012b3594c18c96ee1a3f1e063ceeaf5642068c6a6aa895e655bcfb257bdd.raw.tar.gz --baseline-config nccl-2.19.3-default --candidate-config nccl-2.20.5-default --median-threshold-pct 8.0 --median-absolute-threshold-us 1.0
measurement,COMPLETE,false,,core-20260724-r7,3bd321ec960c2bce0e6c0ff9aba8bb2be89cb19bdb99011a838cbd79068835b8,primary,d01db822c8e909fe2dbfac157bf62eeeb370a3eef45168f4eb1ff5023fbd4e3a,46d8012b3594c18c96ee1a3f1e063ceeaf5642068c6a6aa895e655bcfb257bdd,c-canary-param-nccl-2.20.5-tree-l-r000002-bd4bf6f75428fcfe,bd4bf6f75428fcfe884fffba83565fd6b44fc5db49e4f915f94c6f3f25a0bc13,a-000001,589df3d74ed9a500beb7d98ccdb7b989f3aefc6023a0313b24988fcaac011da4,nccl-2.20.5-tree-ll,canary-param,2,235.005000,8192,commcanary.rostam.physical.param-measurement.v1,commcanary.rostam.physical.param-producer.v1,40cd8466c9f0d96fcde2179e1e2c7019bb0e27d84d2e7b250f26bac190542c52,2855275288e67a1a2d0bbefff0740841fdf0ecf0,false,,8c5f30748596f665cca0bde76d4637074ffff3fa077387dd12b993cf98d2cee6,8a5779f39b6e6c7ad0e13e053b81204f90d6cf692b6ff087f435879d73329bda,b62880ea4073577e792e7ac1b5a32c65b7943e5325bf4c773b386ed98a86976c,commcanary-wheel=954c9fe0ef908a448b5343c91e7d58e8785fc20a7fd029b699ca0e252614304d;environment-lock=d4b8b2dc177cb09cea84a5b5a51c99d4510a3270fe70286d2133382fbc4abd8b;param-patch-contract=182942ecf6ed3c0ea267b1660a19be8601c16768640dd6ef3f112601a0b26f34;rostam-catalog=a4926ec9b012724b926fbc583b865bb083b7ad6526fee9ffc3e95129717195b8,python -m experiments.rostam.analyze verify --run-directory experiments/rostam/results/core-20260724-r7 --selection-id primary --verdict-sha256 46d8012b3594c18c96ee1a3f1e063ceeaf5642068c6a6aa895e655bcfb257bdd --output-directory experiments/rostam/results/publications/core-20260724-r7-primary --archive-descriptor experiments/rostam/results/archives/core-20260724-r7-primary-46d8012b3594c18c96ee1a3f1e063ceeaf5642068c6a6aa895e655bcfb257bdd.raw-archive-descriptor.json --raw-archive experiments/rostam/results/archives/core-20260724-r7-primary-46d8012b3594c18c96ee1a3f1e063ceeaf5642068c6a6aa895e655bcfb257bdd.raw.tar.gz --baseline-config nccl-2.19.3-default --candidate-config nccl-2.20.5-default --median-threshold-pct 8.0 --median-absolute-threshold-us 1.0
measurement,COMPLETE,false,,core-20260724-r7,3bd321ec960c2bce0e6c0ff9aba8bb2be89cb19bdb99011a838cbd79068835b8,primary,d01db822c8e909fe2dbfac157bf62eeeb370a3eef45168f4eb1ff5023fbd4e3a,46d8012b3594c18c96ee1a3f1e063ceeaf5642068c6a6aa895e655bcfb257bdd,c-canary-param-nccl-2.20.5-tree-l-r000002-fceb446ccfb412e4,fceb446ccfb412e4438e573bd1b3733a925907267ff4f0690300b070c8a65bc0,a-000001,9acaaa18c41337d143144e683271000521e2a2a57e6fbc498e8ef9b0191b5a95,nccl-2.20.5-tree-ll128,canary-param,2,258.185000,8192,commcanary.rostam.physical.param-measurement.v1,commcanary.rostam.physical.param-producer.v1,ba1f568075a6e32f9993023365c76e13bce10096e7197534d128cde9eb1aa295,2855275288e67a1a2d0bbefff0740841fdf0ecf0,false,,8c5f30748596f665cca0bde76d4637074ffff3fa077387dd12b993cf98d2cee6,959ea612e46e73ff9904cb7e17fdbf0d64f642e8354459b07a6016c7ec2af143,f68c7638ec4a9bfa87184c9b5f1bcbf2b4903aee40a64316671b795910da09c1,commcanary-wheel=954c9fe0ef908a448b5343c91e7d58e8785fc20a7fd029b699ca0e252614304d;environment-lock=d4b8b2dc177cb09cea84a5b5a51c99d4510a3270fe70286d2133382fbc4abd8b;param-patch-contract=182942ecf6ed3c0ea267b1660a19be8601c16768640dd6ef3f112601a0b26f34;rostam-catalog=a4926ec9b012724b926fbc583b865bb083b7ad6526fee9ffc3e95129717195b8,python -m experiments.rostam.analyze verify --run-directory experiments/rostam/results/core-20260724-r7 --selection-id primary --verdict-sha256 46d8012b3594c18c96ee1a3f1e063ceeaf5642068c6a6aa895e655bcfb257bdd --output-directory experiments/rostam/results/publications/core-20260724-r7-primary --archive-descriptor experiments/rostam/results/archives/core-20260724-r7-primary-46d8012b3594c18c96ee1a3f1e063ceeaf5642068c6a6aa895e655bcfb257bdd.raw-archive-descriptor.json --raw-archive experiments/rostam/results/archives/core-20260724-r7-primary-46d8012b3594c18c96ee1a3f1e063ceeaf5642068c6a6aa895e655bcfb257bdd.raw.tar.gz --baseline-config nccl-2.19.3-default --candidate-config nccl-2.20.5-default --median-threshold-pct 8.0 --median-absolute-threshold-us 1.0
measurement,COMPLETE,false,,core-20260724-r7,3bd321ec960c2bce0e6c0ff9aba8bb2be89cb19bdb99011a838cbd79068835b8,primary,d01db822c8e909fe2dbfac157bf62eeeb370a3eef45168f4eb1ff5023fbd4e3a,46d8012b3594c18c96ee1a3f1e063ceeaf5642068c6a6aa895e655bcfb257bdd,c-canary-param-nccl-2.20.5-tree-l-r000003-496c78dfd797c0e1,496c78dfd797c0e1507a19f578e5602f032ce3d5ffe1d6f7857e87d0efb819e4,a-000001,39260e8469e226774795f078c0dfe1ccb82f745b559062ad9ae64500ac50d099,nccl-2.20.5-tree-ll128,canary-param,3,279.135000,8192,commcanary.rostam.physical.param-measurement.v1,commcanary.rostam.physical.param-producer.v1,4edfc65d75aa40ec83c00b24671150f5053210413853f1d0586869e5ebfdd550,2855275288e67a1a2d0bbefff0740841fdf0ecf0,false,,8c5f30748596f665cca0bde76d4637074ffff3fa077387dd12b993cf98d2cee6,40c2c9a2a13b3206ef69d1e85d29ac71ca105d98e19bd3146e174cc1bb94178b,6a4258f48eb1a3adf8020197a01f1930877991e22f89b496667ebc108a50a751,commcanary-wheel=954c9fe0ef908a448b5343c91e7d58e8785fc20a7fd029b699ca0e252614304d;environment-lock=d4b8b2dc177cb09cea84a5b5a51c99d4510a3270fe70286d2133382fbc4abd8b;param-patch-contract=182942ecf6ed3c0ea267b1660a19be8601c16768640dd6ef3f112601a0b26f34;rostam-catalog=a4926ec9b012724b926fbc583b865bb083b7ad6526fee9ffc3e95129717195b8,python -m experiments.rostam.analyze verify --run-directory experiments/rostam/results/core-20260724-r7 --selection-id primary --verdict-sha256 46d8012b3594c18c96ee1a3f1e063ceeaf5642068c6a6aa895e655bcfb257bdd --output-directory experiments/rostam/results/publications/core-20260724-r7-primary --archive-descriptor experiments/rostam/results/archives/core-20260724-r7-primary-46d8012b3594c18c96ee1a3f1e063ceeaf5642068c6a6aa895e655bcfb257bdd.raw-archive-descriptor.json --raw-archive experiments/rostam/results/archives/core-20260724-r7-primary-46d8012b3594c18c96ee1a3f1e063ceeaf5642068c6a6aa895e655bcfb257bdd.raw.tar.gz --baseline-config nccl-2.19.3-default --candidate-config nccl-2.20.5-default --median-threshold-pct 8.0 --median-absolute-threshold-us 1.0
measurement,COMPLETE,false,,core-20260724-r7,3bd321ec960c2bce0e6c0ff9aba8bb2be89cb19bdb99011a838cbd79068835b8,primary,d01db822c8e909fe2dbfac157bf62eeeb370a3eef45168f4eb1ff5023fbd4e3a,46d8012b3594c18c96ee1a3f1e063ceeaf5642068c6a6aa895e655bcfb257bdd,c-canary-param-nccl-2.20.5-tree-l-r000003-f0e4ef4f23e40629,f0e4ef4f23e406293d8631b213fd296a815082fa85c72b5044bf786f0c311251,a-000001,c9d7285aa222ca2280eda3a6a8dbeb5ca459b2aaade25ad19a48f5aeb879c5c8,nccl-2.20.5-tree-ll,canary-param,3,233.155000,8192,commcanary.rostam.physical.param-measurement.v1,commcanary.rostam.physical.param-producer.v1,947b5e12688e3754c5a3aa2dc93d31e548b8a9a72945a5aae86c064c9719bd36,2855275288e67a1a2d0bbefff0740841fdf0ecf0,false,,8c5f30748596f665cca0bde76d4637074ffff3fa077387dd12b993cf98d2cee6,629a0a2c9cf49b5ea781f8bc15a668c94cbc96be838dde6f62434561090c6d40,40dec94aafd0a06ad8a22a8545ded6f55a3ec054a95ba1896a7844fda8ffeaf8,commcanary-wheel=954c9fe0ef908a448b5343c91e7d58e8785fc20a7fd029b699ca0e252614304d;environment-lock=d4b8b2dc177cb09cea84a5b5a51c99d4510a3270fe70286d2133382fbc4abd8b;param-patch-contract=182942ecf6ed3c0ea267b1660a19be8601c16768640dd6ef3f112601a0b26f34;rostam-catalog=a4926ec9b012724b926fbc583b865bb083b7ad6526fee9ffc3e95129717195b8,python -m experiments.rostam.analyze verify --run-directory experiments/rostam/results/core-20260724-r7 --selection-id primary --verdict-sha256 46d8012b3594c18c96ee1a3f1e063ceeaf5642068c6a6aa895e655bcfb257bdd --output-directory experiments/rostam/results/publications/core-20260724-r7-primary --archive-descriptor experiments/rostam/results/archives/core-20260724-r7-primary-46d8012b3594c18c96ee1a3f1e063ceeaf5642068c6a6aa895e655bcfb257bdd.raw-archive-descriptor.json --raw-archive experiments/rostam/results/archives/core-20260724-r7-primary-46d8012b3594c18c96ee1a3f1e063ceeaf5642068c6a6aa895e655bcfb257bdd.raw.tar.gz --baseline-config nccl-2.19.3-default --candidate-config nccl-2.20.5-default --median-threshold-pct 8.0 --median-absolute-threshold-us 1.0
measurement,COMPLETE,false,,core-20260724-r7,3bd321ec960c2bce0e6c0ff9aba8bb2be89cb19bdb99011a838cbd79068835b8,primary,d01db822c8e909fe2dbfac157bf62eeeb370a3eef45168f4eb1ff5023fbd4e3a,46d8012b3594c18c96ee1a3f1e063ceeaf5642068c6a6aa895e655bcfb257bdd,c-canary-param-nccl-2.20.5-tree-l-r000004-ba6250ccc262b0ac,ba6250ccc262b0ac9980f3bf9f8f4a35665469c97de3ea3b136a2d1b27d9edde,a-000001,f437db5e2cffe03d49e93fb9a2c7568de8abca5142bd43e1a2cb6a663495e8c3,nccl-2.20.5-tree-ll128,canary-param,4,277.755000,8192,commcanary.rostam.physical.param-measurement.v1,commcanary.rostam.physical.param-producer.v1,e2384a216016b7ffea42c536e75babc201728071c21a79cf697541b3aca0d0a7,2855275288e67a1a2d0bbefff0740841fdf0ecf0,false,,8c5f30748596f665cca0bde76d4637074ffff3fa077387dd12b993cf98d2cee6,81ca42dba3976bf118f23e17242774c94715b5b9ab0c64e292ce26902c3e8f0d,af25d43a9c6c95b895870810c1ce5f0e31d982d5c2c35e9fe9ff2bc68ed9936d,commcanary-wheel=954c9fe0ef908a448b5343c91e7d58e8785fc20a7fd029b699ca0e252614304d;environment-lock=d4b8b2dc177cb09cea84a5b5a51c99d4510a3270fe70286d2133382fbc4abd8b;param-patch-contract=182942ecf6ed3c0ea267b1660a19be8601c16768640dd6ef3f112601a0b26f34;rostam-catalog=a4926ec9b012724b926fbc583b865bb083b7ad6526fee9ffc3e95129717195b8,python -m experiments.rostam.analyze verify --run-directory experiments/rostam/results/core-20260724-r7 --selection-id primary --verdict-sha256 46d8012b3594c18c96ee1a3f1e063ceeaf5642068c6a6aa895e655bcfb257bdd --output-directory experiments/rostam/results/publications/core-20260724-r7-primary --archive-descriptor experiments/rostam/results/archives/core-20260724-r7-primary-46d8012b3594c18c96ee1a3f1e063ceeaf5642068c6a6aa895e655bcfb257bdd.raw-archive-descriptor.json --raw-archive experiments/rostam/results/archives/core-20260724-r7-primary-46d8012b3594c18c96ee1a3f1e063ceeaf5642068c6a6aa895e655bcfb257bdd.raw.tar.gz --baseline-config nccl-2.19.3-default --candidate-config nccl-2.20.5-default --median-threshold-pct 8.0 --median-absolute-threshold-us 1.0
measurement,COMPLETE,false,,core-20260724-r7,3bd321ec960c2bce0e6c0ff9aba8bb2be89cb19bdb99011a838cbd79068835b8,primary,d01db822c8e909fe2dbfac157bf62eeeb370a3eef45168f4eb1ff5023fbd4e3a,46d8012b3594c18c96ee1a3f1e063ceeaf5642068c6a6aa895e655bcfb257bdd,c-canary-param-nccl-2.20.5-tree-l-r000004-ce99350de720898a,ce99350de720898affc1f5fd5c20384b6eb72d542c564d7a8da57556eefc4b09,a-000001,6a2c738f34013f580ae91c22a18357f33f066dfecef528d3a6042aab1ca3f2a1,nccl-2.20.5-tree-ll,canary-param,4,234.535000,8192,commcanary.rostam.physical.param-measurement.v1,commcanary.rostam.physical.param-producer.v1,cd2821f302574e55bc0a7f0c6f8b8331aac80d55aa17c9e0d1ae01367d1bcbca,2855275288e67a1a2d0bbefff0740841fdf0ecf0,false,,8c5f30748596f665cca0bde76d4637074ffff3fa077387dd12b993cf98d2cee6,15bac4f5f39e0c7944d8f273497e81c09f23e6c925411a468b2f8336160ee8df,466a06a68f6104fc9ddf33ae35c3a6ea86d5775cc6a160c3cb48c4e01bccdb10,commcanary-wheel=954c9fe0ef908a448b5343c91e7d58e8785fc20a7fd029b699ca0e252614304d;environment-lock=d4b8b2dc177cb09cea84a5b5a51c99d4510a3270fe70286d2133382fbc4abd8b;param-patch-contract=182942ecf6ed3c0ea267b1660a19be8601c16768640dd6ef3f112601a0b26f34;rostam-catalog=a4926ec9b012724b926fbc583b865bb083b7ad6526fee9ffc3e95129717195b8,python -m experiments.rostam.analyze verify --run-directory experiments/rostam/results/core-20260724-r7 --selection-id primary --verdict-sha256 46d8012b3594c18c96ee1a3f1e063ceeaf5642068c6a6aa895e655bcfb257bdd --output-directory experiments/rostam/results/publications/core-20260724-r7-primary --archive-descriptor experiments/rostam/results/archives/core-20260724-r7-primary-46d8012b3594c18c96ee1a3f1e063ceeaf5642068c6a6aa895e655bcfb257bdd.raw-archive-descriptor.json --raw-archive experiments/rostam/results/archives/core-20260724-r7-primary-46d8012b3594c18c96ee1a3f1e063ceeaf5642068c6a6aa895e655bcfb257bdd.raw.tar.gz --baseline-config nccl-2.19.3-default --candidate-config nccl-2.20.5-default --median-threshold-pct 8.0 --median-absolute-threshold-us 1.0
measurement,COMPLETE,false,,core-20260724-r7,3bd321ec960c2bce0e6c0ff9aba8bb2be89cb19bdb99011a838cbd79068835b8,primary,d01db822c8e909fe2dbfac157bf62eeeb370a3eef45168f4eb1ff5023fbd4e3a,46d8012b3594c18c96ee1a3f1e063ceeaf5642068c6a6aa895e655bcfb257bdd,c-canary-param-nccl-2.20.5-tree-s-r000000-84482d9d94cac2a3,84482d9d94cac2a3a093ed5325f935446ca474510e4d06f087081ea92ca90110,a-000001,a0eb7d9fd299fb0cdd5e73796985ac3ba28e25cf3c4d393acc958607ba25d3df,nccl-2.20.5-tree-simple,canary-param,0,288.610000,8192,commcanary.rostam.physical.param-measurement.v1,commcanary.rostam.physical.param-producer.v1,00ff52d341085405a7f3ee7b598ae5acaa7c121cc4059cfa1331d95f7d287805,2855275288e67a1a2d0bbefff0740841fdf0ecf0,false,,8c5f30748596f665cca0bde76d4637074ffff3fa077387dd12b993cf98d2cee6,2062438abe282189d47a8b8e4f4797c79bac37c39c46d08feff87da9409ec26a,917ed348ef8a00a4ab7167ee1ac3e14f9714521b7e8aa6a83870efc57f9d73e4,commcanary-wheel=954c9fe0ef908a448b5343c91e7d58e8785fc20a7fd029b699ca0e252614304d;environment-lock=d4b8b2dc177cb09cea84a5b5a51c99d4510a3270fe70286d2133382fbc4abd8b;param-patch-contract=182942ecf6ed3c0ea267b1660a19be8601c16768640dd6ef3f112601a0b26f34;rostam-catalog=a4926ec9b012724b926fbc583b865bb083b7ad6526fee9ffc3e95129717195b8,python -m experiments.rostam.analyze verify --run-directory experiments/rostam/results/core-20260724-r7 --selection-id primary --verdict-sha256 46d8012b3594c18c96ee1a3f1e063ceeaf5642068c6a6aa895e655bcfb257bdd --output-directory experiments/rostam/results/publications/core-20260724-r7-primary --archive-descriptor experiments/rostam/results/archives/core-20260724-r7-primary-46d8012b3594c18c96ee1a3f1e063ceeaf5642068c6a6aa895e655bcfb257bdd.raw-archive-descriptor.json --raw-archive experiments/rostam/results/archives/core-20260724-r7-primary-46d8012b3594c18c96ee1a3f1e063ceeaf5642068c6a6aa895e655bcfb257bdd.raw.tar.gz --baseline-config nccl-2.19.3-default --candidate-config nccl-2.20.5-default --median-threshold-pct 8.0 --median-absolute-threshold-us 1.0
measurement,COMPLETE,false,,core-20260724-r7,3bd321ec960c2bce0e6c0ff9aba8bb2be89cb19bdb99011a838cbd79068835b8,primary,d01db822c8e909fe2dbfac157bf62eeeb370a3eef45168f4eb1ff5023fbd4e3a,46d8012b3594c18c96ee1a3f1e063ceeaf5642068c6a6aa895e655bcfb257bdd,c-canary-param-nccl-2.20.5-tree-s-r000001-c8406384e28f8f2d,c8406384e28f8f2d4b12f87916a41078eca852edce8b098022f5a2d0a64edab8,a-000001,4c9a2ea06a4a01e5af3966dc2ce1d62b8d5829309698a77f08c8e3246d39ccb5,nccl-2.20.5-tree-simple,canary-param,1,287.475000,8192,commcanary.rostam.physical.param-measurement.v1,commcanary.rostam.physical.param-producer.v1,f600f4086c95a66bb2e8f7cb8e2a842aebbf94d3dea21986a5629ba46c19eab9,2855275288e67a1a2d0bbefff0740841fdf0ecf0,false,,8c5f30748596f665cca0bde76d4637074ffff3fa077387dd12b993cf98d2cee6,5c63cc34d443ae0422d22a67de2224a573de83e4ec0a7c8b119f026203348064,9ac0416a48d8972909bbae46503a4006e6ae0d5d149b673193ae6e81138e29d8,commcanary-wheel=954c9fe0ef908a448b5343c91e7d58e8785fc20a7fd029b699ca0e252614304d;environment-lock=d4b8b2dc177cb09cea84a5b5a51c99d4510a3270fe70286d2133382fbc4abd8b;param-patch-contract=182942ecf6ed3c0ea267b1660a19be8601c16768640dd6ef3f112601a0b26f34;rostam-catalog=a4926ec9b012724b926fbc583b865bb083b7ad6526fee9ffc3e95129717195b8,python -m experiments.rostam.analyze verify --run-directory experiments/rostam/results/core-20260724-r7 --selection-id primary --verdict-sha256 46d8012b3594c18c96ee1a3f1e063ceeaf5642068c6a6aa895e655bcfb257bdd --output-directory experiments/rostam/results/publications/core-20260724-r7-primary --archive-descriptor experiments/rostam/results/archives/core-20260724-r7-primary-46d8012b3594c18c96ee1a3f1e063ceeaf5642068c6a6aa895e655bcfb257bdd.raw-archive-descriptor.json --raw-archive experiments/rostam/results/archives/core-20260724-r7-primary-46d8012b3594c18c96ee1a3f1e063ceeaf5642068c6a6aa895e655bcfb257bdd.raw.tar.gz --baseline-config nccl-2.19.3-default --candidate-config nccl-2.20.5-default --median-threshold-pct 8.0 --median-absolute-threshold-us 1.0
measurement,COMPLETE,false,,core-20260724-r7,3bd321ec960c2bce0e6c0ff9aba8bb2be89cb19bdb99011a838cbd79068835b8,primary,d01db822c8e909fe2dbfac157bf62eeeb370a3eef45168f4eb1ff5023fbd4e3a,46d8012b3594c18c96ee1a3f1e063ceeaf5642068c6a6aa895e655bcfb257bdd,c-canary-param-nccl-2.20.5-tree-s-r000002-779020b0795ac3ac,779020b0795ac3acc982dfb69189969d056671f4b9fac33c27030e7a66a29fe6,a-000001,70a6226c60b4e2d7eea9c9f5d36e6b6291cc21ae64592bb6f37e5d042346d49b,nccl-2.20.5-tree-simple,canary-param,2,297.170000,8192,commcanary.rostam.physical.param-measurement.v1,commcanary.rostam.physical.param-producer.v1,e742b68847b10f9169417f6189e651e1dcc2df5845d811d0e8b2a4e3a89f0c21,2855275288e67a1a2d0bbefff0740841fdf0ecf0,false,,8c5f30748596f665cca0bde76d4637074ffff3fa077387dd12b993cf98d2cee6,a4b540654f02c83f3c883c4b24e27599350a3ba59b60e1edc24cda7325ac1f37,e7e775f7d850fe16700b7863d8fab41aa43061893e4dc8e2f29e3834f266f66d,commcanary-wheel=954c9fe0ef908a448b5343c91e7d58e8785fc20a7fd029b699ca0e252614304d;environment-lock=d4b8b2dc177cb09cea84a5b5a51c99d4510a3270fe70286d2133382fbc4abd8b;param-patch-contract=182942ecf6ed3c0ea267b1660a19be8601c16768640dd6ef3f112601a0b26f34;rostam-catalog=a4926ec9b012724b926fbc583b865bb083b7ad6526fee9ffc3e95129717195b8,python -m experiments.rostam.analyze verify --run-directory experiments/rostam/results/core-20260724-r7 --selection-id primary --verdict-sha256 46d8012b3594c18c96ee1a3f1e063ceeaf5642068c6a6aa895e655bcfb257bdd --output-directory experiments/rostam/results/publications/core-20260724-r7-primary --archive-descriptor experiments/rostam/results/archives/core-20260724-r7-primary-46d8012b3594c18c96ee1a3f1e063ceeaf5642068c6a6aa895e655bcfb257bdd.raw-archive-descriptor.json --raw-archive experiments/rostam/results/archives/core-20260724-r7-primary-46d8012b3594c18c96ee1a3f1e063ceeaf5642068c6a6aa895e655bcfb257bdd.raw.tar.gz --baseline-config nccl-2.19.3-default --candidate-config nccl-2.20.5-default --median-threshold-pct 8.0 --median-absolute-threshold-us 1.0
measurement,COMPLETE,false,,core-20260724-r7,3bd321ec960c2bce0e6c0ff9aba8bb2be89cb19bdb99011a838cbd79068835b8,primary,d01db822c8e909fe2dbfac157bf62eeeb370a3eef45168f4eb1ff5023fbd4e3a,46d8012b3594c18c96ee1a3f1e063ceeaf5642068c6a6aa895e655bcfb257bdd,c-canary-param-nccl-2.20.5-tree-s-r000003-93368db2f6bbd4db,93368db2f6bbd4dbcc7e94d63e11c3757bd48216509a1938c5a1f3cb45d4c7eb,a-000001,4c488a8118184a76976c34dc21089dc25d4500a389702e20981b3ed5944d4e20,nccl-2.20.5-tree-simple,canary-param,3,294.620000,8192,commcanary.rostam.physical.param-measurement.v1,commcanary.rostam.physical.param-producer.v1,d170a3e38ce8a9e2d8276acdf330c400218271621ed31513659dfbea9f9657ed,2855275288e67a1a2d0bbefff0740841fdf0ecf0,false,,8c5f30748596f665cca0bde76d4637074ffff3fa077387dd12b993cf98d2cee6,e5d82eb1057590f94673776341c8ccf9637eec9ca530feaf53301a2f18ace866,7c3b569a0df189ed51c57a85d45883600a8190cbb6423932aa2fbc036dcd33ac,commcanary-wheel=954c9fe0ef908a448b5343c91e7d58e8785fc20a7fd029b699ca0e252614304d;environment-lock=d4b8b2dc177cb09cea84a5b5a51c99d4510a3270fe70286d2133382fbc4abd8b;param-patch-contract=182942ecf6ed3c0ea267b1660a19be8601c16768640dd6ef3f112601a0b26f34;rostam-catalog=a4926ec9b012724b926fbc583b865bb083b7ad6526fee9ffc3e95129717195b8,python -m experiments.rostam.analyze verify --run-directory experiments/rostam/results/core-20260724-r7 --selection-id primary --verdict-sha256 46d8012b3594c18c96ee1a3f1e063ceeaf5642068c6a6aa895e655bcfb257bdd --output-directory experiments/rostam/results/publications/core-20260724-r7-primary --archive-descriptor experiments/rostam/results/archives/core-20260724-r7-primary-46d8012b3594c18c96ee1a3f1e063ceeaf5642068c6a6aa895e655bcfb257bdd.raw-archive-descriptor.json --raw-archive experiments/rostam/results/archives/core-20260724-r7-primary-46d8012b3594c18c96ee1a3f1e063ceeaf5642068c6a6aa895e655bcfb257bdd.raw.tar.gz --baseline-config nccl-2.19.3-default --candidate-config nccl-2.20.5-default --median-threshold-pct 8.0 --median-absolute-threshold-us 1.0
measurement,COMPLETE,false,,core-20260724-r7,3bd321ec960c2bce0e6c0ff9aba8bb2be89cb19bdb99011a838cbd79068835b8,primary,d01db822c8e909fe2dbfac157bf62eeeb370a3eef45168f4eb1ff5023fbd4e3a,46d8012b3594c18c96ee1a3f1e063ceeaf5642068c6a6aa895e655bcfb257bdd,c-canary-param-nccl-2.20.5-tree-s-r000004-b3cfeeef61303c7a,b3cfeeef61303c7ae598ae6805410f46df5833fbab63ac3f385864e6dda58e1d,a-000001,52e8932c5a24c177386ba8af32db9571b94a38bbc632ce749619fa9d270615c1,nccl-2.20.5-tree-simple,canary-param,4,300.380000,8192,commcanary.rostam.physical.param-measurement.v1,commcanary.rostam.physical.param-producer.v1,e8b8f11c9f130fd201a6fb39bb680213fc12f1c722073364f942438ca6829121,2855275288e67a1a2d0bbefff0740841fdf0ecf0,false,,8c5f30748596f665cca0bde76d4637074ffff3fa077387dd12b993cf98d2cee6,fe267119362ed23dcae9d16d3f41c7b44ab2d028cebbfc61ff495c87502d3cb6,fe6024d8dd9c531ce999ba22ade579a9f15207b4fd606b88771d5e0ea03d20fa,commcanary-wheel=954c9fe0ef908a448b5343c91e7d58e8785fc20a7fd029b699ca0e252614304d;environment-lock=d4b8b2dc177cb09cea84a5b5a51c99d4510a3270fe70286d2133382fbc4abd8b;param-patch-contract=182942ecf6ed3c0ea267b1660a19be8601c16768640dd6ef3f112601a0b26f34;rostam-catalog=a4926ec9b012724b926fbc583b865bb083b7ad6526fee9ffc3e95129717195b8,python -m experiments.rostam.analyze verify --run-directory experiments/rostam/results/core-20260724-r7 --selection-id primary --verdict-sha256 46d8012b3594c18c96ee1a3f1e063ceeaf5642068c6a6aa895e655bcfb257bdd --output-directory experiments/rostam/results/publications/core-20260724-r7-primary --archive-descriptor experiments/rostam/results/archives/core-20260724-r7-primary-46d8012b3594c18c96ee1a3f1e063ceeaf5642068c6a6aa895e655bcfb257bdd.raw-archive-descriptor.json --raw-archive experiments/rostam/results/archives/core-20260724-r7-primary-46d8012b3594c18c96ee1a3f1e063ceeaf5642068c6a6aa895e655bcfb257bdd.raw.tar.gz --baseline-config nccl-2.19.3-default --candidate-config nccl-2.20.5-default --median-threshold-pct 8.0 --median-absolute-threshold-us 1.0
measurement,COMPLETE,false,,core-20260724-r7,3bd321ec960c2bce0e6c0ff9aba8bb2be89cb19bdb99011a838cbd79068835b8,primary,d01db822c8e909fe2dbfac157bf62eeeb370a3eef45168f4eb1ff5023fbd4e3a,46d8012b3594c18c96ee1a3f1e063ceeaf5642068c6a6aa895e655bcfb257bdd,c-full-nccl-2.19.3-defaul-r000000-f64736a35c26748a,f64736a35c26748aace642a53b5dbf476cf35b12d06d5edff68245bcb2641076,a-000001,3d2489d745e098f9523e2b27fad481cad0a2111824db3b3afe8bc2f40b4b5677,nccl-2.19.3-default,full,0,8233.984000,256,commcanary.rostam.physical.full-measurement.v1,commcanary.rostam.physical.full-producer.v1,ef783c843f6a8c1d1fdab6b59ec41f5ec5e4fb68660930904d3e0d0e0a2fe806,2855275288e67a1a2d0bbefff0740841fdf0ecf0,false,,8c5f30748596f665cca0bde76d4637074ffff3fa077387dd12b993cf98d2cee6,f2cd90435cbcabb27616105d54d15a11925aafe64ae86916729d0c1497dc0cab,06e967f18d8369aa79534076f1b44c77c747eff77162dba16696d8fa5deb1e81,commcanary-wheel=954c9fe0ef908a448b5343c91e7d58e8785fc20a7fd029b699ca0e252614304d;environment-lock=d4b8b2dc177cb09cea84a5b5a51c99d4510a3270fe70286d2133382fbc4abd8b;param-patch-contract=182942ecf6ed3c0ea267b1660a19be8601c16768640dd6ef3f112601a0b26f34;rostam-catalog=a4926ec9b012724b926fbc583b865bb083b7ad6526fee9ffc3e95129717195b8,python -m experiments.rostam.analyze verify --run-directory experiments/rostam/results/core-20260724-r7 --selection-id primary --verdict-sha256 46d8012b3594c18c96ee1a3f1e063ceeaf5642068c6a6aa895e655bcfb257bdd --output-directory experiments/rostam/results/publications/core-20260724-r7-primary --archive-descriptor experiments/rostam/results/archives/core-20260724-r7-primary-46d8012b3594c18c96ee1a3f1e063ceeaf5642068c6a6aa895e655bcfb257bdd.raw-archive-descriptor.json --raw-archive experiments/rostam/results/archives/core-20260724-r7-primary-46d8012b3594c18c96ee1a3f1e063ceeaf5642068c6a6aa895e655bcfb257bdd.raw.tar.gz --baseline-config nccl-2.19.3-default --candidate-config nccl-2.20.5-default --median-threshold-pct 8.0 --median-absolute-threshold-us 1.0
measurement,COMPLETE,false,,core-20260724-r7,3bd321ec960c2bce0e6c0ff9aba8bb2be89cb19bdb99011a838cbd79068835b8,primary,d01db822c8e909fe2dbfac157bf62eeeb370a3eef45168f4eb1ff5023fbd4e3a,46d8012b3594c18c96ee1a3f1e063ceeaf5642068c6a6aa895e655bcfb257bdd,c-full-nccl-2.19.3-defaul-r000001-d8cb887dca605c1d,d8cb887dca605c1d07d8d7066a9bdd5a294bd61d53596b64f4851ed20b7153b4,a-000001,3da239d77a95b1b8a9104acfad275c15955d3fa339ab2bd2e021398b9690dbc9,nccl-2.19.3-default,full,1,8240.128000,256,commcanary.rostam.physical.full-measurement.v1,commcanary.rostam.physical.full-producer.v1,f65d568735e0d6296f3f2fc6788bde74aa6d54def96dc145bc0a7c8dd4f45102,2855275288e67a1a2d0bbefff0740841fdf0ecf0,false,,8c5f30748596f665cca0bde76d4637074ffff3fa077387dd12b993cf98d2cee6,a524e5b5f9a66e6d8199c54d1fc09c0b47d48b7badf07ee3ae4d510d6a85c187,ee2edfd0f2d837a5e3990d19cc720ab8c0d3ee169c50de9500050ca0540b8e17,commcanary-wheel=954c9fe0ef908a448b5343c91e7d58e8785fc20a7fd029b699ca0e252614304d;environment-lock=d4b8b2dc177cb09cea84a5b5a51c99d4510a3270fe70286d2133382fbc4abd8b;param-patch-contract=182942ecf6ed3c0ea267b1660a19be8601c16768640dd6ef3f112601a0b26f34;rostam-catalog=a4926ec9b012724b926fbc583b865bb083b7ad6526fee9ffc3e95129717195b8,python -m experiments.rostam.analyze verify --run-directory experiments/rostam/results/core-20260724-r7 --selection-id primary --verdict-sha256 46d8012b3594c18c96ee1a3f1e063ceeaf5642068c6a6aa895e655bcfb257bdd --output-directory experiments/rostam/results/publications/core-20260724-r7-primary --archive-descriptor experiments/rostam/results/archives/core-20260724-r7-primary-46d8012b3594c18c96ee1a3f1e063ceeaf5642068c6a6aa895e655bcfb257bdd.raw-archive-descriptor.json --raw-archive experiments/rostam/results/archives/core-20260724-r7-primary-46d8012b3594c18c96ee1a3f1e063ceeaf5642068c6a6aa895e655bcfb257bdd.raw.tar.gz --baseline-config nccl-2.19.3-default --candidate-config nccl-2.20.5-default --median-threshold-pct 8.0 --median-absolute-threshold-us 1.0
measurement,COMPLETE,false,,core-20260724-r7,3bd321ec960c2bce0e6c0ff9aba8bb2be89cb19bdb99011a838cbd79068835b8,primary,d01db822c8e909fe2dbfac157bf62eeeb370a3eef45168f4eb1ff5023fbd4e3a,46d8012b3594c18c96ee1a3f1e063ceeaf5642068c6a6aa895e655bcfb257bdd,c-full-nccl-2.19.3-defaul-r000002-aa9ab7739261e86c,aa9ab7739261e86c47bde762a76504f5a977bf630223aa812199a6fa8e178a5c,a-000001,60bb178e2b90b4698dcba35c1368771906c1b9bdc62bc47e2339abfc0080372d,nccl-2.19.3-default,full,2,8226.816000,256,commcanary.rostam.physical.full-measurement.v1,commcanary.rostam.physical.full-producer.v1,4a6ea770c6651aab716b080a6dc57756c06ac203aebd3ce7e0e6ec0bab5ab82c,2855275288e67a1a2d0bbefff0740841fdf0ecf0,false,,8c5f30748596f665cca0bde76d4637074ffff3fa077387dd12b993cf98d2cee6,d9dd91f60276f095c201c22a62165ae30eea402028702ff67aec2aa9eb2b9b98,d6d3f27d3b2c5627165bdddc1e2094fe9b7e3f8bf78f5c53002085a792bab983,commcanary-wheel=954c9fe0ef908a448b5343c91e7d58e8785fc20a7fd029b699ca0e252614304d;environment-lock=d4b8b2dc177cb09cea84a5b5a51c99d4510a3270fe70286d2133382fbc4abd8b;param-patch-contract=182942ecf6ed3c0ea267b1660a19be8601c16768640dd6ef3f112601a0b26f34;rostam-catalog=a4926ec9b012724b926fbc583b865bb083b7ad6526fee9ffc3e95129717195b8,python -m experiments.rostam.analyze verify --run-directory experiments/rostam/results/core-20260724-r7 --selection-id primary --verdict-sha256 46d8012b3594c18c96ee1a3f1e063ceeaf5642068c6a6aa895e655bcfb257bdd --output-directory experiments/rostam/results/publications/core-20260724-r7-primary --archive-descriptor experiments/rostam/results/archives/core-20260724-r7-primary-46d8012b3594c18c96ee1a3f1e063ceeaf5642068c6a6aa895e655bcfb257bdd.raw-archive-descriptor.json --raw-archive experiments/rostam/results/archives/core-20260724-r7-primary-46d8012b3594c18c96ee1a3f1e063ceeaf5642068c6a6aa895e655bcfb257bdd.raw.tar.gz --baseline-config nccl-2.19.3-default --candidate-config nccl-2.20.5-default --median-threshold-pct 8.0 --median-absolute-threshold-us 1.0
measurement,COMPLETE,false,,core-20260724-r7,3bd321ec960c2bce0e6c0ff9aba8bb2be89cb19bdb99011a838cbd79068835b8,primary,d01db822c8e909fe2dbfac157bf62eeeb370a3eef45168f4eb1ff5023fbd4e3a,46d8012b3594c18c96ee1a3f1e063ceeaf5642068c6a6aa895e655bcfb257bdd,c-full-nccl-2.19.3-defaul-r000003-2b8205d8525c2e58,2b8205d8525c2e58204f34e546cb64cd6f511efa3dcb482770d0923685dbf53d,a-000001,9a451db4ad59c1c2270808fbfbe79770683b6ed9044fcfc0e7f1f9bebc066f1e,nccl-2.19.3-default,full,3,8240.640000,256,commcanary.rostam.physical.full-measurement.v1,commcanary.rostam.physical.full-producer.v1,2aba95d1cd52dd707ce845149de0611982a75f6abc4d81f45c0f3404d68b2d2b,2855275288e67a1a2d0bbefff0740841fdf0ecf0,false,,8c5f30748596f665cca0bde76d4637074ffff3fa077387dd12b993cf98d2cee6,e46369490d3370191ca89ff48566ec3be825dd40957f79ffea6bca8085e509e6,fda5519b0a27c3f5aaa397b64ddffb026b4057106723e3401ef946a31685671c,commcanary-wheel=954c9fe0ef908a448b5343c91e7d58e8785fc20a7fd029b699ca0e252614304d;environment-lock=d4b8b2dc177cb09cea84a5b5a51c99d4510a3270fe70286d2133382fbc4abd8b;param-patch-contract=182942ecf6ed3c0ea267b1660a19be8601c16768640dd6ef3f112601a0b26f34;rostam-catalog=a4926ec9b012724b926fbc583b865bb083b7ad6526fee9ffc3e95129717195b8,python -m experiments.rostam.analyze verify --run-directory experiments/rostam/results/core-20260724-r7 --selection-id primary --verdict-sha256 46d8012b3594c18c96ee1a3f1e063ceeaf5642068c6a6aa895e655bcfb257bdd --output-directory experiments/rostam/results/publications/core-20260724-r7-primary --archive-descriptor experiments/rostam/results/archives/core-20260724-r7-primary-46d8012b3594c18c96ee1a3f1e063ceeaf5642068c6a6aa895e655bcfb257bdd.raw-archive-descriptor.json --raw-archive experiments/rostam/results/archives/core-20260724-r7-primary-46d8012b3594c18c96ee1a3f1e063ceeaf5642068c6a6aa895e655bcfb257bdd.raw.tar.gz --baseline-config nccl-2.19.3-default --candidate-config nccl-2.20.5-default --median-threshold-pct 8.0 --median-absolute-threshold-us 1.0
measurement,COMPLETE,false,,core-20260724-r7,3bd321ec960c2bce0e6c0ff9aba8bb2be89cb19bdb99011a838cbd79068835b8,primary,d01db822c8e909fe2dbfac157bf62eeeb370a3eef45168f4eb1ff5023fbd4e3a,46d8012b3594c18c96ee1a3f1e063ceeaf5642068c6a6aa895e655bcfb257bdd,c-full-nccl-2.19.3-defaul-r000004-8f8c19bf2373c83d,8f8c19bf2373c83d9ebcd82b512fb7cb002f4c74ac5f51076a3dbe4c2131e862,a-000001,c2ef97cbba65dc77cc05c2c4d8e303be5602299f1046cdb1218f1b631e5e0acf,nccl-2.19.3-default,full,4,8243.712000,256,commcanary.rostam.physical.full-measurement.v1,commcanary.rostam.physical.full-producer.v1,351bca5f7a94af4546cbd2d0e772aef9029897283116d9aeb7e1d21be469d7b0,2855275288e67a1a2d0bbefff0740841fdf0ecf0,false,,8c5f30748596f665cca0bde76d4637074ffff3fa077387dd12b993cf98d2cee6,aa84f1fef6abff48aa7d645440e0419e44dd50ac945be403a3d39eb2d830ef14,f524b6439d71764c2180d059843d92c554a5bd3d67ec76cc6d9275445edd71b0,commcanary-wheel=954c9fe0ef908a448b5343c91e7d58e8785fc20a7fd029b699ca0e252614304d;environment-lock=d4b8b2dc177cb09cea84a5b5a51c99d4510a3270fe70286d2133382fbc4abd8b;param-patch-contract=182942ecf6ed3c0ea267b1660a19be8601c16768640dd6ef3f112601a0b26f34;rostam-catalog=a4926ec9b012724b926fbc583b865bb083b7ad6526fee9ffc3e95129717195b8,python -m experiments.rostam.analyze verify --run-directory experiments/rostam/results/core-20260724-r7 --selection-id primary --verdict-sha256 46d8012b3594c18c96ee1a3f1e063ceeaf5642068c6a6aa895e655bcfb257bdd --output-directory experiments/rostam/results/publications/core-20260724-r7-primary --archive-descriptor experiments/rostam/results/archives/core-20260724-r7-primary-46d8012b3594c18c96ee1a3f1e063ceeaf5642068c6a6aa895e655bcfb257bdd.raw-archive-descriptor.json --raw-archive experiments/rostam/results/archives/core-20260724-r7-primary-46d8012b3594c18c96ee1a3f1e063ceeaf5642068c6a6aa895e655bcfb257bdd.raw.tar.gz --baseline-config nccl-2.19.3-default --candidate-config nccl-2.20.5-default --median-threshold-pct 8.0 --median-absolute-threshold-us 1.0
measurement,COMPLETE,false,,core-20260724-r7,3bd321ec960c2bce0e6c0ff9aba8bb2be89cb19bdb99011a838cbd79068835b8,primary,d01db822c8e909fe2dbfac157bf62eeeb370a3eef45168f4eb1ff5023fbd4e3a,46d8012b3594c18c96ee1a3f1e063ceeaf5642068c6a6aa895e655bcfb257bdd,c-full-nccl-2.20.5-defaul-r000000-9c7d5842a5ed86af,9c7d5842a5ed86affeee62353d9971f0d731d638b9886d7cfa9310178f3d498b,a-000001,82176589cbf926c9c45c011f899f86255987fc23da52086e4516edb68d34b24e,nccl-2.20.5-default,full,0,8230.912000,256,commcanary.rostam.physical.full-measurement.v1,commcanary.rostam.physical.full-producer.v1,38936be7763770512847fa16e373dbeac305938940e761fcd45015349080b32e,2855275288e67a1a2d0bbefff0740841fdf0ecf0,false,,8c5f30748596f665cca0bde76d4637074ffff3fa077387dd12b993cf98d2cee6,03ca29649db354523b8549cca0f2a9ca842e988766354cbc093755fe31b6ad70,b238048ba021c4fcee009156e84b4445edcf777ef71a5705b4270d22b3e44ffb,commcanary-wheel=954c9fe0ef908a448b5343c91e7d58e8785fc20a7fd029b699ca0e252614304d;environment-lock=d4b8b2dc177cb09cea84a5b5a51c99d4510a3270fe70286d2133382fbc4abd8b;param-patch-contract=182942ecf6ed3c0ea267b1660a19be8601c16768640dd6ef3f112601a0b26f34;rostam-catalog=a4926ec9b012724b926fbc583b865bb083b7ad6526fee9ffc3e95129717195b8,python -m experiments.rostam.analyze verify --run-directory experiments/rostam/results/core-20260724-r7 --selection-id primary --verdict-sha256 46d8012b3594c18c96ee1a3f1e063ceeaf5642068c6a6aa895e655bcfb257bdd --output-directory experiments/rostam/results/publications/core-20260724-r7-primary --archive-descriptor experiments/rostam/results/archives/core-20260724-r7-primary-46d8012b3594c18c96ee1a3f1e063ceeaf5642068c6a6aa895e655bcfb257bdd.raw-archive-descriptor.json --raw-archive experiments/rostam/results/archives/core-20260724-r7-primary-46d8012b3594c18c96ee1a3f1e063ceeaf5642068c6a6aa895e655bcfb257bdd.raw.tar.gz --baseline-config nccl-2.19.3-default --candidate-config nccl-2.20.5-default --median-threshold-pct 8.0 --median-absolute-threshold-us 1.0
measurement,COMPLETE,false,,core-20260724-r7,3bd321ec960c2bce0e6c0ff9aba8bb2be89cb19bdb99011a838cbd79068835b8,primary,d01db822c8e909fe2dbfac157bf62eeeb370a3eef45168f4eb1ff5023fbd4e3a,46d8012b3594c18c96ee1a3f1e063ceeaf5642068c6a6aa895e655bcfb257bdd,c-full-nccl-2.20.5-defaul-r000001-3bf54898d06e1288,3bf54898d06e12888ec5150c5074ce6f68025569ae0e721f8f96a40eb8cb863f,a-000001,e0543365824782f65a81d09c3a8834a4952725c1ffc96b042574fab3f107b577,nccl-2.20.5-default,full,1,8225.280000,256,commcanary.rostam.physical.full-measurement.v1,commcanary.rostam.physical.full-producer.v1,6728f506d320edad929c63a4c62824215504bafbbf5f3abc36feb1357ae892c9,2855275288e67a1a2d0bbefff0740841fdf0ecf0,false,,8c5f30748596f665cca0bde76d4637074ffff3fa077387dd12b993cf98d2cee6,f50bcfa17ad158e242949a3876ff14399a8371ee6a81ab08f36868fa6915c6ee,e1a486d733295351c5166bb53509270ccb2d4d5dac5d0f11faeefa98cc3a6913,commcanary-wheel=954c9fe0ef908a448b5343c91e7d58e8785fc20a7fd029b699ca0e252614304d;environment-lock=d4b8b2dc177cb09cea84a5b5a51c99d4510a3270fe70286d2133382fbc4abd8b;param-patch-contract=182942ecf6ed3c0ea267b1660a19be8601c16768640dd6ef3f112601a0b26f34;rostam-catalog=a4926ec9b012724b926fbc583b865bb083b7ad6526fee9ffc3e95129717195b8,python -m experiments.rostam.analyze verify --run-directory experiments/rostam/results/core-20260724-r7 --selection-id primary --verdict-sha256 46d8012b3594c18c96ee1a3f1e063ceeaf5642068c6a6aa895e655bcfb257bdd --output-directory experiments/rostam/results/publications/core-20260724-r7-primary --archive-descriptor experiments/rostam/results/archives/core-20260724-r7-primary-46d8012b3594c18c96ee1a3f1e063ceeaf5642068c6a6aa895e655bcfb257bdd.raw-archive-descriptor.json --raw-archive experiments/rostam/results/archives/core-20260724-r7-primary-46d8012b3594c18c96ee1a3f1e063ceeaf5642068c6a6aa895e655bcfb257bdd.raw.tar.gz --baseline-config nccl-2.19.3-default --candidate-config nccl-2.20.5-default --median-threshold-pct 8.0 --median-absolute-threshold-us 1.0
measurement,COMPLETE,false,,core-20260724-r7,3bd321ec960c2bce0e6c0ff9aba8bb2be89cb19bdb99011a838cbd79068835b8,primary,d01db822c8e909fe2dbfac157bf62eeeb370a3eef45168f4eb1ff5023fbd4e3a,46d8012b3594c18c96ee1a3f1e063ceeaf5642068c6a6aa895e655bcfb257bdd,c-full-nccl-2.20.5-defaul-r000002-698a8a0612c7bae2,698a8a0612c7bae29bc6b8be892352c3e7a0316d0804b81c0556b90d4d45169c,a-000001,8755a75c59c694fe5e959b34c0e17e16efa04067ca237c1c9efd59a4d732bd25,nccl-2.20.5-default,full,2,8226.816000,256,commcanary.rostam.physical.full-measurement.v1,commcanary.rostam.physical.full-producer.v1,ded171ea1564cd576981d7bc363096072d1b1a5d3d3a9e0e3a53303fb37aee39,2855275288e67a1a2d0bbefff0740841fdf0ecf0,false,,8c5f30748596f665cca0bde76d4637074ffff3fa077387dd12b993cf98d2cee6,09d1085531f1967bac960645bbcecf0aaf1d475b26fd5f4225728f72081a0188,05d617851f4aaf3d49beadd36ce85ed136cfe5546b04c405c1d2d66a555b01d6,commcanary-wheel=954c9fe0ef908a448b5343c91e7d58e8785fc20a7fd029b699ca0e252614304d;environment-lock=d4b8b2dc177cb09cea84a5b5a51c99d4510a3270fe70286d2133382fbc4abd8b;param-patch-contract=182942ecf6ed3c0ea267b1660a19be8601c16768640dd6ef3f112601a0b26f34;rostam-catalog=a4926ec9b012724b926fbc583b865bb083b7ad6526fee9ffc3e95129717195b8,python -m experiments.rostam.analyze verify --run-directory experiments/rostam/results/core-20260724-r7 --selection-id primary --verdict-sha256 46d8012b3594c18c96ee1a3f1e063ceeaf5642068c6a6aa895e655bcfb257bdd --output-directory experiments/rostam/results/publications/core-20260724-r7-primary --archive-descriptor experiments/rostam/results/archives/core-20260724-r7-primary-46d8012b3594c18c96ee1a3f1e063ceeaf5642068c6a6aa895e655bcfb257bdd.raw-archive-descriptor.json --raw-archive experiments/rostam/results/archives/core-20260724-r7-primary-46d8012b3594c18c96ee1a3f1e063ceeaf5642068c6a6aa895e655bcfb257bdd.raw.tar.gz --baseline-config nccl-2.19.3-default --candidate-config nccl-2.20.5-default --median-threshold-pct 8.0 --median-absolute-threshold-us 1.0
measurement,COMPLETE,false,,core-20260724-r7,3bd321ec960c2bce0e6c0ff9aba8bb2be89cb19bdb99011a838cbd79068835b8,primary,d01db822c8e909fe2dbfac157bf62eeeb370a3eef45168f4eb1ff5023fbd4e3a,46d8012b3594c18c96ee1a3f1e063ceeaf5642068c6a6aa895e655bcfb257bdd,c-full-nccl-2.20.5-defaul-r000003-c5a4072e08dd865f,c5a4072e08dd865fdcba0139d169a96509782969fd8c4dd4b3bf291fefa7641e,a-000001,3e196a247510ceaee3f2b9f68abe562f6efcd9d18480f969efa9b203973b11b6,nccl-2.20.5-default,full,3,8252.416000,256,commcanary.rostam.physical.full-measurement.v1,commcanary.rostam.physical.full-producer.v1,8f3b1f38595bd4b75a1c658d826ef151eeada7707cbd67fa1c5ecd97a3e88aac,2855275288e67a1a2d0bbefff0740841fdf0ecf0,false,,8c5f30748596f665cca0bde76d4637074ffff3fa077387dd12b993cf98d2cee6,5c39a10bf663ca51f713ba512295504b315d2fb37975bf34d44516ac73be8a35,ec39ca5cfeee8c813c9c690aa63177b3f799420779b9a739479693173b27be7c,commcanary-wheel=954c9fe0ef908a448b5343c91e7d58e8785fc20a7fd029b699ca0e252614304d;environment-lock=d4b8b2dc177cb09cea84a5b5a51c99d4510a3270fe70286d2133382fbc4abd8b;param-patch-contract=182942ecf6ed3c0ea267b1660a19be8601c16768640dd6ef3f112601a0b26f34;rostam-catalog=a4926ec9b012724b926fbc583b865bb083b7ad6526fee9ffc3e95129717195b8,python -m experiments.rostam.analyze verify --run-directory experiments/rostam/results/core-20260724-r7 --selection-id primary --verdict-sha256 46d8012b3594c18c96ee1a3f1e063ceeaf5642068c6a6aa895e655bcfb257bdd --output-directory experiments/rostam/results/publications/core-20260724-r7-primary --archive-descriptor experiments/rostam/results/archives/core-20260724-r7-primary-46d8012b3594c18c96ee1a3f1e063ceeaf5642068c6a6aa895e655bcfb257bdd.raw-archive-descriptor.json --raw-archive experiments/rostam/results/archives/core-20260724-r7-primary-46d8012b3594c18c96ee1a3f1e063ceeaf5642068c6a6aa895e655bcfb257bdd.raw.tar.gz --baseline-config nccl-2.19.3-default --candidate-config nccl-2.20.5-default --median-threshold-pct 8.0 --median-absolute-threshold-us 1.0
measurement,COMPLETE,false,,core-20260724-r7,3bd321ec960c2bce0e6c0ff9aba8bb2be89cb19bdb99011a838cbd79068835b8,primary,d01db822c8e909fe2dbfac157bf62eeeb370a3eef45168f4eb1ff5023fbd4e3a,46d8012b3594c18c96ee1a3f1e063ceeaf5642068c6a6aa895e655bcfb257bdd,c-full-nccl-2.20.5-defaul-r000004-47a9e14ab629ba9b,47a9e14ab629ba9bfddb47689c7568a93d1ff22b096bdf0d0a2cd7932af33483,a-000001,57e84a2752c73f10db8abc513e1c7986f2bed71b453ab37e6813bf6662733aef,nccl-2.20.5-default,full,4,8284.160000,256,commcanary.rostam.physical.full-measurement.v1,commcanary.rostam.physical.full-producer.v1,19bdcffd17f5c01640672504581ba155fb9db8acfdb6a38c8fad533b5ea7a7df,2855275288e67a1a2d0bbefff0740841fdf0ecf0,false,,8c5f30748596f665cca0bde76d4637074ffff3fa077387dd12b993cf98d2cee6,7365bb7b3766693397441998a2f6d909ca79ff9465e2b6f77b1c4519a582478f,5969c7f11f245319f1b96b28a70db858a0acdfeaf9f250d5acd8f2b65f56e1d7,commcanary-wheel=954c9fe0ef908a448b5343c91e7d58e8785fc20a7fd029b699ca0e252614304d;environment-lock=d4b8b2dc177cb09cea84a5b5a51c99d4510a3270fe70286d2133382fbc4abd8b;param-patch-contract=182942ecf6ed3c0ea267b1660a19be8601c16768640dd6ef3f112601a0b26f34;rostam-catalog=a4926ec9b012724b926fbc583b865bb083b7ad6526fee9ffc3e95129717195b8,python -m experiments.rostam.analyze verify --run-directory experiments/rostam/results/core-20260724-r7 --selection-id primary --verdict-sha256 46d8012b3594c18c96ee1a3f1e063ceeaf5642068c6a6aa895e655bcfb257bdd --output-directory experiments/rostam/results/publications/core-20260724-r7-primary --archive-descriptor experiments/rostam/results/archives/core-20260724-r7-primary-46d8012b3594c18c96ee1a3f1e063ceeaf5642068c6a6aa895e655bcfb257bdd.raw-archive-descriptor.json --raw-archive experiments/rostam/results/archives/core-20260724-r7-primary-46d8012b3594c18c96ee1a3f1e063ceeaf5642068c6a6aa895e655bcfb257bdd.raw.tar.gz --baseline-config nccl-2.19.3-default --candidate-config nccl-2.20.5-default --median-threshold-pct 8.0 --median-absolute-threshold-us 1.0
measurement,COMPLETE,false,,core-20260724-r7,3bd321ec960c2bce0e6c0ff9aba8bb2be89cb19bdb99011a838cbd79068835b8,primary,d01db822c8e909fe2dbfac157bf62eeeb370a3eef45168f4eb1ff5023fbd4e3a,46d8012b3594c18c96ee1a3f1e063ceeaf5642068c6a6aa895e655bcfb257bdd,c-full-nccl-2.20.5-ring-l-r000000-17ef2b0abde825fd,17ef2b0abde825fd7f27185d2b3d11b1b5115a950d465c878e1157804d9eb5a0,a-000001,99855ac836e46d03ea6dd1811c482c76d58208f8e789b4ced5139a9c8e49442f,nccl-2.20.5-ring-ll,full,0,8387.584000,256,commcanary.rostam.physical.full-measurement.v1,commcanary.rostam.physical.full-producer.v1,8cefd9ae5ba480802bce03fe71a2e9a9b1b30c11e8d671deae09ac8f9f1b1f5d,2855275288e67a1a2d0bbefff0740841fdf0ecf0,false,,8c5f30748596f665cca0bde76d4637074ffff3fa077387dd12b993cf98d2cee6,038487978769d0712573921a60d85e11493d174ee79168fec34ea6fa02ec9d1a,0cde1a4f0bb032f4b10aebcdd6a5ded33a53ca8894e5d82a654c967bbc10a424,commcanary-wheel=954c9fe0ef908a448b5343c91e7d58e8785fc20a7fd029b699ca0e252614304d;environment-lock=d4b8b2dc177cb09cea84a5b5a51c99d4510a3270fe70286d2133382fbc4abd8b;param-patch-contract=182942ecf6ed3c0ea267b1660a19be8601c16768640dd6ef3f112601a0b26f34;rostam-catalog=a4926ec9b012724b926fbc583b865bb083b7ad6526fee9ffc3e95129717195b8,python -m experiments.rostam.analyze verify --run-directory experiments/rostam/results/core-20260724-r7 --selection-id primary --verdict-sha256 46d8012b3594c18c96ee1a3f1e063ceeaf5642068c6a6aa895e655bcfb257bdd --output-directory experiments/rostam/results/publications/core-20260724-r7-primary --archive-descriptor experiments/rostam/results/archives/core-20260724-r7-primary-46d8012b3594c18c96ee1a3f1e063ceeaf5642068c6a6aa895e655bcfb257bdd.raw-archive-descriptor.json --raw-archive experiments/rostam/results/archives/core-20260724-r7-primary-46d8012b3594c18c96ee1a3f1e063ceeaf5642068c6a6aa895e655bcfb257bdd.raw.tar.gz --baseline-config nccl-2.19.3-default --candidate-config nccl-2.20.5-default --median-threshold-pct 8.0 --median-absolute-threshold-us 1.0
measurement,COMPLETE,false,,core-20260724-r7,3bd321ec960c2bce0e6c0ff9aba8bb2be89cb19bdb99011a838cbd79068835b8,primary,d01db822c8e909fe2dbfac157bf62eeeb370a3eef45168f4eb1ff5023fbd4e3a,46d8012b3594c18c96ee1a3f1e063ceeaf5642068c6a6aa895e655bcfb257bdd,c-full-nccl-2.20.5-ring-l-r000000-ca7b094fc517f69b,ca7b094fc517f69ba0580d76789387f8c5a845e2ac0ea0400a4bcf130d030502,a-000001,8c8d52e2bd8020f2bcce1029878bc68f297f979e29ca1ee712232d0384ac8487,nccl-2.20.5-ring-ll128,full,0,8181.760000,256,commcanary.rostam.physical.full-measurement.v1,commcanary.rostam.physical.full-producer.v1,87b4c73398f4786dbfd67ffc56c823a5539db6c092f1f45c76c94e6a42a688cc,2855275288e67a1a2d0bbefff0740841fdf0ecf0,false,,8c5f30748596f665cca0bde76d4637074ffff3fa077387dd12b993cf98d2cee6,abc7d5ac9d0f664eba5f3e63c6e3d75416201b848e04e029a4569c2f65b17700,647b81024814e74b7edfcbb940d932da083b05c82b8ee6d4ef5b46b0f765507f,commcanary-wheel=954c9fe0ef908a448b5343c91e7d58e8785fc20a7fd029b699ca0e252614304d;environment-lock=d4b8b2dc177cb09cea84a5b5a51c99d4510a3270fe70286d2133382fbc4abd8b;param-patch-contract=182942ecf6ed3c0ea267b1660a19be8601c16768640dd6ef3f112601a0b26f34;rostam-catalog=a4926ec9b012724b926fbc583b865bb083b7ad6526fee9ffc3e95129717195b8,python -m experiments.rostam.analyze verify --run-directory experiments/rostam/results/core-20260724-r7 --selection-id primary --verdict-sha256 46d8012b3594c18c96ee1a3f1e063ceeaf5642068c6a6aa895e655bcfb257bdd --output-directory experiments/rostam/results/publications/core-20260724-r7-primary --archive-descriptor experiments/rostam/results/archives/core-20260724-r7-primary-46d8012b3594c18c96ee1a3f1e063ceeaf5642068c6a6aa895e655bcfb257bdd.raw-archive-descriptor.json --raw-archive experiments/rostam/results/archives/core-20260724-r7-primary-46d8012b3594c18c96ee1a3f1e063ceeaf5642068c6a6aa895e655bcfb257bdd.raw.tar.gz --baseline-config nccl-2.19.3-default --candidate-config nccl-2.20.5-default --median-threshold-pct 8.0 --median-absolute-threshold-us 1.0
measurement,COMPLETE,false,,core-20260724-r7,3bd321ec960c2bce0e6c0ff9aba8bb2be89cb19bdb99011a838cbd79068835b8,primary,d01db822c8e909fe2dbfac157bf62eeeb370a3eef45168f4eb1ff5023fbd4e3a,46d8012b3594c18c96ee1a3f1e063ceeaf5642068c6a6aa895e655bcfb257bdd,c-full-nccl-2.20.5-ring-l-r000001-3a34e846c4cc6cec,3a34e846c4cc6ceca51760c9e2481146a7259ef219a24f0a923a2cd0163a3c20,a-000001,d262602d561023f48eec665fb298110be9d4e643aee414b9bbc39ce2491291d5,nccl-2.20.5-ring-ll,full,1,8462.848000,256,commcanary.rostam.physical.full-measurement.v1,commcanary.rostam.physical.full-producer.v1,8ac1b434af8b9a24bf2b5b0022dbe5c803295bda626c2f6787f2ba27fda5bd40,2855275288e67a1a2d0bbefff0740841fdf0ecf0,false,,8c5f30748596f665cca0bde76d4637074ffff3fa077387dd12b993cf98d2cee6,55f0c01134124fbe7af19725cc4dc279878d77e18278d648ea50f579191b383b,ce6211b50b5dd742784f20a5e60b34328d5524b1a9cc9391abab1248f969ce23,commcanary-wheel=954c9fe0ef908a448b5343c91e7d58e8785fc20a7fd029b699ca0e252614304d;environment-lock=d4b8b2dc177cb09cea84a5b5a51c99d4510a3270fe70286d2133382fbc4abd8b;param-patch-contract=182942ecf6ed3c0ea267b1660a19be8601c16768640dd6ef3f112601a0b26f34;rostam-catalog=a4926ec9b012724b926fbc583b865bb083b7ad6526fee9ffc3e95129717195b8,python -m experiments.rostam.analyze verify --run-directory experiments/rostam/results/core-20260724-r7 --selection-id primary --verdict-sha256 46d8012b3594c18c96ee1a3f1e063ceeaf5642068c6a6aa895e655bcfb257bdd --output-directory experiments/rostam/results/publications/core-20260724-r7-primary --archive-descriptor experiments/rostam/results/archives/core-20260724-r7-primary-46d8012b3594c18c96ee1a3f1e063ceeaf5642068c6a6aa895e655bcfb257bdd.raw-archive-descriptor.json --raw-archive experiments/rostam/results/archives/core-20260724-r7-primary-46d8012b3594c18c96ee1a3f1e063ceeaf5642068c6a6aa895e655bcfb257bdd.raw.tar.gz --baseline-config nccl-2.19.3-default --candidate-config nccl-2.20.5-default --median-threshold-pct 8.0 --median-absolute-threshold-us 1.0
measurement,COMPLETE,false,,core-20260724-r7,3bd321ec960c2bce0e6c0ff9aba8bb2be89cb19bdb99011a838cbd79068835b8,primary,d01db822c8e909fe2dbfac157bf62eeeb370a3eef45168f4eb1ff5023fbd4e3a,46d8012b3594c18c96ee1a3f1e063ceeaf5642068c6a6aa895e655bcfb257bdd,c-full-nccl-2.20.5-ring-l-r000001-5f2365a48864eb85,5f2365a48864eb85c270cf0ab0d60ed54639ef5e05a57091f72f4051db9cb836,a-000001,3cec790fa09d950fe4c53c72562ff4fc2a197e86ddec2b8cd5411ec23aef8dec,nccl-2.20.5-ring-ll128,full,1,8190.976000,256,commcanary.rostam.physical.full-measurement.v1,commcanary.rostam.physical.full-producer.v1,4497ed4daef20d5ac7b6fa0e9c2ee32b9e632f21e00775d67af74799684fbf32,2855275288e67a1a2d0bbefff0740841fdf0ecf0,false,,8c5f30748596f665cca0bde76d4637074ffff3fa077387dd12b993cf98d2cee6,22d2957754a5f65686ed820ee14d6ff42fa53c696cc5dc12a8a67b7edecb7f32,6dcdaa5ab0ade08805c5c1fe3e3116901a8992e1013ce69d44de59ea7c9a78db,commcanary-wheel=954c9fe0ef908a448b5343c91e7d58e8785fc20a7fd029b699ca0e252614304d;environment-lock=d4b8b2dc177cb09cea84a5b5a51c99d4510a3270fe70286d2133382fbc4abd8b;param-patch-contract=182942ecf6ed3c0ea267b1660a19be8601c16768640dd6ef3f112601a0b26f34;rostam-catalog=a4926ec9b012724b926fbc583b865bb083b7ad6526fee9ffc3e95129717195b8,python -m experiments.rostam.analyze verify --run-directory experiments/rostam/results/core-20260724-r7 --selection-id primary --verdict-sha256 46d8012b3594c18c96ee1a3f1e063ceeaf5642068c6a6aa895e655bcfb257bdd --output-directory experiments/rostam/results/publications/core-20260724-r7-primary --archive-descriptor experiments/rostam/results/archives/core-20260724-r7-primary-46d8012b3594c18c96ee1a3f1e063ceeaf5642068c6a6aa895e655bcfb257bdd.raw-archive-descriptor.json --raw-archive experiments/rostam/results/archives/core-20260724-r7-primary-46d8012b3594c18c96ee1a3f1e063ceeaf5642068c6a6aa895e655bcfb257bdd.raw.tar.gz --baseline-config nccl-2.19.3-default --candidate-config nccl-2.20.5-default --median-threshold-pct 8.0 --median-absolute-threshold-us 1.0
measurement,COMPLETE,false,,core-20260724-r7,3bd321ec960c2bce0e6c0ff9aba8bb2be89cb19bdb99011a838cbd79068835b8,primary,d01db822c8e909fe2dbfac157bf62eeeb370a3eef45168f4eb1ff5023fbd4e3a,46d8012b3594c18c96ee1a3f1e063ceeaf5642068c6a6aa895e655bcfb257bdd,c-full-nccl-2.20.5-ring-l-r000002-55bd7b8b3bf00e91,55bd7b8b3bf00e91d84a7543b02154ba14bbddc1b093648700d2321aa1d43efe,a-000001,815beaca42260c3979ec04dbc14cf0110f30952ac2e74b6f5ffd838f0f3256b9,nccl-2.20.5-ring-ll,full,2,8570.880000,256,commcanary.rostam.physical.full-measurement.v1,commcanary.rostam.physical.full-producer.v1,858b35ec77bb76150813170d8c17dee724fc70f34eadfa51abad67176eb294a2,2855275288e67a1a2d0bbefff0740841fdf0ecf0,false,,8c5f30748596f665cca0bde76d4637074ffff3fa077387dd12b993cf98d2cee6,994f20d00fdc5684abac74b97c157d69d04ae47b6789f8d3c920779997cf366f,e2fe52d2bd77dbdb6ed00d76e7716ac1b13dde70d86c6fc7069bd8cdc596a736,commcanary-wheel=954c9fe0ef908a448b5343c91e7d58e8785fc20a7fd029b699ca0e252614304d;environment-lock=d4b8b2dc177cb09cea84a5b5a51c99d4510a3270fe70286d2133382fbc4abd8b;param-patch-contract=182942ecf6ed3c0ea267b1660a19be8601c16768640dd6ef3f112601a0b26f34;rostam-catalog=a4926ec9b012724b926fbc583b865bb083b7ad6526fee9ffc3e95129717195b8,python -m experiments.rostam.analyze verify --run-directory experiments/rostam/results/core-20260724-r7 --selection-id primary --verdict-sha256 46d8012b3594c18c96ee1a3f1e063ceeaf5642068c6a6aa895e655bcfb257bdd --output-directory experiments/rostam/results/publications/core-20260724-r7-primary --archive-descriptor experiments/rostam/results/archives/core-20260724-r7-primary-46d8012b3594c18c96ee1a3f1e063ceeaf5642068c6a6aa895e655bcfb257bdd.raw-archive-descriptor.json --raw-archive experiments/rostam/results/archives/core-20260724-r7-primary-46d8012b3594c18c96ee1a3f1e063ceeaf5642068c6a6aa895e655bcfb257bdd.raw.tar.gz --baseline-config nccl-2.19.3-default --candidate-config nccl-2.20.5-default --median-threshold-pct 8.0 --median-absolute-threshold-us 1.0
measurement,COMPLETE,false,,core-20260724-r7,3bd321ec960c2bce0e6c0ff9aba8bb2be89cb19bdb99011a838cbd79068835b8,primary,d01db822c8e909fe2dbfac157bf62eeeb370a3eef45168f4eb1ff5023fbd4e3a,46d8012b3594c18c96ee1a3f1e063ceeaf5642068c6a6aa895e655bcfb257bdd,c-full-nccl-2.20.5-ring-l-r000002-d890318a63b4016f,d890318a63b4016fee117fadd8a52e4afcbbc0c29ff80e7253408c7b48662b74,a-000001,dfe7132f1432db8a880bd7d05fb3f9dfc750e3ef06d84f3d104cd507cb0e0f4d,nccl-2.20.5-ring-ll128,full,2,8218.624000,256,commcanary.rostam.physical.full-measurement.v1,commcanary.rostam.physical.full-producer.v1,39201c2152dd34f16af411fcad5778894e37cc4f0a0b72543e6b42ab81c52870,2855275288e67a1a2d0bbefff0740841fdf0ecf0,false,,8c5f30748596f665cca0bde76d4637074ffff3fa077387dd12b993cf98d2cee6,f9e007b9a28b8fdfc34bc2f0ad6b9fe0e43fd21dc3ee9a6a69e502892b3e3b8e,4979ce46ce410758c231628bb695859a172442fe1149fa7e81c253e1717c1df6,commcanary-wheel=954c9fe0ef908a448b5343c91e7d58e8785fc20a7fd029b699ca0e252614304d;environment-lock=d4b8b2dc177cb09cea84a5b5a51c99d4510a3270fe70286d2133382fbc4abd8b;param-patch-contract=182942ecf6ed3c0ea267b1660a19be8601c16768640dd6ef3f112601a0b26f34;rostam-catalog=a4926ec9b012724b926fbc583b865bb083b7ad6526fee9ffc3e95129717195b8,python -m experiments.rostam.analyze verify --run-directory experiments/rostam/results/core-20260724-r7 --selection-id primary --verdict-sha256 46d8012b3594c18c96ee1a3f1e063ceeaf5642068c6a6aa895e655bcfb257bdd --output-directory experiments/rostam/results/publications/core-20260724-r7-primary --archive-descriptor experiments/rostam/results/archives/core-20260724-r7-primary-46d8012b3594c18c96ee1a3f1e063ceeaf5642068c6a6aa895e655bcfb257bdd.raw-archive-descriptor.json --raw-archive experiments/rostam/results/archives/core-20260724-r7-primary-46d8012b3594c18c96ee1a3f1e063ceeaf5642068c6a6aa895e655bcfb257bdd.raw.tar.gz --baseline-config nccl-2.19.3-default --candidate-config nccl-2.20.5-default --median-threshold-pct 8.0 --median-absolute-threshold-us 1.0
measurement,COMPLETE,false,,core-20260724-r7,3bd321ec960c2bce0e6c0ff9aba8bb2be89cb19bdb99011a838cbd79068835b8,primary,d01db822c8e909fe2dbfac157bf62eeeb370a3eef45168f4eb1ff5023fbd4e3a,46d8012b3594c18c96ee1a3f1e063ceeaf5642068c6a6aa895e655bcfb257bdd,c-full-nccl-2.20.5-ring-l-r000003-214856cd5bf88bf9,214856cd5bf88bf96b1d88c935fc295d48bcc01228c2f8c4f08c55eacf1ebe2f,a-000001,18b80007f799206aae27d377d08acbce654fd771228b531c7562f37905a6f9e9,nccl-2.20.5-ring-ll128,full,3,8203.264000,256,commcanary.rostam.physical.full-measurement.v1,commcanary.rostam.physical.full-producer.v1,317c5ce2e562db9b95ccb1dec74387f610aea8de5c615ef62408ef7593ba3a34,2855275288e67a1a2d0bbefff0740841fdf0ecf0,false,,8c5f30748596f665cca0bde76d4637074ffff3fa077387dd12b993cf98d2cee6,5bdb3abf39d39ca8ae4d58360b7f7fa72b08bcf9bc7ec3f3f7cc1a05579dace2,d05779a1d2627b48afe8470c407924d2dc2b3f9454865a657071c18c848afb06,commcanary-wheel=954c9fe0ef908a448b5343c91e7d58e8785fc20a7fd029b699ca0e252614304d;environment-lock=d4b8b2dc177cb09cea84a5b5a51c99d4510a3270fe70286d2133382fbc4abd8b;param-patch-contract=182942ecf6ed3c0ea267b1660a19be8601c16768640dd6ef3f112601a0b26f34;rostam-catalog=a4926ec9b012724b926fbc583b865bb083b7ad6526fee9ffc3e95129717195b8,python -m experiments.rostam.analyze verify --run-directory experiments/rostam/results/core-20260724-r7 --selection-id primary --verdict-sha256 46d8012b3594c18c96ee1a3f1e063ceeaf5642068c6a6aa895e655bcfb257bdd --output-directory experiments/rostam/results/publications/core-20260724-r7-primary --archive-descriptor experiments/rostam/results/archives/core-20260724-r7-primary-46d8012b3594c18c96ee1a3f1e063ceeaf5642068c6a6aa895e655bcfb257bdd.raw-archive-descriptor.json --raw-archive experiments/rostam/results/archives/core-20260724-r7-primary-46d8012b3594c18c96ee1a3f1e063ceeaf5642068c6a6aa895e655bcfb257bdd.raw.tar.gz --baseline-config nccl-2.19.3-default --candidate-config nccl-2.20.5-default --median-threshold-pct 8.0 --median-absolute-threshold-us 1.0
measurement,COMPLETE,false,,core-20260724-r7,3bd321ec960c2bce0e6c0ff9aba8bb2be89cb19bdb99011a838cbd79068835b8,primary,d01db822c8e909fe2dbfac157bf62eeeb370a3eef45168f4eb1ff5023fbd4e3a,46d8012b3594c18c96ee1a3f1e063ceeaf5642068c6a6aa895e655bcfb257bdd,c-full-nccl-2.20.5-ring-l-r000003-8bc6f8a79f3881a0,8bc6f8a79f3881a0dd72f6f7b763f94b23259de0b3def629f067c2fe01dc7ce2,a-000001,839cbf6d7f076318caaed7bd091c3567909b749c4080727896adfbe645af4728,nccl-2.20.5-ring-ll,full,3,8388.608000,256,commcanary.rostam.physical.full-measurement.v1,commcanary.rostam.physical.full-producer.v1,09930a6202cc244a735660aad6d8cd361cec81a42d3733cfd3b6af7ad89b4723,2855275288e67a1a2d0bbefff0740841fdf0ecf0,false,,8c5f30748596f665cca0bde76d4637074ffff3fa077387dd12b993cf98d2cee6,b5092b6be721f616acab5dcbab848dfc5d4e0873cc4bb394dfc5dbdd95c6c283,bdc33716398b47abc5fccd4b2c3a3e1bebbfe85b0298784f302e402af1ce723c,commcanary-wheel=954c9fe0ef908a448b5343c91e7d58e8785fc20a7fd029b699ca0e252614304d;environment-lock=d4b8b2dc177cb09cea84a5b5a51c99d4510a3270fe70286d2133382fbc4abd8b;param-patch-contract=182942ecf6ed3c0ea267b1660a19be8601c16768640dd6ef3f112601a0b26f34;rostam-catalog=a4926ec9b012724b926fbc583b865bb083b7ad6526fee9ffc3e95129717195b8,python -m experiments.rostam.analyze verify --run-directory experiments/rostam/results/core-20260724-r7 --selection-id primary --verdict-sha256 46d8012b3594c18c96ee1a3f1e063ceeaf5642068c6a6aa895e655bcfb257bdd --output-directory experiments/rostam/results/publications/core-20260724-r7-primary --archive-descriptor experiments/rostam/results/archives/core-20260724-r7-primary-46d8012b3594c18c96ee1a3f1e063ceeaf5642068c6a6aa895e655bcfb257bdd.raw-archive-descriptor.json --raw-archive experiments/rostam/results/archives/core-20260724-r7-primary-46d8012b3594c18c96ee1a3f1e063ceeaf5642068c6a6aa895e655bcfb257bdd.raw.tar.gz --baseline-config nccl-2.19.3-default --candidate-config nccl-2.20.5-default --median-threshold-pct 8.0 --median-absolute-threshold-us 1.0
measurement,COMPLETE,false,,core-20260724-r7,3bd321ec960c2bce0e6c0ff9aba8bb2be89cb19bdb99011a838cbd79068835b8,primary,d01db822c8e909fe2dbfac157bf62eeeb370a3eef45168f4eb1ff5023fbd4e3a,46d8012b3594c18c96ee1a3f1e063ceeaf5642068c6a6aa895e655bcfb257bdd,c-full-nccl-2.20.5-ring-l-r000004-100d5273c8b2d124,100d5273c8b2d124e326411471b6266210176c1becdae541b2a9c7eb93946888,a-000001,101d9e4577574a1319770dd6d49cef9cffb2a04cf1d495f464a0657dfc40cdd5,nccl-2.20.5-ring-ll128,full,4,8234.496000,256,commcanary.rostam.physical.full-measurement.v1,commcanary.rostam.physical.full-producer.v1,b155beda5a1c67b0c1c4f34ced59494748dfa434bebc3566df03d8db97927956,2855275288e67a1a2d0bbefff0740841fdf0ecf0,false,,8c5f30748596f665cca0bde76d4637074ffff3fa077387dd12b993cf98d2cee6,c612f678dfeefd42d57c075a0ea850faa63ef1ac67a539215687330226b519e4,819e78e65a4578f4736680cfe137ba47ef77b9441915b436ce2dab6f3719e34e,commcanary-wheel=954c9fe0ef908a448b5343c91e7d58e8785fc20a7fd029b699ca0e252614304d;environment-lock=d4b8b2dc177cb09cea84a5b5a51c99d4510a3270fe70286d2133382fbc4abd8b;param-patch-contract=182942ecf6ed3c0ea267b1660a19be8601c16768640dd6ef3f112601a0b26f34;rostam-catalog=a4926ec9b012724b926fbc583b865bb083b7ad6526fee9ffc3e95129717195b8,python -m experiments.rostam.analyze verify --run-directory experiments/rostam/results/core-20260724-r7 --selection-id primary --verdict-sha256 46d8012b3594c18c96ee1a3f1e063ceeaf5642068c6a6aa895e655bcfb257bdd --output-directory experiments/rostam/results/publications/core-20260724-r7-primary --archive-descriptor experiments/rostam/results/archives/core-20260724-r7-primary-46d8012b3594c18c96ee1a3f1e063ceeaf5642068c6a6aa895e655bcfb257bdd.raw-archive-descriptor.json --raw-archive experiments/rostam/results/archives/core-20260724-r7-primary-46d8012b3594c18c96ee1a3f1e063ceeaf5642068c6a6aa895e655bcfb257bdd.raw.tar.gz --baseline-config nccl-2.19.3-default --candidate-config nccl-2.20.5-default --median-threshold-pct 8.0 --median-absolute-threshold-us 1.0
measurement,COMPLETE,false,,core-20260724-r7,3bd321ec960c2bce0e6c0ff9aba8bb2be89cb19bdb99011a838cbd79068835b8,primary,d01db822c8e909fe2dbfac157bf62eeeb370a3eef45168f4eb1ff5023fbd4e3a,46d8012b3594c18c96ee1a3f1e063ceeaf5642068c6a6aa895e655bcfb257bdd,c-full-nccl-2.20.5-ring-l-r000004-c5aa4ae4574fa38f,c5aa4ae4574fa38f78a14d5439b7010987ead11d15b52bc45955c6f70712bb34,a-000001,2d6c9c9147dd63e135510c7a7de70c3e8dc32379ef23a460694f5f4f51f33173,nccl-2.20.5-ring-ll,full,4,8541.184000,256,commcanary.rostam.physical.full-measurement.v1,commcanary.rostam.physical.full-producer.v1,5a095f103c7a65b3d9da78784b1f714975b435a2cb0fa10e82ae465671c70775,2855275288e67a1a2d0bbefff0740841fdf0ecf0,false,,8c5f30748596f665cca0bde76d4637074ffff3fa077387dd12b993cf98d2cee6,c486efa999cf205b2e99f7c01aa4e4d452523484b3bde1bbd0654f1bb618d39e,282ee81f48c2a76aff2e7f993fd7584b1e774c23089c2c8507ef213b073dc522,commcanary-wheel=954c9fe0ef908a448b5343c91e7d58e8785fc20a7fd029b699ca0e252614304d;environment-lock=d4b8b2dc177cb09cea84a5b5a51c99d4510a3270fe70286d2133382fbc4abd8b;param-patch-contract=182942ecf6ed3c0ea267b1660a19be8601c16768640dd6ef3f112601a0b26f34;rostam-catalog=a4926ec9b012724b926fbc583b865bb083b7ad6526fee9ffc3e95129717195b8,python -m experiments.rostam.analyze verify --run-directory experiments/rostam/results/core-20260724-r7 --selection-id primary --verdict-sha256 46d8012b3594c18c96ee1a3f1e063ceeaf5642068c6a6aa895e655bcfb257bdd --output-directory experiments/rostam/results/publications/core-20260724-r7-primary --archive-descriptor experiments/rostam/results/archives/core-20260724-r7-primary-46d8012b3594c18c96ee1a3f1e063ceeaf5642068c6a6aa895e655bcfb257bdd.raw-archive-descriptor.json --raw-archive experiments/rostam/results/archives/core-20260724-r7-primary-46d8012b3594c18c96ee1a3f1e063ceeaf5642068c6a6aa895e655bcfb257bdd.raw.tar.gz --baseline-config nccl-2.19.3-default --candidate-config nccl-2.20.5-default --median-threshold-pct 8.0 --median-absolute-threshold-us 1.0
measurement,COMPLETE,false,,core-20260724-r7,3bd321ec960c2bce0e6c0ff9aba8bb2be89cb19bdb99011a838cbd79068835b8,primary,d01db822c8e909fe2dbfac157bf62eeeb370a3eef45168f4eb1ff5023fbd4e3a,46d8012b3594c18c96ee1a3f1e063ceeaf5642068c6a6aa895e655bcfb257bdd,c-full-nccl-2.20.5-ring-s-r000000-20d846086c80bf27,20d846086c80bf271851a749dca440efc5ec70b88ff1b33975c3678bf9490dfa,a-000001,9b7910f9731fc5934cf662d9b21d57232b3f9024f4074f6c169c4ae5f235e37e,nccl-2.20.5-ring-simple,full,0,8453.632000,256,commcanary.rostam.physical.full-measurement.v1,commcanary.rostam.physical.full-producer.v1,ec22450164b949b31ddf72c0afc77075559ab713606cba10649bb4132307da31,2855275288e67a1a2d0bbefff0740841fdf0ecf0,false,,8c5f30748596f665cca0bde76d4637074ffff3fa077387dd12b993cf98d2cee6,648c904eb3206c2238807cd594cb71a8bf6cee32092e57f8537f62ae78a999fb,70b53a72c2f746179a3cbe8bb661eafeab23abbbf0c3e21070668764cd30ff94,commcanary-wheel=954c9fe0ef908a448b5343c91e7d58e8785fc20a7fd029b699ca0e252614304d;environment-lock=d4b8b2dc177cb09cea84a5b5a51c99d4510a3270fe70286d2133382fbc4abd8b;param-patch-contract=182942ecf6ed3c0ea267b1660a19be8601c16768640dd6ef3f112601a0b26f34;rostam-catalog=a4926ec9b012724b926fbc583b865bb083b7ad6526fee9ffc3e95129717195b8,python -m experiments.rostam.analyze verify --run-directory experiments/rostam/results/core-20260724-r7 --selection-id primary --verdict-sha256 46d8012b3594c18c96ee1a3f1e063ceeaf5642068c6a6aa895e655bcfb257bdd --output-directory experiments/rostam/results/publications/core-20260724-r7-primary --archive-descriptor experiments/rostam/results/archives/core-20260724-r7-primary-46d8012b3594c18c96ee1a3f1e063ceeaf5642068c6a6aa895e655bcfb257bdd.raw-archive-descriptor.json --raw-archive experiments/rostam/results/archives/core-20260724-r7-primary-46d8012b3594c18c96ee1a3f1e063ceeaf5642068c6a6aa895e655bcfb257bdd.raw.tar.gz --baseline-config nccl-2.19.3-default --candidate-config nccl-2.20.5-default --median-threshold-pct 8.0 --median-absolute-threshold-us 1.0
measurement,COMPLETE,false,,core-20260724-r7,3bd321ec960c2bce0e6c0ff9aba8bb2be89cb19bdb99011a838cbd79068835b8,primary,d01db822c8e909fe2dbfac157bf62eeeb370a3eef45168f4eb1ff5023fbd4e3a,46d8012b3594c18c96ee1a3f1e063ceeaf5642068c6a6aa895e655bcfb257bdd,c-full-nccl-2.20.5-ring-s-r000001-30a3bc4ae595daab,30a3bc4ae595daabdbde15681bb9d482b8fb41bbaa863cd6e23970e88579a02c,a-000001,03e63911d1cc71c91719a6c0ef6f584f4c9e991e290bb1f71725c27f1cdec762,nccl-2.20.5-ring-simple,full,1,8428.544000,256,commcanary.rostam.physical.full-measurement.v1,commcanary.rostam.physical.full-producer.v1,f1afab10299681557624b313a5884bfa60a72f4c94e5eae52bb2dd031ca799f8,2855275288e67a1a2d0bbefff0740841fdf0ecf0,false,,8c5f30748596f665cca0bde76d4637074ffff3fa077387dd12b993cf98d2cee6,6a0e9822d2aeed74c35d4fb5479b925de43da0d9146e3172bd3b5ea9662fdc68,a2461d04fd0cb259b3c621ea8974cb753d77924d19e8d54cfa59e59827d1fe7c,commcanary-wheel=954c9fe0ef908a448b5343c91e7d58e8785fc20a7fd029b699ca0e252614304d;environment-lock=d4b8b2dc177cb09cea84a5b5a51c99d4510a3270fe70286d2133382fbc4abd8b;param-patch-contract=182942ecf6ed3c0ea267b1660a19be8601c16768640dd6ef3f112601a0b26f34;rostam-catalog=a4926ec9b012724b926fbc583b865bb083b7ad6526fee9ffc3e95129717195b8,python -m experiments.rostam.analyze verify --run-directory experiments/rostam/results/core-20260724-r7 --selection-id primary --verdict-sha256 46d8012b3594c18c96ee1a3f1e063ceeaf5642068c6a6aa895e655bcfb257bdd --output-directory experiments/rostam/results/publications/core-20260724-r7-primary --archive-descriptor experiments/rostam/results/archives/core-20260724-r7-primary-46d8012b3594c18c96ee1a3f1e063ceeaf5642068c6a6aa895e655bcfb257bdd.raw-archive-descriptor.json --raw-archive experiments/rostam/results/archives/core-20260724-r7-primary-46d8012b3594c18c96ee1a3f1e063ceeaf5642068c6a6aa895e655bcfb257bdd.raw.tar.gz --baseline-config nccl-2.19.3-default --candidate-config nccl-2.20.5-default --median-threshold-pct 8.0 --median-absolute-threshold-us 1.0
measurement,COMPLETE,false,,core-20260724-r7,3bd321ec960c2bce0e6c0ff9aba8bb2be89cb19bdb99011a838cbd79068835b8,primary,d01db822c8e909fe2dbfac157bf62eeeb370a3eef45168f4eb1ff5023fbd4e3a,46d8012b3594c18c96ee1a3f1e063ceeaf5642068c6a6aa895e655bcfb257bdd,c-full-nccl-2.20.5-ring-s-r000002-f2bf661480f32918,f2bf661480f32918b8120392261098fa303d8159aee1c203bd37fc561e252a0b,a-000001,0503ed8acf8919f217c12f9bedc12c0be2f170ff3f6bf23e5d9cfe2b9a257e80,nccl-2.20.5-ring-simple,full,2,8449.536000,256,commcanary.rostam.physical.full-measurement.v1,commcanary.rostam.physical.full-producer.v1,79586e83fb4ea04022ae4c792aa2f677205147b231c97e35220fbab21c5a141e,2855275288e67a1a2d0bbefff0740841fdf0ecf0,false,,8c5f30748596f665cca0bde76d4637074ffff3fa077387dd12b993cf98d2cee6,85e8a133c9f75341e271b71902707c535faa94a130220c3f163452afe27fa6e1,45f139bb747fc6be7d69474c51b3c96658421b8db7b9baa4b6fb16f5de9315da,commcanary-wheel=954c9fe0ef908a448b5343c91e7d58e8785fc20a7fd029b699ca0e252614304d;environment-lock=d4b8b2dc177cb09cea84a5b5a51c99d4510a3270fe70286d2133382fbc4abd8b;param-patch-contract=182942ecf6ed3c0ea267b1660a19be8601c16768640dd6ef3f112601a0b26f34;rostam-catalog=a4926ec9b012724b926fbc583b865bb083b7ad6526fee9ffc3e95129717195b8,python -m experiments.rostam.analyze verify --run-directory experiments/rostam/results/core-20260724-r7 --selection-id primary --verdict-sha256 46d8012b3594c18c96ee1a3f1e063ceeaf5642068c6a6aa895e655bcfb257bdd --output-directory experiments/rostam/results/publications/core-20260724-r7-primary --archive-descriptor experiments/rostam/results/archives/core-20260724-r7-primary-46d8012b3594c18c96ee1a3f1e063ceeaf5642068c6a6aa895e655bcfb257bdd.raw-archive-descriptor.json --raw-archive experiments/rostam/results/archives/core-20260724-r7-primary-46d8012b3594c18c96ee1a3f1e063ceeaf5642068c6a6aa895e655bcfb257bdd.raw.tar.gz --baseline-config nccl-2.19.3-default --candidate-config nccl-2.20.5-default --median-threshold-pct 8.0 --median-absolute-threshold-us 1.0
measurement,COMPLETE,false,,core-20260724-r7,3bd321ec960c2bce0e6c0ff9aba8bb2be89cb19bdb99011a838cbd79068835b8,primary,d01db822c8e909fe2dbfac157bf62eeeb370a3eef45168f4eb1ff5023fbd4e3a,46d8012b3594c18c96ee1a3f1e063ceeaf5642068c6a6aa895e655bcfb257bdd,c-full-nccl-2.20.5-ring-s-r000003-8625d6321dc42559,8625d6321dc42559b513d943af9466d3761cd1b29b885c5814916eaa192cc774,a-000001,9a80831274eeef2859a4dd9dda7e4955a9e50d574ab0b138089ba1ab557e3c56,nccl-2.20.5-ring-simple,full,3,8458.752000,256,commcanary.rostam.physical.full-measurement.v1,commcanary.rostam.physical.full-producer.v1,882dc20ecc552c343b854490f7f374cf9f899f771676d85700d173bc4d2ce55b,2855275288e67a1a2d0bbefff0740841fdf0ecf0,false,,8c5f30748596f665cca0bde76d4637074ffff3fa077387dd12b993cf98d2cee6,cb6a75b98347c9962e3df5264dfc8062c5f4c41b2dd8b6303d75735c6bac6a9d,0dad42a62bfb48a8d3d9b2404ff24f9be9431020448eae5b65819dbf2b1b7bc7,commcanary-wheel=954c9fe0ef908a448b5343c91e7d58e8785fc20a7fd029b699ca0e252614304d;environment-lock=d4b8b2dc177cb09cea84a5b5a51c99d4510a3270fe70286d2133382fbc4abd8b;param-patch-contract=182942ecf6ed3c0ea267b1660a19be8601c16768640dd6ef3f112601a0b26f34;rostam-catalog=a4926ec9b012724b926fbc583b865bb083b7ad6526fee9ffc3e95129717195b8,python -m experiments.rostam.analyze verify --run-directory experiments/rostam/results/core-20260724-r7 --selection-id primary --verdict-sha256 46d8012b3594c18c96ee1a3f1e063ceeaf5642068c6a6aa895e655bcfb257bdd --output-directory experiments/rostam/results/publications/core-20260724-r7-primary --archive-descriptor experiments/rostam/results/archives/core-20260724-r7-primary-46d8012b3594c18c96ee1a3f1e063ceeaf5642068c6a6aa895e655bcfb257bdd.raw-archive-descriptor.json --raw-archive experiments/rostam/results/archives/core-20260724-r7-primary-46d8012b3594c18c96ee1a3f1e063ceeaf5642068c6a6aa895e655bcfb257bdd.raw.tar.gz --baseline-config nccl-2.19.3-default --candidate-config nccl-2.20.5-default --median-threshold-pct 8.0 --median-absolute-threshold-us 1.0
measurement,COMPLETE,false,,core-20260724-r7,3bd321ec960c2bce0e6c0ff9aba8bb2be89cb19bdb99011a838cbd79068835b8,primary,d01db822c8e909fe2dbfac157bf62eeeb370a3eef45168f4eb1ff5023fbd4e3a,46d8012b3594c18c96ee1a3f1e063ceeaf5642068c6a6aa895e655bcfb257bdd,c-full-nccl-2.20.5-ring-s-r000004-3330aa4ff57b0a94,3330aa4ff57b0a94919e60a4ef691d7e391f3f827fdde61f4f85ab8dbb692822,a-000001,eb2144de9657122c774640057dbb224a6d383e6b0b78450f0ca81b94965311f3,nccl-2.20.5-ring-simple,full,4,8430.592000,256,commcanary.rostam.physical.full-measurement.v1,commcanary.rostam.physical.full-producer.v1,872d8f829341cf600fac472151170ad2f71e47063b1046bb26fda10860ba43d2,2855275288e67a1a2d0bbefff0740841fdf0ecf0,false,,8c5f30748596f665cca0bde76d4637074ffff3fa077387dd12b993cf98d2cee6,06426c2ca758d096d70de8ce8de41e8b35b7c3091098a9a49d6b5c5052aca77f,a99aeb9b4b9ef26d44bb8a30bd60be2f74c472020b869f9cc9d829607ebef440,commcanary-wheel=954c9fe0ef908a448b5343c91e7d58e8785fc20a7fd029b699ca0e252614304d;environment-lock=d4b8b2dc177cb09cea84a5b5a51c99d4510a3270fe70286d2133382fbc4abd8b;param-patch-contract=182942ecf6ed3c0ea267b1660a19be8601c16768640dd6ef3f112601a0b26f34;rostam-catalog=a4926ec9b012724b926fbc583b865bb083b7ad6526fee9ffc3e95129717195b8,python -m experiments.rostam.analyze verify --run-directory experiments/rostam/results/core-20260724-r7 --selection-id primary --verdict-sha256 46d8012b3594c18c96ee1a3f1e063ceeaf5642068c6a6aa895e655bcfb257bdd --output-directory experiments/rostam/results/publications/core-20260724-r7-primary --archive-descriptor experiments/rostam/results/archives/core-20260724-r7-primary-46d8012b3594c18c96ee1a3f1e063ceeaf5642068c6a6aa895e655bcfb257bdd.raw-archive-descriptor.json --raw-archive experiments/rostam/results/archives/core-20260724-r7-primary-46d8012b3594c18c96ee1a3f1e063ceeaf5642068c6a6aa895e655bcfb257bdd.raw.tar.gz --baseline-config nccl-2.19.3-default --candidate-config nccl-2.20.5-default --median-threshold-pct 8.0 --median-absolute-threshold-us 1.0
measurement,COMPLETE,false,,core-20260724-r7,3bd321ec960c2bce0e6c0ff9aba8bb2be89cb19bdb99011a838cbd79068835b8,primary,d01db822c8e909fe2dbfac157bf62eeeb370a3eef45168f4eb1ff5023fbd4e3a,46d8012b3594c18c96ee1a3f1e063ceeaf5642068c6a6aa895e655bcfb257bdd,c-full-nccl-2.20.5-tree-l-r000000-02f456dc95b007a3,02f456dc95b007a3506c0e986df357597ec264f5bb7a525a4d398bcb5e44a985,a-000001,7213d38c66eab1a6206ec626df6b82348d1d196a5f64b56a3c99ad0da540d49d,nccl-2.20.5-tree-ll128,full,0,9039.360000,256,commcanary.rostam.physical.full-measurement.v1,commcanary.rostam.physical.full-producer.v1,1297e45f89e595c3c580274e5e4ef41f44abc3bb60419a2ec3d6f5eafdae01a4,2855275288e67a1a2d0bbefff0740841fdf0ecf0,false,,8c5f30748596f665cca0bde76d4637074ffff3fa077387dd12b993cf98d2cee6,faa3e39f9a5e54dad35671188a2a04da9d4f99318ab7c850bb5ed4d83a2df714,932e4493f2da111e03151209e40177dacf4a58a5ae15f720683705dc65daa21d,commcanary-wheel=954c9fe0ef908a448b5343c91e7d58e8785fc20a7fd029b699ca0e252614304d;environment-lock=d4b8b2dc177cb09cea84a5b5a51c99d4510a3270fe70286d2133382fbc4abd8b;param-patch-contract=182942ecf6ed3c0ea267b1660a19be8601c16768640dd6ef3f112601a0b26f34;rostam-catalog=a4926ec9b012724b926fbc583b865bb083b7ad6526fee9ffc3e95129717195b8,python -m experiments.rostam.analyze verify --run-directory experiments/rostam/results/core-20260724-r7 --selection-id primary --verdict-sha256 46d8012b3594c18c96ee1a3f1e063ceeaf5642068c6a6aa895e655bcfb257bdd --output-directory experiments/rostam/results/publications/core-20260724-r7-primary --archive-descriptor experiments/rostam/results/archives/core-20260724-r7-primary-46d8012b3594c18c96ee1a3f1e063ceeaf5642068c6a6aa895e655bcfb257bdd.raw-archive-descriptor.json --raw-archive experiments/rostam/results/archives/core-20260724-r7-primary-46d8012b3594c18c96ee1a3f1e063ceeaf5642068c6a6aa895e655bcfb257bdd.raw.tar.gz --baseline-config nccl-2.19.3-default --candidate-config nccl-2.20.5-default --median-threshold-pct 8.0 --median-absolute-threshold-us 1.0
measurement,COMPLETE,false,,core-20260724-r7,3bd321ec960c2bce0e6c0ff9aba8bb2be89cb19bdb99011a838cbd79068835b8,primary,d01db822c8e909fe2dbfac157bf62eeeb370a3eef45168f4eb1ff5023fbd4e3a,46d8012b3594c18c96ee1a3f1e063ceeaf5642068c6a6aa895e655bcfb257bdd,c-full-nccl-2.20.5-tree-l-r000000-1f6e672e4b2ffbc2,1f6e672e4b2ffbc29f424b52ddac1509ed3229eeb39c0982027ebffbcea1eb74,a-000001,05fffc7ed05616b6554110b6bade55477022726f984e69dae9cdf89290f86542,nccl-2.20.5-tree-ll,full,0,12501.504000,256,commcanary.rostam.physical.full-measurement.v1,commcanary.rostam.physical.full-producer.v1,5b02f41312637b58d61a700f2ba6869d087944fa4d94300d23e76ab0664a5d34,2855275288e67a1a2d0bbefff0740841fdf0ecf0,false,,8c5f30748596f665cca0bde76d4637074ffff3fa077387dd12b993cf98d2cee6,e7173bdf5ccdd3a71f8db4bf88cd1ae52dbc6f8399e0caddeefdf4d9827d3545,2a8bc052f1253c0bd6bd62df5d8bad94b53f965e1579a2801a0389f12e4a2ceb,commcanary-wheel=954c9fe0ef908a448b5343c91e7d58e8785fc20a7fd029b699ca0e252614304d;environment-lock=d4b8b2dc177cb09cea84a5b5a51c99d4510a3270fe70286d2133382fbc4abd8b;param-patch-contract=182942ecf6ed3c0ea267b1660a19be8601c16768640dd6ef3f112601a0b26f34;rostam-catalog=a4926ec9b012724b926fbc583b865bb083b7ad6526fee9ffc3e95129717195b8,python -m experiments.rostam.analyze verify --run-directory experiments/rostam/results/core-20260724-r7 --selection-id primary --verdict-sha256 46d8012b3594c18c96ee1a3f1e063ceeaf5642068c6a6aa895e655bcfb257bdd --output-directory experiments/rostam/results/publications/core-20260724-r7-primary --archive-descriptor experiments/rostam/results/archives/core-20260724-r7-primary-46d8012b3594c18c96ee1a3f1e063ceeaf5642068c6a6aa895e655bcfb257bdd.raw-archive-descriptor.json --raw-archive experiments/rostam/results/archives/core-20260724-r7-primary-46d8012b3594c18c96ee1a3f1e063ceeaf5642068c6a6aa895e655bcfb257bdd.raw.tar.gz --baseline-config nccl-2.19.3-default --candidate-config nccl-2.20.5-default --median-threshold-pct 8.0 --median-absolute-threshold-us 1.0
measurement,COMPLETE,false,,core-20260724-r7,3bd321ec960c2bce0e6c0ff9aba8bb2be89cb19bdb99011a838cbd79068835b8,primary,d01db822c8e909fe2dbfac157bf62eeeb370a3eef45168f4eb1ff5023fbd4e3a,46d8012b3594c18c96ee1a3f1e063ceeaf5642068c6a6aa895e655bcfb257bdd,c-full-nccl-2.20.5-tree-l-r000001-25069d901e7aa6fb,25069d901e7aa6fbc44e0c4e1730a9b1a36dedb405c44f8f2779acf168bb52ee,a-000001,5e6b7411bc9ae15e29491f2c1de3c72f784d206eef228cc0f3b3ee10ac1f0c91,nccl-2.20.5-tree-ll128,full,1,8981.504000,256,commcanary.rostam.physical.full-measurement.v1,commcanary.rostam.physical.full-producer.v1,5795b65931081121314115dbcb46a3207cc32b1eac9e5b3c6dbd148aa492148a,2855275288e67a1a2d0bbefff0740841fdf0ecf0,false,,8c5f30748596f665cca0bde76d4637074ffff3fa077387dd12b993cf98d2cee6,dba8518e13ad84cbd3dfc2f801f6c69e2bf34da4757f832fa559019dc5483f30,861f5860bd8a5ed4ff94012781c909e3d4438b728404d7cfb040b271b8038857,commcanary-wheel=954c9fe0ef908a448b5343c91e7d58e8785fc20a7fd029b699ca0e252614304d;environment-lock=d4b8b2dc177cb09cea84a5b5a51c99d4510a3270fe70286d2133382fbc4abd8b;param-patch-contract=182942ecf6ed3c0ea267b1660a19be8601c16768640dd6ef3f112601a0b26f34;rostam-catalog=a4926ec9b012724b926fbc583b865bb083b7ad6526fee9ffc3e95129717195b8,python -m experiments.rostam.analyze verify --run-directory experiments/rostam/results/core-20260724-r7 --selection-id primary --verdict-sha256 46d8012b3594c18c96ee1a3f1e063ceeaf5642068c6a6aa895e655bcfb257bdd --output-directory experiments/rostam/results/publications/core-20260724-r7-primary --archive-descriptor experiments/rostam/results/archives/core-20260724-r7-primary-46d8012b3594c18c96ee1a3f1e063ceeaf5642068c6a6aa895e655bcfb257bdd.raw-archive-descriptor.json --raw-archive experiments/rostam/results/archives/core-20260724-r7-primary-46d8012b3594c18c96ee1a3f1e063ceeaf5642068c6a6aa895e655bcfb257bdd.raw.tar.gz --baseline-config nccl-2.19.3-default --candidate-config nccl-2.20.5-default --median-threshold-pct 8.0 --median-absolute-threshold-us 1.0
measurement,COMPLETE,false,,core-20260724-r7,3bd321ec960c2bce0e6c0ff9aba8bb2be89cb19bdb99011a838cbd79068835b8,primary,d01db822c8e909fe2dbfac157bf62eeeb370a3eef45168f4eb1ff5023fbd4e3a,46d8012b3594c18c96ee1a3f1e063ceeaf5642068c6a6aa895e655bcfb257bdd,c-full-nccl-2.20.5-tree-l-r000001-8e2244c764a1b029,8e2244c764a1b029139a9a06405f2e0903465c8813ef56e9412dccbf24be3d85,a-000001,ccc4b532ff10cce1955dd62b52513b9f368760349490ea83c9d0a5fe44071143,nccl-2.20.5-tree-ll,full,1,11283.456000,256,commcanary.rostam.physical.full-measurement.v1,commcanary.rostam.physical.full-producer.v1,a63cf3e0da87509e562249d42ccc0e406614bcef109684a563db433751f32e87,2855275288e67a1a2d0bbefff0740841fdf0ecf0,false,,8c5f30748596f665cca0bde76d4637074ffff3fa077387dd12b993cf98d2cee6,558d0e83377ae2b76bf24eb48d33e904fa07a398c55c23ab8755362baa29c5a8,b9f3d7576cdb0bee32bdada9afc3c7c3753519c187c3eb212ce06690183b1f56,commcanary-wheel=954c9fe0ef908a448b5343c91e7d58e8785fc20a7fd029b699ca0e252614304d;environment-lock=d4b8b2dc177cb09cea84a5b5a51c99d4510a3270fe70286d2133382fbc4abd8b;param-patch-contract=182942ecf6ed3c0ea267b1660a19be8601c16768640dd6ef3f112601a0b26f34;rostam-catalog=a4926ec9b012724b926fbc583b865bb083b7ad6526fee9ffc3e95129717195b8,python -m experiments.rostam.analyze verify --run-directory experiments/rostam/results/core-20260724-r7 --selection-id primary --verdict-sha256 46d8012b3594c18c96ee1a3f1e063ceeaf5642068c6a6aa895e655bcfb257bdd --output-directory experiments/rostam/results/publications/core-20260724-r7-primary --archive-descriptor experiments/rostam/results/archives/core-20260724-r7-primary-46d8012b3594c18c96ee1a3f1e063ceeaf5642068c6a6aa895e655bcfb257bdd.raw-archive-descriptor.json --raw-archive experiments/rostam/results/archives/core-20260724-r7-primary-46d8012b3594c18c96ee1a3f1e063ceeaf5642068c6a6aa895e655bcfb257bdd.raw.tar.gz --baseline-config nccl-2.19.3-default --candidate-config nccl-2.20.5-default --median-threshold-pct 8.0 --median-absolute-threshold-us 1.0
measurement,COMPLETE,false,,core-20260724-r7,3bd321ec960c2bce0e6c0ff9aba8bb2be89cb19bdb99011a838cbd79068835b8,primary,d01db822c8e909fe2dbfac157bf62eeeb370a3eef45168f4eb1ff5023fbd4e3a,46d8012b3594c18c96ee1a3f1e063ceeaf5642068c6a6aa895e655bcfb257bdd,c-full-nccl-2.20.5-tree-l-r000002-63822ab21882557d,63822ab21882557d2a71e33445e34387ee953f311c4dee04521de11278543820,a-000001,91e97c049a49433c98f0915f9a1116dc57992ed1408c343d3d3d738fccbb25a5,nccl-2.20.5-tree-ll128,full,2,8997.376000,256,commcanary.rostam.physical.full-measurement.v1,commcanary.rostam.physical.full-producer.v1,af8de4fa8bc80794aeb0b5e6a8019f57fd9b7bba1f88e2aea985378b2a5d3ea9,2855275288e67a1a2d0bbefff0740841fdf0ecf0,false,,8c5f30748596f665cca0bde76d4637074ffff3fa077387dd12b993cf98d2cee6,485e4f0031afee9c7d7789d50acdb1ec7cf7839d75f9a8850a3f860aa242d69b,d5c995938df1ce5b63abdc5916741146893a6e466d032b804496f41005089f5a,commcanary-wheel=954c9fe0ef908a448b5343c91e7d58e8785fc20a7fd029b699ca0e252614304d;environment-lock=d4b8b2dc177cb09cea84a5b5a51c99d4510a3270fe70286d2133382fbc4abd8b;param-patch-contract=182942ecf6ed3c0ea267b1660a19be8601c16768640dd6ef3f112601a0b26f34;rostam-catalog=a4926ec9b012724b926fbc583b865bb083b7ad6526fee9ffc3e95129717195b8,python -m experiments.rostam.analyze verify --run-directory experiments/rostam/results/core-20260724-r7 --selection-id primary --verdict-sha256 46d8012b3594c18c96ee1a3f1e063ceeaf5642068c6a6aa895e655bcfb257bdd --output-directory experiments/rostam/results/publications/core-20260724-r7-primary --archive-descriptor experiments/rostam/results/archives/core-20260724-r7-primary-46d8012b3594c18c96ee1a3f1e063ceeaf5642068c6a6aa895e655bcfb257bdd.raw-archive-descriptor.json --raw-archive experiments/rostam/results/archives/core-20260724-r7-primary-46d8012b3594c18c96ee1a3f1e063ceeaf5642068c6a6aa895e655bcfb257bdd.raw.tar.gz --baseline-config nccl-2.19.3-default --candidate-config nccl-2.20.5-default --median-threshold-pct 8.0 --median-absolute-threshold-us 1.0
measurement,COMPLETE,false,,core-20260724-r7,3bd321ec960c2bce0e6c0ff9aba8bb2be89cb19bdb99011a838cbd79068835b8,primary,d01db822c8e909fe2dbfac157bf62eeeb370a3eef45168f4eb1ff5023fbd4e3a,46d8012b3594c18c96ee1a3f1e063ceeaf5642068c6a6aa895e655bcfb257bdd,c-full-nccl-2.20.5-tree-l-r000002-c872cd981af32ee7,c872cd981af32ee7d946e3f3af3b4e0cd6983d2873a143e09162b7f99527afb7,a-000001,02b6352613fbe8e9e63ce24886f1a8ee5d1ef0448e63fe4a02a2e30b31f6ce8e,nccl-2.20.5-tree-ll,full,2,11680.768000,256,commcanary.rostam.physical.full-measurement.v1,commcanary.rostam.physical.full-producer.v1,04bf3c767939b91068477b139649b1e98224448add4d7c39f84ee03688a2bec0,2855275288e67a1a2d0bbefff0740841fdf0ecf0,false,,8c5f30748596f665cca0bde76d4637074ffff3fa077387dd12b993cf98d2cee6,43399e0cdfbb74b3fd6e80afe316e212ae36f48df24ba9079a949035c2890f98,3821d2425f094575da72302d6ba869ec960b5605c8e49ed39b1161af9ad4a8ff,commcanary-wheel=954c9fe0ef908a448b5343c91e7d58e8785fc20a7fd029b699ca0e252614304d;environment-lock=d4b8b2dc177cb09cea84a5b5a51c99d4510a3270fe70286d2133382fbc4abd8b;param-patch-contract=182942ecf6ed3c0ea267b1660a19be8601c16768640dd6ef3f112601a0b26f34;rostam-catalog=a4926ec9b012724b926fbc583b865bb083b7ad6526fee9ffc3e95129717195b8,python -m experiments.rostam.analyze verify --run-directory experiments/rostam/results/core-20260724-r7 --selection-id primary --verdict-sha256 46d8012b3594c18c96ee1a3f1e063ceeaf5642068c6a6aa895e655bcfb257bdd --output-directory experiments/rostam/results/publications/core-20260724-r7-primary --archive-descriptor experiments/rostam/results/archives/core-20260724-r7-primary-46d8012b3594c18c96ee1a3f1e063ceeaf5642068c6a6aa895e655bcfb257bdd.raw-archive-descriptor.json --raw-archive experiments/rostam/results/archives/core-20260724-r7-primary-46d8012b3594c18c96ee1a3f1e063ceeaf5642068c6a6aa895e655bcfb257bdd.raw.tar.gz --baseline-config nccl-2.19.3-default --candidate-config nccl-2.20.5-default --median-threshold-pct 8.0 --median-absolute-threshold-us 1.0
measurement,COMPLETE,false,,core-20260724-r7,3bd321ec960c2bce0e6c0ff9aba8bb2be89cb19bdb99011a838cbd79068835b8,primary,d01db822c8e909fe2dbfac157bf62eeeb370a3eef45168f4eb1ff5023fbd4e3a,46d8012b3594c18c96ee1a3f1e063ceeaf5642068c6a6aa895e655bcfb257bdd,c-full-nccl-2.20.5-tree-l-r000003-2ad1ee38d3ddfbbd,2ad1ee38d3ddfbbd76ccae5cb52c1c028f55c159e3241a5ed4a35f7c63462162,a-000001,85cc06267d5548ad49e40faa159929510759c1fb8ee10702327df7019f079e8b,nccl-2.20.5-tree-ll128,full,3,8993.792000,256,commcanary.rostam.physical.full-measurement.v1,commcanary.rostam.physical.full-producer.v1,ba29eb603462eb0aaf037b6e99ec0e070a746691f41499aa7238db09447ce4b4,2855275288e67a1a2d0bbefff0740841fdf0ecf0,false,,8c5f30748596f665cca0bde76d4637074ffff3fa077387dd12b993cf98d2cee6,39a51a302632647d0b14f96f4882b64de05e3e59ae5b90bca9b3a8bcb25ca44f,c6d847e3020da8320f651f841db5deff415b2c2ec345296f95c05eb2bda143c4,commcanary-wheel=954c9fe0ef908a448b5343c91e7d58e8785fc20a7fd029b699ca0e252614304d;environment-lock=d4b8b2dc177cb09cea84a5b5a51c99d4510a3270fe70286d2133382fbc4abd8b;param-patch-contract=182942ecf6ed3c0ea267b1660a19be8601c16768640dd6ef3f112601a0b26f34;rostam-catalog=a4926ec9b012724b926fbc583b865bb083b7ad6526fee9ffc3e95129717195b8,python -m experiments.rostam.analyze verify --run-directory experiments/rostam/results/core-20260724-r7 --selection-id primary --verdict-sha256 46d8012b3594c18c96ee1a3f1e063ceeaf5642068c6a6aa895e655bcfb257bdd --output-directory experiments/rostam/results/publications/core-20260724-r7-primary --archive-descriptor experiments/rostam/results/archives/core-20260724-r7-primary-46d8012b3594c18c96ee1a3f1e063ceeaf5642068c6a6aa895e655bcfb257bdd.raw-archive-descriptor.json --raw-archive experiments/rostam/results/archives/core-20260724-r7-primary-46d8012b3594c18c96ee1a3f1e063ceeaf5642068c6a6aa895e655bcfb257bdd.raw.tar.gz --baseline-config nccl-2.19.3-default --candidate-config nccl-2.20.5-default --median-threshold-pct 8.0 --median-absolute-threshold-us 1.0
measurement,COMPLETE,false,,core-20260724-r7,3bd321ec960c2bce0e6c0ff9aba8bb2be89cb19bdb99011a838cbd79068835b8,primary,d01db822c8e909fe2dbfac157bf62eeeb370a3eef45168f4eb1ff5023fbd4e3a,46d8012b3594c18c96ee1a3f1e063ceeaf5642068c6a6aa895e655bcfb257bdd,c-full-nccl-2.20.5-tree-l-r000003-ce8147a6eabecb10,ce8147a6eabecb107238ef9f90ddda91b9e910a12adab4e72205f9599679119d,a-000001,0a59c56b646c8c1b07d84743ed6224111178523e18dc143b740ae6f72fe3c4f1,nccl-2.20.5-tree-ll,full,3,11254.272000,256,commcanary.rostam.physical.full-measurement.v1,commcanary.rostam.physical.full-producer.v1,5ccd06b2bdfe664679e4f4ba326de8594e45e4f55c1e69046cea1c5e48d8008b,2855275288e67a1a2d0bbefff0740841fdf0ecf0,false,,8c5f30748596f665cca0bde76d4637074ffff3fa077387dd12b993cf98d2cee6,5a0331a372c19a68bda2009bdee36089bae4003d6e4e0022b7a9ce26675f2fb8,c78a74fdb979b21f4095a009c39a644dec6ff9de953f54f35c70e3bc770c4597,commcanary-wheel=954c9fe0ef908a448b5343c91e7d58e8785fc20a7fd029b699ca0e252614304d;environment-lock=d4b8b2dc177cb09cea84a5b5a51c99d4510a3270fe70286d2133382fbc4abd8b;param-patch-contract=182942ecf6ed3c0ea267b1660a19be8601c16768640dd6ef3f112601a0b26f34;rostam-catalog=a4926ec9b012724b926fbc583b865bb083b7ad6526fee9ffc3e95129717195b8,python -m experiments.rostam.analyze verify --run-directory experiments/rostam/results/core-20260724-r7 --selection-id primary --verdict-sha256 46d8012b3594c18c96ee1a3f1e063ceeaf5642068c6a6aa895e655bcfb257bdd --output-directory experiments/rostam/results/publications/core-20260724-r7-primary --archive-descriptor experiments/rostam/results/archives/core-20260724-r7-primary-46d8012b3594c18c96ee1a3f1e063ceeaf5642068c6a6aa895e655bcfb257bdd.raw-archive-descriptor.json --raw-archive experiments/rostam/results/archives/core-20260724-r7-primary-46d8012b3594c18c96ee1a3f1e063ceeaf5642068c6a6aa895e655bcfb257bdd.raw.tar.gz --baseline-config nccl-2.19.3-default --candidate-config nccl-2.20.5-default --median-threshold-pct 8.0 --median-absolute-threshold-us 1.0
measurement,COMPLETE,false,,core-20260724-r7,3bd321ec960c2bce0e6c0ff9aba8bb2be89cb19bdb99011a838cbd79068835b8,primary,d01db822c8e909fe2dbfac157bf62eeeb370a3eef45168f4eb1ff5023fbd4e3a,46d8012b3594c18c96ee1a3f1e063ceeaf5642068c6a6aa895e655bcfb257bdd,c-full-nccl-2.20.5-tree-l-r000004-2ea92db8ef7f3fc6,2ea92db8ef7f3fc6488e09bc5279720585d4bdbb5ad4ebfdb7f66b2e63c0e36a,a-000001,7fd6e43f7b7d2495232a212666d4174cf4d8410828eca0be2ea838db405773d5,nccl-2.20.5-tree-ll128,full,4,8994.816000,256,commcanary.rostam.physical.full-measurement.v1,commcanary.rostam.physical.full-producer.v1,9d2df465cf52570b601de119b645057f0a8468d5c6ea246487ab0c9ae543fbd5,2855275288e67a1a2d0bbefff0740841fdf0ecf0,false,,8c5f30748596f665cca0bde76d4637074ffff3fa077387dd12b993cf98d2cee6,ca38606cef35ef85686ab75993aba6d9173e4461de6aebb7ef31c695c24e8179,6ad23596c792936f102b8d7a08d978b6c0ac589afab527578edc9b9d3706d155,commcanary-wheel=954c9fe0ef908a448b5343c91e7d58e8785fc20a7fd029b699ca0e252614304d;environment-lock=d4b8b2dc177cb09cea84a5b5a51c99d4510a3270fe70286d2133382fbc4abd8b;param-patch-contract=182942ecf6ed3c0ea267b1660a19be8601c16768640dd6ef3f112601a0b26f34;rostam-catalog=a4926ec9b012724b926fbc583b865bb083b7ad6526fee9ffc3e95129717195b8,python -m experiments.rostam.analyze verify --run-directory experiments/rostam/results/core-20260724-r7 --selection-id primary --verdict-sha256 46d8012b3594c18c96ee1a3f1e063ceeaf5642068c6a6aa895e655bcfb257bdd --output-directory experiments/rostam/results/publications/core-20260724-r7-primary --archive-descriptor experiments/rostam/results/archives/core-20260724-r7-primary-46d8012b3594c18c96ee1a3f1e063ceeaf5642068c6a6aa895e655bcfb257bdd.raw-archive-descriptor.json --raw-archive experiments/rostam/results/archives/core-20260724-r7-primary-46d8012b3594c18c96ee1a3f1e063ceeaf5642068c6a6aa895e655bcfb257bdd.raw.tar.gz --baseline-config nccl-2.19.3-default --candidate-config nccl-2.20.5-default --median-threshold-pct 8.0 --median-absolute-threshold-us 1.0
measurement,COMPLETE,false,,core-20260724-r7,3bd321ec960c2bce0e6c0ff9aba8bb2be89cb19bdb99011a838cbd79068835b8,primary,d01db822c8e909fe2dbfac157bf62eeeb370a3eef45168f4eb1ff5023fbd4e3a,46d8012b3594c18c96ee1a3f1e063ceeaf5642068c6a6aa895e655bcfb257bdd,c-full-nccl-2.20.5-tree-l-r000004-bc8e217f180f0735,bc8e217f180f07353216ab222dadbfc793bb48a1858215eb93e389760345e5b4,a-000001,05f35e60c59c63f83c0e9d30e1cf2fd8199f9332ddcdb1e2c54c7cdfa156448c,nccl-2.20.5-tree-ll,full,4,11345.408000,256,commcanary.rostam.physical.full-measurement.v1,commcanary.rostam.physical.full-producer.v1,fdb4c6c068a5bfc02020a4381c2607df27b07258f00643e57bacd3f36123b4b9,2855275288e67a1a2d0bbefff0740841fdf0ecf0,false,,8c5f30748596f665cca0bde76d4637074ffff3fa077387dd12b993cf98d2cee6,8b4aac4f35e1238d5fcd9e8aba7900f58e22f5d8eb155b6ebe97bf8564b29c32,3dbb860381c9133f5858a1fc1cc043819e79c365ad2445d86c6e657f987ca1c8,commcanary-wheel=954c9fe0ef908a448b5343c91e7d58e8785fc20a7fd029b699ca0e252614304d;environment-lock=d4b8b2dc177cb09cea84a5b5a51c99d4510a3270fe70286d2133382fbc4abd8b;param-patch-contract=182942ecf6ed3c0ea267b1660a19be8601c16768640dd6ef3f112601a0b26f34;rostam-catalog=a4926ec9b012724b926fbc583b865bb083b7ad6526fee9ffc3e95129717195b8,python -m experiments.rostam.analyze verify --run-directory experiments/rostam/results/core-20260724-r7 --selection-id primary --verdict-sha256 46d8012b3594c18c96ee1a3f1e063ceeaf5642068c6a6aa895e655bcfb257bdd --output-directory experiments/rostam/results/publications/core-20260724-r7-primary --archive-descriptor experiments/rostam/results/archives/core-20260724-r7-primary-46d8012b3594c18c96ee1a3f1e063ceeaf5642068c6a6aa895e655bcfb257bdd.raw-archive-descriptor.json --raw-archive experiments/rostam/results/archives/core-20260724-r7-primary-46d8012b3594c18c96ee1a3f1e063ceeaf5642068c6a6aa895e655bcfb257bdd.raw.tar.gz --baseline-config nccl-2.19.3-default --candidate-config nccl-2.20.5-default --median-threshold-pct 8.0 --median-absolute-threshold-us 1.0
measurement,COMPLETE,false,,core-20260724-r7,3bd321ec960c2bce0e6c0ff9aba8bb2be89cb19bdb99011a838cbd79068835b8,primary,d01db822c8e909fe2dbfac157bf62eeeb370a3eef45168f4eb1ff5023fbd4e3a,46d8012b3594c18c96ee1a3f1e063ceeaf5642068c6a6aa895e655bcfb257bdd,c-full-nccl-2.20.5-tree-s-r000000-d4de60c5e91d5447,d4de60c5e91d54474bd559fec8ce63611e88eca64f7f2486d79274dd1da058e2,a-000001,1c73e89a2c1b80ce02a1202c5c82a009ab33cc16d5ad8b503d63b45222ff9a5a,nccl-2.20.5-tree-simple,full,0,9765.888000,256,commcanary.rostam.physical.full-measurement.v1,commcanary.rostam.physical.full-producer.v1,d201396b4be2fec04082d3a61f460304d95b62803f2d36453e221f25298bf18a,2855275288e67a1a2d0bbefff0740841fdf0ecf0,false,,8c5f30748596f665cca0bde76d4637074ffff3fa077387dd12b993cf98d2cee6,8afd11cc53af1e05607cef3712bf6bdde54823153db141204c80ef5b1ca191b1,ffcce160a7645da9c2ea8abda272a1a970c0681d4755fc351e790c5472a25540,commcanary-wheel=954c9fe0ef908a448b5343c91e7d58e8785fc20a7fd029b699ca0e252614304d;environment-lock=d4b8b2dc177cb09cea84a5b5a51c99d4510a3270fe70286d2133382fbc4abd8b;param-patch-contract=182942ecf6ed3c0ea267b1660a19be8601c16768640dd6ef3f112601a0b26f34;rostam-catalog=a4926ec9b012724b926fbc583b865bb083b7ad6526fee9ffc3e95129717195b8,python -m experiments.rostam.analyze verify --run-directory experiments/rostam/results/core-20260724-r7 --selection-id primary --verdict-sha256 46d8012b3594c18c96ee1a3f1e063ceeaf5642068c6a6aa895e655bcfb257bdd --output-directory experiments/rostam/results/publications/core-20260724-r7-primary --archive-descriptor experiments/rostam/results/archives/core-20260724-r7-primary-46d8012b3594c18c96ee1a3f1e063ceeaf5642068c6a6aa895e655bcfb257bdd.raw-archive-descriptor.json --raw-archive experiments/rostam/results/archives/core-20260724-r7-primary-46d8012b3594c18c96ee1a3f1e063ceeaf5642068c6a6aa895e655bcfb257bdd.raw.tar.gz --baseline-config nccl-2.19.3-default --candidate-config nccl-2.20.5-default --median-threshold-pct 8.0 --median-absolute-threshold-us 1.0
measurement,COMPLETE,false,,core-20260724-r7,3bd321ec960c2bce0e6c0ff9aba8bb2be89cb19bdb99011a838cbd79068835b8,primary,d01db822c8e909fe2dbfac157bf62eeeb370a3eef45168f4eb1ff5023fbd4e3a,46d8012b3594c18c96ee1a3f1e063ceeaf5642068c6a6aa895e655bcfb257bdd,c-full-nccl-2.20.5-tree-s-r000001-1d66b02cc12c0ae9,1d66b02cc12c0ae9db183fea99d68922bc3fc7eeb6324854fe8720bb52aea35b,a-000001,6d6c311e8d71b25985c420bdabeb9174822a80da99ed3e27295612aff6903f0d,nccl-2.20.5-tree-simple,full,1,9766.912000,256,commcanary.rostam.physical.full-measurement.v1,commcanary.rostam.physical.full-producer.v1,47aba71788171f5a8a2f01b27c7c86209c315810ff09689cf69299ba7616bb38,2855275288e67a1a2d0bbefff0740841fdf0ecf0,false,,8c5f30748596f665cca0bde76d4637074ffff3fa077387dd12b993cf98d2cee6,ef4c26d6458a1ffee8f9dbbb85bf3a7bda31f21563cd00ed3089ab8b0219d84c,28fbd8b656ccb58299ff17a8494c03333a155d3074b8a4b09c256514633b9081,commcanary-wheel=954c9fe0ef908a448b5343c91e7d58e8785fc20a7fd029b699ca0e252614304d;environment-lock=d4b8b2dc177cb09cea84a5b5a51c99d4510a3270fe70286d2133382fbc4abd8b;param-patch-contract=182942ecf6ed3c0ea267b1660a19be8601c16768640dd6ef3f112601a0b26f34;rostam-catalog=a4926ec9b012724b926fbc583b865bb083b7ad6526fee9ffc3e95129717195b8,python -m experiments.rostam.analyze verify --run-directory experiments/rostam/results/core-20260724-r7 --selection-id primary --verdict-sha256 46d8012b3594c18c96ee1a3f1e063ceeaf5642068c6a6aa895e655bcfb257bdd --output-directory experiments/rostam/results/publications/core-20260724-r7-primary --archive-descriptor experiments/rostam/results/archives/core-20260724-r7-primary-46d8012b3594c18c96ee1a3f1e063ceeaf5642068c6a6aa895e655bcfb257bdd.raw-archive-descriptor.json --raw-archive experiments/rostam/results/archives/core-20260724-r7-primary-46d8012b3594c18c96ee1a3f1e063ceeaf5642068c6a6aa895e655bcfb257bdd.raw.tar.gz --baseline-config nccl-2.19.3-default --candidate-config nccl-2.20.5-default --median-threshold-pct 8.0 --median-absolute-threshold-us 1.0
measurement,COMPLETE,false,,core-20260724-r7,3bd321ec960c2bce0e6c0ff9aba8bb2be89cb19bdb99011a838cbd79068835b8,primary,d01db822c8e909fe2dbfac157bf62eeeb370a3eef45168f4eb1ff5023fbd4e3a,46d8012b3594c18c96ee1a3f1e063ceeaf5642068c6a6aa895e655bcfb257bdd,c-full-nccl-2.20.5-tree-s-r000002-b4a16ec5fe7479aa,b4a16ec5fe7479aaab3077548cbbb0976e12fe01a3a1758bb5d69bf2f27f2e3a,a-000001,df0be5e052ef63d394ceb30ce39b19341c0ba6a1ab370b759e787001044c7ce0,nccl-2.20.5-tree-simple,full,2,9773.056000,256,commcanary.rostam.physical.full-measurement.v1,commcanary.rostam.physical.full-producer.v1,2b759da1cca08beea4bb637b6c019d1898d38d9da136d58d670e64a0be80e92c,2855275288e67a1a2d0bbefff0740841fdf0ecf0,false,,8c5f30748596f665cca0bde76d4637074ffff3fa077387dd12b993cf98d2cee6,0e17155ce884fd0c7a5e6f2962dd761c7d98dfe3cc02a06b5b0d4c6134d2ba02,217e472f49298d0ffc04a60692410c6defc059d3686aca3da219917f061b120c,commcanary-wheel=954c9fe0ef908a448b5343c91e7d58e8785fc20a7fd029b699ca0e252614304d;environment-lock=d4b8b2dc177cb09cea84a5b5a51c99d4510a3270fe70286d2133382fbc4abd8b;param-patch-contract=182942ecf6ed3c0ea267b1660a19be8601c16768640dd6ef3f112601a0b26f34;rostam-catalog=a4926ec9b012724b926fbc583b865bb083b7ad6526fee9ffc3e95129717195b8,python -m experiments.rostam.analyze verify --run-directory experiments/rostam/results/core-20260724-r7 --selection-id primary --verdict-sha256 46d8012b3594c18c96ee1a3f1e063ceeaf5642068c6a6aa895e655bcfb257bdd --output-directory experiments/rostam/results/publications/core-20260724-r7-primary --archive-descriptor experiments/rostam/results/archives/core-20260724-r7-primary-46d8012b3594c18c96ee1a3f1e063ceeaf5642068c6a6aa895e655bcfb257bdd.raw-archive-descriptor.json --raw-archive experiments/rostam/results/archives/core-20260724-r7-primary-46d8012b3594c18c96ee1a3f1e063ceeaf5642068c6a6aa895e655bcfb257bdd.raw.tar.gz --baseline-config nccl-2.19.3-default --candidate-config nccl-2.20.5-default --median-threshold-pct 8.0 --median-absolute-threshold-us 1.0
measurement,COMPLETE,false,,core-20260724-r7,3bd321ec960c2bce0e6c0ff9aba8bb2be89cb19bdb99011a838cbd79068835b8,primary,d01db822c8e909fe2dbfac157bf62eeeb370a3eef45168f4eb1ff5023fbd4e3a,46d8012b3594c18c96ee1a3f1e063ceeaf5642068c6a6aa895e655bcfb257bdd,c-full-nccl-2.20.5-tree-s-r000003-45406f57ac43002a,45406f57ac43002ac9c3cd3c25a017a4c8764590f52e755398dc7228abf1d168,a-000001,91e08f7a75c2336a628469a2b305ab426a0c66c576abd4eff7df96379e61658a,nccl-2.20.5-tree-simple,full,3,9760.256000,256,commcanary.rostam.physical.full-measurement.v1,commcanary.rostam.physical.full-producer.v1,c96b0d47e19e4df235aefda9cb374fce38d426bdf412267e4bedff49a506d30c,2855275288e67a1a2d0bbefff0740841fdf0ecf0,false,,8c5f30748596f665cca0bde76d4637074ffff3fa077387dd12b993cf98d2cee6,2dc04b416e63bd21b69cbe365b8e373bd5ae8ec924e31a4accf43d6b42317d18,b81fd697567900c866c52b01fac9ac30f457274dc1aceae3fa8cf017d447deb9,commcanary-wheel=954c9fe0ef908a448b5343c91e7d58e8785fc20a7fd029b699ca0e252614304d;environment-lock=d4b8b2dc177cb09cea84a5b5a51c99d4510a3270fe70286d2133382fbc4abd8b;param-patch-contract=182942ecf6ed3c0ea267b1660a19be8601c16768640dd6ef3f112601a0b26f34;rostam-catalog=a4926ec9b012724b926fbc583b865bb083b7ad6526fee9ffc3e95129717195b8,python -m experiments.rostam.analyze verify --run-directory experiments/rostam/results/core-20260724-r7 --selection-id primary --verdict-sha256 46d8012b3594c18c96ee1a3f1e063ceeaf5642068c6a6aa895e655bcfb257bdd --output-directory experiments/rostam/results/publications/core-20260724-r7-primary --archive-descriptor experiments/rostam/results/archives/core-20260724-r7-primary-46d8012b3594c18c96ee1a3f1e063ceeaf5642068c6a6aa895e655bcfb257bdd.raw-archive-descriptor.json --raw-archive experiments/rostam/results/archives/core-20260724-r7-primary-46d8012b3594c18c96ee1a3f1e063ceeaf5642068c6a6aa895e655bcfb257bdd.raw.tar.gz --baseline-config nccl-2.19.3-default --candidate-config nccl-2.20.5-default --median-threshold-pct 8.0 --median-absolute-threshold-us 1.0
measurement,COMPLETE,false,,core-20260724-r7,3bd321ec960c2bce0e6c0ff9aba8bb2be89cb19bdb99011a838cbd79068835b8,primary,d01db822c8e909fe2dbfac157bf62eeeb370a3eef45168f4eb1ff5023fbd4e3a,46d8012b3594c18c96ee1a3f1e063ceeaf5642068c6a6aa895e655bcfb257bdd,c-full-nccl-2.20.5-tree-s-r000004-2ad14155384497da,2ad14155384497da6e198ab70fa246cf1daf999128d4153ab505d408e156de42,a-000001,07d57724a9e45410f857fbb59365a1aff7a00aea0fb16fb69e4f9677ddbc958b,nccl-2.20.5-tree-simple,full,4,9748.480000,256,commcanary.rostam.physical.full-measurement.v1,commcanary.rostam.physical.full-producer.v1,0a51ec18ff2c4163c8f4df42ab0147e47c51a3d29f6ab0918c50201925910a97,2855275288e67a1a2d0bbefff0740841fdf0ecf0,false,,8c5f30748596f665cca0bde76d4637074ffff3fa077387dd12b993cf98d2cee6,c34345d9b591fdbba53816eb3fc975443ba5f06c54c9db36166f588c787b321a,5bba83a7fe1c7d33b4bd2b7a4b044dbfd7d0825ec79e3fe8992f55f3028c77c7,commcanary-wheel=954c9fe0ef908a448b5343c91e7d58e8785fc20a7fd029b699ca0e252614304d;environment-lock=d4b8b2dc177cb09cea84a5b5a51c99d4510a3270fe70286d2133382fbc4abd8b;param-patch-contract=182942ecf6ed3c0ea267b1660a19be8601c16768640dd6ef3f112601a0b26f34;rostam-catalog=a4926ec9b012724b926fbc583b865bb083b7ad6526fee9ffc3e95129717195b8,python -m experiments.rostam.analyze verify --run-directory experiments/rostam/results/core-20260724-r7 --selection-id primary --verdict-sha256 46d8012b3594c18c96ee1a3f1e063ceeaf5642068c6a6aa895e655bcfb257bdd --output-directory experiments/rostam/results/publications/core-20260724-r7-primary --archive-descriptor experiments/rostam/results/archives/core-20260724-r7-primary-46d8012b3594c18c96ee1a3f1e063ceeaf5642068c6a6aa895e655bcfb257bdd.raw-archive-descriptor.json --raw-archive experiments/rostam/results/archives/core-20260724-r7-primary-46d8012b3594c18c96ee1a3f1e063ceeaf5642068c6a6aa895e655bcfb257bdd.raw.tar.gz --baseline-config nccl-2.19.3-default --candidate-config nccl-2.20.5-default --median-threshold-pct 8.0 --median-absolute-threshold-us 1.0
measurement,COMPLETE,false,,core-20260724-r7,3bd321ec960c2bce0e6c0ff9aba8bb2be89cb19bdb99011a838cbd79068835b8,primary,d01db822c8e909fe2dbfac157bf62eeeb370a3eef45168f4eb1ff5023fbd4e3a,46d8012b3594c18c96ee1a3f1e063ceeaf5642068c6a6aa895e655bcfb257bdd,c-micro-nccl-2.19.3-defaul-r000000-e4fe58d7e9da6702,e4fe58d7e9da67023571c209998cb7fb4e6b893c964b345b5be29a3f7f5b761c,a-000001,82c1f5f839b6ec009dc22df17f0a27016aa994f456cf13d598ab2f62b7cf2d16,nccl-2.19.3-default,micro,0,132.096000,200,commcanary.rostam.physical.micro-measurement.v1,commcanary.rostam.physical.micro-producer.v1,6760906e9461a9e7a53413dd00d6b9b48c90a6f0cf3cfcb78f7223ce413baaba,2855275288e67a1a2d0bbefff0740841fdf0ecf0,false,,8c5f30748596f665cca0bde76d4637074ffff3fa077387dd12b993cf98d2cee6,49b97c1834a9907d349bf3e896149e6f3db80b0c92270451d1ac2166e58477a0,93afea53f9688568c9133129b2d171ea4e57642ca270d3f3d23afda09c7e33b6,commcanary-wheel=954c9fe0ef908a448b5343c91e7d58e8785fc20a7fd029b699ca0e252614304d;environment-lock=d4b8b2dc177cb09cea84a5b5a51c99d4510a3270fe70286d2133382fbc4abd8b;param-patch-contract=182942ecf6ed3c0ea267b1660a19be8601c16768640dd6ef3f112601a0b26f34;rostam-catalog=a4926ec9b012724b926fbc583b865bb083b7ad6526fee9ffc3e95129717195b8,python -m experiments.rostam.analyze verify --run-directory experiments/rostam/results/core-20260724-r7 --selection-id primary --verdict-sha256 46d8012b3594c18c96ee1a3f1e063ceeaf5642068c6a6aa895e655bcfb257bdd --output-directory experiments/rostam/results/publications/core-20260724-r7-primary --archive-descriptor experiments/rostam/results/archives/core-20260724-r7-primary-46d8012b3594c18c96ee1a3f1e063ceeaf5642068c6a6aa895e655bcfb257bdd.raw-archive-descriptor.json --raw-archive experiments/rostam/results/archives/core-20260724-r7-primary-46d8012b3594c18c96ee1a3f1e063ceeaf5642068c6a6aa895e655bcfb257bdd.raw.tar.gz --baseline-config nccl-2.19.3-default --candidate-config nccl-2.20.5-default --median-threshold-pct 8.0 --median-absolute-threshold-us 1.0
measurement,COMPLETE,false,,core-20260724-r7,3bd321ec960c2bce0e6c0ff9aba8bb2be89cb19bdb99011a838cbd79068835b8,primary,d01db822c8e909fe2dbfac157bf62eeeb370a3eef45168f4eb1ff5023fbd4e3a,46d8012b3594c18c96ee1a3f1e063ceeaf5642068c6a6aa895e655bcfb257bdd,c-micro-nccl-2.19.3-defaul-r000001-ed054f107306a8f2,ed054f107306a8f28a9b31c03dda4b90570d368f6e7ab8755992791ebcf371f1,a-000001,675890959810529bb94551625b2019d815a66c3a250ef6e5b168d5cd4c1adb8a,nccl-2.19.3-default,micro,1,133.120000,200,commcanary.rostam.physical.micro-measurement.v1,commcanary.rostam.physical.micro-producer.v1,866e930f60b16c6ff81fde6a8ba2da1ce0df98560b96e79b33f375605da95778,2855275288e67a1a2d0bbefff0740841fdf0ecf0,false,,8c5f30748596f665cca0bde76d4637074ffff3fa077387dd12b993cf98d2cee6,40963edc112ac06ff136e9e6e2fd7a955a2c684763b1b88fcc60b36d75edc504,17efadef93bb7c4d298166e9f6b680562d30cbe27861fc1ad9d903eb64ea2127,commcanary-wheel=954c9fe0ef908a448b5343c91e7d58e8785fc20a7fd029b699ca0e252614304d;environment-lock=d4b8b2dc177cb09cea84a5b5a51c99d4510a3270fe70286d2133382fbc4abd8b;param-patch-contract=182942ecf6ed3c0ea267b1660a19be8601c16768640dd6ef3f112601a0b26f34;rostam-catalog=a4926ec9b012724b926fbc583b865bb083b7ad6526fee9ffc3e95129717195b8,python -m experiments.rostam.analyze verify --run-directory experiments/rostam/results/core-20260724-r7 --selection-id primary --verdict-sha256 46d8012b3594c18c96ee1a3f1e063ceeaf5642068c6a6aa895e655bcfb257bdd --output-directory experiments/rostam/results/publications/core-20260724-r7-primary --archive-descriptor experiments/rostam/results/archives/core-20260724-r7-primary-46d8012b3594c18c96ee1a3f1e063ceeaf5642068c6a6aa895e655bcfb257bdd.raw-archive-descriptor.json --raw-archive experiments/rostam/results/archives/core-20260724-r7-primary-46d8012b3594c18c96ee1a3f1e063ceeaf5642068c6a6aa895e655bcfb257bdd.raw.tar.gz --baseline-config nccl-2.19.3-default --candidate-config nccl-2.20.5-default --median-threshold-pct 8.0 --median-absolute-threshold-us 1.0
measurement,COMPLETE,false,,core-20260724-r7,3bd321ec960c2bce0e6c0ff9aba8bb2be89cb19bdb99011a838cbd79068835b8,primary,d01db822c8e909fe2dbfac157bf62eeeb370a3eef45168f4eb1ff5023fbd4e3a,46d8012b3594c18c96ee1a3f1e063ceeaf5642068c6a6aa895e655bcfb257bdd,c-micro-nccl-2.19.3-defaul-r000002-0b43c6fc4c140fa7,0b43c6fc4c140fa7dc4198181f0f383ad6aab094f4185e29c4e85bd84ff11a0a,a-000001,6f436e5470a6bc6a98413075806f6f13a358c4ccc7672b1c4b0f75f464363ab8,nccl-2.19.3-default,micro,2,131.072000,200,commcanary.rostam.physical.micro-measurement.v1,commcanary.rostam.physical.micro-producer.v1,2bb59822d929cc056ea59505968597c077360a52ed4d5bfdbf1b39b1861d4309,2855275288e67a1a2d0bbefff0740841fdf0ecf0,false,,8c5f30748596f665cca0bde76d4637074ffff3fa077387dd12b993cf98d2cee6,d38de8364a4a5d0c25dd031da5578d6091b1272db307c0dc99ad34eab05fd571,9b334633749052ccf6ac82fb622cea54e2717bb7e4a3dd64a6e5b67d9575c77f,commcanary-wheel=954c9fe0ef908a448b5343c91e7d58e8785fc20a7fd029b699ca0e252614304d;environment-lock=d4b8b2dc177cb09cea84a5b5a51c99d4510a3270fe70286d2133382fbc4abd8b;param-patch-contract=182942ecf6ed3c0ea267b1660a19be8601c16768640dd6ef3f112601a0b26f34;rostam-catalog=a4926ec9b012724b926fbc583b865bb083b7ad6526fee9ffc3e95129717195b8,python -m experiments.rostam.analyze verify --run-directory experiments/rostam/results/core-20260724-r7 --selection-id primary --verdict-sha256 46d8012b3594c18c96ee1a3f1e063ceeaf5642068c6a6aa895e655bcfb257bdd --output-directory experiments/rostam/results/publications/core-20260724-r7-primary --archive-descriptor experiments/rostam/results/archives/core-20260724-r7-primary-46d8012b3594c18c96ee1a3f1e063ceeaf5642068c6a6aa895e655bcfb257bdd.raw-archive-descriptor.json --raw-archive experiments/rostam/results/archives/core-20260724-r7-primary-46d8012b3594c18c96ee1a3f1e063ceeaf5642068c6a6aa895e655bcfb257bdd.raw.tar.gz --baseline-config nccl-2.19.3-default --candidate-config nccl-2.20.5-default --median-threshold-pct 8.0 --median-absolute-threshold-us 1.0
measurement,COMPLETE,false,,core-20260724-r7,3bd321ec960c2bce0e6c0ff9aba8bb2be89cb19bdb99011a838cbd79068835b8,primary,d01db822c8e909fe2dbfac157bf62eeeb370a3eef45168f4eb1ff5023fbd4e3a,46d8012b3594c18c96ee1a3f1e063ceeaf5642068c6a6aa895e655bcfb257bdd,c-micro-nccl-2.19.3-defaul-r000003-65cd11301065700a,65cd11301065700a7f89bd352daf3ea5dad08d1cf0e4b07d2ae6e46408bda8a2,a-000001,16e0dabfafc7843edea0b879008d220c68323239d7c0768726be42eab9d4005e,nccl-2.19.3-default,micro,3,131.072000,200,commcanary.rostam.physical.micro-measurement.v1,commcanary.rostam.physical.micro-producer.v1,2480498ce2c3789f1cbcbbe62b28abfeba17cbebabe4825c82f329c62d9cab51,2855275288e67a1a2d0bbefff0740841fdf0ecf0,false,,8c5f30748596f665cca0bde76d4637074ffff3fa077387dd12b993cf98d2cee6,b0e046adb2875d719fce2d80706e71e8a13d02574091087626fc34d7c2e5305e,e7bf022d782f0d8bb8b54b4a34ab4f4776aa7e9ffc4079489637de4dbf629e16,commcanary-wheel=954c9fe0ef908a448b5343c91e7d58e8785fc20a7fd029b699ca0e252614304d;environment-lock=d4b8b2dc177cb09cea84a5b5a51c99d4510a3270fe70286d2133382fbc4abd8b;param-patch-contract=182942ecf6ed3c0ea267b1660a19be8601c16768640dd6ef3f112601a0b26f34;rostam-catalog=a4926ec9b012724b926fbc583b865bb083b7ad6526fee9ffc3e95129717195b8,python -m experiments.rostam.analyze verify --run-directory experiments/rostam/results/core-20260724-r7 --selection-id primary --verdict-sha256 46d8012b3594c18c96ee1a3f1e063ceeaf5642068c6a6aa895e655bcfb257bdd --output-directory experiments/rostam/results/publications/core-20260724-r7-primary --archive-descriptor experiments/rostam/results/archives/core-20260724-r7-primary-46d8012b3594c18c96ee1a3f1e063ceeaf5642068c6a6aa895e655bcfb257bdd.raw-archive-descriptor.json --raw-archive experiments/rostam/results/archives/core-20260724-r7-primary-46d8012b3594c18c96ee1a3f1e063ceeaf5642068c6a6aa895e655bcfb257bdd.raw.tar.gz --baseline-config nccl-2.19.3-default --candidate-config nccl-2.20.5-default --median-threshold-pct 8.0 --median-absolute-threshold-us 1.0
measurement,COMPLETE,false,,core-20260724-r7,3bd321ec960c2bce0e6c0ff9aba8bb2be89cb19bdb99011a838cbd79068835b8,primary,d01db822c8e909fe2dbfac157bf62eeeb370a3eef45168f4eb1ff5023fbd4e3a,46d8012b3594c18c96ee1a3f1e063ceeaf5642068c6a6aa895e655bcfb257bdd,c-micro-nccl-2.19.3-defaul-r000004-f8fc4185864f384d,f8fc4185864f384d780c99dd083d857d3c76e6df2819c951f097fee37bfababe,a-000001,b8a676d0023beb7d3580ca34b58fb9d1aa3f6f3beedc922d9aae8460f592d231,nccl-2.19.3-default,micro,4,131.072000,200,commcanary.rostam.physical.micro-measurement.v1,commcanary.rostam.physical.micro-producer.v1,a457dfc6d21fd34c2333e69e18097f1d5d2b2530a9f5af16897053ab64d33abb,2855275288e67a1a2d0bbefff0740841fdf0ecf0,false,,8c5f30748596f665cca0bde76d4637074ffff3fa077387dd12b993cf98d2cee6,875a86c74cad3387f36997de75c002ab28bc77c47d2d28610631b1745b1f4757,ba8bdcfbed6b1b34fc3b1281cf8993a9d856b3be278f3f0d83cbcc4f8de2a27e,commcanary-wheel=954c9fe0ef908a448b5343c91e7d58e8785fc20a7fd029b699ca0e252614304d;environment-lock=d4b8b2dc177cb09cea84a5b5a51c99d4510a3270fe70286d2133382fbc4abd8b;param-patch-contract=182942ecf6ed3c0ea267b1660a19be8601c16768640dd6ef3f112601a0b26f34;rostam-catalog=a4926ec9b012724b926fbc583b865bb083b7ad6526fee9ffc3e95129717195b8,python -m experiments.rostam.analyze verify --run-directory experiments/rostam/results/core-20260724-r7 --selection-id primary --verdict-sha256 46d8012b3594c18c96ee1a3f1e063ceeaf5642068c6a6aa895e655bcfb257bdd --output-directory experiments/rostam/results/publications/core-20260724-r7-primary --archive-descriptor experiments/rostam/results/archives/core-20260724-r7-primary-46d8012b3594c18c96ee1a3f1e063ceeaf5642068c6a6aa895e655bcfb257bdd.raw-archive-descriptor.json --raw-archive experiments/rostam/results/archives/core-20260724-r7-primary-46d8012b3594c18c96ee1a3f1e063ceeaf5642068c6a6aa895e655bcfb257bdd.raw.tar.gz --baseline-config nccl-2.19.3-default --candidate-config nccl-2.20.5-default --median-threshold-pct 8.0 --median-absolute-threshold-us 1.0
measurement,COMPLETE,false,,core-20260724-r7,3bd321ec960c2bce0e6c0ff9aba8bb2be89cb19bdb99011a838cbd79068835b8,primary,d01db822c8e909fe2dbfac157bf62eeeb370a3eef45168f4eb1ff5023fbd4e3a,46d8012b3594c18c96ee1a3f1e063ceeaf5642068c6a6aa895e655bcfb257bdd,c-micro-nccl-2.20.5-defaul-r000000-4b4e6dc6d0ab3521,4b4e6dc6d0ab3521880dc4116e44335e9fdc5246246e0ea5c0d4acec80887c2b,a-000001,ea898cf8195378a12be2df4d4abd3dad8bc28ac000de3843d938cf3ac64acf2c,nccl-2.20.5-default,micro,0,130.048000,200,commcanary.rostam.physical.micro-measurement.v1,commcanary.rostam.physical.micro-producer.v1,bdf3d32d08a8a026cb7f4d7a37cc9d27b80a8c8a981c7478942b090447c6a20c,2855275288e67a1a2d0bbefff0740841fdf0ecf0,false,,8c5f30748596f665cca0bde76d4637074ffff3fa077387dd12b993cf98d2cee6,1557e92974cdfec8c552e3cbf6a9fe26fe3b4c9a17f139926cf02611bdfeeea2,047f3e710e4da6837cba429344508bf9936c4bff6aea5160ae07e0d4a1522c2a,commcanary-wheel=954c9fe0ef908a448b5343c91e7d58e8785fc20a7fd029b699ca0e252614304d;environment-lock=d4b8b2dc177cb09cea84a5b5a51c99d4510a3270fe70286d2133382fbc4abd8b;param-patch-contract=182942ecf6ed3c0ea267b1660a19be8601c16768640dd6ef3f112601a0b26f34;rostam-catalog=a4926ec9b012724b926fbc583b865bb083b7ad6526fee9ffc3e95129717195b8,python -m experiments.rostam.analyze verify --run-directory experiments/rostam/results/core-20260724-r7 --selection-id primary --verdict-sha256 46d8012b3594c18c96ee1a3f1e063ceeaf5642068c6a6aa895e655bcfb257bdd --output-directory experiments/rostam/results/publications/core-20260724-r7-primary --archive-descriptor experiments/rostam/results/archives/core-20260724-r7-primary-46d8012b3594c18c96ee1a3f1e063ceeaf5642068c6a6aa895e655bcfb257bdd.raw-archive-descriptor.json --raw-archive experiments/rostam/results/archives/core-20260724-r7-primary-46d8012b3594c18c96ee1a3f1e063ceeaf5642068c6a6aa895e655bcfb257bdd.raw.tar.gz --baseline-config nccl-2.19.3-default --candidate-config nccl-2.20.5-default --median-threshold-pct 8.0 --median-absolute-threshold-us 1.0
measurement,COMPLETE,false,,core-20260724-r7,3bd321ec960c2bce0e6c0ff9aba8bb2be89cb19bdb99011a838cbd79068835b8,primary,d01db822c8e909fe2dbfac157bf62eeeb370a3eef45168f4eb1ff5023fbd4e3a,46d8012b3594c18c96ee1a3f1e063ceeaf5642068c6a6aa895e655bcfb257bdd,c-micro-nccl-2.20.5-defaul-r000001-714bdad932a8c903,714bdad932a8c90329f146badd2773ca9999b7078276336cc4434efcafcc6c42,a-000001,5b302d7e282022127e63e47f0402ccc061a3181781d11ba4d3456d0190b6aea4,nccl-2.20.5-default,micro,1,131.072000,200,commcanary.rostam.physical.micro-measurement.v1,commcanary.rostam.physical.micro-producer.v1,91edaa0f5a48ab2f62ca34eda7063d8a163a0b7230195d095799416e01df4479,2855275288e67a1a2d0bbefff0740841fdf0ecf0,false,,8c5f30748596f665cca0bde76d4637074ffff3fa077387dd12b993cf98d2cee6,490d2634705dd4c7e8a82486ec34cce56df20072217ffa2e6a718fe4126ce3da,33b1c598c47e6039015b2cb00c9c03385dd929e88c904d44d233798fc0687599,commcanary-wheel=954c9fe0ef908a448b5343c91e7d58e8785fc20a7fd029b699ca0e252614304d;environment-lock=d4b8b2dc177cb09cea84a5b5a51c99d4510a3270fe70286d2133382fbc4abd8b;param-patch-contract=182942ecf6ed3c0ea267b1660a19be8601c16768640dd6ef3f112601a0b26f34;rostam-catalog=a4926ec9b012724b926fbc583b865bb083b7ad6526fee9ffc3e95129717195b8,python -m experiments.rostam.analyze verify --run-directory experiments/rostam/results/core-20260724-r7 --selection-id primary --verdict-sha256 46d8012b3594c18c96ee1a3f1e063ceeaf5642068c6a6aa895e655bcfb257bdd --output-directory experiments/rostam/results/publications/core-20260724-r7-primary --archive-descriptor experiments/rostam/results/archives/core-20260724-r7-primary-46d8012b3594c18c96ee1a3f1e063ceeaf5642068c6a6aa895e655bcfb257bdd.raw-archive-descriptor.json --raw-archive experiments/rostam/results/archives/core-20260724-r7-primary-46d8012b3594c18c96ee1a3f1e063ceeaf5642068c6a6aa895e655bcfb257bdd.raw.tar.gz --baseline-config nccl-2.19.3-default --candidate-config nccl-2.20.5-default --median-threshold-pct 8.0 --median-absolute-threshold-us 1.0
measurement,COMPLETE,false,,core-20260724-r7,3bd321ec960c2bce0e6c0ff9aba8bb2be89cb19bdb99011a838cbd79068835b8,primary,d01db822c8e909fe2dbfac157bf62eeeb370a3eef45168f4eb1ff5023fbd4e3a,46d8012b3594c18c96ee1a3f1e063ceeaf5642068c6a6aa895e655bcfb257bdd,c-micro-nccl-2.20.5-defaul-r000002-4ee5ff283e40312c,4ee5ff283e40312ca0c60e7d330664f4769a208b8f1c2a982d91997cf35491b4,a-000001,64723ce920cf8b703e140507024965c01035c6e91a1e2592f32b829a2805ee8d,nccl-2.20.5-default,micro,2,131.584000,200,commcanary.rostam.physical.micro-measurement.v1,commcanary.rostam.physical.micro-producer.v1,8cccc804c0e532587628bb805a28c0fc567afacda17b677d94c66fa82057b124,2855275288e67a1a2d0bbefff0740841fdf0ecf0,false,,8c5f30748596f665cca0bde76d4637074ffff3fa077387dd12b993cf98d2cee6,85ab6df5dad5d17a4a4f5cb949ae0105ce5ee5d884efa52e360799f9595b7e21,adffecb5132a5bc88339fdd6d39fd2b6252f304903b424ceca15e1a8dc45f008,commcanary-wheel=954c9fe0ef908a448b5343c91e7d58e8785fc20a7fd029b699ca0e252614304d;environment-lock=d4b8b2dc177cb09cea84a5b5a51c99d4510a3270fe70286d2133382fbc4abd8b;param-patch-contract=182942ecf6ed3c0ea267b1660a19be8601c16768640dd6ef3f112601a0b26f34;rostam-catalog=a4926ec9b012724b926fbc583b865bb083b7ad6526fee9ffc3e95129717195b8,python -m experiments.rostam.analyze verify --run-directory experiments/rostam/results/core-20260724-r7 --selection-id primary --verdict-sha256 46d8012b3594c18c96ee1a3f1e063ceeaf5642068c6a6aa895e655bcfb257bdd --output-directory experiments/rostam/results/publications/core-20260724-r7-primary --archive-descriptor experiments/rostam/results/archives/core-20260724-r7-primary-46d8012b3594c18c96ee1a3f1e063ceeaf5642068c6a6aa895e655bcfb257bdd.raw-archive-descriptor.json --raw-archive experiments/rostam/results/archives/core-20260724-r7-primary-46d8012b3594c18c96ee1a3f1e063ceeaf5642068c6a6aa895e655bcfb257bdd.raw.tar.gz --baseline-config nccl-2.19.3-default --candidate-config nccl-2.20.5-default --median-threshold-pct 8.0 --median-absolute-threshold-us 1.0
measurement,COMPLETE,false,,core-20260724-r7,3bd321ec960c2bce0e6c0ff9aba8bb2be89cb19bdb99011a838cbd79068835b8,primary,d01db822c8e909fe2dbfac157bf62eeeb370a3eef45168f4eb1ff5023fbd4e3a,46d8012b3594c18c96ee1a3f1e063ceeaf5642068c6a6aa895e655bcfb257bdd,c-micro-nccl-2.20.5-defaul-r000003-a5c2cfde53a55728,a5c2cfde53a55728cedfe380029607e35d5ad47e820f49406e3bb1a9f61dbb45,a-000001,eb640aa3eb5bb8ea4c65eee56077e41cd0cd57ac3eafc7af089d06bad05d7393,nccl-2.20.5-default,micro,3,129.536000,200,commcanary.rostam.physical.micro-measurement.v1,commcanary.rostam.physical.micro-producer.v1,45bb55bc4f905b84ad9f2c3e84de31982fd11f4b3f6fd370a1e908a39f4b40af,2855275288e67a1a2d0bbefff0740841fdf0ecf0,false,,8c5f30748596f665cca0bde76d4637074ffff3fa077387dd12b993cf98d2cee6,8ed67fd91812a2df60df7b2106174f5e62432f685aa8c750bfa4b6cba0b6222f,d458a987c2d4016ee4924f17e0f1177ff144a221ccc08a7ddb61733ec3a506ea,commcanary-wheel=954c9fe0ef908a448b5343c91e7d58e8785fc20a7fd029b699ca0e252614304d;environment-lock=d4b8b2dc177cb09cea84a5b5a51c99d4510a3270fe70286d2133382fbc4abd8b;param-patch-contract=182942ecf6ed3c0ea267b1660a19be8601c16768640dd6ef3f112601a0b26f34;rostam-catalog=a4926ec9b012724b926fbc583b865bb083b7ad6526fee9ffc3e95129717195b8,python -m experiments.rostam.analyze verify --run-directory experiments/rostam/results/core-20260724-r7 --selection-id primary --verdict-sha256 46d8012b3594c18c96ee1a3f1e063ceeaf5642068c6a6aa895e655bcfb257bdd --output-directory experiments/rostam/results/publications/core-20260724-r7-primary --archive-descriptor experiments/rostam/results/archives/core-20260724-r7-primary-46d8012b3594c18c96ee1a3f1e063ceeaf5642068c6a6aa895e655bcfb257bdd.raw-archive-descriptor.json --raw-archive experiments/rostam/results/archives/core-20260724-r7-primary-46d8012b3594c18c96ee1a3f1e063ceeaf5642068c6a6aa895e655bcfb257bdd.raw.tar.gz --baseline-config nccl-2.19.3-default --candidate-config nccl-2.20.5-default --median-threshold-pct 8.0 --median-absolute-threshold-us 1.0
measurement,COMPLETE,false,,core-20260724-r7,3bd321ec960c2bce0e6c0ff9aba8bb2be89cb19bdb99011a838cbd79068835b8,primary,d01db822c8e909fe2dbfac157bf62eeeb370a3eef45168f4eb1ff5023fbd4e3a,46d8012b3594c18c96ee1a3f1e063ceeaf5642068c6a6aa895e655bcfb257bdd,c-micro-nccl-2.20.5-defaul-r000004-5401c07cfd137062,5401c07cfd137062bec9eddd69036c8ca0e88486a78b1d80372ebaafd78072ed,a-000001,cccf27d5a0d8dba777485db03a79c164dd7012725d0b73bddda22c9382176d8f,nccl-2.20.5-default,micro,4,131.072000,200,commcanary.rostam.physical.micro-measurement.v1,commcanary.rostam.physical.micro-producer.v1,a508c0aae732ef22a588b0909f9ce17b08ef97e94986e6773086a218cb0a65b9,2855275288e67a1a2d0bbefff0740841fdf0ecf0,false,,8c5f30748596f665cca0bde76d4637074ffff3fa077387dd12b993cf98d2cee6,3ab0fd5dae93f7bc78d1159ae76240aaa3a90331601a1f064eefefe0ceffa0f1,0f213ff10f63c04a9a86e6ca282cbfefdc4502ff184f711384400d8c06054244,commcanary-wheel=954c9fe0ef908a448b5343c91e7d58e8785fc20a7fd029b699ca0e252614304d;environment-lock=d4b8b2dc177cb09cea84a5b5a51c99d4510a3270fe70286d2133382fbc4abd8b;param-patch-contract=182942ecf6ed3c0ea267b1660a19be8601c16768640dd6ef3f112601a0b26f34;rostam-catalog=a4926ec9b012724b926fbc583b865bb083b7ad6526fee9ffc3e95129717195b8,python -m experiments.rostam.analyze verify --run-directory experiments/rostam/results/core-20260724-r7 --selection-id primary --verdict-sha256 46d8012b3594c18c96ee1a3f1e063ceeaf5642068c6a6aa895e655bcfb257bdd --output-directory experiments/rostam/results/publications/core-20260724-r7-primary --archive-descriptor experiments/rostam/results/archives/core-20260724-r7-primary-46d8012b3594c18c96ee1a3f1e063ceeaf5642068c6a6aa895e655bcfb257bdd.raw-archive-descriptor.json --raw-archive experiments/rostam/results/archives/core-20260724-r7-primary-46d8012b3594c18c96ee1a3f1e063ceeaf5642068c6a6aa895e655bcfb257bdd.raw.tar.gz --baseline-config nccl-2.19.3-default --candidate-config nccl-2.20.5-default --median-threshold-pct 8.0 --median-absolute-threshold-us 1.0
measurement,COMPLETE,false,,core-20260724-r7,3bd321ec960c2bce0e6c0ff9aba8bb2be89cb19bdb99011a838cbd79068835b8,primary,d01db822c8e909fe2dbfac157bf62eeeb370a3eef45168f4eb1ff5023fbd4e3a,46d8012b3594c18c96ee1a3f1e063ceeaf5642068c6a6aa895e655bcfb257bdd,c-micro-nccl-2.20.5-ring-l-r000000-20e075f5c9d407d3,20e075f5c9d407d347d7ac4b2ba7008c316f0add53f4fcd1a77cce1ac51f3fab,a-000001,c0a0c81e23347d32bf4d3479c13bdfa4256f73489edb37bfeca77ed3be0ea044,nccl-2.20.5-ring-ll128,micro,0,109.568000,200,commcanary.rostam.physical.micro-measurement.v1,commcanary.rostam.physical.micro-producer.v1,81c05014105b613a61f6c0942145cfa6ec91403e3aa02808feb28e544eb1dd42,2855275288e67a1a2d0bbefff0740841fdf0ecf0,false,,8c5f30748596f665cca0bde76d4637074ffff3fa077387dd12b993cf98d2cee6,baa5642db25f32e411dd746216bf3d07efbea37aa134b607ae326f80f7b154b7,1aba0cc3ef7f363caaf2722d27a7541d49fc2c79d9828f6ff24ae9c0f6119bed,commcanary-wheel=954c9fe0ef908a448b5343c91e7d58e8785fc20a7fd029b699ca0e252614304d;environment-lock=d4b8b2dc177cb09cea84a5b5a51c99d4510a3270fe70286d2133382fbc4abd8b;param-patch-contract=182942ecf6ed3c0ea267b1660a19be8601c16768640dd6ef3f112601a0b26f34;rostam-catalog=a4926ec9b012724b926fbc583b865bb083b7ad6526fee9ffc3e95129717195b8,python -m experiments.rostam.analyze verify --run-directory experiments/rostam/results/core-20260724-r7 --selection-id primary --verdict-sha256 46d8012b3594c18c96ee1a3f1e063ceeaf5642068c6a6aa895e655bcfb257bdd --output-directory experiments/rostam/results/publications/core-20260724-r7-primary --archive-descriptor experiments/rostam/results/archives/core-20260724-r7-primary-46d8012b3594c18c96ee1a3f1e063ceeaf5642068c6a6aa895e655bcfb257bdd.raw-archive-descriptor.json --raw-archive experiments/rostam/results/archives/core-20260724-r7-primary-46d8012b3594c18c96ee1a3f1e063ceeaf5642068c6a6aa895e655bcfb257bdd.raw.tar.gz --baseline-config nccl-2.19.3-default --candidate-config nccl-2.20.5-default --median-threshold-pct 8.0 --median-absolute-threshold-us 1.0
measurement,COMPLETE,false,,core-20260724-r7,3bd321ec960c2bce0e6c0ff9aba8bb2be89cb19bdb99011a838cbd79068835b8,primary,d01db822c8e909fe2dbfac157bf62eeeb370a3eef45168f4eb1ff5023fbd4e3a,46d8012b3594c18c96ee1a3f1e063ceeaf5642068c6a6aa895e655bcfb257bdd,c-micro-nccl-2.20.5-ring-l-r000000-bc8831d53f071e39,bc8831d53f071e3973867f57907b39528893bdfc33bc76ac0dd7f46405e5173d,a-000001,2e412347c1d4235260e3c644d9498c177e6ee55dafdabacfa59c9df7bbf524f6,nccl-2.20.5-ring-ll,micro,0,109.056000,200,commcanary.rostam.physical.micro-measurement.v1,commcanary.rostam.physical.micro-producer.v1,83b41a0228994d6e69da36ba7125fbaee9e135b0a16751bf8c9953e734642dac,2855275288e67a1a2d0bbefff0740841fdf0ecf0,false,,8c5f30748596f665cca0bde76d4637074ffff3fa077387dd12b993cf98d2cee6,958ec11d22f99ee098756a079bb0361f93059e50d326bf94ebf5b02da3bdb186,d0e94f2ac419f15b12e1de18acd16c0b65999c8c8a16d8a186ff2d792dfc5d83,commcanary-wheel=954c9fe0ef908a448b5343c91e7d58e8785fc20a7fd029b699ca0e252614304d;environment-lock=d4b8b2dc177cb09cea84a5b5a51c99d4510a3270fe70286d2133382fbc4abd8b;param-patch-contract=182942ecf6ed3c0ea267b1660a19be8601c16768640dd6ef3f112601a0b26f34;rostam-catalog=a4926ec9b012724b926fbc583b865bb083b7ad6526fee9ffc3e95129717195b8,python -m experiments.rostam.analyze verify --run-directory experiments/rostam/results/core-20260724-r7 --selection-id primary --verdict-sha256 46d8012b3594c18c96ee1a3f1e063ceeaf5642068c6a6aa895e655bcfb257bdd --output-directory experiments/rostam/results/publications/core-20260724-r7-primary --archive-descriptor experiments/rostam/results/archives/core-20260724-r7-primary-46d8012b3594c18c96ee1a3f1e063ceeaf5642068c6a6aa895e655bcfb257bdd.raw-archive-descriptor.json --raw-archive experiments/rostam/results/archives/core-20260724-r7-primary-46d8012b3594c18c96ee1a3f1e063ceeaf5642068c6a6aa895e655bcfb257bdd.raw.tar.gz --baseline-config nccl-2.19.3-default --candidate-config nccl-2.20.5-default --median-threshold-pct 8.0 --median-absolute-threshold-us 1.0
measurement,COMPLETE,false,,core-20260724-r7,3bd321ec960c2bce0e6c0ff9aba8bb2be89cb19bdb99011a838cbd79068835b8,primary,d01db822c8e909fe2dbfac157bf62eeeb370a3eef45168f4eb1ff5023fbd4e3a,46d8012b3594c18c96ee1a3f1e063ceeaf5642068c6a6aa895e655bcfb257bdd,c-micro-nccl-2.20.5-ring-l-r000001-78356deeb7891b72,78356deeb7891b7290b34a25a9e952ed857511d79029f1ab6349bd675a58f8db,a-000001,a57faca3f2a9fe6f2f17a66134bfe9abf91bd578db3726778aeb57b3f59a710f,nccl-2.20.5-ring-ll,micro,1,104.448000,200,commcanary.rostam.physical.micro-measurement.v1,commcanary.rostam.physical.micro-producer.v1,3d47da9dd3a06d292214e3ea1cf899a7626d0f9803217492e4885791891e01da,2855275288e67a1a2d0bbefff0740841fdf0ecf0,false,,8c5f30748596f665cca0bde76d4637074ffff3fa077387dd12b993cf98d2cee6,6c5d3109fa9f61b972aab647bf443aff45b88ede41b7664712a3c329e301e75d,d979efbde9dbece02b906e18da25d64ff634080b6935ce42a45b1b06d1dba90d,commcanary-wheel=954c9fe0ef908a448b5343c91e7d58e8785fc20a7fd029b699ca0e252614304d;environment-lock=d4b8b2dc177cb09cea84a5b5a51c99d4510a3270fe70286d2133382fbc4abd8b;param-patch-contract=182942ecf6ed3c0ea267b1660a19be8601c16768640dd6ef3f112601a0b26f34;rostam-catalog=a4926ec9b012724b926fbc583b865bb083b7ad6526fee9ffc3e95129717195b8,python -m experiments.rostam.analyze verify --run-directory experiments/rostam/results/core-20260724-r7 --selection-id primary --verdict-sha256 46d8012b3594c18c96ee1a3f1e063ceeaf5642068c6a6aa895e655bcfb257bdd --output-directory experiments/rostam/results/publications/core-20260724-r7-primary --archive-descriptor experiments/rostam/results/archives/core-20260724-r7-primary-46d8012b3594c18c96ee1a3f1e063ceeaf5642068c6a6aa895e655bcfb257bdd.raw-archive-descriptor.json --raw-archive experiments/rostam/results/archives/core-20260724-r7-primary-46d8012b3594c18c96ee1a3f1e063ceeaf5642068c6a6aa895e655bcfb257bdd.raw.tar.gz --baseline-config nccl-2.19.3-default --candidate-config nccl-2.20.5-default --median-threshold-pct 8.0 --median-absolute-threshold-us 1.0
measurement,COMPLETE,false,,core-20260724-r7,3bd321ec960c2bce0e6c0ff9aba8bb2be89cb19bdb99011a838cbd79068835b8,primary,d01db822c8e909fe2dbfac157bf62eeeb370a3eef45168f4eb1ff5023fbd4e3a,46d8012b3594c18c96ee1a3f1e063ceeaf5642068c6a6aa895e655bcfb257bdd,c-micro-nccl-2.20.5-ring-l-r000001-ac025854b56fa8e7,ac025854b56fa8e71c492c05b3ca7876b0931eb02407ef648d56fe964e1c216d,a-000001,5c86d4b9c231960e832e677e9add092b4f95e14c800319d308c34bbb9ca2f527,nccl-2.20.5-ring-ll128,micro,1,110.080000,200,commcanary.rostam.physical.micro-measurement.v1,commcanary.rostam.physical.micro-producer.v1,ff0e15e327544665b075d6ebc102eb97508aa520131ee59140366c86cb191d4e,2855275288e67a1a2d0bbefff0740841fdf0ecf0,false,,8c5f30748596f665cca0bde76d4637074ffff3fa077387dd12b993cf98d2cee6,8057036d6b1f4706e595eb813cef37c2a8d512fcbe02bc7ef7ef6696a09c8cfa,128b2c978df734f752a0811b1754bd9427cb29f88e7f455ee6b12a95147b1d70,commcanary-wheel=954c9fe0ef908a448b5343c91e7d58e8785fc20a7fd029b699ca0e252614304d;environment-lock=d4b8b2dc177cb09cea84a5b5a51c99d4510a3270fe70286d2133382fbc4abd8b;param-patch-contract=182942ecf6ed3c0ea267b1660a19be8601c16768640dd6ef3f112601a0b26f34;rostam-catalog=a4926ec9b012724b926fbc583b865bb083b7ad6526fee9ffc3e95129717195b8,python -m experiments.rostam.analyze verify --run-directory experiments/rostam/results/core-20260724-r7 --selection-id primary --verdict-sha256 46d8012b3594c18c96ee1a3f1e063ceeaf5642068c6a6aa895e655bcfb257bdd --output-directory experiments/rostam/results/publications/core-20260724-r7-primary --archive-descriptor experiments/rostam/results/archives/core-20260724-r7-primary-46d8012b3594c18c96ee1a3f1e063ceeaf5642068c6a6aa895e655bcfb257bdd.raw-archive-descriptor.json --raw-archive experiments/rostam/results/archives/core-20260724-r7-primary-46d8012b3594c18c96ee1a3f1e063ceeaf5642068c6a6aa895e655bcfb257bdd.raw.tar.gz --baseline-config nccl-2.19.3-default --candidate-config nccl-2.20.5-default --median-threshold-pct 8.0 --median-absolute-threshold-us 1.0
measurement,COMPLETE,false,,core-20260724-r7,3bd321ec960c2bce0e6c0ff9aba8bb2be89cb19bdb99011a838cbd79068835b8,primary,d01db822c8e909fe2dbfac157bf62eeeb370a3eef45168f4eb1ff5023fbd4e3a,46d8012b3594c18c96ee1a3f1e063ceeaf5642068c6a6aa895e655bcfb257bdd,c-micro-nccl-2.20.5-ring-l-r000002-836cd8f6e50fcbc0,836cd8f6e50fcbc0640bbef87b9ea46723242ce1c57203c5154c1f66ff55171e,a-000001,e5fea8d356c03dacc256c34e335bb7e213ecce4866fb65df5b57f6a7e6258240,nccl-2.20.5-ring-ll,micro,2,104.960000,200,commcanary.rostam.physical.micro-measurement.v1,commcanary.rostam.physical.micro-producer.v1,428f163d3566bfea5d6d5fe5ef4eddde69b62dab3961950104d6d00796cf3668,2855275288e67a1a2d0bbefff0740841fdf0ecf0,false,,8c5f30748596f665cca0bde76d4637074ffff3fa077387dd12b993cf98d2cee6,c2eec4fa2756e62b02508a37117539c74184c8a41ea123d553a92a17e8c7788d,576b91def5f5c84138e7ea819893e8b7c55729727651c049f2e16287a675aab1,commcanary-wheel=954c9fe0ef908a448b5343c91e7d58e8785fc20a7fd029b699ca0e252614304d;environment-lock=d4b8b2dc177cb09cea84a5b5a51c99d4510a3270fe70286d2133382fbc4abd8b;param-patch-contract=182942ecf6ed3c0ea267b1660a19be8601c16768640dd6ef3f112601a0b26f34;rostam-catalog=a4926ec9b012724b926fbc583b865bb083b7ad6526fee9ffc3e95129717195b8,python -m experiments.rostam.analyze verify --run-directory experiments/rostam/results/core-20260724-r7 --selection-id primary --verdict-sha256 46d8012b3594c18c96ee1a3f1e063ceeaf5642068c6a6aa895e655bcfb257bdd --output-directory experiments/rostam/results/publications/core-20260724-r7-primary --archive-descriptor experiments/rostam/results/archives/core-20260724-r7-primary-46d8012b3594c18c96ee1a3f1e063ceeaf5642068c6a6aa895e655bcfb257bdd.raw-archive-descriptor.json --raw-archive experiments/rostam/results/archives/core-20260724-r7-primary-46d8012b3594c18c96ee1a3f1e063ceeaf5642068c6a6aa895e655bcfb257bdd.raw.tar.gz --baseline-config nccl-2.19.3-default --candidate-config nccl-2.20.5-default --median-threshold-pct 8.0 --median-absolute-threshold-us 1.0
measurement,COMPLETE,false,,core-20260724-r7,3bd321ec960c2bce0e6c0ff9aba8bb2be89cb19bdb99011a838cbd79068835b8,primary,d01db822c8e909fe2dbfac157bf62eeeb370a3eef45168f4eb1ff5023fbd4e3a,46d8012b3594c18c96ee1a3f1e063ceeaf5642068c6a6aa895e655bcfb257bdd,c-micro-nccl-2.20.5-ring-l-r000002-d83c7163ba493c36,d83c7163ba493c36cf2a981fdcdacd24122ac2909e6167056a7ed4248542c75a,a-000001,591d9a7003103ab1e06e7a42dc192cf77e844df5e2edd79600c24bc95cdddf80,nccl-2.20.5-ring-ll128,micro,2,111.616000,200,commcanary.rostam.physical.micro-measurement.v1,commcanary.rostam.physical.micro-producer.v1,4e1d3286463d07274564210f4146686fc018da078f0daacb1f6654dfd7cdf1c3,2855275288e67a1a2d0bbefff0740841fdf0ecf0,false,,8c5f30748596f665cca0bde76d4637074ffff3fa077387dd12b993cf98d2cee6,fd5f4022fe292abcd548e4c6828feb4fd7bae37f30eda27f49635433286692d5,dfa6d215ef180c751204479097f25e269864bf79d4397790b0a2318ad0dd6229,commcanary-wheel=954c9fe0ef908a448b5343c91e7d58e8785fc20a7fd029b699ca0e252614304d;environment-lock=d4b8b2dc177cb09cea84a5b5a51c99d4510a3270fe70286d2133382fbc4abd8b;param-patch-contract=182942ecf6ed3c0ea267b1660a19be8601c16768640dd6ef3f112601a0b26f34;rostam-catalog=a4926ec9b012724b926fbc583b865bb083b7ad6526fee9ffc3e95129717195b8,python -m experiments.rostam.analyze verify --run-directory experiments/rostam/results/core-20260724-r7 --selection-id primary --verdict-sha256 46d8012b3594c18c96ee1a3f1e063ceeaf5642068c6a6aa895e655bcfb257bdd --output-directory experiments/rostam/results/publications/core-20260724-r7-primary --archive-descriptor experiments/rostam/results/archives/core-20260724-r7-primary-46d8012b3594c18c96ee1a3f1e063ceeaf5642068c6a6aa895e655bcfb257bdd.raw-archive-descriptor.json --raw-archive experiments/rostam/results/archives/core-20260724-r7-primary-46d8012b3594c18c96ee1a3f1e063ceeaf5642068c6a6aa895e655bcfb257bdd.raw.tar.gz --baseline-config nccl-2.19.3-default --candidate-config nccl-2.20.5-default --median-threshold-pct 8.0 --median-absolute-threshold-us 1.0
measurement,COMPLETE,false,,core-20260724-r7,3bd321ec960c2bce0e6c0ff9aba8bb2be89cb19bdb99011a838cbd79068835b8,primary,d01db822c8e909fe2dbfac157bf62eeeb370a3eef45168f4eb1ff5023fbd4e3a,46d8012b3594c18c96ee1a3f1e063ceeaf5642068c6a6aa895e655bcfb257bdd,c-micro-nccl-2.20.5-ring-l-r000003-4ac6965caecb6aa1,4ac6965caecb6aa14a30f81c78fbb5c49e6025b87242c8d7598b166c3850feab,a-000001,257689ac4b528c88cff37d6895c96802fa9863ba3058ab3b574e1b2a75a8cef1,nccl-2.20.5-ring-ll,micro,3,107.520000,200,commcanary.rostam.physical.micro-measurement.v1,commcanary.rostam.physical.micro-producer.v1,58357d2804170dd81cbb8fcbc134dde06087a3eded291b9db938886acacf2970,2855275288e67a1a2d0bbefff0740841fdf0ecf0,false,,8c5f30748596f665cca0bde76d4637074ffff3fa077387dd12b993cf98d2cee6,0922cba98929e1a3cc479539da210936b01aac541d6e22af5ebd3d0434c7ac4e,12520e5d82658857c92ad0528bdbb6a1840b10605176534ed43b1a7a83be665d,commcanary-wheel=954c9fe0ef908a448b5343c91e7d58e8785fc20a7fd029b699ca0e252614304d;environment-lock=d4b8b2dc177cb09cea84a5b5a51c99d4510a3270fe70286d2133382fbc4abd8b;param-patch-contract=182942ecf6ed3c0ea267b1660a19be8601c16768640dd6ef3f112601a0b26f34;rostam-catalog=a4926ec9b012724b926fbc583b865bb083b7ad6526fee9ffc3e95129717195b8,python -m experiments.rostam.analyze verify --run-directory experiments/rostam/results/core-20260724-r7 --selection-id primary --verdict-sha256 46d8012b3594c18c96ee1a3f1e063ceeaf5642068c6a6aa895e655bcfb257bdd --output-directory experiments/rostam/results/publications/core-20260724-r7-primary --archive-descriptor experiments/rostam/results/archives/core-20260724-r7-primary-46d8012b3594c18c96ee1a3f1e063ceeaf5642068c6a6aa895e655bcfb257bdd.raw-archive-descriptor.json --raw-archive experiments/rostam/results/archives/core-20260724-r7-primary-46d8012b3594c18c96ee1a3f1e063ceeaf5642068c6a6aa895e655bcfb257bdd.raw.tar.gz --baseline-config nccl-2.19.3-default --candidate-config nccl-2.20.5-default --median-threshold-pct 8.0 --median-absolute-threshold-us 1.0
measurement,COMPLETE,false,,core-20260724-r7,3bd321ec960c2bce0e6c0ff9aba8bb2be89cb19bdb99011a838cbd79068835b8,primary,d01db822c8e909fe2dbfac157bf62eeeb370a3eef45168f4eb1ff5023fbd4e3a,46d8012b3594c18c96ee1a3f1e063ceeaf5642068c6a6aa895e655bcfb257bdd,c-micro-nccl-2.20.5-ring-l-r000003-f21d6941c120720a,f21d6941c120720a81c0bf1ad8b968a22d42293893fed2af5e15f7c93bda826f,a-000001,e3d81cb9c094210519cd446e25180f215f51a061e1f96818c5af11b7754369fb,nccl-2.20.5-ring-ll128,micro,3,111.616000,200,commcanary.rostam.physical.micro-measurement.v1,commcanary.rostam.physical.micro-producer.v1,2bc0164bb0a77571189c8ab98d2ddd2fc15cf3b68429070b9801a34ae1e5e1ac,2855275288e67a1a2d0bbefff0740841fdf0ecf0,false,,8c5f30748596f665cca0bde76d4637074ffff3fa077387dd12b993cf98d2cee6,394fe444ef5454a88199a821233d6a04ea41c77d7d0a8891df2c1e40c36bb5fd,71d561604c93501567ca4a34f6aac5ba6cc155aca730e4704a51ab3e43b3ddb5,commcanary-wheel=954c9fe0ef908a448b5343c91e7d58e8785fc20a7fd029b699ca0e252614304d;environment-lock=d4b8b2dc177cb09cea84a5b5a51c99d4510a3270fe70286d2133382fbc4abd8b;param-patch-contract=182942ecf6ed3c0ea267b1660a19be8601c16768640dd6ef3f112601a0b26f34;rostam-catalog=a4926ec9b012724b926fbc583b865bb083b7ad6526fee9ffc3e95129717195b8,python -m experiments.rostam.analyze verify --run-directory experiments/rostam/results/core-20260724-r7 --selection-id primary --verdict-sha256 46d8012b3594c18c96ee1a3f1e063ceeaf5642068c6a6aa895e655bcfb257bdd --output-directory experiments/rostam/results/publications/core-20260724-r7-primary --archive-descriptor experiments/rostam/results/archives/core-20260724-r7-primary-46d8012b3594c18c96ee1a3f1e063ceeaf5642068c6a6aa895e655bcfb257bdd.raw-archive-descriptor.json --raw-archive experiments/rostam/results/archives/core-20260724-r7-primary-46d8012b3594c18c96ee1a3f1e063ceeaf5642068c6a6aa895e655bcfb257bdd.raw.tar.gz --baseline-config nccl-2.19.3-default --candidate-config nccl-2.20.5-default --median-threshold-pct 8.0 --median-absolute-threshold-us 1.0
measurement,COMPLETE,false,,core-20260724-r7,3bd321ec960c2bce0e6c0ff9aba8bb2be89cb19bdb99011a838cbd79068835b8,primary,d01db822c8e909fe2dbfac157bf62eeeb370a3eef45168f4eb1ff5023fbd4e3a,46d8012b3594c18c96ee1a3f1e063ceeaf5642068c6a6aa895e655bcfb257bdd,c-micro-nccl-2.20.5-ring-l-r000004-6bb6e1dbaff07744,6bb6e1dbaff07744ddd7b83948b626a593b58ec2013e70dc2cbec82a59bd06ec,a-000001,6b9fe791a35167be968dab3cafdc3acf5f0ee6ab02d1b16fa078e244304e9dcd,nccl-2.20.5-ring-ll128,micro,4,109.568000,200,commcanary.rostam.physical.micro-measurement.v1,commcanary.rostam.physical.micro-producer.v1,d55aefa4a2e61cbcae091f5f05157e7da5643181a21dc673a9cd38b823be1f4a,2855275288e67a1a2d0bbefff0740841fdf0ecf0,false,,8c5f30748596f665cca0bde76d4637074ffff3fa077387dd12b993cf98d2cee6,a62f0351f0178b9d208eb1c64491dc0529b99637b5c9d9a723d37b4e211dbed5,12837072a8ed79eea3e881962da6f3062fb87c74282f50ca8f521ad3fd2a09b7,commcanary-wheel=954c9fe0ef908a448b5343c91e7d58e8785fc20a7fd029b699ca0e252614304d;environment-lock=d4b8b2dc177cb09cea84a5b5a51c99d4510a3270fe70286d2133382fbc4abd8b;param-patch-contract=182942ecf6ed3c0ea267b1660a19be8601c16768640dd6ef3f112601a0b26f34;rostam-catalog=a4926ec9b012724b926fbc583b865bb083b7ad6526fee9ffc3e95129717195b8,python -m experiments.rostam.analyze verify --run-directory experiments/rostam/results/core-20260724-r7 --selection-id primary --verdict-sha256 46d8012b3594c18c96ee1a3f1e063ceeaf5642068c6a6aa895e655bcfb257bdd --output-directory experiments/rostam/results/publications/core-20260724-r7-primary --archive-descriptor experiments/rostam/results/archives/core-20260724-r7-primary-46d8012b3594c18c96ee1a3f1e063ceeaf5642068c6a6aa895e655bcfb257bdd.raw-archive-descriptor.json --raw-archive experiments/rostam/results/archives/core-20260724-r7-primary-46d8012b3594c18c96ee1a3f1e063ceeaf5642068c6a6aa895e655bcfb257bdd.raw.tar.gz --baseline-config nccl-2.19.3-default --candidate-config nccl-2.20.5-default --median-threshold-pct 8.0 --median-absolute-threshold-us 1.0
measurement,COMPLETE,false,,core-20260724-r7,3bd321ec960c2bce0e6c0ff9aba8bb2be89cb19bdb99011a838cbd79068835b8,primary,d01db822c8e909fe2dbfac157bf62eeeb370a3eef45168f4eb1ff5023fbd4e3a,46d8012b3594c18c96ee1a3f1e063ceeaf5642068c6a6aa895e655bcfb257bdd,c-micro-nccl-2.20.5-ring-l-r000004-e532f64691b11488,e532f64691b11488667d6a846f3be1caf8a516719f6b5cd99b0e56a0810d9167,a-000001,e47b3ee6bae28b7b656eba06f407dcf57ca55cf5190824a2cb35c640b35a492e,nccl-2.20.5-ring-ll,micro,4,104.960000,200,commcanary.rostam.physical.micro-measurement.v1,commcanary.rostam.physical.micro-producer.v1,269e8ed66c60e51514ef83d7c5a6bbf149053da42a6b5f7ed71d5e1544039b92,2855275288e67a1a2d0bbefff0740841fdf0ecf0,false,,8c5f30748596f665cca0bde76d4637074ffff3fa077387dd12b993cf98d2cee6,6d851e024a669da76cc819209e1c1bacf4dcb38d13e6349433237f3157e745da,83cb4cbbf86ff02229445aa6a73a83881a0794ce3845b7e960468bb5c0793201,commcanary-wheel=954c9fe0ef908a448b5343c91e7d58e8785fc20a7fd029b699ca0e252614304d;environment-lock=d4b8b2dc177cb09cea84a5b5a51c99d4510a3270fe70286d2133382fbc4abd8b;param-patch-contract=182942ecf6ed3c0ea267b1660a19be8601c16768640dd6ef3f112601a0b26f34;rostam-catalog=a4926ec9b012724b926fbc583b865bb083b7ad6526fee9ffc3e95129717195b8,python -m experiments.rostam.analyze verify --run-directory experiments/rostam/results/core-20260724-r7 --selection-id primary --verdict-sha256 46d8012b3594c18c96ee1a3f1e063ceeaf5642068c6a6aa895e655bcfb257bdd --output-directory experiments/rostam/results/publications/core-20260724-r7-primary --archive-descriptor experiments/rostam/results/archives/core-20260724-r7-primary-46d8012b3594c18c96ee1a3f1e063ceeaf5642068c6a6aa895e655bcfb257bdd.raw-archive-descriptor.json --raw-archive experiments/rostam/results/archives/core-20260724-r7-primary-46d8012b3594c18c96ee1a3f1e063ceeaf5642068c6a6aa895e655bcfb257bdd.raw.tar.gz --baseline-config nccl-2.19.3-default --candidate-config nccl-2.20.5-default --median-threshold-pct 8.0 --median-absolute-threshold-us 1.0
measurement,COMPLETE,false,,core-20260724-r7,3bd321ec960c2bce0e6c0ff9aba8bb2be89cb19bdb99011a838cbd79068835b8,primary,d01db822c8e909fe2dbfac157bf62eeeb370a3eef45168f4eb1ff5023fbd4e3a,46d8012b3594c18c96ee1a3f1e063ceeaf5642068c6a6aa895e655bcfb257bdd,c-micro-nccl-2.20.5-ring-s-r000000-60b9a3564ebe2a89,60b9a3564ebe2a892f43a65308602a4086407cbe17386bf6073f60c46177df66,a-000001,c948d4a799e5ebd88c49e9d4042e6d24fc9bd37a658729ee57bd103ddfcb50ad,nccl-2.20.5-ring-simple,micro,0,131.072000,200,commcanary.rostam.physical.micro-measurement.v1,commcanary.rostam.physical.micro-producer.v1,028ea27fa4f066ab1f2f2cc20281854cf8fceea7e4beee032032161f19485fb1,2855275288e67a1a2d0bbefff0740841fdf0ecf0,false,,8c5f30748596f665cca0bde76d4637074ffff3fa077387dd12b993cf98d2cee6,d2c6fb41c51f3ce38bb292d0a2b79bf30d205ddcb34ecd35caac97657067f375,570fd48d350fbf1faf4239b735705bcaaff8b7372229f319a3d5023ca91f80ac,commcanary-wheel=954c9fe0ef908a448b5343c91e7d58e8785fc20a7fd029b699ca0e252614304d;environment-lock=d4b8b2dc177cb09cea84a5b5a51c99d4510a3270fe70286d2133382fbc4abd8b;param-patch-contract=182942ecf6ed3c0ea267b1660a19be8601c16768640dd6ef3f112601a0b26f34;rostam-catalog=a4926ec9b012724b926fbc583b865bb083b7ad6526fee9ffc3e95129717195b8,python -m experiments.rostam.analyze verify --run-directory experiments/rostam/results/core-20260724-r7 --selection-id primary --verdict-sha256 46d8012b3594c18c96ee1a3f1e063ceeaf5642068c6a6aa895e655bcfb257bdd --output-directory experiments/rostam/results/publications/core-20260724-r7-primary --archive-descriptor experiments/rostam/results/archives/core-20260724-r7-primary-46d8012b3594c18c96ee1a3f1e063ceeaf5642068c6a6aa895e655bcfb257bdd.raw-archive-descriptor.json --raw-archive experiments/rostam/results/archives/core-20260724-r7-primary-46d8012b3594c18c96ee1a3f1e063ceeaf5642068c6a6aa895e655bcfb257bdd.raw.tar.gz --baseline-config nccl-2.19.3-default --candidate-config nccl-2.20.5-default --median-threshold-pct 8.0 --median-absolute-threshold-us 1.0
measurement,COMPLETE,false,,core-20260724-r7,3bd321ec960c2bce0e6c0ff9aba8bb2be89cb19bdb99011a838cbd79068835b8,primary,d01db822c8e909fe2dbfac157bf62eeeb370a3eef45168f4eb1ff5023fbd4e3a,46d8012b3594c18c96ee1a3f1e063ceeaf5642068c6a6aa895e655bcfb257bdd,c-micro-nccl-2.20.5-ring-s-r000001-3e8fc94f513a5f5e,3e8fc94f513a5f5eb6d1067adc16bd26d371ed00b169bee326faa6d15ff103cd,a-000001,fd66ae475d307c95fc95aaecab1ef3cd194954f365a2f1407e6a5021a0c5bfbe,nccl-2.20.5-ring-simple,micro,1,130.048000,200,commcanary.rostam.physical.micro-measurement.v1,commcanary.rostam.physical.micro-producer.v1,c956dcc528bbdadfcce60438c60114661718118a4fd4913584129d8772ee0ae2,2855275288e67a1a2d0bbefff0740841fdf0ecf0,false,,8c5f30748596f665cca0bde76d4637074ffff3fa077387dd12b993cf98d2cee6,d68d13f18efa64fe6945c6c67a508c3e96b4719d54f0da72c399ec37d405c530,5df53bcac8cd8d293799aaa2db3f1b665f328e3cf4b589314eb881cdc95ecb68,commcanary-wheel=954c9fe0ef908a448b5343c91e7d58e8785fc20a7fd029b699ca0e252614304d;environment-lock=d4b8b2dc177cb09cea84a5b5a51c99d4510a3270fe70286d2133382fbc4abd8b;param-patch-contract=182942ecf6ed3c0ea267b1660a19be8601c16768640dd6ef3f112601a0b26f34;rostam-catalog=a4926ec9b012724b926fbc583b865bb083b7ad6526fee9ffc3e95129717195b8,python -m experiments.rostam.analyze verify --run-directory experiments/rostam/results/core-20260724-r7 --selection-id primary --verdict-sha256 46d8012b3594c18c96ee1a3f1e063ceeaf5642068c6a6aa895e655bcfb257bdd --output-directory experiments/rostam/results/publications/core-20260724-r7-primary --archive-descriptor experiments/rostam/results/archives/core-20260724-r7-primary-46d8012b3594c18c96ee1a3f1e063ceeaf5642068c6a6aa895e655bcfb257bdd.raw-archive-descriptor.json --raw-archive experiments/rostam/results/archives/core-20260724-r7-primary-46d8012b3594c18c96ee1a3f1e063ceeaf5642068c6a6aa895e655bcfb257bdd.raw.tar.gz --baseline-config nccl-2.19.3-default --candidate-config nccl-2.20.5-default --median-threshold-pct 8.0 --median-absolute-threshold-us 1.0
measurement,COMPLETE,false,,core-20260724-r7,3bd321ec960c2bce0e6c0ff9aba8bb2be89cb19bdb99011a838cbd79068835b8,primary,d01db822c8e909fe2dbfac157bf62eeeb370a3eef45168f4eb1ff5023fbd4e3a,46d8012b3594c18c96ee1a3f1e063ceeaf5642068c6a6aa895e655bcfb257bdd,c-micro-nccl-2.20.5-ring-s-r000002-56cec0aa581b96f6,56cec0aa581b96f66bcdf20c3f4c152f0e641e64c1de6d6831864e4378015f9c,a-000001,12ca4b89819e299ac88c967b4fe9a2b2d230f0ee5854b53c655036228b5ed54d,nccl-2.20.5-ring-simple,micro,2,131.584000,200,commcanary.rostam.physical.micro-measurement.v1,commcanary.rostam.physical.micro-producer.v1,c5d9b953f7b10495bc5bd9a40fccbe4586bcea18b2ebc983785e5e363e7b19ee,2855275288e67a1a2d0bbefff0740841fdf0ecf0,false,,8c5f30748596f665cca0bde76d4637074ffff3fa077387dd12b993cf98d2cee6,2c93f972e236a1ef03c9455da88960c9a7db2d6064562c55583a949eedbc5f52,250d03e1826f309203b55ce0899448e0850f02c87e9e72678f001c64f8bce693,commcanary-wheel=954c9fe0ef908a448b5343c91e7d58e8785fc20a7fd029b699ca0e252614304d;environment-lock=d4b8b2dc177cb09cea84a5b5a51c99d4510a3270fe70286d2133382fbc4abd8b;param-patch-contract=182942ecf6ed3c0ea267b1660a19be8601c16768640dd6ef3f112601a0b26f34;rostam-catalog=a4926ec9b012724b926fbc583b865bb083b7ad6526fee9ffc3e95129717195b8,python -m experiments.rostam.analyze verify --run-directory experiments/rostam/results/core-20260724-r7 --selection-id primary --verdict-sha256 46d8012b3594c18c96ee1a3f1e063ceeaf5642068c6a6aa895e655bcfb257bdd --output-directory experiments/rostam/results/publications/core-20260724-r7-primary --archive-descriptor experiments/rostam/results/archives/core-20260724-r7-primary-46d8012b3594c18c96ee1a3f1e063ceeaf5642068c6a6aa895e655bcfb257bdd.raw-archive-descriptor.json --raw-archive experiments/rostam/results/archives/core-20260724-r7-primary-46d8012b3594c18c96ee1a3f1e063ceeaf5642068c6a6aa895e655bcfb257bdd.raw.tar.gz --baseline-config nccl-2.19.3-default --candidate-config nccl-2.20.5-default --median-threshold-pct 8.0 --median-absolute-threshold-us 1.0
measurement,COMPLETE,false,,core-20260724-r7,3bd321ec960c2bce0e6c0ff9aba8bb2be89cb19bdb99011a838cbd79068835b8,primary,d01db822c8e909fe2dbfac157bf62eeeb370a3eef45168f4eb1ff5023fbd4e3a,46d8012b3594c18c96ee1a3f1e063ceeaf5642068c6a6aa895e655bcfb257bdd,c-micro-nccl-2.20.5-ring-s-r000003-c657021bf9f6e9d1,c657021bf9f6e9d1c17d41c7760b8fb8bb4ae1dc0790306d1dd26ab2641ec3b9,a-000001,f80c2be0e707db8245d6949d8880962b9e1d6a94bf098d16a9d1a3e96381a31d,nccl-2.20.5-ring-simple,micro,3,128.000000,200,commcanary.rostam.physical.micro-measurement.v1,commcanary.rostam.physical.micro-producer.v1,95da890417ce1120b4682d8d9d7213dcf6118e96f8fdc1b3424083c19516022a,2855275288e67a1a2d0bbefff0740841fdf0ecf0,false,,8c5f30748596f665cca0bde76d4637074ffff3fa077387dd12b993cf98d2cee6,3ec2098cb353be6d8c212538b5da4d95ec006ce443c80464c3597287b46858a8,42725189e3e74ddeb1ce4c0598bf897a6f5cb5222a4dff2c053910640d027b38,commcanary-wheel=954c9fe0ef908a448b5343c91e7d58e8785fc20a7fd029b699ca0e252614304d;environment-lock=d4b8b2dc177cb09cea84a5b5a51c99d4510a3270fe70286d2133382fbc4abd8b;param-patch-contract=182942ecf6ed3c0ea267b1660a19be8601c16768640dd6ef3f112601a0b26f34;rostam-catalog=a4926ec9b012724b926fbc583b865bb083b7ad6526fee9ffc3e95129717195b8,python -m experiments.rostam.analyze verify --run-directory experiments/rostam/results/core-20260724-r7 --selection-id primary --verdict-sha256 46d8012b3594c18c96ee1a3f1e063ceeaf5642068c6a6aa895e655bcfb257bdd --output-directory experiments/rostam/results/publications/core-20260724-r7-primary --archive-descriptor experiments/rostam/results/archives/core-20260724-r7-primary-46d8012b3594c18c96ee1a3f1e063ceeaf5642068c6a6aa895e655bcfb257bdd.raw-archive-descriptor.json --raw-archive experiments/rostam/results/archives/core-20260724-r7-primary-46d8012b3594c18c96ee1a3f1e063ceeaf5642068c6a6aa895e655bcfb257bdd.raw.tar.gz --baseline-config nccl-2.19.3-default --candidate-config nccl-2.20.5-default --median-threshold-pct 8.0 --median-absolute-threshold-us 1.0
measurement,COMPLETE,false,,core-20260724-r7,3bd321ec960c2bce0e6c0ff9aba8bb2be89cb19bdb99011a838cbd79068835b8,primary,d01db822c8e909fe2dbfac157bf62eeeb370a3eef45168f4eb1ff5023fbd4e3a,46d8012b3594c18c96ee1a3f1e063ceeaf5642068c6a6aa895e655bcfb257bdd,c-micro-nccl-2.20.5-ring-s-r000004-14f20f2e2efa8bf5,14f20f2e2efa8bf56e48bbc66eb27dfb8893fc1cb006345949395b2375cb2aa3,a-000001,5f6358eafb691c2ef7ebf64aca305a2e191cac3705ddd427b57b440ded036c52,nccl-2.20.5-ring-simple,micro,4,131.072000,200,commcanary.rostam.physical.micro-measurement.v1,commcanary.rostam.physical.micro-producer.v1,c546c351b83e773708d0eb4ba804485cdc8a264f82dcc2a8c911fc58b6e84455,2855275288e67a1a2d0bbefff0740841fdf0ecf0,false,,8c5f30748596f665cca0bde76d4637074ffff3fa077387dd12b993cf98d2cee6,e9f515d744170eb04fd74edde1ed8d1a00c0862a42614e6509e35b156c52fdc7,0f2617bedd90fdb80ba78bd7c9142e399bbd0d38e1c2fe55404770e8636c1d88,commcanary-wheel=954c9fe0ef908a448b5343c91e7d58e8785fc20a7fd029b699ca0e252614304d;environment-lock=d4b8b2dc177cb09cea84a5b5a51c99d4510a3270fe70286d2133382fbc4abd8b;param-patch-contract=182942ecf6ed3c0ea267b1660a19be8601c16768640dd6ef3f112601a0b26f34;rostam-catalog=a4926ec9b012724b926fbc583b865bb083b7ad6526fee9ffc3e95129717195b8,python -m experiments.rostam.analyze verify --run-directory experiments/rostam/results/core-20260724-r7 --selection-id primary --verdict-sha256 46d8012b3594c18c96ee1a3f1e063ceeaf5642068c6a6aa895e655bcfb257bdd --output-directory experiments/rostam/results/publications/core-20260724-r7-primary --archive-descriptor experiments/rostam/results/archives/core-20260724-r7-primary-46d8012b3594c18c96ee1a3f1e063ceeaf5642068c6a6aa895e655bcfb257bdd.raw-archive-descriptor.json --raw-archive experiments/rostam/results/archives/core-20260724-r7-primary-46d8012b3594c18c96ee1a3f1e063ceeaf5642068c6a6aa895e655bcfb257bdd.raw.tar.gz --baseline-config nccl-2.19.3-default --candidate-config nccl-2.20.5-default --median-threshold-pct 8.0 --median-absolute-threshold-us 1.0
measurement,COMPLETE,false,,core-20260724-r7,3bd321ec960c2bce0e6c0ff9aba8bb2be89cb19bdb99011a838cbd79068835b8,primary,d01db822c8e909fe2dbfac157bf62eeeb370a3eef45168f4eb1ff5023fbd4e3a,46d8012b3594c18c96ee1a3f1e063ceeaf5642068c6a6aa895e655bcfb257bdd,c-micro-nccl-2.20.5-tree-l-r000000-6ebd17eaec317cce,6ebd17eaec317cce960c629f9a5a14fe1aae30aa8ee1fddd1b9b094967bd2eae,a-000001,73efb90ceea776fabf15194529b9cc7f38c6034facd496369cbeaee3f9d5d4c3,nccl-2.20.5-tree-ll,micro,0,152.576000,200,commcanary.rostam.physical.micro-measurement.v1,commcanary.rostam.physical.micro-producer.v1,4823a28f75069d4563066e6a2012d792456289b0075d689bb7f83e816091fb67,2855275288e67a1a2d0bbefff0740841fdf0ecf0,false,,8c5f30748596f665cca0bde76d4637074ffff3fa077387dd12b993cf98d2cee6,8c774273f2889c1d4667b4a7233b1d8eff185dbdf4546c178d5e0a6922181eda,303d39a27e2af52e1c4f8ceb5fed451f36ea8bae8755ea1e6d11c13e48b25133,commcanary-wheel=954c9fe0ef908a448b5343c91e7d58e8785fc20a7fd029b699ca0e252614304d;environment-lock=d4b8b2dc177cb09cea84a5b5a51c99d4510a3270fe70286d2133382fbc4abd8b;param-patch-contract=182942ecf6ed3c0ea267b1660a19be8601c16768640dd6ef3f112601a0b26f34;rostam-catalog=a4926ec9b012724b926fbc583b865bb083b7ad6526fee9ffc3e95129717195b8,python -m experiments.rostam.analyze verify --run-directory experiments/rostam/results/core-20260724-r7 --selection-id primary --verdict-sha256 46d8012b3594c18c96ee1a3f1e063ceeaf5642068c6a6aa895e655bcfb257bdd --output-directory experiments/rostam/results/publications/core-20260724-r7-primary --archive-descriptor experiments/rostam/results/archives/core-20260724-r7-primary-46d8012b3594c18c96ee1a3f1e063ceeaf5642068c6a6aa895e655bcfb257bdd.raw-archive-descriptor.json --raw-archive experiments/rostam/results/archives/core-20260724-r7-primary-46d8012b3594c18c96ee1a3f1e063ceeaf5642068c6a6aa895e655bcfb257bdd.raw.tar.gz --baseline-config nccl-2.19.3-default --candidate-config nccl-2.20.5-default --median-threshold-pct 8.0 --median-absolute-threshold-us 1.0
measurement,COMPLETE,false,,core-20260724-r7,3bd321ec960c2bce0e6c0ff9aba8bb2be89cb19bdb99011a838cbd79068835b8,primary,d01db822c8e909fe2dbfac157bf62eeeb370a3eef45168f4eb1ff5023fbd4e3a,46d8012b3594c18c96ee1a3f1e063ceeaf5642068c6a6aa895e655bcfb257bdd,c-micro-nccl-2.20.5-tree-l-r000000-aa02a9b08b02af7e,aa02a9b08b02af7ebd13a8ccd73dff75e147f303b1343fa4c8a33550126b1baa,a-000001,88dd948bf1f022061afc13df9d0ed777dcc1b37ef63374f70246289cf8897ce0,nccl-2.20.5-tree-ll128,micro,0,155.648000,200,commcanary.rostam.physical.micro-measurement.v1,commcanary.rostam.physical.micro-producer.v1,56baec1d08918ad89a79b81900acb641dad80c6da2640c064ba9a9e96424667d,2855275288e67a1a2d0bbefff0740841fdf0ecf0,false,,8c5f30748596f665cca0bde76d4637074ffff3fa077387dd12b993cf98d2cee6,b11e4004f816c0fbe62a5d3a0c11033ce8428b7b2a1dc49ab22064f86b1d20fe,8f3e800eecd9bcb4121c8ea435666b4601936f16e129a606faf0f716f7e9273c,commcanary-wheel=954c9fe0ef908a448b5343c91e7d58e8785fc20a7fd029b699ca0e252614304d;environment-lock=d4b8b2dc177cb09cea84a5b5a51c99d4510a3270fe70286d2133382fbc4abd8b;param-patch-contract=182942ecf6ed3c0ea267b1660a19be8601c16768640dd6ef3f112601a0b26f34;rostam-catalog=a4926ec9b012724b926fbc583b865bb083b7ad6526fee9ffc3e95129717195b8,python -m experiments.rostam.analyze verify --run-directory experiments/rostam/results/core-20260724-r7 --selection-id primary --verdict-sha256 46d8012b3594c18c96ee1a3f1e063ceeaf5642068c6a6aa895e655bcfb257bdd --output-directory experiments/rostam/results/publications/core-20260724-r7-primary --archive-descriptor experiments/rostam/results/archives/core-20260724-r7-primary-46d8012b3594c18c96ee1a3f1e063ceeaf5642068c6a6aa895e655bcfb257bdd.raw-archive-descriptor.json --raw-archive experiments/rostam/results/archives/core-20260724-r7-primary-46d8012b3594c18c96ee1a3f1e063ceeaf5642068c6a6aa895e655bcfb257bdd.raw.tar.gz --baseline-config nccl-2.19.3-default --candidate-config nccl-2.20.5-default --median-threshold-pct 8.0 --median-absolute-threshold-us 1.0
measurement,COMPLETE,false,,core-20260724-r7,3bd321ec960c2bce0e6c0ff9aba8bb2be89cb19bdb99011a838cbd79068835b8,primary,d01db822c8e909fe2dbfac157bf62eeeb370a3eef45168f4eb1ff5023fbd4e3a,46d8012b3594c18c96ee1a3f1e063ceeaf5642068c6a6aa895e655bcfb257bdd,c-micro-nccl-2.20.5-tree-l-r000001-080cb9585619249e,080cb9585619249e59999f56cc7c7c105ea4a7028c15fc6282f2b100a584ee4b,a-000001,ec0b44835f4bc795509853a5656a5c4bc8880081fb91d13b844f41eed29a78c3,nccl-2.20.5-tree-ll,micro,1,148.480000,200,commcanary.rostam.physical.micro-measurement.v1,commcanary.rostam.physical.micro-producer.v1,8b833a8e1b28bee74d1b45c1369f96d3461608f2d62a9f5c03c001d6f4aa2d4d,2855275288e67a1a2d0bbefff0740841fdf0ecf0,false,,8c5f30748596f665cca0bde76d4637074ffff3fa077387dd12b993cf98d2cee6,6c1eb4bc0586fe5e011039d66e5700d9b7919c7b1d933bc5ada2bb7ece94301e,207e169430ecd48dfb6f0f0aa41833f64e6a34ac2d7796f2a7804903ba190407,commcanary-wheel=954c9fe0ef908a448b5343c91e7d58e8785fc20a7fd029b699ca0e252614304d;environment-lock=d4b8b2dc177cb09cea84a5b5a51c99d4510a3270fe70286d2133382fbc4abd8b;param-patch-contract=182942ecf6ed3c0ea267b1660a19be8601c16768640dd6ef3f112601a0b26f34;rostam-catalog=a4926ec9b012724b926fbc583b865bb083b7ad6526fee9ffc3e95129717195b8,python -m experiments.rostam.analyze verify --run-directory experiments/rostam/results/core-20260724-r7 --selection-id primary --verdict-sha256 46d8012b3594c18c96ee1a3f1e063ceeaf5642068c6a6aa895e655bcfb257bdd --output-directory experiments/rostam/results/publications/core-20260724-r7-primary --archive-descriptor experiments/rostam/results/archives/core-20260724-r7-primary-46d8012b3594c18c96ee1a3f1e063ceeaf5642068c6a6aa895e655bcfb257bdd.raw-archive-descriptor.json --raw-archive experiments/rostam/results/archives/core-20260724-r7-primary-46d8012b3594c18c96ee1a3f1e063ceeaf5642068c6a6aa895e655bcfb257bdd.raw.tar.gz --baseline-config nccl-2.19.3-default --candidate-config nccl-2.20.5-default --median-threshold-pct 8.0 --median-absolute-threshold-us 1.0
measurement,COMPLETE,false,,core-20260724-r7,3bd321ec960c2bce0e6c0ff9aba8bb2be89cb19bdb99011a838cbd79068835b8,primary,d01db822c8e909fe2dbfac157bf62eeeb370a3eef45168f4eb1ff5023fbd4e3a,46d8012b3594c18c96ee1a3f1e063ceeaf5642068c6a6aa895e655bcfb257bdd,c-micro-nccl-2.20.5-tree-l-r000001-4794620e7f3f4090,4794620e7f3f40900a092e3b3077817df666ec20d7b9dc10e02f78f9e03f1af7,a-000001,4a350aadbe251a53de183169418dbd4272a7d8834961479838f379914bf5e951,nccl-2.20.5-tree-ll128,micro,1,154.624000,200,commcanary.rostam.physical.micro-measurement.v1,commcanary.rostam.physical.micro-producer.v1,0662027923064fbb7d9c45a7e412a1a9b4915c6b42003d03d1ee4c756fadc628,2855275288e67a1a2d0bbefff0740841fdf0ecf0,false,,8c5f30748596f665cca0bde76d4637074ffff3fa077387dd12b993cf98d2cee6,5403e4fb2785b94e90a2b19aced2e2345cb7f7b83a781d85522f80667e9af2e9,5fbf419a10d397e51fd36c068d8dc58f08d627670ff0875045cb4f77e9478fe7,commcanary-wheel=954c9fe0ef908a448b5343c91e7d58e8785fc20a7fd029b699ca0e252614304d;environment-lock=d4b8b2dc177cb09cea84a5b5a51c99d4510a3270fe70286d2133382fbc4abd8b;param-patch-contract=182942ecf6ed3c0ea267b1660a19be8601c16768640dd6ef3f112601a0b26f34;rostam-catalog=a4926ec9b012724b926fbc583b865bb083b7ad6526fee9ffc3e95129717195b8,python -m experiments.rostam.analyze verify --run-directory experiments/rostam/results/core-20260724-r7 --selection-id primary --verdict-sha256 46d8012b3594c18c96ee1a3f1e063ceeaf5642068c6a6aa895e655bcfb257bdd --output-directory experiments/rostam/results/publications/core-20260724-r7-primary --archive-descriptor experiments/rostam/results/archives/core-20260724-r7-primary-46d8012b3594c18c96ee1a3f1e063ceeaf5642068c6a6aa895e655bcfb257bdd.raw-archive-descriptor.json --raw-archive experiments/rostam/results/archives/core-20260724-r7-primary-46d8012b3594c18c96ee1a3f1e063ceeaf5642068c6a6aa895e655bcfb257bdd.raw.tar.gz --baseline-config nccl-2.19.3-default --candidate-config nccl-2.20.5-default --median-threshold-pct 8.0 --median-absolute-threshold-us 1.0
measurement,COMPLETE,false,,core-20260724-r7,3bd321ec960c2bce0e6c0ff9aba8bb2be89cb19bdb99011a838cbd79068835b8,primary,d01db822c8e909fe2dbfac157bf62eeeb370a3eef45168f4eb1ff5023fbd4e3a,46d8012b3594c18c96ee1a3f1e063ceeaf5642068c6a6aa895e655bcfb257bdd,c-micro-nccl-2.20.5-tree-l-r000002-912b57e7cf4e011a,912b57e7cf4e011a14a5833a19910d773509c317dbc4177d87f79d6fa22bc6f8,a-000001,e94c5127679ee89508ef9018fbf02cffe41f7b4a4508d98dc6b5ad2ac2c0ad0d,nccl-2.20.5-tree-ll128,micro,2,157.184000,200,commcanary.rostam.physical.micro-measurement.v1,commcanary.rostam.physical.micro-producer.v1,e08d751eed332ef0f5576edac236e7491d31ea26c7cde3eccfa0e39cd68faf27,2855275288e67a1a2d0bbefff0740841fdf0ecf0,false,,8c5f30748596f665cca0bde76d4637074ffff3fa077387dd12b993cf98d2cee6,219f8fedd4bacd66d0e7b5fe75947e9a214db508f68b2757d6837c5d4903cef6,33b60d939a3c0a07a4316c469977746ac6d3150fe6ee390fa09079b95abd965d,commcanary-wheel=954c9fe0ef908a448b5343c91e7d58e8785fc20a7fd029b699ca0e252614304d;environment-lock=d4b8b2dc177cb09cea84a5b5a51c99d4510a3270fe70286d2133382fbc4abd8b;param-patch-contract=182942ecf6ed3c0ea267b1660a19be8601c16768640dd6ef3f112601a0b26f34;rostam-catalog=a4926ec9b012724b926fbc583b865bb083b7ad6526fee9ffc3e95129717195b8,python -m experiments.rostam.analyze verify --run-directory experiments/rostam/results/core-20260724-r7 --selection-id primary --verdict-sha256 46d8012b3594c18c96ee1a3f1e063ceeaf5642068c6a6aa895e655bcfb257bdd --output-directory experiments/rostam/results/publications/core-20260724-r7-primary --archive-descriptor experiments/rostam/results/archives/core-20260724-r7-primary-46d8012b3594c18c96ee1a3f1e063ceeaf5642068c6a6aa895e655bcfb257bdd.raw-archive-descriptor.json --raw-archive experiments/rostam/results/archives/core-20260724-r7-primary-46d8012b3594c18c96ee1a3f1e063ceeaf5642068c6a6aa895e655bcfb257bdd.raw.tar.gz --baseline-config nccl-2.19.3-default --candidate-config nccl-2.20.5-default --median-threshold-pct 8.0 --median-absolute-threshold-us 1.0
measurement,COMPLETE,false,,core-20260724-r7,3bd321ec960c2bce0e6c0ff9aba8bb2be89cb19bdb99011a838cbd79068835b8,primary,d01db822c8e909fe2dbfac157bf62eeeb370a3eef45168f4eb1ff5023fbd4e3a,46d8012b3594c18c96ee1a3f1e063ceeaf5642068c6a6aa895e655bcfb257bdd,c-micro-nccl-2.20.5-tree-l-r000002-f23482921a82cf77,f23482921a82cf770f1d8fd6825c5a4eade8c0d8f8cdc6a74d2ea7c070f90fe2,a-000001,13ca1fc324a189b024399e9db47e4a536a4a7867e93e2b05bd703e9c830d3d47,nccl-2.20.5-tree-ll,micro,2,151.552000,200,commcanary.rostam.physical.micro-measurement.v1,commcanary.rostam.physical.micro-producer.v1,02b934e80c3c4b5512b9a3bdbbaa862590952a457a0718810c16a0af798393d7,2855275288e67a1a2d0bbefff0740841fdf0ecf0,false,,8c5f30748596f665cca0bde76d4637074ffff3fa077387dd12b993cf98d2cee6,c6f0dfceb30439893e7d0ccc6b9614b628afbefed061e5098bf2f1eb7d6a44d7,264e65189a4ffd5c92806768b62cd2452c757eba9cf81782c5bad866ef03d77b,commcanary-wheel=954c9fe0ef908a448b5343c91e7d58e8785fc20a7fd029b699ca0e252614304d;environment-lock=d4b8b2dc177cb09cea84a5b5a51c99d4510a3270fe70286d2133382fbc4abd8b;param-patch-contract=182942ecf6ed3c0ea267b1660a19be8601c16768640dd6ef3f112601a0b26f34;rostam-catalog=a4926ec9b012724b926fbc583b865bb083b7ad6526fee9ffc3e95129717195b8,python -m experiments.rostam.analyze verify --run-directory experiments/rostam/results/core-20260724-r7 --selection-id primary --verdict-sha256 46d8012b3594c18c96ee1a3f1e063ceeaf5642068c6a6aa895e655bcfb257bdd --output-directory experiments/rostam/results/publications/core-20260724-r7-primary --archive-descriptor experiments/rostam/results/archives/core-20260724-r7-primary-46d8012b3594c18c96ee1a3f1e063ceeaf5642068c6a6aa895e655bcfb257bdd.raw-archive-descriptor.json --raw-archive experiments/rostam/results/archives/core-20260724-r7-primary-46d8012b3594c18c96ee1a3f1e063ceeaf5642068c6a6aa895e655bcfb257bdd.raw.tar.gz --baseline-config nccl-2.19.3-default --candidate-config nccl-2.20.5-default --median-threshold-pct 8.0 --median-absolute-threshold-us 1.0
measurement,COMPLETE,false,,core-20260724-r7,3bd321ec960c2bce0e6c0ff9aba8bb2be89cb19bdb99011a838cbd79068835b8,primary,d01db822c8e909fe2dbfac157bf62eeeb370a3eef45168f4eb1ff5023fbd4e3a,46d8012b3594c18c96ee1a3f1e063ceeaf5642068c6a6aa895e655bcfb257bdd,c-micro-nccl-2.20.5-tree-l-r000003-3cd6af218a1a92d3,3cd6af218a1a92d3985ae1e19f1b34a94bbe1d145816bc2069c351df5ab8b670,a-000001,aa4849c0e283ceee51124bd7bca389aa0bc0ebf6ef3cd9abd8fa63346bb90f37,nccl-2.20.5-tree-ll,micro,3,148.480000,200,commcanary.rostam.physical.micro-measurement.v1,commcanary.rostam.physical.micro-producer.v1,83efc342e034547c6d6e7ec1ebdf9f06b8687147908c36c12f66fe4ab672b047,2855275288e67a1a2d0bbefff0740841fdf0ecf0,false,,8c5f30748596f665cca0bde76d4637074ffff3fa077387dd12b993cf98d2cee6,263820204749b23af96e45b1209103c1fa0188deaf8ca1eb38ae88067fc6b5ab,25ef17a39bf630768c68a605d39a000b495c67c0ca63e0e0e01f033d8b48c6a5,commcanary-wheel=954c9fe0ef908a448b5343c91e7d58e8785fc20a7fd029b699ca0e252614304d;environment-lock=d4b8b2dc177cb09cea84a5b5a51c99d4510a3270fe70286d2133382fbc4abd8b;param-patch-contract=182942ecf6ed3c0ea267b1660a19be8601c16768640dd6ef3f112601a0b26f34;rostam-catalog=a4926ec9b012724b926fbc583b865bb083b7ad6526fee9ffc3e95129717195b8,python -m experiments.rostam.analyze verify --run-directory experiments/rostam/results/core-20260724-r7 --selection-id primary --verdict-sha256 46d8012b3594c18c96ee1a3f1e063ceeaf5642068c6a6aa895e655bcfb257bdd --output-directory experiments/rostam/results/publications/core-20260724-r7-primary --archive-descriptor experiments/rostam/results/archives/core-20260724-r7-primary-46d8012b3594c18c96ee1a3f1e063ceeaf5642068c6a6aa895e655bcfb257bdd.raw-archive-descriptor.json --raw-archive experiments/rostam/results/archives/core-20260724-r7-primary-46d8012b3594c18c96ee1a3f1e063ceeaf5642068c6a6aa895e655bcfb257bdd.raw.tar.gz --baseline-config nccl-2.19.3-default --candidate-config nccl-2.20.5-default --median-threshold-pct 8.0 --median-absolute-threshold-us 1.0
measurement,COMPLETE,false,,core-20260724-r7,3bd321ec960c2bce0e6c0ff9aba8bb2be89cb19bdb99011a838cbd79068835b8,primary,d01db822c8e909fe2dbfac157bf62eeeb370a3eef45168f4eb1ff5023fbd4e3a,46d8012b3594c18c96ee1a3f1e063ceeaf5642068c6a6aa895e655bcfb257bdd,c-micro-nccl-2.20.5-tree-l-r000003-c6815dee8044b10f,c6815dee8044b10f7999df21b6e0babecdff988180f2a7b37ecb0008578e16ff,a-000001,f5cd79b50f14a5dce019034e65b719e21ade7560eb5fe6ab0fad123d45d3bdf3,nccl-2.20.5-tree-ll128,micro,3,153.600000,200,commcanary.rostam.physical.micro-measurement.v1,commcanary.rostam.physical.micro-producer.v1,4f0ab2b2f7006f5f8b0b5ea5b3cb476cdcad3b5fd169828f6820a7c048973c36,2855275288e67a1a2d0bbefff0740841fdf0ecf0,false,,8c5f30748596f665cca0bde76d4637074ffff3fa077387dd12b993cf98d2cee6,dffdf7ec3b114610372d960d6ad28064e61eb92b3d1be859428c0606770dcbd7,d0c712c7bb96e82b1944880457feaa481812039f413657eca335b0743fdae727,commcanary-wheel=954c9fe0ef908a448b5343c91e7d58e8785fc20a7fd029b699ca0e252614304d;environment-lock=d4b8b2dc177cb09cea84a5b5a51c99d4510a3270fe70286d2133382fbc4abd8b;param-patch-contract=182942ecf6ed3c0ea267b1660a19be8601c16768640dd6ef3f112601a0b26f34;rostam-catalog=a4926ec9b012724b926fbc583b865bb083b7ad6526fee9ffc3e95129717195b8,python -m experiments.rostam.analyze verify --run-directory experiments/rostam/results/core-20260724-r7 --selection-id primary --verdict-sha256 46d8012b3594c18c96ee1a3f1e063ceeaf5642068c6a6aa895e655bcfb257bdd --output-directory experiments/rostam/results/publications/core-20260724-r7-primary --archive-descriptor experiments/rostam/results/archives/core-20260724-r7-primary-46d8012b3594c18c96ee1a3f1e063ceeaf5642068c6a6aa895e655bcfb257bdd.raw-archive-descriptor.json --raw-archive experiments/rostam/results/archives/core-20260724-r7-primary-46d8012b3594c18c96ee1a3f1e063ceeaf5642068c6a6aa895e655bcfb257bdd.raw.tar.gz --baseline-config nccl-2.19.3-default --candidate-config nccl-2.20.5-default --median-threshold-pct 8.0 --median-absolute-threshold-us 1.0
measurement,COMPLETE,false,,core-20260724-r7,3bd321ec960c2bce0e6c0ff9aba8bb2be89cb19bdb99011a838cbd79068835b8,primary,d01db822c8e909fe2dbfac157bf62eeeb370a3eef45168f4eb1ff5023fbd4e3a,46d8012b3594c18c96ee1a3f1e063ceeaf5642068c6a6aa895e655bcfb257bdd,c-micro-nccl-2.20.5-tree-l-r000004-15301715350293e8,15301715350293e839947e6568cd23ead5a41df7e79807b2b7f63384378ab0af,a-000001,018efc66715edc54e3cedeeb5ec6e4417db533c82fa2c6b41508ef090e2876fc,nccl-2.20.5-tree-ll128,micro,4,156.672000,200,commcanary.rostam.physical.micro-measurement.v1,commcanary.rostam.physical.micro-producer.v1,803fbc2a0082807d20f91afa20848dc96d9ee8bc777942a8964f6c3b394156a6,2855275288e67a1a2d0bbefff0740841fdf0ecf0,false,,8c5f30748596f665cca0bde76d4637074ffff3fa077387dd12b993cf98d2cee6,9d75e1fb68c3415e1d484a2016bccce3694976c590bb788a9dfd0cdd87e5a107,8c1c249ddbed832af63fde2b8f444ac4c1fc9ee07f5367728606c1adb626be6a,commcanary-wheel=954c9fe0ef908a448b5343c91e7d58e8785fc20a7fd029b699ca0e252614304d;environment-lock=d4b8b2dc177cb09cea84a5b5a51c99d4510a3270fe70286d2133382fbc4abd8b;param-patch-contract=182942ecf6ed3c0ea267b1660a19be8601c16768640dd6ef3f112601a0b26f34;rostam-catalog=a4926ec9b012724b926fbc583b865bb083b7ad6526fee9ffc3e95129717195b8,python -m experiments.rostam.analyze verify --run-directory experiments/rostam/results/core-20260724-r7 --selection-id primary --verdict-sha256 46d8012b3594c18c96ee1a3f1e063ceeaf5642068c6a6aa895e655bcfb257bdd --output-directory experiments/rostam/results/publications/core-20260724-r7-primary --archive-descriptor experiments/rostam/results/archives/core-20260724-r7-primary-46d8012b3594c18c96ee1a3f1e063ceeaf5642068c6a6aa895e655bcfb257bdd.raw-archive-descriptor.json --raw-archive experiments/rostam/results/archives/core-20260724-r7-primary-46d8012b3594c18c96ee1a3f1e063ceeaf5642068c6a6aa895e655bcfb257bdd.raw.tar.gz --baseline-config nccl-2.19.3-default --candidate-config nccl-2.20.5-default --median-threshold-pct 8.0 --median-absolute-threshold-us 1.0
measurement,COMPLETE,false,,core-20260724-r7,3bd321ec960c2bce0e6c0ff9aba8bb2be89cb19bdb99011a838cbd79068835b8,primary,d01db822c8e909fe2dbfac157bf62eeeb370a3eef45168f4eb1ff5023fbd4e3a,46d8012b3594c18c96ee1a3f1e063ceeaf5642068c6a6aa895e655bcfb257bdd,c-micro-nccl-2.20.5-tree-l-r000004-966d468eae7b19b5,966d468eae7b19b5e25c970fcc5e7aa251b9df4db95fb4aaf3d48b0d7d639e48,a-000001,8906056082dd003b1a0c986797932942574f96a7c4eb6b8d78300a997438cb2b,nccl-2.20.5-tree-ll,micro,4,150.528000,200,commcanary.rostam.physical.micro-measurement.v1,commcanary.rostam.physical.micro-producer.v1,1988b609189251b658837f83ef471004e060ab9c55963c0aa76f1a8519b23001,2855275288e67a1a2d0bbefff0740841fdf0ecf0,false,,8c5f30748596f665cca0bde76d4637074ffff3fa077387dd12b993cf98d2cee6,f8f13f62614e223b66afeb1645d6976e5a88fc0d81197c142ea3535228b95940,07e22f4a8de6ff9e22a0a81588969f8125e0eb816b097fbf8ed526d9c4fbe1b1,commcanary-wheel=954c9fe0ef908a448b5343c91e7d58e8785fc20a7fd029b699ca0e252614304d;environment-lock=d4b8b2dc177cb09cea84a5b5a51c99d4510a3270fe70286d2133382fbc4abd8b;param-patch-contract=182942ecf6ed3c0ea267b1660a19be8601c16768640dd6ef3f112601a0b26f34;rostam-catalog=a4926ec9b012724b926fbc583b865bb083b7ad6526fee9ffc3e95129717195b8,python -m experiments.rostam.analyze verify --run-directory experiments/rostam/results/core-20260724-r7 --selection-id primary --verdict-sha256 46d8012b3594c18c96ee1a3f1e063ceeaf5642068c6a6aa895e655bcfb257bdd --output-directory experiments/rostam/results/publications/core-20260724-r7-primary --archive-descriptor experiments/rostam/results/archives/core-20260724-r7-primary-46d8012b3594c18c96ee1a3f1e063ceeaf5642068c6a6aa895e655bcfb257bdd.raw-archive-descriptor.json --raw-archive experiments/rostam/results/archives/core-20260724-r7-primary-46d8012b3594c18c96ee1a3f1e063ceeaf5642068c6a6aa895e655bcfb257bdd.raw.tar.gz --baseline-config nccl-2.19.3-default --candidate-config nccl-2.20.5-default --median-threshold-pct 8.0 --median-absolute-threshold-us 1.0
measurement,COMPLETE,false,,core-20260724-r7,3bd321ec960c2bce0e6c0ff9aba8bb2be89cb19bdb99011a838cbd79068835b8,primary,d01db822c8e909fe2dbfac157bf62eeeb370a3eef45168f4eb1ff5023fbd4e3a,46d8012b3594c18c96ee1a3f1e063ceeaf5642068c6a6aa895e655bcfb257bdd,c-micro-nccl-2.20.5-tree-s-r000000-0b8164034c07b7e8,0b8164034c07b7e8629ec48682a98a184052e6533d1a15a0bc6980fb783dbc66,a-000001,49bd80137fdc24b4abe1ea139e72cfe236ebe04e3df8d4b42d0b733ccd68b10c,nccl-2.20.5-tree-simple,micro,0,206.848000,200,commcanary.rostam.physical.micro-measurement.v1,commcanary.rostam.physical.micro-producer.v1,98d3864e9b712e99368f1157301cb3c632b276fba1e62fb9e5e5302ccfaa33df,2855275288e67a1a2d0bbefff0740841fdf0ecf0,false,,8c5f30748596f665cca0bde76d4637074ffff3fa077387dd12b993cf98d2cee6,025ca1677ad5cf15ea062e70ab5c2a807cea14163580a418bd729cdcadbb3505,d7d3fa23860ca9a0da3d426563d2cc967f51b9729b7de2015e88f49cce1e4004,commcanary-wheel=954c9fe0ef908a448b5343c91e7d58e8785fc20a7fd029b699ca0e252614304d;environment-lock=d4b8b2dc177cb09cea84a5b5a51c99d4510a3270fe70286d2133382fbc4abd8b;param-patch-contract=182942ecf6ed3c0ea267b1660a19be8601c16768640dd6ef3f112601a0b26f34;rostam-catalog=a4926ec9b012724b926fbc583b865bb083b7ad6526fee9ffc3e95129717195b8,python -m experiments.rostam.analyze verify --run-directory experiments/rostam/results/core-20260724-r7 --selection-id primary --verdict-sha256 46d8012b3594c18c96ee1a3f1e063ceeaf5642068c6a6aa895e655bcfb257bdd --output-directory experiments/rostam/results/publications/core-20260724-r7-primary --archive-descriptor experiments/rostam/results/archives/core-20260724-r7-primary-46d8012b3594c18c96ee1a3f1e063ceeaf5642068c6a6aa895e655bcfb257bdd.raw-archive-descriptor.json --raw-archive experiments/rostam/results/archives/core-20260724-r7-primary-46d8012b3594c18c96ee1a3f1e063ceeaf5642068c6a6aa895e655bcfb257bdd.raw.tar.gz --baseline-config nccl-2.19.3-default --candidate-config nccl-2.20.5-default --median-threshold-pct 8.0 --median-absolute-threshold-us 1.0
measurement,COMPLETE,false,,core-20260724-r7,3bd321ec960c2bce0e6c0ff9aba8bb2be89cb19bdb99011a838cbd79068835b8,primary,d01db822c8e909fe2dbfac157bf62eeeb370a3eef45168f4eb1ff5023fbd4e3a,46d8012b3594c18c96ee1a3f1e063ceeaf5642068c6a6aa895e655bcfb257bdd,c-micro-nccl-2.20.5-tree-s-r000001-6f20739e2fef17b6,6f20739e2fef17b61444a0ef70bd7c6746a0d79f8d089c077610e71961cdd676,a-000001,c4fccd5ebebbc75a33e3d5baa7051dedcd6412364e6c88c4dc9268029984eaad,nccl-2.20.5-tree-simple,micro,1,198.656000,200,commcanary.rostam.physical.micro-measurement.v1,commcanary.rostam.physical.micro-producer.v1,7b523a6f73e70f480f9a2c156f9222f11bc713fb5a5f7a49f40bc77df0612184,2855275288e67a1a2d0bbefff0740841fdf0ecf0,false,,8c5f30748596f665cca0bde76d4637074ffff3fa077387dd12b993cf98d2cee6,bec473ea1a1903834d64816236141c704e4d749030197a07dfcb1f23fcd124de,ec20676ae23c47b0616f9fa7a7672747f07c6c32642728738e3e9d57dfa3d8a1,commcanary-wheel=954c9fe0ef908a448b5343c91e7d58e8785fc20a7fd029b699ca0e252614304d;environment-lock=d4b8b2dc177cb09cea84a5b5a51c99d4510a3270fe70286d2133382fbc4abd8b;param-patch-contract=182942ecf6ed3c0ea267b1660a19be8601c16768640dd6ef3f112601a0b26f34;rostam-catalog=a4926ec9b012724b926fbc583b865bb083b7ad6526fee9ffc3e95129717195b8,python -m experiments.rostam.analyze verify --run-directory experiments/rostam/results/core-20260724-r7 --selection-id primary --verdict-sha256 46d8012b3594c18c96ee1a3f1e063ceeaf5642068c6a6aa895e655bcfb257bdd --output-directory experiments/rostam/results/publications/core-20260724-r7-primary --archive-descriptor experiments/rostam/results/archives/core-20260724-r7-primary-46d8012b3594c18c96ee1a3f1e063ceeaf5642068c6a6aa895e655bcfb257bdd.raw-archive-descriptor.json --raw-archive experiments/rostam/results/archives/core-20260724-r7-primary-46d8012b3594c18c96ee1a3f1e063ceeaf5642068c6a6aa895e655bcfb257bdd.raw.tar.gz --baseline-config nccl-2.19.3-default --candidate-config nccl-2.20.5-default --median-threshold-pct 8.0 --median-absolute-threshold-us 1.0
measurement,COMPLETE,false,,core-20260724-r7,3bd321ec960c2bce0e6c0ff9aba8bb2be89cb19bdb99011a838cbd79068835b8,primary,d01db822c8e909fe2dbfac157bf62eeeb370a3eef45168f4eb1ff5023fbd4e3a,46d8012b3594c18c96ee1a3f1e063ceeaf5642068c6a6aa895e655bcfb257bdd,c-micro-nccl-2.20.5-tree-s-r000002-abde9a845011a0a3,abde9a845011a0a3218be80b22cb5ebe7a6131d3b275c48235fa882ac0fad6a4,a-000001,59522ceb279d0f4fd78dff0e81df0f7bc67b05e145aa317d9103916945c9de4c,nccl-2.20.5-tree-simple,micro,2,200.704000,200,commcanary.rostam.physical.micro-measurement.v1,commcanary.rostam.physical.micro-producer.v1,8c838e07dab23195d9b856d9d2166d27777fa72f4bd82392984eac7b97a29978,2855275288e67a1a2d0bbefff0740841fdf0ecf0,false,,8c5f30748596f665cca0bde76d4637074ffff3fa077387dd12b993cf98d2cee6,256581fa7f9d44eb6032fb554a5bdf09a9b694bf6b5305afcdd916b6240e845b,cb64b66dd540c35ae5aff286bece17d0f18aa880e065102941f1fef6b2d1fbf4,commcanary-wheel=954c9fe0ef908a448b5343c91e7d58e8785fc20a7fd029b699ca0e252614304d;environment-lock=d4b8b2dc177cb09cea84a5b5a51c99d4510a3270fe70286d2133382fbc4abd8b;param-patch-contract=182942ecf6ed3c0ea267b1660a19be8601c16768640dd6ef3f112601a0b26f34;rostam-catalog=a4926ec9b012724b926fbc583b865bb083b7ad6526fee9ffc3e95129717195b8,python -m experiments.rostam.analyze verify --run-directory experiments/rostam/results/core-20260724-r7 --selection-id primary --verdict-sha256 46d8012b3594c18c96ee1a3f1e063ceeaf5642068c6a6aa895e655bcfb257bdd --output-directory experiments/rostam/results/publications/core-20260724-r7-primary --archive-descriptor experiments/rostam/results/archives/core-20260724-r7-primary-46d8012b3594c18c96ee1a3f1e063ceeaf5642068c6a6aa895e655bcfb257bdd.raw-archive-descriptor.json --raw-archive experiments/rostam/results/archives/core-20260724-r7-primary-46d8012b3594c18c96ee1a3f1e063ceeaf5642068c6a6aa895e655bcfb257bdd.raw.tar.gz --baseline-config nccl-2.19.3-default --candidate-config nccl-2.20.5-default --median-threshold-pct 8.0 --median-absolute-threshold-us 1.0
measurement,COMPLETE,false,,core-20260724-r7,3bd321ec960c2bce0e6c0ff9aba8bb2be89cb19bdb99011a838cbd79068835b8,primary,d01db822c8e909fe2dbfac157bf62eeeb370a3eef45168f4eb1ff5023fbd4e3a,46d8012b3594c18c96ee1a3f1e063ceeaf5642068c6a6aa895e655bcfb257bdd,c-micro-nccl-2.20.5-tree-s-r000003-d4c2236cf8e9f1c8,d4c2236cf8e9f1c8b232c17346d941fce495460864e86ee087900d739d5a3e15,a-000001,9b75dec8d30481fda8be0639f1046d1bb63a7f46a12d1f830b12414cec61b177,nccl-2.20.5-tree-simple,micro,3,199.680000,200,commcanary.rostam.physical.micro-measurement.v1,commcanary.rostam.physical.micro-producer.v1,b8b1c103352a1422f5a9abc9e918cd044ca75e27bdb73f9bb40fcd13c9280bac,2855275288e67a1a2d0bbefff0740841fdf0ecf0,false,,8c5f30748596f665cca0bde76d4637074ffff3fa077387dd12b993cf98d2cee6,cc746a08e0c656858746c65773142d742be42ea210255363a20b51b1624f9b55,3472025d5652ed5a532c8df5b7f4dedc0971c42002eb7d66019d2bb2b816ced5,commcanary-wheel=954c9fe0ef908a448b5343c91e7d58e8785fc20a7fd029b699ca0e252614304d;environment-lock=d4b8b2dc177cb09cea84a5b5a51c99d4510a3270fe70286d2133382fbc4abd8b;param-patch-contract=182942ecf6ed3c0ea267b1660a19be8601c16768640dd6ef3f112601a0b26f34;rostam-catalog=a4926ec9b012724b926fbc583b865bb083b7ad6526fee9ffc3e95129717195b8,python -m experiments.rostam.analyze verify --run-directory experiments/rostam/results/core-20260724-r7 --selection-id primary --verdict-sha256 46d8012b3594c18c96ee1a3f1e063ceeaf5642068c6a6aa895e655bcfb257bdd --output-directory experiments/rostam/results/publications/core-20260724-r7-primary --archive-descriptor experiments/rostam/results/archives/core-20260724-r7-primary-46d8012b3594c18c96ee1a3f1e063ceeaf5642068c6a6aa895e655bcfb257bdd.raw-archive-descriptor.json --raw-archive experiments/rostam/results/archives/core-20260724-r7-primary-46d8012b3594c18c96ee1a3f1e063ceeaf5642068c6a6aa895e655bcfb257bdd.raw.tar.gz --baseline-config nccl-2.19.3-default --candidate-config nccl-2.20.5-default --median-threshold-pct 8.0 --median-absolute-threshold-us 1.0
measurement,COMPLETE,false,,core-20260724-r7,3bd321ec960c2bce0e6c0ff9aba8bb2be89cb19bdb99011a838cbd79068835b8,primary,d01db822c8e909fe2dbfac157bf62eeeb370a3eef45168f4eb1ff5023fbd4e3a,46d8012b3594c18c96ee1a3f1e063ceeaf5642068c6a6aa895e655bcfb257bdd,c-micro-nccl-2.20.5-tree-s-r000004-d7d8c9912ddcabc1,d7d8c9912ddcabc118225e61bfad5c1015405fc7e72ed3d5ca10f23202f00e15,a-000001,808134c5fa2656f34ee884f83a611e013e65b40d9bb3bb4306bca8f00d7fb812,nccl-2.20.5-tree-simple,micro,4,201.728000,200,commcanary.rostam.physical.micro-measurement.v1,commcanary.rostam.physical.micro-producer.v1,8eebb4b7efee966cc3118b8828b56f236be628eccb6c126e07813edf9a797bfa,2855275288e67a1a2d0bbefff0740841fdf0ecf0,false,,8c5f30748596f665cca0bde76d4637074ffff3fa077387dd12b993cf98d2cee6,cdacc1f806b3189e87ef01e46cac231cbcc850d42b0504399832efd0fcdb43e7,3fab5370d56b821513095edcfb49dfa5a62a5c733ad08fdafb9d5d31c55987c6,commcanary-wheel=954c9fe0ef908a448b5343c91e7d58e8785fc20a7fd029b699ca0e252614304d;environment-lock=d4b8b2dc177cb09cea84a5b5a51c99d4510a3270fe70286d2133382fbc4abd8b;param-patch-contract=182942ecf6ed3c0ea267b1660a19be8601c16768640dd6ef3f112601a0b26f34;rostam-catalog=a4926ec9b012724b926fbc583b865bb083b7ad6526fee9ffc3e95129717195b8,python -m experiments.rostam.analyze verify --run-directory experiments/rostam/results/core-20260724-r7 --selection-id primary --verdict-sha256 46d8012b3594c18c96ee1a3f1e063ceeaf5642068c6a6aa895e655bcfb257bdd --output-directory experiments/rostam/results/publications/core-20260724-r7-primary --archive-descriptor experiments/rostam/results/archives/core-20260724-r7-primary-46d8012b3594c18c96ee1a3f1e063ceeaf5642068c6a6aa895e655bcfb257bdd.raw-archive-descriptor.json --raw-archive experiments/rostam/results/archives/core-20260724-r7-primary-46d8012b3594c18c96ee1a3f1e063ceeaf5642068c6a6aa895e655bcfb257bdd.raw.tar.gz --baseline-config nccl-2.19.3-default --candidate-config nccl-2.20.5-default --median-threshold-pct 8.0 --median-absolute-threshold-us 1.0
measurement,COMPLETE,false,,core-20260724-r7,3bd321ec960c2bce0e6c0ff9aba8bb2be89cb19bdb99011a838cbd79068835b8,primary,d01db822c8e909fe2dbfac157bf62eeeb370a3eef45168f4eb1ff5023fbd4e3a,46d8012b3594c18c96ee1a3f1e063ceeaf5642068c6a6aa895e655bcfb257bdd,c-trace-build-nccl-2.19.3-defaul-r000000-d1a695b20f8ff4ea,d1a695b20f8ff4ea01e4d0d6abc73ff18e03a659439408e409ae43099e675266,a-000001,9439002e02de0dd59328a63f6fc3f79ceb4d4ad182ce021b5ffdb6ec10ca01fd,nccl-2.19.3-default,trace-build,0,75784910.053015,1,commcanary.rostam.physical.capture-measurement.v1,commcanary.rostam.physical.capture-producer.v1,010a412b55f6cd1f080ef9c936f268c94598725eedc5c99b90ce488b442e6ed7,2855275288e67a1a2d0bbefff0740841fdf0ecf0,false,,8c5f30748596f665cca0bde76d4637074ffff3fa077387dd12b993cf98d2cee6,0a3daaa4b07661224dce9622b2bf5a90bb38f9299fa23391f70b72ad7bb6a062,0dacd3d14653a593b97076208f3f041e092501e05b7b51297db6670065795748,commcanary-wheel=954c9fe0ef908a448b5343c91e7d58e8785fc20a7fd029b699ca0e252614304d;environment-lock=d4b8b2dc177cb09cea84a5b5a51c99d4510a3270fe70286d2133382fbc4abd8b;param-patch-contract=182942ecf6ed3c0ea267b1660a19be8601c16768640dd6ef3f112601a0b26f34;rostam-catalog=a4926ec9b012724b926fbc583b865bb083b7ad6526fee9ffc3e95129717195b8,python -m experiments.rostam.analyze verify --run-directory experiments/rostam/results/core-20260724-r7 --selection-id primary --verdict-sha256 46d8012b3594c18c96ee1a3f1e063ceeaf5642068c6a6aa895e655bcfb257bdd --output-directory experiments/rostam/results/publications/core-20260724-r7-primary --archive-descriptor experiments/rostam/results/archives/core-20260724-r7-primary-46d8012b3594c18c96ee1a3f1e063ceeaf5642068c6a6aa895e655bcfb257bdd.raw-archive-descriptor.json --raw-archive experiments/rostam/results/archives/core-20260724-r7-primary-46d8012b3594c18c96ee1a3f1e063ceeaf5642068c6a6aa895e655bcfb257bdd.raw.tar.gz --baseline-config nccl-2.19.3-default --candidate-config nccl-2.20.5-default --median-threshold-pct 8.0 --median-absolute-threshold-us 1.0
measurement,COMPLETE,false,,core-20260724-r7,3bd321ec960c2bce0e6c0ff9aba8bb2be89cb19bdb99011a838cbd79068835b8,primary,d01db822c8e909fe2dbfac157bf62eeeb370a3eef45168f4eb1ff5023fbd4e3a,46d8012b3594c18c96ee1a3f1e063ceeaf5642068c6a6aa895e655bcfb257bdd,c-trace-build-nccl-2.19.3-defaul-r000001-dfcbe213488203c5,dfcbe213488203c56d8e0212a6be2e9db594a2a6345b579493568d1839debaea,a-000001,bda94fe34eb6e2e8b96d7918930cc46b40ff36ee4a1face2fba6a2dfc8743713,nccl-2.19.3-default,trace-build,1,77291741.454974,1,commcanary.rostam.physical.capture-measurement.v1,commcanary.rostam.physical.capture-producer.v1,858a3a8f87da82232a6eac9828aa38315c54824cef9a485f03bd66dd95ee8c48,2855275288e67a1a2d0bbefff0740841fdf0ecf0,false,,8c5f30748596f665cca0bde76d4637074ffff3fa077387dd12b993cf98d2cee6,3f3f19bf5799706e5154f3c803c2bf62a9f80fba1c23526d37b061915698176f,c4c336550af7eb252579ee073d947da250bb1bc5bbf24981e3aa5f27f96abfb2,commcanary-wheel=954c9fe0ef908a448b5343c91e7d58e8785fc20a7fd029b699ca0e252614304d;environment-lock=d4b8b2dc177cb09cea84a5b5a51c99d4510a3270fe70286d2133382fbc4abd8b;param-patch-contract=182942ecf6ed3c0ea267b1660a19be8601c16768640dd6ef3f112601a0b26f34;rostam-catalog=a4926ec9b012724b926fbc583b865bb083b7ad6526fee9ffc3e95129717195b8,python -m experiments.rostam.analyze verify --run-directory experiments/rostam/results/core-20260724-r7 --selection-id primary --verdict-sha256 46d8012b3594c18c96ee1a3f1e063ceeaf5642068c6a6aa895e655bcfb257bdd --output-directory experiments/rostam/results/publications/core-20260724-r7-primary --archive-descriptor experiments/rostam/results/archives/core-20260724-r7-primary-46d8012b3594c18c96ee1a3f1e063ceeaf5642068c6a6aa895e655bcfb257bdd.raw-archive-descriptor.json --raw-archive experiments/rostam/results/archives/core-20260724-r7-primary-46d8012b3594c18c96ee1a3f1e063ceeaf5642068c6a6aa895e655bcfb257bdd.raw.tar.gz --baseline-config nccl-2.19.3-default --candidate-config nccl-2.20.5-default --median-threshold-pct 8.0 --median-absolute-threshold-us 1.0
measurement,COMPLETE,false,,core-20260724-r7,3bd321ec960c2bce0e6c0ff9aba8bb2be89cb19bdb99011a838cbd79068835b8,primary,d01db822c8e909fe2dbfac157bf62eeeb370a3eef45168f4eb1ff5023fbd4e3a,46d8012b3594c18c96ee1a3f1e063ceeaf5642068c6a6aa895e655bcfb257bdd,c-trace-build-nccl-2.19.3-defaul-r000002-a0686fe67a3fe63b,a0686fe67a3fe63bf5cad7e2336e4717026a7b1282c273ee2a16c58cec15d389,a-000001,84f062c46807b2c8bb9e7412b7109b1c5d29d0389a6004145382d327d3eb0441,nccl-2.19.3-default,trace-build,2,60732245.068997,1,commcanary.rostam.physical.capture-measurement.v1,commcanary.rostam.physical.capture-producer.v1,22f5507a1eadfbc5d9e34c7070ccb939a41efaabb97b8c204aff329613ccbfd4,2855275288e67a1a2d0bbefff0740841fdf0ecf0,false,,8c5f30748596f665cca0bde76d4637074ffff3fa077387dd12b993cf98d2cee6,407ee5d0b0d7bc8364c75df8a87908f0007b88e9f2fe06aa8a327b449d9274de,a1a2f15bb16a77d5036a68f827c7a59796823968ee732a3c9d69f15923efc62b,commcanary-wheel=954c9fe0ef908a448b5343c91e7d58e8785fc20a7fd029b699ca0e252614304d;environment-lock=d4b8b2dc177cb09cea84a5b5a51c99d4510a3270fe70286d2133382fbc4abd8b;param-patch-contract=182942ecf6ed3c0ea267b1660a19be8601c16768640dd6ef3f112601a0b26f34;rostam-catalog=a4926ec9b012724b926fbc583b865bb083b7ad6526fee9ffc3e95129717195b8,python -m experiments.rostam.analyze verify --run-directory experiments/rostam/results/core-20260724-r7 --selection-id primary --verdict-sha256 46d8012b3594c18c96ee1a3f1e063ceeaf5642068c6a6aa895e655bcfb257bdd --output-directory experiments/rostam/results/publications/core-20260724-r7-primary --archive-descriptor experiments/rostam/results/archives/core-20260724-r7-primary-46d8012b3594c18c96ee1a3f1e063ceeaf5642068c6a6aa895e655bcfb257bdd.raw-archive-descriptor.json --raw-archive experiments/rostam/results/archives/core-20260724-r7-primary-46d8012b3594c18c96ee1a3f1e063ceeaf5642068c6a6aa895e655bcfb257bdd.raw.tar.gz --baseline-config nccl-2.19.3-default --candidate-config nccl-2.20.5-default --median-threshold-pct 8.0 --median-absolute-threshold-us 1.0
measurement,COMPLETE,false,,core-20260724-r7,3bd321ec960c2bce0e6c0ff9aba8bb2be89cb19bdb99011a838cbd79068835b8,primary,d01db822c8e909fe2dbfac157bf62eeeb370a3eef45168f4eb1ff5023fbd4e3a,46d8012b3594c18c96ee1a3f1e063ceeaf5642068c6a6aa895e655bcfb257bdd,c-trace-build-nccl-2.19.3-defaul-r000003-362fe642ac8e95e9,362fe642ac8e95e93b9f46eef2eebf03488b97ce9e49d1a4ac75d0c09fa6c699,a-000001,642e6367a6e75db3f23c4361424c115240d0bd3275ef576d7425b66f34c40710,nccl-2.19.3-default,trace-build,3,60383709.360845,1,commcanary.rostam.physical.capture-measurement.v1,commcanary.rostam.physical.capture-producer.v1,4aeec26f9447a63f79292700a539fbea6442d8c8fc54fdffd30580119367d626,2855275288e67a1a2d0bbefff0740841fdf0ecf0,false,,8c5f30748596f665cca0bde76d4637074ffff3fa077387dd12b993cf98d2cee6,2a9ca7d54bf5b44c7e5551747e6766593c79ca307e020a7b25ebf2bbc4fe2cbd,3fe4e6936aa43e4108f1222f8bfd4831024b85d2a368e25cfd322e820112bffd,commcanary-wheel=954c9fe0ef908a448b5343c91e7d58e8785fc20a7fd029b699ca0e252614304d;environment-lock=d4b8b2dc177cb09cea84a5b5a51c99d4510a3270fe70286d2133382fbc4abd8b;param-patch-contract=182942ecf6ed3c0ea267b1660a19be8601c16768640dd6ef3f112601a0b26f34;rostam-catalog=a4926ec9b012724b926fbc583b865bb083b7ad6526fee9ffc3e95129717195b8,python -m experiments.rostam.analyze verify --run-directory experiments/rostam/results/core-20260724-r7 --selection-id primary --verdict-sha256 46d8012b3594c18c96ee1a3f1e063ceeaf5642068c6a6aa895e655bcfb257bdd --output-directory experiments/rostam/results/publications/core-20260724-r7-primary --archive-descriptor experiments/rostam/results/archives/core-20260724-r7-primary-46d8012b3594c18c96ee1a3f1e063ceeaf5642068c6a6aa895e655bcfb257bdd.raw-archive-descriptor.json --raw-archive experiments/rostam/results/archives/core-20260724-r7-primary-46d8012b3594c18c96ee1a3f1e063ceeaf5642068c6a6aa895e655bcfb257bdd.raw.tar.gz --baseline-config nccl-2.19.3-default --candidate-config nccl-2.20.5-default --median-threshold-pct 8.0 --median-absolute-threshold-us 1.0
measurement,COMPLETE,false,,core-20260724-r7,3bd321ec960c2bce0e6c0ff9aba8bb2be89cb19bdb99011a838cbd79068835b8,primary,d01db822c8e909fe2dbfac157bf62eeeb370a3eef45168f4eb1ff5023fbd4e3a,46d8012b3594c18c96ee1a3f1e063ceeaf5642068c6a6aa895e655bcfb257bdd,c-trace-build-nccl-2.19.3-defaul-r000004-bf347d24ba09c8d3,bf347d24ba09c8d3166e6da71b371d590a70ad4dbfc21d0e6619edcc55a476ed,a-000001,159bbab0eac718a2d7ca1b46dfb12e3dca558d78e665b3358fbb453ee472eb9e,nccl-2.19.3-default,trace-build,4,60248672.876507,1,commcanary.rostam.physical.capture-measurement.v1,commcanary.rostam.physical.capture-producer.v1,41440c68df458dd66646e4ddf3d8cb651b11d2397c9da8837afc8454da45bc21,2855275288e67a1a2d0bbefff0740841fdf0ecf0,false,,8c5f30748596f665cca0bde76d4637074ffff3fa077387dd12b993cf98d2cee6,82a2f7bafc65105781c66a45b5ac9e0d9f078df1f3955383b7bc0c5805621ef2,c056404192c554290647b488a2c6087036eebe99ed10dc6238f33da44d488b82,commcanary-wheel=954c9fe0ef908a448b5343c91e7d58e8785fc20a7fd029b699ca0e252614304d;environment-lock=d4b8b2dc177cb09cea84a5b5a51c99d4510a3270fe70286d2133382fbc4abd8b;param-patch-contract=182942ecf6ed3c0ea267b1660a19be8601c16768640dd6ef3f112601a0b26f34;rostam-catalog=a4926ec9b012724b926fbc583b865bb083b7ad6526fee9ffc3e95129717195b8,python -m experiments.rostam.analyze verify --run-directory experiments/rostam/results/core-20260724-r7 --selection-id primary --verdict-sha256 46d8012b3594c18c96ee1a3f1e063ceeaf5642068c6a6aa895e655bcfb257bdd --output-directory experiments/rostam/results/publications/core-20260724-r7-primary --archive-descriptor experiments/rostam/results/archives/core-20260724-r7-primary-46d8012b3594c18c96ee1a3f1e063ceeaf5642068c6a6aa895e655bcfb257bdd.raw-archive-descriptor.json --raw-archive experiments/rostam/results/archives/core-20260724-r7-primary-46d8012b3594c18c96ee1a3f1e063ceeaf5642068c6a6aa895e655bcfb257bdd.raw.tar.gz --baseline-config nccl-2.19.3-default --candidate-config nccl-2.20.5-default --median-threshold-pct 8.0 --median-absolute-threshold-us 1.0
measurement,COMPLETE,false,,core-20260724-r7,3bd321ec960c2bce0e6c0ff9aba8bb2be89cb19bdb99011a838cbd79068835b8,primary,d01db822c8e909fe2dbfac157bf62eeeb370a3eef45168f4eb1ff5023fbd4e3a,46d8012b3594c18c96ee1a3f1e063ceeaf5642068c6a6aa895e655bcfb257bdd,c-trace-build-nccl-2.20.5-defaul-r000000-44163c97446eaab9,44163c97446eaab90e4793bef87e18e04465f9f990f6f22d1e50be42418e4efc,a-000001,729d088485d3ffa05fe9f9691fe1380f467f03a4d7ffefac02fb9df34278977a,nccl-2.20.5-default,trace-build,0,75839198.693633,1,commcanary.rostam.physical.capture-measurement.v1,commcanary.rostam.physical.capture-producer.v1,64214b8e231f8c57a675adea6bbe505e89f284f9cba57c2fd6671429a12962cd,2855275288e67a1a2d0bbefff0740841fdf0ecf0,false,,8c5f30748596f665cca0bde76d4637074ffff3fa077387dd12b993cf98d2cee6,61243c0b0044960738318bc431b8ea0b1f5cec7cc0399c4cdb3c30137afc52ce,c3c52463cfd29d72469642a532b123b9bb8273d44559fb0aa2d272d3afde8dc1,commcanary-wheel=954c9fe0ef908a448b5343c91e7d58e8785fc20a7fd029b699ca0e252614304d;environment-lock=d4b8b2dc177cb09cea84a5b5a51c99d4510a3270fe70286d2133382fbc4abd8b;param-patch-contract=182942ecf6ed3c0ea267b1660a19be8601c16768640dd6ef3f112601a0b26f34;rostam-catalog=a4926ec9b012724b926fbc583b865bb083b7ad6526fee9ffc3e95129717195b8,python -m experiments.rostam.analyze verify --run-directory experiments/rostam/results/core-20260724-r7 --selection-id primary --verdict-sha256 46d8012b3594c18c96ee1a3f1e063ceeaf5642068c6a6aa895e655bcfb257bdd --output-directory experiments/rostam/results/publications/core-20260724-r7-primary --archive-descriptor experiments/rostam/results/archives/core-20260724-r7-primary-46d8012b3594c18c96ee1a3f1e063ceeaf5642068c6a6aa895e655bcfb257bdd.raw-archive-descriptor.json --raw-archive experiments/rostam/results/archives/core-20260724-r7-primary-46d8012b3594c18c96ee1a3f1e063ceeaf5642068c6a6aa895e655bcfb257bdd.raw.tar.gz --baseline-config nccl-2.19.3-default --candidate-config nccl-2.20.5-default --median-threshold-pct 8.0 --median-absolute-threshold-us 1.0
measurement,COMPLETE,false,,core-20260724-r7,3bd321ec960c2bce0e6c0ff9aba8bb2be89cb19bdb99011a838cbd79068835b8,primary,d01db822c8e909fe2dbfac157bf62eeeb370a3eef45168f4eb1ff5023fbd4e3a,46d8012b3594c18c96ee1a3f1e063ceeaf5642068c6a6aa895e655bcfb257bdd,c-trace-build-nccl-2.20.5-defaul-r000001-76d2378636eeabd5,76d2378636eeabd55d8bdb9ba0fb2910129148c090de867b42f034957f53d4f3,a-000001,e5fce8f16e921557e413dd2f0e296c46bb4c2e1136c4f8001d22cf7470e4ae6c,nccl-2.20.5-default,trace-build,1,61157362.625934,1,commcanary.rostam.physical.capture-measurement.v1,commcanary.rostam.physical.capture-producer.v1,0c0abb937ac9d92280ea7cd629e98c0fc55b29b2717e7abbf5cbcb40889d5514,2855275288e67a1a2d0bbefff0740841fdf0ecf0,false,,8c5f30748596f665cca0bde76d4637074ffff3fa077387dd12b993cf98d2cee6,3cde2be9e5f547dd71d33ce460b18186483d92526616acfcb4c2e66088cff8d5,1712fcec86be51cdf260655fb90ca50beafeab77f2464a8b837bdd5da52865aa,commcanary-wheel=954c9fe0ef908a448b5343c91e7d58e8785fc20a7fd029b699ca0e252614304d;environment-lock=d4b8b2dc177cb09cea84a5b5a51c99d4510a3270fe70286d2133382fbc4abd8b;param-patch-contract=182942ecf6ed3c0ea267b1660a19be8601c16768640dd6ef3f112601a0b26f34;rostam-catalog=a4926ec9b012724b926fbc583b865bb083b7ad6526fee9ffc3e95129717195b8,python -m experiments.rostam.analyze verify --run-directory experiments/rostam/results/core-20260724-r7 --selection-id primary --verdict-sha256 46d8012b3594c18c96ee1a3f1e063ceeaf5642068c6a6aa895e655bcfb257bdd --output-directory experiments/rostam/results/publications/core-20260724-r7-primary --archive-descriptor experiments/rostam/results/archives/core-20260724-r7-primary-46d8012b3594c18c96ee1a3f1e063ceeaf5642068c6a6aa895e655bcfb257bdd.raw-archive-descriptor.json --raw-archive experiments/rostam/results/archives/core-20260724-r7-primary-46d8012b3594c18c96ee1a3f1e063ceeaf5642068c6a6aa895e655bcfb257bdd.raw.tar.gz --baseline-config nccl-2.19.3-default --candidate-config nccl-2.20.5-default --median-threshold-pct 8.0 --median-absolute-threshold-us 1.0
measurement,COMPLETE,false,,core-20260724-r7,3bd321ec960c2bce0e6c0ff9aba8bb2be89cb19bdb99011a838cbd79068835b8,primary,d01db822c8e909fe2dbfac157bf62eeeb370a3eef45168f4eb1ff5023fbd4e3a,46d8012b3594c18c96ee1a3f1e063ceeaf5642068c6a6aa895e655bcfb257bdd,c-trace-build-nccl-2.20.5-defaul-r000002-02e53dd6bb9a9bf0,02e53dd6bb9a9bf06b70950af6fe65ead6e1acc0448ff6cfd02a45bbcb0c3349,a-000001,6ce90401ff12a7e27718e4d0b3940353cd1a4db700190be2adc660be1af986f6,nccl-2.20.5-default,trace-build,2,60773716.093972,1,commcanary.rostam.physical.capture-measurement.v1,commcanary.rostam.physical.capture-producer.v1,69bacfffa3a00e16394c9524ec993fc2b17ac996b32d1860fb6771395c994d41,2855275288e67a1a2d0bbefff0740841fdf0ecf0,false,,8c5f30748596f665cca0bde76d4637074ffff3fa077387dd12b993cf98d2cee6,8136758350dcdff59e2bf9ed0a5c566c3876e18bc096575f9446010143c2e20f,8cce394e446b01a377687d2020fcdbacb6f7a1a8caeaa3d132d649428e228a8f,commcanary-wheel=954c9fe0ef908a448b5343c91e7d58e8785fc20a7fd029b699ca0e252614304d;environment-lock=d4b8b2dc177cb09cea84a5b5a51c99d4510a3270fe70286d2133382fbc4abd8b;param-patch-contract=182942ecf6ed3c0ea267b1660a19be8601c16768640dd6ef3f112601a0b26f34;rostam-catalog=a4926ec9b012724b926fbc583b865bb083b7ad6526fee9ffc3e95129717195b8,python -m experiments.rostam.analyze verify --run-directory experiments/rostam/results/core-20260724-r7 --selection-id primary --verdict-sha256 46d8012b3594c18c96ee1a3f1e063ceeaf5642068c6a6aa895e655bcfb257bdd --output-directory experiments/rostam/results/publications/core-20260724-r7-primary --archive-descriptor experiments/rostam/results/archives/core-20260724-r7-primary-46d8012b3594c18c96ee1a3f1e063ceeaf5642068c6a6aa895e655bcfb257bdd.raw-archive-descriptor.json --raw-archive experiments/rostam/results/archives/core-20260724-r7-primary-46d8012b3594c18c96ee1a3f1e063ceeaf5642068c6a6aa895e655bcfb257bdd.raw.tar.gz --baseline-config nccl-2.19.3-default --candidate-config nccl-2.20.5-default --median-threshold-pct 8.0 --median-absolute-threshold-us 1.0
measurement,COMPLETE,false,,core-20260724-r7,3bd321ec960c2bce0e6c0ff9aba8bb2be89cb19bdb99011a838cbd79068835b8,primary,d01db822c8e909fe2dbfac157bf62eeeb370a3eef45168f4eb1ff5023fbd4e3a,46d8012b3594c18c96ee1a3f1e063ceeaf5642068c6a6aa895e655bcfb257bdd,c-trace-build-nccl-2.20.5-defaul-r000003-64bcc2b76ccd27cb,64bcc2b76ccd27cbcea21690582bfe13493970e244393064d171cd73370e4426,a-000001,c017f1a6e538eeecf05853df889c319456472812a5e171c4330913736deedf09,nccl-2.20.5-default,trace-build,3,60268804.972991,1,commcanary.rostam.physical.capture-measurement.v1,commcanary.rostam.physical.capture-producer.v1,8c5680a0c74b03ccf2d5e5b8c30f881d39f0be99651fcb90480920c58fd549e9,2855275288e67a1a2d0bbefff0740841fdf0ecf0,false,,8c5f30748596f665cca0bde76d4637074ffff3fa077387dd12b993cf98d2cee6,48e52147b395f1fbad2c4854badea4371a740795c191dd9f3e18f4ba9ee140d3,971ee14ec5c6e5939c10a362c730fc35443f4707c736169727648f9f2e224ae0,commcanary-wheel=954c9fe0ef908a448b5343c91e7d58e8785fc20a7fd029b699ca0e252614304d;environment-lock=d4b8b2dc177cb09cea84a5b5a51c99d4510a3270fe70286d2133382fbc4abd8b;param-patch-contract=182942ecf6ed3c0ea267b1660a19be8601c16768640dd6ef3f112601a0b26f34;rostam-catalog=a4926ec9b012724b926fbc583b865bb083b7ad6526fee9ffc3e95129717195b8,python -m experiments.rostam.analyze verify --run-directory experiments/rostam/results/core-20260724-r7 --selection-id primary --verdict-sha256 46d8012b3594c18c96ee1a3f1e063ceeaf5642068c6a6aa895e655bcfb257bdd --output-directory experiments/rostam/results/publications/core-20260724-r7-primary --archive-descriptor experiments/rostam/results/archives/core-20260724-r7-primary-46d8012b3594c18c96ee1a3f1e063ceeaf5642068c6a6aa895e655bcfb257bdd.raw-archive-descriptor.json --raw-archive experiments/rostam/results/archives/core-20260724-r7-primary-46d8012b3594c18c96ee1a3f1e063ceeaf5642068c6a6aa895e655bcfb257bdd.raw.tar.gz --baseline-config nccl-2.19.3-default --candidate-config nccl-2.20.5-default --median-threshold-pct 8.0 --median-absolute-threshold-us 1.0
measurement,COMPLETE,false,,core-20260724-r7,3bd321ec960c2bce0e6c0ff9aba8bb2be89cb19bdb99011a838cbd79068835b8,primary,d01db822c8e909fe2dbfac157bf62eeeb370a3eef45168f4eb1ff5023fbd4e3a,46d8012b3594c18c96ee1a3f1e063ceeaf5642068c6a6aa895e655bcfb257bdd,c-trace-build-nccl-2.20.5-defaul-r000004-8a9ef2727c8e1134,8a9ef2727c8e11348403e16c41bc4aed65efbf3d622bf939830e4befdb027d26,a-000001,679a691d845054c36c1593c230d30d8df65797ef437cbea5b24c267bd9134952,nccl-2.20.5-default,trace-build,4,60775378.790684,1,commcanary.rostam.physical.capture-measurement.v1,commcanary.rostam.physical.capture-producer.v1,7f7e59ff8c96739e546ed2402ba91cf6db6943a5eebeb6adc850350c4c5182a6,2855275288e67a1a2d0bbefff0740841fdf0ecf0,false,,8c5f30748596f665cca0bde76d4637074ffff3fa077387dd12b993cf98d2cee6,1d037c0141d355ce86a0e3d678be62c12bd543b7b8933f33e51830788b9749d6,1f14cc9b1bc23c0dfe0241870917e0388b99de2dda67ab57926672f48c3ec94a,commcanary-wheel=954c9fe0ef908a448b5343c91e7d58e8785fc20a7fd029b699ca0e252614304d;environment-lock=d4b8b2dc177cb09cea84a5b5a51c99d4510a3270fe70286d2133382fbc4abd8b;param-patch-contract=182942ecf6ed3c0ea267b1660a19be8601c16768640dd6ef3f112601a0b26f34;rostam-catalog=a4926ec9b012724b926fbc583b865bb083b7ad6526fee9ffc3e95129717195b8,python -m experiments.rostam.analyze verify --run-directory experiments/rostam/results/core-20260724-r7 --selection-id primary --verdict-sha256 46d8012b3594c18c96ee1a3f1e063ceeaf5642068c6a6aa895e655bcfb257bdd --output-directory experiments/rostam/results/publications/core-20260724-r7-primary --archive-descriptor experiments/rostam/results/archives/core-20260724-r7-primary-46d8012b3594c18c96ee1a3f1e063ceeaf5642068c6a6aa895e655bcfb257bdd.raw-archive-descriptor.json --raw-archive experiments/rostam/results/archives/core-20260724-r7-primary-46d8012b3594c18c96ee1a3f1e063ceeaf5642068c6a6aa895e655bcfb257bdd.raw.tar.gz --baseline-config nccl-2.19.3-default --candidate-config nccl-2.20.5-default --median-threshold-pct 8.0 --median-absolute-threshold-us 1.0
measurement,COMPLETE,false,,core-20260724-r7,3bd321ec960c2bce0e6c0ff9aba8bb2be89cb19bdb99011a838cbd79068835b8,primary,d01db822c8e909fe2dbfac157bf62eeeb370a3eef45168f4eb1ff5023fbd4e3a,46d8012b3594c18c96ee1a3f1e063ceeaf5642068c6a6aa895e655bcfb257bdd,c-trace-build-nccl-2.20.5-ring-l-r000000-c6f692f4f6af1b58,c6f692f4f6af1b58d53d2e52503faa4111ad949c5ccbef9809d8ed982dcc2426,a-000001,b164edfc4963a3657307e4893ad689322102e535c434a9c509602b456d670393,nccl-2.20.5-ring-ll128,trace-build,0,59902019.335888,1,commcanary.rostam.physical.capture-measurement.v1,commcanary.rostam.physical.capture-producer.v1,24e4a77f288eaeed32f8e5a4925d7f657a331847ad27385ae2a4d12f2164c5ad,2855275288e67a1a2d0bbefff0740841fdf0ecf0,false,,8c5f30748596f665cca0bde76d4637074ffff3fa077387dd12b993cf98d2cee6,5ebd9cc80bffa6cd13e7ec11741d246286056e83a35b16d5c555f963dfc58ac1,1aa821ea60d899495f7ffdfb06c221c9d8b864becd00f13c3a88ddf2009923d9,commcanary-wheel=954c9fe0ef908a448b5343c91e7d58e8785fc20a7fd029b699ca0e252614304d;environment-lock=d4b8b2dc177cb09cea84a5b5a51c99d4510a3270fe70286d2133382fbc4abd8b;param-patch-contract=182942ecf6ed3c0ea267b1660a19be8601c16768640dd6ef3f112601a0b26f34;rostam-catalog=a4926ec9b012724b926fbc583b865bb083b7ad6526fee9ffc3e95129717195b8,python -m experiments.rostam.analyze verify --run-directory experiments/rostam/results/core-20260724-r7 --selection-id primary --verdict-sha256 46d8012b3594c18c96ee1a3f1e063ceeaf5642068c6a6aa895e655bcfb257bdd --output-directory experiments/rostam/results/publications/core-20260724-r7-primary --archive-descriptor experiments/rostam/results/archives/core-20260724-r7-primary-46d8012b3594c18c96ee1a3f1e063ceeaf5642068c6a6aa895e655bcfb257bdd.raw-archive-descriptor.json --raw-archive experiments/rostam/results/archives/core-20260724-r7-primary-46d8012b3594c18c96ee1a3f1e063ceeaf5642068c6a6aa895e655bcfb257bdd.raw.tar.gz --baseline-config nccl-2.19.3-default --candidate-config nccl-2.20.5-default --median-threshold-pct 8.0 --median-absolute-threshold-us 1.0
measurement,COMPLETE,false,,core-20260724-r7,3bd321ec960c2bce0e6c0ff9aba8bb2be89cb19bdb99011a838cbd79068835b8,primary,d01db822c8e909fe2dbfac157bf62eeeb370a3eef45168f4eb1ff5023fbd4e3a,46d8012b3594c18c96ee1a3f1e063ceeaf5642068c6a6aa895e655bcfb257bdd,c-trace-build-nccl-2.20.5-ring-l-r000000-e63bb47f36e2451a,e63bb47f36e2451a1561815a046ef16e061d777e5e1620c29f57a110ed7b3977,a-000001,11b7fd47f7ec3002bcc53d471adf09b6a17473f88c3e557d3b9ee495d9e4225a,nccl-2.20.5-ring-ll,trace-build,0,60027312.504128,1,commcanary.rostam.physical.capture-measurement.v1,commcanary.rostam.physical.capture-producer.v1,e4684e25e4a371377f50b0f5cd803339f684b6637fca82c93ea9e7847c9d2564,2855275288e67a1a2d0bbefff0740841fdf0ecf0,false,,8c5f30748596f665cca0bde76d4637074ffff3fa077387dd12b993cf98d2cee6,4bc70d4ebdb8ad6ae778fa84b55499b5b254fed69ca477f853153c7f01da9d42,db9da4de72a6e6e93fa33853339885449e6cb275577ee8a51983612e155e5c5e,commcanary-wheel=954c9fe0ef908a448b5343c91e7d58e8785fc20a7fd029b699ca0e252614304d;environment-lock=d4b8b2dc177cb09cea84a5b5a51c99d4510a3270fe70286d2133382fbc4abd8b;param-patch-contract=182942ecf6ed3c0ea267b1660a19be8601c16768640dd6ef3f112601a0b26f34;rostam-catalog=a4926ec9b012724b926fbc583b865bb083b7ad6526fee9ffc3e95129717195b8,python -m experiments.rostam.analyze verify --run-directory experiments/rostam/results/core-20260724-r7 --selection-id primary --verdict-sha256 46d8012b3594c18c96ee1a3f1e063ceeaf5642068c6a6aa895e655bcfb257bdd --output-directory experiments/rostam/results/publications/core-20260724-r7-primary --archive-descriptor experiments/rostam/results/archives/core-20260724-r7-primary-46d8012b3594c18c96ee1a3f1e063ceeaf5642068c6a6aa895e655bcfb257bdd.raw-archive-descriptor.json --raw-archive experiments/rostam/results/archives/core-20260724-r7-primary-46d8012b3594c18c96ee1a3f1e063ceeaf5642068c6a6aa895e655bcfb257bdd.raw.tar.gz --baseline-config nccl-2.19.3-default --candidate-config nccl-2.20.5-default --median-threshold-pct 8.0 --median-absolute-threshold-us 1.0
measurement,COMPLETE,false,,core-20260724-r7,3bd321ec960c2bce0e6c0ff9aba8bb2be89cb19bdb99011a838cbd79068835b8,primary,d01db822c8e909fe2dbfac157bf62eeeb370a3eef45168f4eb1ff5023fbd4e3a,46d8012b3594c18c96ee1a3f1e063ceeaf5642068c6a6aa895e655bcfb257bdd,c-trace-build-nccl-2.20.5-ring-l-r000001-78a8f72a330f8e8b,78a8f72a330f8e8b99e49fdc455325b4c3125f4fb2a5be9b6a1f2e67a4dc12f1,a-000001,bee5f444a3a21dea61874265734122c3a2493454c4a0c1b61717f71678e31af7,nccl-2.20.5-ring-ll128,trace-build,1,60532071.079127,1,commcanary.rostam.physical.capture-measurement.v1,commcanary.rostam.physical.capture-producer.v1,f6b8fdda417012eebf1d1150279a350dfb424e36bc9a9f9769442ecc06b04c7c,2855275288e67a1a2d0bbefff0740841fdf0ecf0,false,,8c5f30748596f665cca0bde76d4637074ffff3fa077387dd12b993cf98d2cee6,1224ee456970bc822b5b00966570aaf61b759871e339ee433f1086529adaecfb,271ec21b0bea8a4602df5ba5f4ed50ac890ffbb051dcb8dfab79e892ac00e9f0,commcanary-wheel=954c9fe0ef908a448b5343c91e7d58e8785fc20a7fd029b699ca0e252614304d;environment-lock=d4b8b2dc177cb09cea84a5b5a51c99d4510a3270fe70286d2133382fbc4abd8b;param-patch-contract=182942ecf6ed3c0ea267b1660a19be8601c16768640dd6ef3f112601a0b26f34;rostam-catalog=a4926ec9b012724b926fbc583b865bb083b7ad6526fee9ffc3e95129717195b8,python -m experiments.rostam.analyze verify --run-directory experiments/rostam/results/core-20260724-r7 --selection-id primary --verdict-sha256 46d8012b3594c18c96ee1a3f1e063ceeaf5642068c6a6aa895e655bcfb257bdd --output-directory experiments/rostam/results/publications/core-20260724-r7-primary --archive-descriptor experiments/rostam/results/archives/core-20260724-r7-primary-46d8012b3594c18c96ee1a3f1e063ceeaf5642068c6a6aa895e655bcfb257bdd.raw-archive-descriptor.json --raw-archive experiments/rostam/results/archives/core-20260724-r7-primary-46d8012b3594c18c96ee1a3f1e063ceeaf5642068c6a6aa895e655bcfb257bdd.raw.tar.gz --baseline-config nccl-2.19.3-default --candidate-config nccl-2.20.5-default --median-threshold-pct 8.0 --median-absolute-threshold-us 1.0
measurement,COMPLETE,false,,core-20260724-r7,3bd321ec960c2bce0e6c0ff9aba8bb2be89cb19bdb99011a838cbd79068835b8,primary,d01db822c8e909fe2dbfac157bf62eeeb370a3eef45168f4eb1ff5023fbd4e3a,46d8012b3594c18c96ee1a3f1e063ceeaf5642068c6a6aa895e655bcfb257bdd,c-trace-build-nccl-2.20.5-ring-l-r000001-edf5a52d9a1106ad,edf5a52d9a1106adc13b129df667a8d754276d6bb724c09d754994f293e838fe,a-000001,ddb14335d70bc88d63bf577ad711a95f1506ed509d024fa6d43e1659174c6b83,nccl-2.20.5-ring-ll,trace-build,1,60075873.074122,1,commcanary.rostam.physical.capture-measurement.v1,commcanary.rostam.physical.capture-producer.v1,7401758828cca03a2faccb391072644204be46ab1b8864831c67d3e32d3ba9b5,2855275288e67a1a2d0bbefff0740841fdf0ecf0,false,,8c5f30748596f665cca0bde76d4637074ffff3fa077387dd12b993cf98d2cee6,a874f62ba2563dbad225e23bc154432cfc5286b48a4e025653636603c277d399,e733c338054aad72ac81f9ac01634725b28028b6670cc176f934e2f07dde2175,commcanary-wheel=954c9fe0ef908a448b5343c91e7d58e8785fc20a7fd029b699ca0e252614304d;environment-lock=d4b8b2dc177cb09cea84a5b5a51c99d4510a3270fe70286d2133382fbc4abd8b;param-patch-contract=182942ecf6ed3c0ea267b1660a19be8601c16768640dd6ef3f112601a0b26f34;rostam-catalog=a4926ec9b012724b926fbc583b865bb083b7ad6526fee9ffc3e95129717195b8,python -m experiments.rostam.analyze verify --run-directory experiments/rostam/results/core-20260724-r7 --selection-id primary --verdict-sha256 46d8012b3594c18c96ee1a3f1e063ceeaf5642068c6a6aa895e655bcfb257bdd --output-directory experiments/rostam/results/publications/core-20260724-r7-primary --archive-descriptor experiments/rostam/results/archives/core-20260724-r7-primary-46d8012b3594c18c96ee1a3f1e063ceeaf5642068c6a6aa895e655bcfb257bdd.raw-archive-descriptor.json --raw-archive experiments/rostam/results/archives/core-20260724-r7-primary-46d8012b3594c18c96ee1a3f1e063ceeaf5642068c6a6aa895e655bcfb257bdd.raw.tar.gz --baseline-config nccl-2.19.3-default --candidate-config nccl-2.20.5-default --median-threshold-pct 8.0 --median-absolute-threshold-us 1.0
measurement,COMPLETE,false,,core-20260724-r7,3bd321ec960c2bce0e6c0ff9aba8bb2be89cb19bdb99011a838cbd79068835b8,primary,d01db822c8e909fe2dbfac157bf62eeeb370a3eef45168f4eb1ff5023fbd4e3a,46d8012b3594c18c96ee1a3f1e063ceeaf5642068c6a6aa895e655bcfb257bdd,c-trace-build-nccl-2.20.5-ring-l-r000002-a089095950111d00,a089095950111d004cae235f4b80a671d77f01f18dd977fd0fe526698c01de71,a-000001,ef08c17b8d12ac725256127277128f27a580d07807c086731ed55157dd7b7861,nccl-2.20.5-ring-ll,trace-build,2,60136821.221560,1,commcanary.rostam.physical.capture-measurement.v1,commcanary.rostam.physical.capture-producer.v1,1db767ddc7f8f7d4a6863f84b2874d93b4fe2e4374ec698a85475d6f4a3c7caa,2855275288e67a1a2d0bbefff0740841fdf0ecf0,false,,8c5f30748596f665cca0bde76d4637074ffff3fa077387dd12b993cf98d2cee6,077549ed0eca633c6abee0eec6822c416ae729ba04ec884ef3543cf63762d2c4,9328a078064e6495e8160cb9512103a2bd7e412318983b62d8b9ffc8f37482b3,commcanary-wheel=954c9fe0ef908a448b5343c91e7d58e8785fc20a7fd029b699ca0e252614304d;environment-lock=d4b8b2dc177cb09cea84a5b5a51c99d4510a3270fe70286d2133382fbc4abd8b;param-patch-contract=182942ecf6ed3c0ea267b1660a19be8601c16768640dd6ef3f112601a0b26f34;rostam-catalog=a4926ec9b012724b926fbc583b865bb083b7ad6526fee9ffc3e95129717195b8,python -m experiments.rostam.analyze verify --run-directory experiments/rostam/results/core-20260724-r7 --selection-id primary --verdict-sha256 46d8012b3594c18c96ee1a3f1e063ceeaf5642068c6a6aa895e655bcfb257bdd --output-directory experiments/rostam/results/publications/core-20260724-r7-primary --archive-descriptor experiments/rostam/results/archives/core-20260724-r7-primary-46d8012b3594c18c96ee1a3f1e063ceeaf5642068c6a6aa895e655bcfb257bdd.raw-archive-descriptor.json --raw-archive experiments/rostam/results/archives/core-20260724-r7-primary-46d8012b3594c18c96ee1a3f1e063ceeaf5642068c6a6aa895e655bcfb257bdd.raw.tar.gz --baseline-config nccl-2.19.3-default --candidate-config nccl-2.20.5-default --median-threshold-pct 8.0 --median-absolute-threshold-us 1.0
measurement,COMPLETE,false,,core-20260724-r7,3bd321ec960c2bce0e6c0ff9aba8bb2be89cb19bdb99011a838cbd79068835b8,primary,d01db822c8e909fe2dbfac157bf62eeeb370a3eef45168f4eb1ff5023fbd4e3a,46d8012b3594c18c96ee1a3f1e063ceeaf5642068c6a6aa895e655bcfb257bdd,c-trace-build-nccl-2.20.5-ring-l-r000002-a5f0a77a3d937b74,a5f0a77a3d937b7486f75926f9ceda75ccb9fea52f9924e39bfaca123b766fa0,a-000001,5f4e7afe9ab643082ee0fd329f5058d5c64d728c7ce21d1494843cca652b8596,nccl-2.20.5-ring-ll128,trace-build,2,59680263.522081,1,commcanary.rostam.physical.capture-measurement.v1,commcanary.rostam.physical.capture-producer.v1,ed44598790007839ec8c228eabd390abfa117083a85b451f568275d1a0e82701,2855275288e67a1a2d0bbefff0740841fdf0ecf0,false,,8c5f30748596f665cca0bde76d4637074ffff3fa077387dd12b993cf98d2cee6,6fa091e944579caf2f54c8dc2f746b416cb15e7e21aee20cce62e43531e45be7,96cf8015d63c3fbcb6097852c530dedee4722cecd6082eae680f8f7adc2d1f51,commcanary-wheel=954c9fe0ef908a448b5343c91e7d58e8785fc20a7fd029b699ca0e252614304d;environment-lock=d4b8b2dc177cb09cea84a5b5a51c99d4510a3270fe70286d2133382fbc4abd8b;param-patch-contract=182942ecf6ed3c0ea267b1660a19be8601c16768640dd6ef3f112601a0b26f34;rostam-catalog=a4926ec9b012724b926fbc583b865bb083b7ad6526fee9ffc3e95129717195b8,python -m experiments.rostam.analyze verify --run-directory experiments/rostam/results/core-20260724-r7 --selection-id primary --verdict-sha256 46d8012b3594c18c96ee1a3f1e063ceeaf5642068c6a6aa895e655bcfb257bdd --output-directory experiments/rostam/results/publications/core-20260724-r7-primary --archive-descriptor experiments/rostam/results/archives/core-20260724-r7-primary-46d8012b3594c18c96ee1a3f1e063ceeaf5642068c6a6aa895e655bcfb257bdd.raw-archive-descriptor.json --raw-archive experiments/rostam/results/archives/core-20260724-r7-primary-46d8012b3594c18c96ee1a3f1e063ceeaf5642068c6a6aa895e655bcfb257bdd.raw.tar.gz --baseline-config nccl-2.19.3-default --candidate-config nccl-2.20.5-default --median-threshold-pct 8.0 --median-absolute-threshold-us 1.0
measurement,COMPLETE,false,,core-20260724-r7,3bd321ec960c2bce0e6c0ff9aba8bb2be89cb19bdb99011a838cbd79068835b8,primary,d01db822c8e909fe2dbfac157bf62eeeb370a3eef45168f4eb1ff5023fbd4e3a,46d8012b3594c18c96ee1a3f1e063ceeaf5642068c6a6aa895e655bcfb257bdd,c-trace-build-nccl-2.20.5-ring-l-r000003-3bd96389bcc0d652,3bd96389bcc0d652760a47e6fb1c0f948c57f644cd165a7320e6d16259124964,a-000001,b914f8ed01ed1654c4f5b0b8816cfefa861719bc2d95262ab820d443ca9a84ee,nccl-2.20.5-ring-ll,trace-build,3,60063178.199343,1,commcanary.rostam.physical.capture-measurement.v1,commcanary.rostam.physical.capture-producer.v1,40615b89adbd8ac8aad9a25df3560fb081c9150f34c0598e58190221f44703f9,2855275288e67a1a2d0bbefff0740841fdf0ecf0,false,,8c5f30748596f665cca0bde76d4637074ffff3fa077387dd12b993cf98d2cee6,3f2e19f82b82908b3d97acccc13a534e3a20d84515e081463476a5bbe4027569,a860d0d4cac4a57943446b6b5bc8fba159e6596f3cbce1a90cef1619e2641f26,commcanary-wheel=954c9fe0ef908a448b5343c91e7d58e8785fc20a7fd029b699ca0e252614304d;environment-lock=d4b8b2dc177cb09cea84a5b5a51c99d4510a3270fe70286d2133382fbc4abd8b;param-patch-contract=182942ecf6ed3c0ea267b1660a19be8601c16768640dd6ef3f112601a0b26f34;rostam-catalog=a4926ec9b012724b926fbc583b865bb083b7ad6526fee9ffc3e95129717195b8,python -m experiments.rostam.analyze verify --run-directory experiments/rostam/results/core-20260724-r7 --selection-id primary --verdict-sha256 46d8012b3594c18c96ee1a3f1e063ceeaf5642068c6a6aa895e655bcfb257bdd --output-directory experiments/rostam/results/publications/core-20260724-r7-primary --archive-descriptor experiments/rostam/results/archives/core-20260724-r7-primary-46d8012b3594c18c96ee1a3f1e063ceeaf5642068c6a6aa895e655bcfb257bdd.raw-archive-descriptor.json --raw-archive experiments/rostam/results/archives/core-20260724-r7-primary-46d8012b3594c18c96ee1a3f1e063ceeaf5642068c6a6aa895e655bcfb257bdd.raw.tar.gz --baseline-config nccl-2.19.3-default --candidate-config nccl-2.20.5-default --median-threshold-pct 8.0 --median-absolute-threshold-us 1.0
measurement,COMPLETE,false,,core-20260724-r7,3bd321ec960c2bce0e6c0ff9aba8bb2be89cb19bdb99011a838cbd79068835b8,primary,d01db822c8e909fe2dbfac157bf62eeeb370a3eef45168f4eb1ff5023fbd4e3a,46d8012b3594c18c96ee1a3f1e063ceeaf5642068c6a6aa895e655bcfb257bdd,c-trace-build-nccl-2.20.5-ring-l-r000003-c0ed72180ad35e05,c0ed72180ad35e0566f44ed42c3dca5ac85633f8d4181bcb7b1b5bdc5337feb3,a-000001,14f28247b6f1c2f05368dd0b17169282787a01ed4fe8462ee3153edf81caddb1,nccl-2.20.5-ring-ll128,trace-build,3,60327815.789729,1,commcanary.rostam.physical.capture-measurement.v1,commcanary.rostam.physical.capture-producer.v1,0db4e3ee980f34ffac34ad3749c1c7d78b029b220e396c6b4735f56702367d16,2855275288e67a1a2d0bbefff0740841fdf0ecf0,false,,8c5f30748596f665cca0bde76d4637074ffff3fa077387dd12b993cf98d2cee6,f289939a338e5cd268cc0413270c6b972178e106bad4d5f3444348e7b75fb96b,286e7487f5f51716dd7c676c2ca03bdd56785dfb533169af1d01b2feb801e97f,commcanary-wheel=954c9fe0ef908a448b5343c91e7d58e8785fc20a7fd029b699ca0e252614304d;environment-lock=d4b8b2dc177cb09cea84a5b5a51c99d4510a3270fe70286d2133382fbc4abd8b;param-patch-contract=182942ecf6ed3c0ea267b1660a19be8601c16768640dd6ef3f112601a0b26f34;rostam-catalog=a4926ec9b012724b926fbc583b865bb083b7ad6526fee9ffc3e95129717195b8,python -m experiments.rostam.analyze verify --run-directory experiments/rostam/results/core-20260724-r7 --selection-id primary --verdict-sha256 46d8012b3594c18c96ee1a3f1e063ceeaf5642068c6a6aa895e655bcfb257bdd --output-directory experiments/rostam/results/publications/core-20260724-r7-primary --archive-descriptor experiments/rostam/results/archives/core-20260724-r7-primary-46d8012b3594c18c96ee1a3f1e063ceeaf5642068c6a6aa895e655bcfb257bdd.raw-archive-descriptor.json --raw-archive experiments/rostam/results/archives/core-20260724-r7-primary-46d8012b3594c18c96ee1a3f1e063ceeaf5642068c6a6aa895e655bcfb257bdd.raw.tar.gz --baseline-config nccl-2.19.3-default --candidate-config nccl-2.20.5-default --median-threshold-pct 8.0 --median-absolute-threshold-us 1.0
measurement,COMPLETE,false,,core-20260724-r7,3bd321ec960c2bce0e6c0ff9aba8bb2be89cb19bdb99011a838cbd79068835b8,primary,d01db822c8e909fe2dbfac157bf62eeeb370a3eef45168f4eb1ff5023fbd4e3a,46d8012b3594c18c96ee1a3f1e063ceeaf5642068c6a6aa895e655bcfb257bdd,c-trace-build-nccl-2.20.5-ring-l-r000004-4e7872d2859848ed,4e7872d2859848ed1c99edf85d32a90fca876cf8fdefae78d59014eb1881b59c,a-000001,735872261c832257a6c3478ed101531b61df9a4ccd83ac96163afff541c50042,nccl-2.20.5-ring-ll128,trace-build,4,60045509.262942,1,commcanary.rostam.physical.capture-measurement.v1,commcanary.rostam.physical.capture-producer.v1,6b64c012344138771091278d0758594c3299ead1a8d3c5764167db9eef4d66f9,2855275288e67a1a2d0bbefff0740841fdf0ecf0,false,,8c5f30748596f665cca0bde76d4637074ffff3fa077387dd12b993cf98d2cee6,5645a86a6ec97ae4c9cd8b035d6b31e188c5ee8808c95df761a8c74ad4f27af3,e06b1c6f0ec2f13a4ddda3974364be817355c4d31df331aca69a8986e1e35807,commcanary-wheel=954c9fe0ef908a448b5343c91e7d58e8785fc20a7fd029b699ca0e252614304d;environment-lock=d4b8b2dc177cb09cea84a5b5a51c99d4510a3270fe70286d2133382fbc4abd8b;param-patch-contract=182942ecf6ed3c0ea267b1660a19be8601c16768640dd6ef3f112601a0b26f34;rostam-catalog=a4926ec9b012724b926fbc583b865bb083b7ad6526fee9ffc3e95129717195b8,python -m experiments.rostam.analyze verify --run-directory experiments/rostam/results/core-20260724-r7 --selection-id primary --verdict-sha256 46d8012b3594c18c96ee1a3f1e063ceeaf5642068c6a6aa895e655bcfb257bdd --output-directory experiments/rostam/results/publications/core-20260724-r7-primary --archive-descriptor experiments/rostam/results/archives/core-20260724-r7-primary-46d8012b3594c18c96ee1a3f1e063ceeaf5642068c6a6aa895e655bcfb257bdd.raw-archive-descriptor.json --raw-archive experiments/rostam/results/archives/core-20260724-r7-primary-46d8012b3594c18c96ee1a3f1e063ceeaf5642068c6a6aa895e655bcfb257bdd.raw.tar.gz --baseline-config nccl-2.19.3-default --candidate-config nccl-2.20.5-default --median-threshold-pct 8.0 --median-absolute-threshold-us 1.0
measurement,COMPLETE,false,,core-20260724-r7,3bd321ec960c2bce0e6c0ff9aba8bb2be89cb19bdb99011a838cbd79068835b8,primary,d01db822c8e909fe2dbfac157bf62eeeb370a3eef45168f4eb1ff5023fbd4e3a,46d8012b3594c18c96ee1a3f1e063ceeaf5642068c6a6aa895e655bcfb257bdd,c-trace-build-nccl-2.20.5-ring-l-r000004-a00bf9bbb98ea296,a00bf9bbb98ea29688d2cf24145f2c554fc614e0dac49c25412829161a278f3e,a-000001,a0ec81baf411fbf8c7d8cd3f1d54e9770299b9cf047017612afbeeeb7e0bac60,nccl-2.20.5-ring-ll,trace-build,4,60024065.560661,1,commcanary.rostam.physical.capture-measurement.v1,commcanary.rostam.physical.capture-producer.v1,e10e31e1f878bfd3038512f76e69ad9cd44206dc75a91bd228a7d69469216c23,2855275288e67a1a2d0bbefff0740841fdf0ecf0,false,,8c5f30748596f665cca0bde76d4637074ffff3fa077387dd12b993cf98d2cee6,37b1773e7d9d5014d10638dc9a64ad08c98e0a02b0995624824d29d773008fc4,9b9a29f9d8902468369e92efeb41a2bebf43fbd0236e0f2d207e7cc06082943c,commcanary-wheel=954c9fe0ef908a448b5343c91e7d58e8785fc20a7fd029b699ca0e252614304d;environment-lock=d4b8b2dc177cb09cea84a5b5a51c99d4510a3270fe70286d2133382fbc4abd8b;param-patch-contract=182942ecf6ed3c0ea267b1660a19be8601c16768640dd6ef3f112601a0b26f34;rostam-catalog=a4926ec9b012724b926fbc583b865bb083b7ad6526fee9ffc3e95129717195b8,python -m experiments.rostam.analyze verify --run-directory experiments/rostam/results/core-20260724-r7 --selection-id primary --verdict-sha256 46d8012b3594c18c96ee1a3f1e063ceeaf5642068c6a6aa895e655bcfb257bdd --output-directory experiments/rostam/results/publications/core-20260724-r7-primary --archive-descriptor experiments/rostam/results/archives/core-20260724-r7-primary-46d8012b3594c18c96ee1a3f1e063ceeaf5642068c6a6aa895e655bcfb257bdd.raw-archive-descriptor.json --raw-archive experiments/rostam/results/archives/core-20260724-r7-primary-46d8012b3594c18c96ee1a3f1e063ceeaf5642068c6a6aa895e655bcfb257bdd.raw.tar.gz --baseline-config nccl-2.19.3-default --candidate-config nccl-2.20.5-default --median-threshold-pct 8.0 --median-absolute-threshold-us 1.0
measurement,COMPLETE,false,,core-20260724-r7,3bd321ec960c2bce0e6c0ff9aba8bb2be89cb19bdb99011a838cbd79068835b8,primary,d01db822c8e909fe2dbfac157bf62eeeb370a3eef45168f4eb1ff5023fbd4e3a,46d8012b3594c18c96ee1a3f1e063ceeaf5642068c6a6aa895e655bcfb257bdd,c-trace-build-nccl-2.20.5-ring-s-r000000-3203b61fb7e8e445,3203b61fb7e8e445a59dff50705314b0d6f9e37ea085e1c80f7619dbdff9fbef,a-000001,0c4753d0ac59e1e9e50368c6432ee58187f52948031a2c84b1992dbfc9b89e92,nccl-2.20.5-ring-simple,trace-build,0,60195086.259395,1,commcanary.rostam.physical.capture-measurement.v1,commcanary.rostam.physical.capture-producer.v1,791c704de0f3044c241f117137da698986d4e94328e8950dae1e215757cbf9b6,2855275288e67a1a2d0bbefff0740841fdf0ecf0,false,,8c5f30748596f665cca0bde76d4637074ffff3fa077387dd12b993cf98d2cee6,853470af7f3f4f71ca20f03c2ed8939d23d7af5e69eebf15cd02fc2ddad67df9,f57a1b50fbf3c936da65960db7cb4fa1687287310cd9b76100d86a09de98aac6,commcanary-wheel=954c9fe0ef908a448b5343c91e7d58e8785fc20a7fd029b699ca0e252614304d;environment-lock=d4b8b2dc177cb09cea84a5b5a51c99d4510a3270fe70286d2133382fbc4abd8b;param-patch-contract=182942ecf6ed3c0ea267b1660a19be8601c16768640dd6ef3f112601a0b26f34;rostam-catalog=a4926ec9b012724b926fbc583b865bb083b7ad6526fee9ffc3e95129717195b8,python -m experiments.rostam.analyze verify --run-directory experiments/rostam/results/core-20260724-r7 --selection-id primary --verdict-sha256 46d8012b3594c18c96ee1a3f1e063ceeaf5642068c6a6aa895e655bcfb257bdd --output-directory experiments/rostam/results/publications/core-20260724-r7-primary --archive-descriptor experiments/rostam/results/archives/core-20260724-r7-primary-46d8012b3594c18c96ee1a3f1e063ceeaf5642068c6a6aa895e655bcfb257bdd.raw-archive-descriptor.json --raw-archive experiments/rostam/results/archives/core-20260724-r7-primary-46d8012b3594c18c96ee1a3f1e063ceeaf5642068c6a6aa895e655bcfb257bdd.raw.tar.gz --baseline-config nccl-2.19.3-default --candidate-config nccl-2.20.5-default --median-threshold-pct 8.0 --median-absolute-threshold-us 1.0
measurement,COMPLETE,false,,core-20260724-r7,3bd321ec960c2bce0e6c0ff9aba8bb2be89cb19bdb99011a838cbd79068835b8,primary,d01db822c8e909fe2dbfac157bf62eeeb370a3eef45168f4eb1ff5023fbd4e3a,46d8012b3594c18c96ee1a3f1e063ceeaf5642068c6a6aa895e655bcfb257bdd,c-trace-build-nccl-2.20.5-ring-s-r000001-84a96dc004bb6f7c,84a96dc004bb6f7c101db10a965d5c2bde8e8c787acb1fc89808489fb11de85e,a-000001,2264f50778704179336bbb30646264ce703e39898e4fb20308694be8457fa7e6,nccl-2.20.5-ring-simple,trace-build,1,60467164.870352,1,commcanary.rostam.physical.capture-measurement.v1,commcanary.rostam.physical.capture-producer.v1,47b89f674de7e9a06bc956856a033565deb1dc38d7688d6ffde451aa451efb33,2855275288e67a1a2d0bbefff0740841fdf0ecf0,false,,8c5f30748596f665cca0bde76d4637074ffff3fa077387dd12b993cf98d2cee6,bf95d9279f25fdfa2d9380a90ac4a1ce52061ae99f7c841cd3f8013c72441142,f895997e06b1854443111ed2f44ca877b698e032e97d85d914d852896a2b3c33,commcanary-wheel=954c9fe0ef908a448b5343c91e7d58e8785fc20a7fd029b699ca0e252614304d;environment-lock=d4b8b2dc177cb09cea84a5b5a51c99d4510a3270fe70286d2133382fbc4abd8b;param-patch-contract=182942ecf6ed3c0ea267b1660a19be8601c16768640dd6ef3f112601a0b26f34;rostam-catalog=a4926ec9b012724b926fbc583b865bb083b7ad6526fee9ffc3e95129717195b8,python -m experiments.rostam.analyze verify --run-directory experiments/rostam/results/core-20260724-r7 --selection-id primary --verdict-sha256 46d8012b3594c18c96ee1a3f1e063ceeaf5642068c6a6aa895e655bcfb257bdd --output-directory experiments/rostam/results/publications/core-20260724-r7-primary --archive-descriptor experiments/rostam/results/archives/core-20260724-r7-primary-46d8012b3594c18c96ee1a3f1e063ceeaf5642068c6a6aa895e655bcfb257bdd.raw-archive-descriptor.json --raw-archive experiments/rostam/results/archives/core-20260724-r7-primary-46d8012b3594c18c96ee1a3f1e063ceeaf5642068c6a6aa895e655bcfb257bdd.raw.tar.gz --baseline-config nccl-2.19.3-default --candidate-config nccl-2.20.5-default --median-threshold-pct 8.0 --median-absolute-threshold-us 1.0
measurement,COMPLETE,false,,core-20260724-r7,3bd321ec960c2bce0e6c0ff9aba8bb2be89cb19bdb99011a838cbd79068835b8,primary,d01db822c8e909fe2dbfac157bf62eeeb370a3eef45168f4eb1ff5023fbd4e3a,46d8012b3594c18c96ee1a3f1e063ceeaf5642068c6a6aa895e655bcfb257bdd,c-trace-build-nccl-2.20.5-ring-s-r000002-597135682dc708c6,597135682dc708c64d10c614c8555c9dc2074776a8621c09c185c123f4e41c90,a-000001,319677bd7cee5f82bca2b21c63c153ff3d959d090a85e528a1c94610a485e675,nccl-2.20.5-ring-simple,trace-build,2,60204259.034246,1,commcanary.rostam.physical.capture-measurement.v1,commcanary.rostam.physical.capture-producer.v1,b11ae6f4d9b12e35c88202bbc8bf0b7ffbb5557d3f0e97ffb05518f3f9da224a,2855275288e67a1a2d0bbefff0740841fdf0ecf0,false,,8c5f30748596f665cca0bde76d4637074ffff3fa077387dd12b993cf98d2cee6,63444a60bcb4a47ff2b8ab8b8f87fbbafbef12840ae4df9ef64671120f47db6c,19a8eb7af7efdb0b3560048304effdbbbca65e9b73d21e35991f3368cca8200f,commcanary-wheel=954c9fe0ef908a448b5343c91e7d58e8785fc20a7fd029b699ca0e252614304d;environment-lock=d4b8b2dc177cb09cea84a5b5a51c99d4510a3270fe70286d2133382fbc4abd8b;param-patch-contract=182942ecf6ed3c0ea267b1660a19be8601c16768640dd6ef3f112601a0b26f34;rostam-catalog=a4926ec9b012724b926fbc583b865bb083b7ad6526fee9ffc3e95129717195b8,python -m experiments.rostam.analyze verify --run-directory experiments/rostam/results/core-20260724-r7 --selection-id primary --verdict-sha256 46d8012b3594c18c96ee1a3f1e063ceeaf5642068c6a6aa895e655bcfb257bdd --output-directory experiments/rostam/results/publications/core-20260724-r7-primary --archive-descriptor experiments/rostam/results/archives/core-20260724-r7-primary-46d8012b3594c18c96ee1a3f1e063ceeaf5642068c6a6aa895e655bcfb257bdd.raw-archive-descriptor.json --raw-archive experiments/rostam/results/archives/core-20260724-r7-primary-46d8012b3594c18c96ee1a3f1e063ceeaf5642068c6a6aa895e655bcfb257bdd.raw.tar.gz --baseline-config nccl-2.19.3-default --candidate-config nccl-2.20.5-default --median-threshold-pct 8.0 --median-absolute-threshold-us 1.0
measurement,COMPLETE,false,,core-20260724-r7,3bd321ec960c2bce0e6c0ff9aba8bb2be89cb19bdb99011a838cbd79068835b8,primary,d01db822c8e909fe2dbfac157bf62eeeb370a3eef45168f4eb1ff5023fbd4e3a,46d8012b3594c18c96ee1a3f1e063ceeaf5642068c6a6aa895e655bcfb257bdd,c-trace-build-nccl-2.20.5-ring-s-r000003-a20885d684390f05,a20885d684390f059628f6eb913e39ab490dd8550568f4b12383360855bae75a,a-000001,f523a5d405c0f39b4fd30a7b1e0493cf6778857971751464e0c467e8c778db61,nccl-2.20.5-ring-simple,trace-build,3,60076800.175942,1,commcanary.rostam.physical.capture-measurement.v1,commcanary.rostam.physical.capture-producer.v1,eccc21e0b856dc9290d5e5c33bc003fd043e02a49cfda4c937e141ff5261bd3a,2855275288e67a1a2d0bbefff0740841fdf0ecf0,false,,8c5f30748596f665cca0bde76d4637074ffff3fa077387dd12b993cf98d2cee6,e8bad3697e8b5a5e39d6a2450fd6782985c03de9e84cb9fb8e7e0585a2c40f77,b9e78b865c7f15bc3c5a0d814c314a5f5669b3377bc42001031a72dafeadc05c,commcanary-wheel=954c9fe0ef908a448b5343c91e7d58e8785fc20a7fd029b699ca0e252614304d;environment-lock=d4b8b2dc177cb09cea84a5b5a51c99d4510a3270fe70286d2133382fbc4abd8b;param-patch-contract=182942ecf6ed3c0ea267b1660a19be8601c16768640dd6ef3f112601a0b26f34;rostam-catalog=a4926ec9b012724b926fbc583b865bb083b7ad6526fee9ffc3e95129717195b8,python -m experiments.rostam.analyze verify --run-directory experiments/rostam/results/core-20260724-r7 --selection-id primary --verdict-sha256 46d8012b3594c18c96ee1a3f1e063ceeaf5642068c6a6aa895e655bcfb257bdd --output-directory experiments/rostam/results/publications/core-20260724-r7-primary --archive-descriptor experiments/rostam/results/archives/core-20260724-r7-primary-46d8012b3594c18c96ee1a3f1e063ceeaf5642068c6a6aa895e655bcfb257bdd.raw-archive-descriptor.json --raw-archive experiments/rostam/results/archives/core-20260724-r7-primary-46d8012b3594c18c96ee1a3f1e063ceeaf5642068c6a6aa895e655bcfb257bdd.raw.tar.gz --baseline-config nccl-2.19.3-default --candidate-config nccl-2.20.5-default --median-threshold-pct 8.0 --median-absolute-threshold-us 1.0
measurement,COMPLETE,false,,core-20260724-r7,3bd321ec960c2bce0e6c0ff9aba8bb2be89cb19bdb99011a838cbd79068835b8,primary,d01db822c8e909fe2dbfac157bf62eeeb370a3eef45168f4eb1ff5023fbd4e3a,46d8012b3594c18c96ee1a3f1e063ceeaf5642068c6a6aa895e655bcfb257bdd,c-trace-build-nccl-2.20.5-ring-s-r000004-022dd8c244796989,022dd8c24479698913e8edfd31cbc9948b4ceed337a4a192a02ba7c1f86834b9,a-000001,852d83ae489bf193e434103bbc7cb44acf9823733d41fed24a4c5f92cebc3e00,nccl-2.20.5-ring-simple,trace-build,4,60124600.256793,1,commcanary.rostam.physical.capture-measurement.v1,commcanary.rostam.physical.capture-producer.v1,c142700e054ae69089f874e2871a857a5101c70a7dd090d6dd18c00472da18f8,2855275288e67a1a2d0bbefff0740841fdf0ecf0,false,,8c5f30748596f665cca0bde76d4637074ffff3fa077387dd12b993cf98d2cee6,d1baf5da5299a3b7a26c93e5c6283542d34ab05939c5897dd9cabfb0e2334142,92f36198b51408b67373aba2405a0bf4479033d36cf2eade954ac9d04877d48a,commcanary-wheel=954c9fe0ef908a448b5343c91e7d58e8785fc20a7fd029b699ca0e252614304d;environment-lock=d4b8b2dc177cb09cea84a5b5a51c99d4510a3270fe70286d2133382fbc4abd8b;param-patch-contract=182942ecf6ed3c0ea267b1660a19be8601c16768640dd6ef3f112601a0b26f34;rostam-catalog=a4926ec9b012724b926fbc583b865bb083b7ad6526fee9ffc3e95129717195b8,python -m experiments.rostam.analyze verify --run-directory experiments/rostam/results/core-20260724-r7 --selection-id primary --verdict-sha256 46d8012b3594c18c96ee1a3f1e063ceeaf5642068c6a6aa895e655bcfb257bdd --output-directory experiments/rostam/results/publications/core-20260724-r7-primary --archive-descriptor experiments/rostam/results/archives/core-20260724-r7-primary-46d8012b3594c18c96ee1a3f1e063ceeaf5642068c6a6aa895e655bcfb257bdd.raw-archive-descriptor.json --raw-archive experiments/rostam/results/archives/core-20260724-r7-primary-46d8012b3594c18c96ee1a3f1e063ceeaf5642068c6a6aa895e655bcfb257bdd.raw.tar.gz --baseline-config nccl-2.19.3-default --candidate-config nccl-2.20.5-default --median-threshold-pct 8.0 --median-absolute-threshold-us 1.0
measurement,COMPLETE,false,,core-20260724-r7,3bd321ec960c2bce0e6c0ff9aba8bb2be89cb19bdb99011a838cbd79068835b8,primary,d01db822c8e909fe2dbfac157bf62eeeb370a3eef45168f4eb1ff5023fbd4e3a,46d8012b3594c18c96ee1a3f1e063ceeaf5642068c6a6aa895e655bcfb257bdd,c-trace-build-nccl-2.20.5-tree-l-r000000-be5e34b77d151a39,be5e34b77d151a397ba0bdd3954fb085c8a640f5ae96914d796e2b0bcc403901,a-000001,838dc9d3dd52762449cb93c2dd92a61d989325a9dc10c15a85772da8dcdda2ce,nccl-2.20.5-tree-ll,trace-build,0,61302008.546889,1,commcanary.rostam.physical.capture-measurement.v1,commcanary.rostam.physical.capture-producer.v1,e69d2b648b7a53dc914d4621964728ca925550a16dafe204e7187f893f5000a1,2855275288e67a1a2d0bbefff0740841fdf0ecf0,false,,8c5f30748596f665cca0bde76d4637074ffff3fa077387dd12b993cf98d2cee6,d6b49394d6af2da87901684e3d4d812d9bc0e3a243bf9fdd13c0ec342073cb2b,4e9940b107b6f679b6cd60db0943273150d0f873c9a36ce13c1b92b9e02dda58,commcanary-wheel=954c9fe0ef908a448b5343c91e7d58e8785fc20a7fd029b699ca0e252614304d;environment-lock=d4b8b2dc177cb09cea84a5b5a51c99d4510a3270fe70286d2133382fbc4abd8b;param-patch-contract=182942ecf6ed3c0ea267b1660a19be8601c16768640dd6ef3f112601a0b26f34;rostam-catalog=a4926ec9b012724b926fbc583b865bb083b7ad6526fee9ffc3e95129717195b8,python -m experiments.rostam.analyze verify --run-directory experiments/rostam/results/core-20260724-r7 --selection-id primary --verdict-sha256 46d8012b3594c18c96ee1a3f1e063ceeaf5642068c6a6aa895e655bcfb257bdd --output-directory experiments/rostam/results/publications/core-20260724-r7-primary --archive-descriptor experiments/rostam/results/archives/core-20260724-r7-primary-46d8012b3594c18c96ee1a3f1e063ceeaf5642068c6a6aa895e655bcfb257bdd.raw-archive-descriptor.json --raw-archive experiments/rostam/results/archives/core-20260724-r7-primary-46d8012b3594c18c96ee1a3f1e063ceeaf5642068c6a6aa895e655bcfb257bdd.raw.tar.gz --baseline-config nccl-2.19.3-default --candidate-config nccl-2.20.5-default --median-threshold-pct 8.0 --median-absolute-threshold-us 1.0
measurement,COMPLETE,false,,core-20260724-r7,3bd321ec960c2bce0e6c0ff9aba8bb2be89cb19bdb99011a838cbd79068835b8,primary,d01db822c8e909fe2dbfac157bf62eeeb370a3eef45168f4eb1ff5023fbd4e3a,46d8012b3594c18c96ee1a3f1e063ceeaf5642068c6a6aa895e655bcfb257bdd,c-trace-build-nccl-2.20.5-tree-l-r000000-e179f4a307a9f933,e179f4a307a9f9330bfec8abfcba6eaa9862dc5b711a84fa5f9e991cd979ef77,a-000001,65cd85246a1e2bc4820693e6e1df60750b68b910b836f0cf1bcea1d846a3e859,nccl-2.20.5-tree-ll128,trace-build,0,60081393.732689,1,commcanary.rostam.physical.capture-measurement.v1,commcanary.rostam.physical.capture-producer.v1,065ead6a136fcfc462afc1681ce7357ddae2b208ed6b33d0ae3104eb5dbe2d96,2855275288e67a1a2d0bbefff0740841fdf0ecf0,false,,8c5f30748596f665cca0bde76d4637074ffff3fa077387dd12b993cf98d2cee6,d8e60466c74ea10b2d37fbf42a1825f72bf208f6b650cd862992be3896647391,40a90bf231eb176cdccf204ae66d8c2cfa0f0fde347235a391e7386bcad5b655,commcanary-wheel=954c9fe0ef908a448b5343c91e7d58e8785fc20a7fd029b699ca0e252614304d;environment-lock=d4b8b2dc177cb09cea84a5b5a51c99d4510a3270fe70286d2133382fbc4abd8b;param-patch-contract=182942ecf6ed3c0ea267b1660a19be8601c16768640dd6ef3f112601a0b26f34;rostam-catalog=a4926ec9b012724b926fbc583b865bb083b7ad6526fee9ffc3e95129717195b8,python -m experiments.rostam.analyze verify --run-directory experiments/rostam/results/core-20260724-r7 --selection-id primary --verdict-sha256 46d8012b3594c18c96ee1a3f1e063ceeaf5642068c6a6aa895e655bcfb257bdd --output-directory experiments/rostam/results/publications/core-20260724-r7-primary --archive-descriptor experiments/rostam/results/archives/core-20260724-r7-primary-46d8012b3594c18c96ee1a3f1e063ceeaf5642068c6a6aa895e655bcfb257bdd.raw-archive-descriptor.json --raw-archive experiments/rostam/results/archives/core-20260724-r7-primary-46d8012b3594c18c96ee1a3f1e063ceeaf5642068c6a6aa895e655bcfb257bdd.raw.tar.gz --baseline-config nccl-2.19.3-default --candidate-config nccl-2.20.5-default --median-threshold-pct 8.0 --median-absolute-threshold-us 1.0
measurement,COMPLETE,false,,core-20260724-r7,3bd321ec960c2bce0e6c0ff9aba8bb2be89cb19bdb99011a838cbd79068835b8,primary,d01db822c8e909fe2dbfac157bf62eeeb370a3eef45168f4eb1ff5023fbd4e3a,46d8012b3594c18c96ee1a3f1e063ceeaf5642068c6a6aa895e655bcfb257bdd,c-trace-build-nccl-2.20.5-tree-l-r000001-c4a7065d757a8398,c4a7065d757a8398b5e1263199feb38d38a3200efa7516af0bdced92c1db4756,a-000001,7e643812699f414346e193fc35c2157ad27194f5c57c99effc291913257dfc70,nccl-2.20.5-tree-ll,trace-build,1,61093026.071787,1,commcanary.rostam.physical.capture-measurement.v1,commcanary.rostam.physical.capture-producer.v1,fd4bd5fac265ae6c0b5e9d3dbc07a05b1c487ce42ccdfde1d60e6d1c747f0f52,2855275288e67a1a2d0bbefff0740841fdf0ecf0,false,,8c5f30748596f665cca0bde76d4637074ffff3fa077387dd12b993cf98d2cee6,eb7271a479f9259d4694d57a916838f7fd8ce6129608f823aeb3cd04b131cdff,e1dc49ff950266a526c6bca213a078807640706c14b5504629d8623c5fb583c5,commcanary-wheel=954c9fe0ef908a448b5343c91e7d58e8785fc20a7fd029b699ca0e252614304d;environment-lock=d4b8b2dc177cb09cea84a5b5a51c99d4510a3270fe70286d2133382fbc4abd8b;param-patch-contract=182942ecf6ed3c0ea267b1660a19be8601c16768640dd6ef3f112601a0b26f34;rostam-catalog=a4926ec9b012724b926fbc583b865bb083b7ad6526fee9ffc3e95129717195b8,python -m experiments.rostam.analyze verify --run-directory experiments/rostam/results/core-20260724-r7 --selection-id primary --verdict-sha256 46d8012b3594c18c96ee1a3f1e063ceeaf5642068c6a6aa895e655bcfb257bdd --output-directory experiments/rostam/results/publications/core-20260724-r7-primary --archive-descriptor experiments/rostam/results/archives/core-20260724-r7-primary-46d8012b3594c18c96ee1a3f1e063ceeaf5642068c6a6aa895e655bcfb257bdd.raw-archive-descriptor.json --raw-archive experiments/rostam/results/archives/core-20260724-r7-primary-46d8012b3594c18c96ee1a3f1e063ceeaf5642068c6a6aa895e655bcfb257bdd.raw.tar.gz --baseline-config nccl-2.19.3-default --candidate-config nccl-2.20.5-default --median-threshold-pct 8.0 --median-absolute-threshold-us 1.0
measurement,COMPLETE,false,,core-20260724-r7,3bd321ec960c2bce0e6c0ff9aba8bb2be89cb19bdb99011a838cbd79068835b8,primary,d01db822c8e909fe2dbfac157bf62eeeb370a3eef45168f4eb1ff5023fbd4e3a,46d8012b3594c18c96ee1a3f1e063ceeaf5642068c6a6aa895e655bcfb257bdd,c-trace-build-nccl-2.20.5-tree-l-r000001-d0dd45d8c2bdf27d,d0dd45d8c2bdf27d7910717839e11ce5e2571cfbdfa4315fd5fabdca291c4850,a-000001,58663bc2eec323f5181eb7c6b5c16ebb24cf592b44ab3e65d11cea53fff4876b,nccl-2.20.5-tree-ll128,trace-build,1,76754465.696402,1,commcanary.rostam.physical.capture-measurement.v1,commcanary.rostam.physical.capture-producer.v1,3ac834d3e59de4d13489a95f55fe355cf6a8de19d4d9cbe10e3c07046d5a7739,2855275288e67a1a2d0bbefff0740841fdf0ecf0,false,,8c5f30748596f665cca0bde76d4637074ffff3fa077387dd12b993cf98d2cee6,5302d4d5526ff618f31a71fa5e5ba9b22b7d693db4cf38f00b6bbfcb5287b654,c9173507473e38aac57a44a38c7ee048a8ca2fa4c7fdbac8acb1526a19f4bd60,commcanary-wheel=954c9fe0ef908a448b5343c91e7d58e8785fc20a7fd029b699ca0e252614304d;environment-lock=d4b8b2dc177cb09cea84a5b5a51c99d4510a3270fe70286d2133382fbc4abd8b;param-patch-contract=182942ecf6ed3c0ea267b1660a19be8601c16768640dd6ef3f112601a0b26f34;rostam-catalog=a4926ec9b012724b926fbc583b865bb083b7ad6526fee9ffc3e95129717195b8,python -m experiments.rostam.analyze verify --run-directory experiments/rostam/results/core-20260724-r7 --selection-id primary --verdict-sha256 46d8012b3594c18c96ee1a3f1e063ceeaf5642068c6a6aa895e655bcfb257bdd --output-directory experiments/rostam/results/publications/core-20260724-r7-primary --archive-descriptor experiments/rostam/results/archives/core-20260724-r7-primary-46d8012b3594c18c96ee1a3f1e063ceeaf5642068c6a6aa895e655bcfb257bdd.raw-archive-descriptor.json --raw-archive experiments/rostam/results/archives/core-20260724-r7-primary-46d8012b3594c18c96ee1a3f1e063ceeaf5642068c6a6aa895e655bcfb257bdd.raw.tar.gz --baseline-config nccl-2.19.3-default --candidate-config nccl-2.20.5-default --median-threshold-pct 8.0 --median-absolute-threshold-us 1.0
measurement,COMPLETE,false,,core-20260724-r7,3bd321ec960c2bce0e6c0ff9aba8bb2be89cb19bdb99011a838cbd79068835b8,primary,d01db822c8e909fe2dbfac157bf62eeeb370a3eef45168f4eb1ff5023fbd4e3a,46d8012b3594c18c96ee1a3f1e063ceeaf5642068c6a6aa895e655bcfb257bdd,c-trace-build-nccl-2.20.5-tree-l-r000002-8928e458c963acf2,8928e458c963acf293f6d57e1b14ea9d26ec23f37184af6f51dae115a4e8c395,a-000001,49937340873719eff43a62e7c3ab198e62181a79d2edf27741aa142a7b8ebb50,nccl-2.20.5-tree-ll128,trace-build,2,60190737.521276,1,commcanary.rostam.physical.capture-measurement.v1,commcanary.rostam.physical.capture-producer.v1,65bebd3821dbf39638a2611127bd07d6513cf07bbdfdf2581625afce494ff9fd,2855275288e67a1a2d0bbefff0740841fdf0ecf0,false,,8c5f30748596f665cca0bde76d4637074ffff3fa077387dd12b993cf98d2cee6,3f2b0af6b7ac8d4ad0f72a8e169be5e1757c0e4d4af7dd200d27b578761be349,84675f99395e16e702aee27157382f6646f2267c9cb1e2b0adb7e1c92b2673f8,commcanary-wheel=954c9fe0ef908a448b5343c91e7d58e8785fc20a7fd029b699ca0e252614304d;environment-lock=d4b8b2dc177cb09cea84a5b5a51c99d4510a3270fe70286d2133382fbc4abd8b;param-patch-contract=182942ecf6ed3c0ea267b1660a19be8601c16768640dd6ef3f112601a0b26f34;rostam-catalog=a4926ec9b012724b926fbc583b865bb083b7ad6526fee9ffc3e95129717195b8,python -m experiments.rostam.analyze verify --run-directory experiments/rostam/results/core-20260724-r7 --selection-id primary --verdict-sha256 46d8012b3594c18c96ee1a3f1e063ceeaf5642068c6a6aa895e655bcfb257bdd --output-directory experiments/rostam/results/publications/core-20260724-r7-primary --archive-descriptor experiments/rostam/results/archives/core-20260724-r7-primary-46d8012b3594c18c96ee1a3f1e063ceeaf5642068c6a6aa895e655bcfb257bdd.raw-archive-descriptor.json --raw-archive experiments/rostam/results/archives/core-20260724-r7-primary-46d8012b3594c18c96ee1a3f1e063ceeaf5642068c6a6aa895e655bcfb257bdd.raw.tar.gz --baseline-config nccl-2.19.3-default --candidate-config nccl-2.20.5-default --median-threshold-pct 8.0 --median-absolute-threshold-us 1.0
measurement,COMPLETE,false,,core-20260724-r7,3bd321ec960c2bce0e6c0ff9aba8bb2be89cb19bdb99011a838cbd79068835b8,primary,d01db822c8e909fe2dbfac157bf62eeeb370a3eef45168f4eb1ff5023fbd4e3a,46d8012b3594c18c96ee1a3f1e063ceeaf5642068c6a6aa895e655bcfb257bdd,c-trace-build-nccl-2.20.5-tree-l-r000002-e41149ce21dfe82c,e41149ce21dfe82c08aa4f76646089e1ab69e2339781938e9e5af7673a57ce57,a-000001,31522a6549e47bf7355a54476ffd074367468663159b53c39c2175c1a0cd3c27,nccl-2.20.5-tree-ll,trace-build,2,61011985.732242,1,commcanary.rostam.physical.capture-measurement.v1,commcanary.rostam.physical.capture-producer.v1,b26e594405788dd898f2bb283d1ff15c890ad4dc27b98f7fe956eb4b15488bf9,2855275288e67a1a2d0bbefff0740841fdf0ecf0,false,,8c5f30748596f665cca0bde76d4637074ffff3fa077387dd12b993cf98d2cee6,8e810ae27d3bf7c9f1f4369ccfdc8c4cd95d2359913962dad19ebbdef068f563,cf36321c2fac19481a0a981c14a3e610941b4ebf61a8865313b228cacbdd3c11,commcanary-wheel=954c9fe0ef908a448b5343c91e7d58e8785fc20a7fd029b699ca0e252614304d;environment-lock=d4b8b2dc177cb09cea84a5b5a51c99d4510a3270fe70286d2133382fbc4abd8b;param-patch-contract=182942ecf6ed3c0ea267b1660a19be8601c16768640dd6ef3f112601a0b26f34;rostam-catalog=a4926ec9b012724b926fbc583b865bb083b7ad6526fee9ffc3e95129717195b8,python -m experiments.rostam.analyze verify --run-directory experiments/rostam/results/core-20260724-r7 --selection-id primary --verdict-sha256 46d8012b3594c18c96ee1a3f1e063ceeaf5642068c6a6aa895e655bcfb257bdd --output-directory experiments/rostam/results/publications/core-20260724-r7-primary --archive-descriptor experiments/rostam/results/archives/core-20260724-r7-primary-46d8012b3594c18c96ee1a3f1e063ceeaf5642068c6a6aa895e655bcfb257bdd.raw-archive-descriptor.json --raw-archive experiments/rostam/results/archives/core-20260724-r7-primary-46d8012b3594c18c96ee1a3f1e063ceeaf5642068c6a6aa895e655bcfb257bdd.raw.tar.gz --baseline-config nccl-2.19.3-default --candidate-config nccl-2.20.5-default --median-threshold-pct 8.0 --median-absolute-threshold-us 1.0
measurement,COMPLETE,false,,core-20260724-r7,3bd321ec960c2bce0e6c0ff9aba8bb2be89cb19bdb99011a838cbd79068835b8,primary,d01db822c8e909fe2dbfac157bf62eeeb370a3eef45168f4eb1ff5023fbd4e3a,46d8012b3594c18c96ee1a3f1e063ceeaf5642068c6a6aa895e655bcfb257bdd,c-trace-build-nccl-2.20.5-tree-l-r000003-9ff25793982676c8,9ff25793982676c8c64ce5749c2ad5290b622e68bae87107c81124ba01531bf8,a-000001,2eb6dd6866c41a241fcbfcf1d6eea01fe01a419a135f8b2a77c48f0fe86aa714,nccl-2.20.5-tree-ll128,trace-build,3,59932722.065598,1,commcanary.rostam.physical.capture-measurement.v1,commcanary.rostam.physical.capture-producer.v1,b586af0a0efc75ce19841b4f39c19e7780328d99238e580270e51d4898313ad2,2855275288e67a1a2d0bbefff0740841fdf0ecf0,false,,8c5f30748596f665cca0bde76d4637074ffff3fa077387dd12b993cf98d2cee6,883f068b65ae7b1d2b7d95f186d2edd2242cf854d88cb8fdb0ab21efdf9b1f56,340105ebba691b06cb07dd38b35783a4c8889aa0bb2e5eee93d99095df78a705,commcanary-wheel=954c9fe0ef908a448b5343c91e7d58e8785fc20a7fd029b699ca0e252614304d;environment-lock=d4b8b2dc177cb09cea84a5b5a51c99d4510a3270fe70286d2133382fbc4abd8b;param-patch-contract=182942ecf6ed3c0ea267b1660a19be8601c16768640dd6ef3f112601a0b26f34;rostam-catalog=a4926ec9b012724b926fbc583b865bb083b7ad6526fee9ffc3e95129717195b8,python -m experiments.rostam.analyze verify --run-directory experiments/rostam/results/core-20260724-r7 --selection-id primary --verdict-sha256 46d8012b3594c18c96ee1a3f1e063ceeaf5642068c6a6aa895e655bcfb257bdd --output-directory experiments/rostam/results/publications/core-20260724-r7-primary --archive-descriptor experiments/rostam/results/archives/core-20260724-r7-primary-46d8012b3594c18c96ee1a3f1e063ceeaf5642068c6a6aa895e655bcfb257bdd.raw-archive-descriptor.json --raw-archive experiments/rostam/results/archives/core-20260724-r7-primary-46d8012b3594c18c96ee1a3f1e063ceeaf5642068c6a6aa895e655bcfb257bdd.raw.tar.gz --baseline-config nccl-2.19.3-default --candidate-config nccl-2.20.5-default --median-threshold-pct 8.0 --median-absolute-threshold-us 1.0
measurement,COMPLETE,false,,core-20260724-r7,3bd321ec960c2bce0e6c0ff9aba8bb2be89cb19bdb99011a838cbd79068835b8,primary,d01db822c8e909fe2dbfac157bf62eeeb370a3eef45168f4eb1ff5023fbd4e3a,46d8012b3594c18c96ee1a3f1e063ceeaf5642068c6a6aa895e655bcfb257bdd,c-trace-build-nccl-2.20.5-tree-l-r000003-f7ee235d530daad8,f7ee235d530daad8409c0604f80f0781698e43a2b3e721a4436cce873d5ecaab,a-000001,4320f5b37a41cd18bfd4b2c056333b7d08035426e94b8a64c66f486b803835eb,nccl-2.20.5-tree-ll,trace-build,3,60900491.586886,1,commcanary.rostam.physical.capture-measurement.v1,commcanary.rostam.physical.capture-producer.v1,4d78233ebd4bfde4a66e2ae45c7d5d720d30c96c2657a520dba5fdf2b1cf4b8d,2855275288e67a1a2d0bbefff0740841fdf0ecf0,false,,8c5f30748596f665cca0bde76d4637074ffff3fa077387dd12b993cf98d2cee6,a6603923b86e3ca327b274293fbf47bdaa091f8047c61fb151265db63b4f0d63,61cb94cc1b67a6f291a5e2fdbfa3a3d5e4c3ad6a55e4eab4c1e0cec92cccabfd,commcanary-wheel=954c9fe0ef908a448b5343c91e7d58e8785fc20a7fd029b699ca0e252614304d;environment-lock=d4b8b2dc177cb09cea84a5b5a51c99d4510a3270fe70286d2133382fbc4abd8b;param-patch-contract=182942ecf6ed3c0ea267b1660a19be8601c16768640dd6ef3f112601a0b26f34;rostam-catalog=a4926ec9b012724b926fbc583b865bb083b7ad6526fee9ffc3e95129717195b8,python -m experiments.rostam.analyze verify --run-directory experiments/rostam/results/core-20260724-r7 --selection-id primary --verdict-sha256 46d8012b3594c18c96ee1a3f1e063ceeaf5642068c6a6aa895e655bcfb257bdd --output-directory experiments/rostam/results/publications/core-20260724-r7-primary --archive-descriptor experiments/rostam/results/archives/core-20260724-r7-primary-46d8012b3594c18c96ee1a3f1e063ceeaf5642068c6a6aa895e655bcfb257bdd.raw-archive-descriptor.json --raw-archive experiments/rostam/results/archives/core-20260724-r7-primary-46d8012b3594c18c96ee1a3f1e063ceeaf5642068c6a6aa895e655bcfb257bdd.raw.tar.gz --baseline-config nccl-2.19.3-default --candidate-config nccl-2.20.5-default --median-threshold-pct 8.0 --median-absolute-threshold-us 1.0
measurement,COMPLETE,false,,core-20260724-r7,3bd321ec960c2bce0e6c0ff9aba8bb2be89cb19bdb99011a838cbd79068835b8,primary,d01db822c8e909fe2dbfac157bf62eeeb370a3eef45168f4eb1ff5023fbd4e3a,46d8012b3594c18c96ee1a3f1e063ceeaf5642068c6a6aa895e655bcfb257bdd,c-trace-build-nccl-2.20.5-tree-l-r000004-4dc00a33600468c9,4dc00a33600468c9b102028ee7dc594ae8dfc3fcfbdf73c81d224bd6d18aeb72,a-000001,60c12e0364e73a3683764236af9b36ba56f0086e0b701119a4b0a766fad1c2a1,nccl-2.20.5-tree-ll,trace-build,4,61589077.870362,1,commcanary.rostam.physical.capture-measurement.v1,commcanary.rostam.physical.capture-producer.v1,6833801494a435d7d7865933e693bc4906fd7dd5f876680a41c483edafc796d6,2855275288e67a1a2d0bbefff0740841fdf0ecf0,false,,8c5f30748596f665cca0bde76d4637074ffff3fa077387dd12b993cf98d2cee6,0aaa5cd54f554008d768c25f85c26b1fcf71f1722361fc7a3cade05c2d45bd6d,9744f5d570b89723c0b85015016af9d19e8fd026d2da2dd26b05ca98fe2f6df6,commcanary-wheel=954c9fe0ef908a448b5343c91e7d58e8785fc20a7fd029b699ca0e252614304d;environment-lock=d4b8b2dc177cb09cea84a5b5a51c99d4510a3270fe70286d2133382fbc4abd8b;param-patch-contract=182942ecf6ed3c0ea267b1660a19be8601c16768640dd6ef3f112601a0b26f34;rostam-catalog=a4926ec9b012724b926fbc583b865bb083b7ad6526fee9ffc3e95129717195b8,python -m experiments.rostam.analyze verify --run-directory experiments/rostam/results/core-20260724-r7 --selection-id primary --verdict-sha256 46d8012b3594c18c96ee1a3f1e063ceeaf5642068c6a6aa895e655bcfb257bdd --output-directory experiments/rostam/results/publications/core-20260724-r7-primary --archive-descriptor experiments/rostam/results/archives/core-20260724-r7-primary-46d8012b3594c18c96ee1a3f1e063ceeaf5642068c6a6aa895e655bcfb257bdd.raw-archive-descriptor.json --raw-archive experiments/rostam/results/archives/core-20260724-r7-primary-46d8012b3594c18c96ee1a3f1e063ceeaf5642068c6a6aa895e655bcfb257bdd.raw.tar.gz --baseline-config nccl-2.19.3-default --candidate-config nccl-2.20.5-default --median-threshold-pct 8.0 --median-absolute-threshold-us 1.0
measurement,COMPLETE,false,,core-20260724-r7,3bd321ec960c2bce0e6c0ff9aba8bb2be89cb19bdb99011a838cbd79068835b8,primary,d01db822c8e909fe2dbfac157bf62eeeb370a3eef45168f4eb1ff5023fbd4e3a,46d8012b3594c18c96ee1a3f1e063ceeaf5642068c6a6aa895e655bcfb257bdd,c-trace-build-nccl-2.20.5-tree-l-r000004-b6bc184c3ae71d56,b6bc184c3ae71d563943b38f86e6db36523878c033fff4df0a7e57cbe4bfba33,a-000001,09ca16c575b8f353bc08fc522d7eb4184f73ff3f80e127c19e74a05392a712a0,nccl-2.20.5-tree-ll128,trace-build,4,60297409.711406,1,commcanary.rostam.physical.capture-measurement.v1,commcanary.rostam.physical.capture-producer.v1,97d47318ebd5f9d624a20291121fa383d62b1b8d72ae29ce5acc600f8a6f8170,2855275288e67a1a2d0bbefff0740841fdf0ecf0,false,,8c5f30748596f665cca0bde76d4637074ffff3fa077387dd12b993cf98d2cee6,2c85f9de49ab570856fda2f9f9edd8c5e8cd653009f5f1370c57043a1e361f9d,85bdf23fa30c6193a419be56ee041510cf0912d05a32d4bce18c2029513a9d80,commcanary-wheel=954c9fe0ef908a448b5343c91e7d58e8785fc20a7fd029b699ca0e252614304d;environment-lock=d4b8b2dc177cb09cea84a5b5a51c99d4510a3270fe70286d2133382fbc4abd8b;param-patch-contract=182942ecf6ed3c0ea267b1660a19be8601c16768640dd6ef3f112601a0b26f34;rostam-catalog=a4926ec9b012724b926fbc583b865bb083b7ad6526fee9ffc3e95129717195b8,python -m experiments.rostam.analyze verify --run-directory experiments/rostam/results/core-20260724-r7 --selection-id primary --verdict-sha256 46d8012b3594c18c96ee1a3f1e063ceeaf5642068c6a6aa895e655bcfb257bdd --output-directory experiments/rostam/results/publications/core-20260724-r7-primary --archive-descriptor experiments/rostam/results/archives/core-20260724-r7-primary-46d8012b3594c18c96ee1a3f1e063ceeaf5642068c6a6aa895e655bcfb257bdd.raw-archive-descriptor.json --raw-archive experiments/rostam/results/archives/core-20260724-r7-primary-46d8012b3594c18c96ee1a3f1e063ceeaf5642068c6a6aa895e655bcfb257bdd.raw.tar.gz --baseline-config nccl-2.19.3-default --candidate-config nccl-2.20.5-default --median-threshold-pct 8.0 --median-absolute-threshold-us 1.0
measurement,COMPLETE,false,,core-20260724-r7,3bd321ec960c2bce0e6c0ff9aba8bb2be89cb19bdb99011a838cbd79068835b8,primary,d01db822c8e909fe2dbfac157bf62eeeb370a3eef45168f4eb1ff5023fbd4e3a,46d8012b3594c18c96ee1a3f1e063ceeaf5642068c6a6aa895e655bcfb257bdd,c-trace-build-nccl-2.20.5-tree-s-r000000-575ff59f2bb75389,575ff59f2bb75389630c48856382922b2530e20f64b41e0989d2f02d0e9fe6c6,a-000001,fde19c633f6b791e8e6e56b2a3abaf2a4577e1c154d185f82da28265299aaf13,nccl-2.20.5-tree-simple,trace-build,0,60403653.675690,1,commcanary.rostam.physical.capture-measurement.v1,commcanary.rostam.physical.capture-producer.v1,25a313f66a0ade86444853dbe5022670fb7762dee5933105d655a9034e8a97b8,2855275288e67a1a2d0bbefff0740841fdf0ecf0,false,,8c5f30748596f665cca0bde76d4637074ffff3fa077387dd12b993cf98d2cee6,7344380ca31086a0bd766ea5428e60a4bae029891443f17d6431943b3757a1ae,f7eef815a95f3524b2c4a50b2f70c0831cfeeb4dc651d8028c7cf5e5a1ff1c1f,commcanary-wheel=954c9fe0ef908a448b5343c91e7d58e8785fc20a7fd029b699ca0e252614304d;environment-lock=d4b8b2dc177cb09cea84a5b5a51c99d4510a3270fe70286d2133382fbc4abd8b;param-patch-contract=182942ecf6ed3c0ea267b1660a19be8601c16768640dd6ef3f112601a0b26f34;rostam-catalog=a4926ec9b012724b926fbc583b865bb083b7ad6526fee9ffc3e95129717195b8,python -m experiments.rostam.analyze verify --run-directory experiments/rostam/results/core-20260724-r7 --selection-id primary --verdict-sha256 46d8012b3594c18c96ee1a3f1e063ceeaf5642068c6a6aa895e655bcfb257bdd --output-directory experiments/rostam/results/publications/core-20260724-r7-primary --archive-descriptor experiments/rostam/results/archives/core-20260724-r7-primary-46d8012b3594c18c96ee1a3f1e063ceeaf5642068c6a6aa895e655bcfb257bdd.raw-archive-descriptor.json --raw-archive experiments/rostam/results/archives/core-20260724-r7-primary-46d8012b3594c18c96ee1a3f1e063ceeaf5642068c6a6aa895e655bcfb257bdd.raw.tar.gz --baseline-config nccl-2.19.3-default --candidate-config nccl-2.20.5-default --median-threshold-pct 8.0 --median-absolute-threshold-us 1.0
measurement,COMPLETE,false,,core-20260724-r7,3bd321ec960c2bce0e6c0ff9aba8bb2be89cb19bdb99011a838cbd79068835b8,primary,d01db822c8e909fe2dbfac157bf62eeeb370a3eef45168f4eb1ff5023fbd4e3a,46d8012b3594c18c96ee1a3f1e063ceeaf5642068c6a6aa895e655bcfb257bdd,c-trace-build-nccl-2.20.5-tree-s-r000001-64133c992cde9b51,64133c992cde9b51f94cd8f301f891a8932f5ae8606c7d09c470547572a66178,a-000001,94db3c0d8ad7c0e21770971732f0aa6fad7470e1caf6e0009344fd8ab54314b7,nccl-2.20.5-tree-simple,trace-build,1,61283386.281691,1,commcanary.rostam.physical.capture-measurement.v1,commcanary.rostam.physical.capture-producer.v1,b36a94b3ec95d03731d3567afdce2cf80a60f292959ef932bd448528df2506a9,2855275288e67a1a2d0bbefff0740841fdf0ecf0,false,,8c5f30748596f665cca0bde76d4637074ffff3fa077387dd12b993cf98d2cee6,224a6b2df303e38d924317f631987caceefae92c9753ea355c92fc4962b0f577,ae9324d592b7d2934ba0033efd43100fac57c5d68da8f832aec7b9e889be3fd1,commcanary-wheel=954c9fe0ef908a448b5343c91e7d58e8785fc20a7fd029b699ca0e252614304d;environment-lock=d4b8b2dc177cb09cea84a5b5a51c99d4510a3270fe70286d2133382fbc4abd8b;param-patch-contract=182942ecf6ed3c0ea267b1660a19be8601c16768640dd6ef3f112601a0b26f34;rostam-catalog=a4926ec9b012724b926fbc583b865bb083b7ad6526fee9ffc3e95129717195b8,python -m experiments.rostam.analyze verify --run-directory experiments/rostam/results/core-20260724-r7 --selection-id primary --verdict-sha256 46d8012b3594c18c96ee1a3f1e063ceeaf5642068c6a6aa895e655bcfb257bdd --output-directory experiments/rostam/results/publications/core-20260724-r7-primary --archive-descriptor experiments/rostam/results/archives/core-20260724-r7-primary-46d8012b3594c18c96ee1a3f1e063ceeaf5642068c6a6aa895e655bcfb257bdd.raw-archive-descriptor.json --raw-archive experiments/rostam/results/archives/core-20260724-r7-primary-46d8012b3594c18c96ee1a3f1e063ceeaf5642068c6a6aa895e655bcfb257bdd.raw.tar.gz --baseline-config nccl-2.19.3-default --candidate-config nccl-2.20.5-default --median-threshold-pct 8.0 --median-absolute-threshold-us 1.0
measurement,COMPLETE,false,,core-20260724-r7,3bd321ec960c2bce0e6c0ff9aba8bb2be89cb19bdb99011a838cbd79068835b8,primary,d01db822c8e909fe2dbfac157bf62eeeb370a3eef45168f4eb1ff5023fbd4e3a,46d8012b3594c18c96ee1a3f1e063ceeaf5642068c6a6aa895e655bcfb257bdd,c-trace-build-nccl-2.20.5-tree-s-r000002-2b765ebef692d3d1,2b765ebef692d3d19b1c16423bb89710ad727146a7ff80d8eae6a75a7574de9a,a-000001,06e91a3926667f90cc89d5acf7ca46b42be9515ec1d87771c737200c822c4103,nccl-2.20.5-tree-simple,trace-build,2,60423030.407168,1,commcanary.rostam.physical.capture-measurement.v1,commcanary.rostam.physical.capture-producer.v1,7e537ebdbdb885d0dac76881def2eca79a7335e8174018d38af1ec320b9bb7b7,2855275288e67a1a2d0bbefff0740841fdf0ecf0,false,,8c5f30748596f665cca0bde76d4637074ffff3fa077387dd12b993cf98d2cee6,cefc16cee28aba0fc524fdb87890f74e79ff12d273232818805bae08542f3c89,328ad226abc73de0836fad40da202e3fa86aa690797de8b3ac4afe96f0a187db,commcanary-wheel=954c9fe0ef908a448b5343c91e7d58e8785fc20a7fd029b699ca0e252614304d;environment-lock=d4b8b2dc177cb09cea84a5b5a51c99d4510a3270fe70286d2133382fbc4abd8b;param-patch-contract=182942ecf6ed3c0ea267b1660a19be8601c16768640dd6ef3f112601a0b26f34;rostam-catalog=a4926ec9b012724b926fbc583b865bb083b7ad6526fee9ffc3e95129717195b8,python -m experiments.rostam.analyze verify --run-directory experiments/rostam/results/core-20260724-r7 --selection-id primary --verdict-sha256 46d8012b3594c18c96ee1a3f1e063ceeaf5642068c6a6aa895e655bcfb257bdd --output-directory experiments/rostam/results/publications/core-20260724-r7-primary --archive-descriptor experiments/rostam/results/archives/core-20260724-r7-primary-46d8012b3594c18c96ee1a3f1e063ceeaf5642068c6a6aa895e655bcfb257bdd.raw-archive-descriptor.json --raw-archive experiments/rostam/results/archives/core-20260724-r7-primary-46d8012b3594c18c96ee1a3f1e063ceeaf5642068c6a6aa895e655bcfb257bdd.raw.tar.gz --baseline-config nccl-2.19.3-default --candidate-config nccl-2.20.5-default --median-threshold-pct 8.0 --median-absolute-threshold-us 1.0
measurement,COMPLETE,false,,core-20260724-r7,3bd321ec960c2bce0e6c0ff9aba8bb2be89cb19bdb99011a838cbd79068835b8,primary,d01db822c8e909fe2dbfac157bf62eeeb370a3eef45168f4eb1ff5023fbd4e3a,46d8012b3594c18c96ee1a3f1e063ceeaf5642068c6a6aa895e655bcfb257bdd,c-trace-build-nccl-2.20.5-tree-s-r000003-21e303ed2d7f7347,21e303ed2d7f7347399cb8cf0f5cd8c85edb99f15aa51a739ca0ddfb91dc4221,a-000001,dc39c6966a721066943fde46eccc8d7d2dee86897f85e0438b894f5058b77353,nccl-2.20.5-tree-simple,trace-build,3,60190588.421188,1,commcanary.rostam.physical.capture-measurement.v1,commcanary.rostam.physical.capture-producer.v1,bff743d588a07ea15d2c601efe8fd9f7c095bb072e3d4aefab2b1b8c3849039a,2855275288e67a1a2d0bbefff0740841fdf0ecf0,false,,8c5f30748596f665cca0bde76d4637074ffff3fa077387dd12b993cf98d2cee6,4d8a125be7548731e64695ef8c8725d5f77e4776b6c2a8e716a57f14c9850d5b,6feffc4f4c2817fe659bf39972735ce6c872156ed342f5f04f00ccc660e02a7c,commcanary-wheel=954c9fe0ef908a448b5343c91e7d58e8785fc20a7fd029b699ca0e252614304d;environment-lock=d4b8b2dc177cb09cea84a5b5a51c99d4510a3270fe70286d2133382fbc4abd8b;param-patch-contract=182942ecf6ed3c0ea267b1660a19be8601c16768640dd6ef3f112601a0b26f34;rostam-catalog=a4926ec9b012724b926fbc583b865bb083b7ad6526fee9ffc3e95129717195b8,python -m experiments.rostam.analyze verify --run-directory experiments/rostam/results/core-20260724-r7 --selection-id primary --verdict-sha256 46d8012b3594c18c96ee1a3f1e063ceeaf5642068c6a6aa895e655bcfb257bdd --output-directory experiments/rostam/results/publications/core-20260724-r7-primary --archive-descriptor experiments/rostam/results/archives/core-20260724-r7-primary-46d8012b3594c18c96ee1a3f1e063ceeaf5642068c6a6aa895e655bcfb257bdd.raw-archive-descriptor.json --raw-archive experiments/rostam/results/archives/core-20260724-r7-primary-46d8012b3594c18c96ee1a3f1e063ceeaf5642068c6a6aa895e655bcfb257bdd.raw.tar.gz --baseline-config nccl-2.19.3-default --candidate-config nccl-2.20.5-default --median-threshold-pct 8.0 --median-absolute-threshold-us 1.0
measurement,COMPLETE,false,,core-20260724-r7,3bd321ec960c2bce0e6c0ff9aba8bb2be89cb19bdb99011a838cbd79068835b8,primary,d01db822c8e909fe2dbfac157bf62eeeb370a3eef45168f4eb1ff5023fbd4e3a,46d8012b3594c18c96ee1a3f1e063ceeaf5642068c6a6aa895e655bcfb257bdd,c-trace-build-nccl-2.20.5-tree-s-r000004-cf7587f6b72acfba,cf7587f6b72acfba472fc08eff8ee976c938deb9844272014a02c089f1d3b619,a-000001,f9568a894eebf01f44f2a6c4672a325f2a59bc942c6cb2d976c546d5b75c9cd7,nccl-2.20.5-tree-simple,trace-build,4,60418696.732260,1,commcanary.rostam.physical.capture-measurement.v1,commcanary.rostam.physical.capture-producer.v1,558f7555e788b013d3ece6b75cd0ab3464a17e6f3a385811755150e10bf66565,2855275288e67a1a2d0bbefff0740841fdf0ecf0,false,,8c5f30748596f665cca0bde76d4637074ffff3fa077387dd12b993cf98d2cee6,c3614dd5159181fcc3665c835c017c2c12695d96b2eff8a638faf467963f79d0,5a05a953b4512367c00834a30a1fdfcb64c5a6e0379c81c0f298988d669629c1,commcanary-wheel=954c9fe0ef908a448b5343c91e7d58e8785fc20a7fd029b699ca0e252614304d;environment-lock=d4b8b2dc177cb09cea84a5b5a51c99d4510a3270fe70286d2133382fbc4abd8b;param-patch-contract=182942ecf6ed3c0ea267b1660a19be8601c16768640dd6ef3f112601a0b26f34;rostam-catalog=a4926ec9b012724b926fbc583b865bb083b7ad6526fee9ffc3e95129717195b8,python -m experiments.rostam.analyze verify --run-directory experiments/rostam/results/core-20260724-r7 --selection-id primary --verdict-sha256 46d8012b3594c18c96ee1a3f1e063ceeaf5642068c6a6aa895e655bcfb257bdd --output-directory experiments/rostam/results/publications/core-20260724-r7-primary --archive-descriptor experiments/rostam/results/archives/core-20260724-r7-primary-46d8012b3594c18c96ee1a3f1e063ceeaf5642068c6a6aa895e655bcfb257bdd.raw-archive-descriptor.json --raw-archive experiments/rostam/results/archives/core-20260724-r7-primary-46d8012b3594c18c96ee1a3f1e063ceeaf5642068c6a6aa895e655bcfb257bdd.raw.tar.gz --baseline-config nccl-2.19.3-default --candidate-config nccl-2.20.5-default --median-threshold-pct 8.0 --median-absolute-threshold-us 1.0
