record_kind,completeness,allow_incomplete,issue_codes,run_id,manifest_sha256,selection_id,selection_sha256,verdict_sha256,cell_id,cell_identity_sha256,attempt_id,attempt_record_sha256,configuration_id,workload_id,repetition,value_us,sample_count,measurement_schema,producer_schema,measurement_artifact_sha256,repository_commit,repository_dirty,repository_patch_sha256,source_archive_sha256,environment_sha256,execution_identity_sha256,input_hashes,regeneration_command
campaign,COMPLETE,false,,core-20260713-r6,5b9f1e3e013e3ee0a8b9c00ede1d5c512f495a184ff6b8ea061312f8f40ea2bd,primary,07f5cc1d4df5bcc7d400bb7aa050bc0a83a60485b8870db5272571d0321a3230,479323107464068dcd682f802686082715d7b9b050789a1a940f890cf2b2de77,,,,,,,,,,,,,0911bbab808a3999b09b0a51a74c38db3ebf82a0,false,,cd6dfc0fdec3604ee547e9316b1e0edbafefce26a6087c3f59e047e43ff7eccc,,,commcanary-wheel=954c9fe0ef908a448b5343c91e7d58e8785fc20a7fd029b699ca0e252614304d;environment-lock=d4b8b2dc177cb09cea84a5b5a51c99d4510a3270fe70286d2133382fbc4abd8b;param-patch-contract=182942ecf6ed3c0ea267b1660a19be8601c16768640dd6ef3f112601a0b26f34;rostam-catalog=9eeaf8158be866f01a9925b0152abebfcfbc2ea59f830e56556eefdcddaf781b,python -m experiments.rostam.analyze verify --run-directory experiments/rostam/results/core-20260713-r6 --selection-id primary --verdict-sha256 479323107464068dcd682f802686082715d7b9b050789a1a940f890cf2b2de77 --output-directory experiments/rostam/results/publications/core-20260713-r6-primary --archive-descriptor experiments/rostam/results/archives/core-20260713-r6-primary-479323107464068dcd682f802686082715d7b9b050789a1a940f890cf2b2de77.raw-archive-descriptor.json --raw-archive experiments/rostam/results/archives/core-20260713-r6-primary-479323107464068dcd682f802686082715d7b9b050789a1a940f890cf2b2de77.raw.tar.gz --baseline-config nccl-2.19.3-default --candidate-config nccl-2.20.5-default --median-threshold-pct 8.0 --median-absolute-threshold-us 1.0
measurement,COMPLETE,false,,core-20260713-r6,5b9f1e3e013e3ee0a8b9c00ede1d5c512f495a184ff6b8ea061312f8f40ea2bd,primary,07f5cc1d4df5bcc7d400bb7aa050bc0a83a60485b8870db5272571d0321a3230,479323107464068dcd682f802686082715d7b9b050789a1a940f890cf2b2de77,c-canary-param-nccl-2.19.3-defaul-r000000-56646eb946dd129d,56646eb946dd129d20fed30ff30ef8c3300a22d3deb787f5603e92b7ac8bcf69,a-000001,fd59800b916d90065b08d6aabd6f90b62c36df7293e106a0da5072eede72ac06,nccl-2.19.3-default,canary-param,0,241.710000,8192,commcanary.rostam.physical.param-measurement.v1,commcanary.rostam.physical.param-producer.v1,e1869766e8084e61075fb5d7e608876d3b28339acae023daf70efd60b01db4e8,0911bbab808a3999b09b0a51a74c38db3ebf82a0,false,,cd6dfc0fdec3604ee547e9316b1e0edbafefce26a6087c3f59e047e43ff7eccc,7254061419a8dc6da22f708c27e8ff03eeb0cf965276c7f8027c757e8ff75be0,2a10cc4c857b23fc6173815442e1738f409dd4adc6cefe41fce8ec25c927d196,commcanary-wheel=954c9fe0ef908a448b5343c91e7d58e8785fc20a7fd029b699ca0e252614304d;environment-lock=d4b8b2dc177cb09cea84a5b5a51c99d4510a3270fe70286d2133382fbc4abd8b;param-patch-contract=182942ecf6ed3c0ea267b1660a19be8601c16768640dd6ef3f112601a0b26f34;rostam-catalog=9eeaf8158be866f01a9925b0152abebfcfbc2ea59f830e56556eefdcddaf781b,python -m experiments.rostam.analyze verify --run-directory experiments/rostam/results/core-20260713-r6 --selection-id primary --verdict-sha256 479323107464068dcd682f802686082715d7b9b050789a1a940f890cf2b2de77 --output-directory experiments/rostam/results/publications/core-20260713-r6-primary --archive-descriptor experiments/rostam/results/archives/core-20260713-r6-primary-479323107464068dcd682f802686082715d7b9b050789a1a940f890cf2b2de77.raw-archive-descriptor.json --raw-archive experiments/rostam/results/archives/core-20260713-r6-primary-479323107464068dcd682f802686082715d7b9b050789a1a940f890cf2b2de77.raw.tar.gz --baseline-config nccl-2.19.3-default --candidate-config nccl-2.20.5-default --median-threshold-pct 8.0 --median-absolute-threshold-us 1.0
measurement,COMPLETE,false,,core-20260713-r6,5b9f1e3e013e3ee0a8b9c00ede1d5c512f495a184ff6b8ea061312f8f40ea2bd,primary,07f5cc1d4df5bcc7d400bb7aa050bc0a83a60485b8870db5272571d0321a3230,479323107464068dcd682f802686082715d7b9b050789a1a940f890cf2b2de77,c-canary-param-nccl-2.19.3-defaul-r000001-75472874b4d7874f,75472874b4d7874f550dc15fb88ae3551859afcf247674a13fe496f9553bb016,a-000001,40ca59c418db5f11a86652bdce4e17088a0bfa741fcacbc3df43f6d36ae3904a,nccl-2.19.3-default,canary-param,1,241.950000,8192,commcanary.rostam.physical.param-measurement.v1,commcanary.rostam.physical.param-producer.v1,fa4eff1b2c7fe80d4d35f103ae39ca861ce3bfb8678cb0e834421c045570cfa7,0911bbab808a3999b09b0a51a74c38db3ebf82a0,false,,cd6dfc0fdec3604ee547e9316b1e0edbafefce26a6087c3f59e047e43ff7eccc,97417d80c85a09448ee1e28cdd1a0b6c8e6f4985e163a2041ee32acc9342962f,f6a6ba4ec8f65f5f9e6ed09efbd53b25edd355475626d7b04caf134454a036df,commcanary-wheel=954c9fe0ef908a448b5343c91e7d58e8785fc20a7fd029b699ca0e252614304d;environment-lock=d4b8b2dc177cb09cea84a5b5a51c99d4510a3270fe70286d2133382fbc4abd8b;param-patch-contract=182942ecf6ed3c0ea267b1660a19be8601c16768640dd6ef3f112601a0b26f34;rostam-catalog=9eeaf8158be866f01a9925b0152abebfcfbc2ea59f830e56556eefdcddaf781b,python -m experiments.rostam.analyze verify --run-directory experiments/rostam/results/core-20260713-r6 --selection-id primary --verdict-sha256 479323107464068dcd682f802686082715d7b9b050789a1a940f890cf2b2de77 --output-directory experiments/rostam/results/publications/core-20260713-r6-primary --archive-descriptor experiments/rostam/results/archives/core-20260713-r6-primary-479323107464068dcd682f802686082715d7b9b050789a1a940f890cf2b2de77.raw-archive-descriptor.json --raw-archive experiments/rostam/results/archives/core-20260713-r6-primary-479323107464068dcd682f802686082715d7b9b050789a1a940f890cf2b2de77.raw.tar.gz --baseline-config nccl-2.19.3-default --candidate-config nccl-2.20.5-default --median-threshold-pct 8.0 --median-absolute-threshold-us 1.0
measurement,COMPLETE,false,,core-20260713-r6,5b9f1e3e013e3ee0a8b9c00ede1d5c512f495a184ff6b8ea061312f8f40ea2bd,primary,07f5cc1d4df5bcc7d400bb7aa050bc0a83a60485b8870db5272571d0321a3230,479323107464068dcd682f802686082715d7b9b050789a1a940f890cf2b2de77,c-canary-param-nccl-2.19.3-defaul-r000002-f12183b11813508b,f12183b11813508ba2f93954f61f244e7443c557c82d2e4e3404ea0ca57b5cb1,a-000001,82fc2b67af385c94459470d2a0e925f8c7d9beda707a9775689b3e403688fe4c,nccl-2.19.3-default,canary-param,2,243.370000,8192,commcanary.rostam.physical.param-measurement.v1,commcanary.rostam.physical.param-producer.v1,5cd021ff8ddb75c992b1b8fc9755dec1032b4f73053c462e595a9bd9f79b2dfb,0911bbab808a3999b09b0a51a74c38db3ebf82a0,false,,cd6dfc0fdec3604ee547e9316b1e0edbafefce26a6087c3f59e047e43ff7eccc,daafed43b4c9c7d65772a415bf01bd167bb96b3af1d6fb8bac4ee0987b32eee3,c1292b990f4fab544d6155973ad56f8f0c7e35aacb4ffa3ab88ba63f263da899,commcanary-wheel=954c9fe0ef908a448b5343c91e7d58e8785fc20a7fd029b699ca0e252614304d;environment-lock=d4b8b2dc177cb09cea84a5b5a51c99d4510a3270fe70286d2133382fbc4abd8b;param-patch-contract=182942ecf6ed3c0ea267b1660a19be8601c16768640dd6ef3f112601a0b26f34;rostam-catalog=9eeaf8158be866f01a9925b0152abebfcfbc2ea59f830e56556eefdcddaf781b,python -m experiments.rostam.analyze verify --run-directory experiments/rostam/results/core-20260713-r6 --selection-id primary --verdict-sha256 479323107464068dcd682f802686082715d7b9b050789a1a940f890cf2b2de77 --output-directory experiments/rostam/results/publications/core-20260713-r6-primary --archive-descriptor experiments/rostam/results/archives/core-20260713-r6-primary-479323107464068dcd682f802686082715d7b9b050789a1a940f890cf2b2de77.raw-archive-descriptor.json --raw-archive experiments/rostam/results/archives/core-20260713-r6-primary-479323107464068dcd682f802686082715d7b9b050789a1a940f890cf2b2de77.raw.tar.gz --baseline-config nccl-2.19.3-default --candidate-config nccl-2.20.5-default --median-threshold-pct 8.0 --median-absolute-threshold-us 1.0
measurement,COMPLETE,false,,core-20260713-r6,5b9f1e3e013e3ee0a8b9c00ede1d5c512f495a184ff6b8ea061312f8f40ea2bd,primary,07f5cc1d4df5bcc7d400bb7aa050bc0a83a60485b8870db5272571d0321a3230,479323107464068dcd682f802686082715d7b9b050789a1a940f890cf2b2de77,c-canary-param-nccl-2.19.3-defaul-r000003-a45d537a6f824eec,a45d537a6f824eec04b76cb4a814c6d2657d3bd75d14ed58073a3d06f3bcc3bd,a-000001,577f61c6fe4be4d97728232b198b21c14ef740d25cc63d5a6c83e29b373ccc45,nccl-2.19.3-default,canary-param,3,242.865000,8192,commcanary.rostam.physical.param-measurement.v1,commcanary.rostam.physical.param-producer.v1,11d46a94dc752c52d074a46d9a014f2659104374463c07c4ee01c6f560d28785,0911bbab808a3999b09b0a51a74c38db3ebf82a0,false,,cd6dfc0fdec3604ee547e9316b1e0edbafefce26a6087c3f59e047e43ff7eccc,f674bfddaff1f0328b771050c03c56bb6c15a128893604e1a4904ea20ee5392b,72e0f7807d4cfffef8959a78e068fe33d559b86c9f78eac52c8bfe946508a450,commcanary-wheel=954c9fe0ef908a448b5343c91e7d58e8785fc20a7fd029b699ca0e252614304d;environment-lock=d4b8b2dc177cb09cea84a5b5a51c99d4510a3270fe70286d2133382fbc4abd8b;param-patch-contract=182942ecf6ed3c0ea267b1660a19be8601c16768640dd6ef3f112601a0b26f34;rostam-catalog=9eeaf8158be866f01a9925b0152abebfcfbc2ea59f830e56556eefdcddaf781b,python -m experiments.rostam.analyze verify --run-directory experiments/rostam/results/core-20260713-r6 --selection-id primary --verdict-sha256 479323107464068dcd682f802686082715d7b9b050789a1a940f890cf2b2de77 --output-directory experiments/rostam/results/publications/core-20260713-r6-primary --archive-descriptor experiments/rostam/results/archives/core-20260713-r6-primary-479323107464068dcd682f802686082715d7b9b050789a1a940f890cf2b2de77.raw-archive-descriptor.json --raw-archive experiments/rostam/results/archives/core-20260713-r6-primary-479323107464068dcd682f802686082715d7b9b050789a1a940f890cf2b2de77.raw.tar.gz --baseline-config nccl-2.19.3-default --candidate-config nccl-2.20.5-default --median-threshold-pct 8.0 --median-absolute-threshold-us 1.0
measurement,COMPLETE,false,,core-20260713-r6,5b9f1e3e013e3ee0a8b9c00ede1d5c512f495a184ff6b8ea061312f8f40ea2bd,primary,07f5cc1d4df5bcc7d400bb7aa050bc0a83a60485b8870db5272571d0321a3230,479323107464068dcd682f802686082715d7b9b050789a1a940f890cf2b2de77,c-canary-param-nccl-2.19.3-defaul-r000004-da7cda2e0f46e809,da7cda2e0f46e8092cf79f34bbf3e08cfdc41eb643293f265c23c1622cf37a95,a-000001,15a6eeb8038c8e18e5d0add37d7427a8fb933586aa4bdfb7d8ed901b1398333e,nccl-2.19.3-default,canary-param,4,242.855000,8192,commcanary.rostam.physical.param-measurement.v1,commcanary.rostam.physical.param-producer.v1,de78d04a28369b2f245aedf2b9095bd79e7867cff3900e336e8fb6807233f115,0911bbab808a3999b09b0a51a74c38db3ebf82a0,false,,cd6dfc0fdec3604ee547e9316b1e0edbafefce26a6087c3f59e047e43ff7eccc,df4556b89749734c50d219e2219cade77ade6aab904f8c542fa051bc3875917c,43553a121aa3a52e4d86a8432307202130a4321aab38f066025e20de0ac58c95,commcanary-wheel=954c9fe0ef908a448b5343c91e7d58e8785fc20a7fd029b699ca0e252614304d;environment-lock=d4b8b2dc177cb09cea84a5b5a51c99d4510a3270fe70286d2133382fbc4abd8b;param-patch-contract=182942ecf6ed3c0ea267b1660a19be8601c16768640dd6ef3f112601a0b26f34;rostam-catalog=9eeaf8158be866f01a9925b0152abebfcfbc2ea59f830e56556eefdcddaf781b,python -m experiments.rostam.analyze verify --run-directory experiments/rostam/results/core-20260713-r6 --selection-id primary --verdict-sha256 479323107464068dcd682f802686082715d7b9b050789a1a940f890cf2b2de77 --output-directory experiments/rostam/results/publications/core-20260713-r6-primary --archive-descriptor experiments/rostam/results/archives/core-20260713-r6-primary-479323107464068dcd682f802686082715d7b9b050789a1a940f890cf2b2de77.raw-archive-descriptor.json --raw-archive experiments/rostam/results/archives/core-20260713-r6-primary-479323107464068dcd682f802686082715d7b9b050789a1a940f890cf2b2de77.raw.tar.gz --baseline-config nccl-2.19.3-default --candidate-config nccl-2.20.5-default --median-threshold-pct 8.0 --median-absolute-threshold-us 1.0
measurement,COMPLETE,false,,core-20260713-r6,5b9f1e3e013e3ee0a8b9c00ede1d5c512f495a184ff6b8ea061312f8f40ea2bd,primary,07f5cc1d4df5bcc7d400bb7aa050bc0a83a60485b8870db5272571d0321a3230,479323107464068dcd682f802686082715d7b9b050789a1a940f890cf2b2de77,c-canary-param-nccl-2.20.5-defaul-r000000-fc00e5a89ad34b4e,fc00e5a89ad34b4e89d9797d170899faea36a9e1cca3b296ea5a82fa109329d8,a-000001,dc799d2c29e88fd38f271c8d449fca9cbd4f746557c08628a0841c215db3af52,nccl-2.20.5-default,canary-param,0,246.090000,8192,commcanary.rostam.physical.param-measurement.v1,commcanary.rostam.physical.param-producer.v1,043065c87e1e26aaa1b7c383c59b014984ce235b9519537bca603dd9bdb87336,0911bbab808a3999b09b0a51a74c38db3ebf82a0,false,,cd6dfc0fdec3604ee547e9316b1e0edbafefce26a6087c3f59e047e43ff7eccc,4706a5aaee3bee293eb161d8d1c3bf3b7973dd1a151de9c32d123e97d3746ff0,a63bc7b2afc60d38149b53655ab436ccd95b9fbb07f83bc897c8caba38b14481,commcanary-wheel=954c9fe0ef908a448b5343c91e7d58e8785fc20a7fd029b699ca0e252614304d;environment-lock=d4b8b2dc177cb09cea84a5b5a51c99d4510a3270fe70286d2133382fbc4abd8b;param-patch-contract=182942ecf6ed3c0ea267b1660a19be8601c16768640dd6ef3f112601a0b26f34;rostam-catalog=9eeaf8158be866f01a9925b0152abebfcfbc2ea59f830e56556eefdcddaf781b,python -m experiments.rostam.analyze verify --run-directory experiments/rostam/results/core-20260713-r6 --selection-id primary --verdict-sha256 479323107464068dcd682f802686082715d7b9b050789a1a940f890cf2b2de77 --output-directory experiments/rostam/results/publications/core-20260713-r6-primary --archive-descriptor experiments/rostam/results/archives/core-20260713-r6-primary-479323107464068dcd682f802686082715d7b9b050789a1a940f890cf2b2de77.raw-archive-descriptor.json --raw-archive experiments/rostam/results/archives/core-20260713-r6-primary-479323107464068dcd682f802686082715d7b9b050789a1a940f890cf2b2de77.raw.tar.gz --baseline-config nccl-2.19.3-default --candidate-config nccl-2.20.5-default --median-threshold-pct 8.0 --median-absolute-threshold-us 1.0
measurement,COMPLETE,false,,core-20260713-r6,5b9f1e3e013e3ee0a8b9c00ede1d5c512f495a184ff6b8ea061312f8f40ea2bd,primary,07f5cc1d4df5bcc7d400bb7aa050bc0a83a60485b8870db5272571d0321a3230,479323107464068dcd682f802686082715d7b9b050789a1a940f890cf2b2de77,c-canary-param-nccl-2.20.5-defaul-r000001-6376a4ea1300c1d7,6376a4ea1300c1d765f0c946dcb0d2abcba3b77abe514f9764442b9a6c4bafe4,a-000001,251967fccf62061745b31eaa8cb649ed93be7b5cad9a08c0289b60d9712cd4b1,nccl-2.20.5-default,canary-param,1,243.935000,8192,commcanary.rostam.physical.param-measurement.v1,commcanary.rostam.physical.param-producer.v1,8ab3879968702b32bb33a879fc6fefd8baedb7a8f094101034ca31fb3403e26f,0911bbab808a3999b09b0a51a74c38db3ebf82a0,false,,cd6dfc0fdec3604ee547e9316b1e0edbafefce26a6087c3f59e047e43ff7eccc,7e198344183bc494799a9cdb43b8ce2827dd01d8a53ba9795f6848559ca9e9b8,825d283a6f41acaebe13277daa86731b753b924e788f275aa9922ade69451309,commcanary-wheel=954c9fe0ef908a448b5343c91e7d58e8785fc20a7fd029b699ca0e252614304d;environment-lock=d4b8b2dc177cb09cea84a5b5a51c99d4510a3270fe70286d2133382fbc4abd8b;param-patch-contract=182942ecf6ed3c0ea267b1660a19be8601c16768640dd6ef3f112601a0b26f34;rostam-catalog=9eeaf8158be866f01a9925b0152abebfcfbc2ea59f830e56556eefdcddaf781b,python -m experiments.rostam.analyze verify --run-directory experiments/rostam/results/core-20260713-r6 --selection-id primary --verdict-sha256 479323107464068dcd682f802686082715d7b9b050789a1a940f890cf2b2de77 --output-directory experiments/rostam/results/publications/core-20260713-r6-primary --archive-descriptor experiments/rostam/results/archives/core-20260713-r6-primary-479323107464068dcd682f802686082715d7b9b050789a1a940f890cf2b2de77.raw-archive-descriptor.json --raw-archive experiments/rostam/results/archives/core-20260713-r6-primary-479323107464068dcd682f802686082715d7b9b050789a1a940f890cf2b2de77.raw.tar.gz --baseline-config nccl-2.19.3-default --candidate-config nccl-2.20.5-default --median-threshold-pct 8.0 --median-absolute-threshold-us 1.0
measurement,COMPLETE,false,,core-20260713-r6,5b9f1e3e013e3ee0a8b9c00ede1d5c512f495a184ff6b8ea061312f8f40ea2bd,primary,07f5cc1d4df5bcc7d400bb7aa050bc0a83a60485b8870db5272571d0321a3230,479323107464068dcd682f802686082715d7b9b050789a1a940f890cf2b2de77,c-canary-param-nccl-2.20.5-defaul-r000002-f63a5ea5d78cb4ba,f63a5ea5d78cb4ba3e6379f6151e17b4c6421031945b5a318166483183fb8b60,a-000001,fad3f41bd73d32be4019f5fa619b97e8ee42420199b5cca77eb788629df63a38,nccl-2.20.5-default,canary-param,2,244.930000,8192,commcanary.rostam.physical.param-measurement.v1,commcanary.rostam.physical.param-producer.v1,71409763be42f2be3b88b918c267e0daa391a078cd2103f66699321999fd5099,0911bbab808a3999b09b0a51a74c38db3ebf82a0,false,,cd6dfc0fdec3604ee547e9316b1e0edbafefce26a6087c3f59e047e43ff7eccc,2ff6b4f8c8abddef0c8d046369fac59cac97fce79867903af2aa05fec9be52a3,dd8dfa9bbfa8415b6d72ca36562d38e451ff944b42fb2477ea9ececdc5a03f6e,commcanary-wheel=954c9fe0ef908a448b5343c91e7d58e8785fc20a7fd029b699ca0e252614304d;environment-lock=d4b8b2dc177cb09cea84a5b5a51c99d4510a3270fe70286d2133382fbc4abd8b;param-patch-contract=182942ecf6ed3c0ea267b1660a19be8601c16768640dd6ef3f112601a0b26f34;rostam-catalog=9eeaf8158be866f01a9925b0152abebfcfbc2ea59f830e56556eefdcddaf781b,python -m experiments.rostam.analyze verify --run-directory experiments/rostam/results/core-20260713-r6 --selection-id primary --verdict-sha256 479323107464068dcd682f802686082715d7b9b050789a1a940f890cf2b2de77 --output-directory experiments/rostam/results/publications/core-20260713-r6-primary --archive-descriptor experiments/rostam/results/archives/core-20260713-r6-primary-479323107464068dcd682f802686082715d7b9b050789a1a940f890cf2b2de77.raw-archive-descriptor.json --raw-archive experiments/rostam/results/archives/core-20260713-r6-primary-479323107464068dcd682f802686082715d7b9b050789a1a940f890cf2b2de77.raw.tar.gz --baseline-config nccl-2.19.3-default --candidate-config nccl-2.20.5-default --median-threshold-pct 8.0 --median-absolute-threshold-us 1.0
measurement,COMPLETE,false,,core-20260713-r6,5b9f1e3e013e3ee0a8b9c00ede1d5c512f495a184ff6b8ea061312f8f40ea2bd,primary,07f5cc1d4df5bcc7d400bb7aa050bc0a83a60485b8870db5272571d0321a3230,479323107464068dcd682f802686082715d7b9b050789a1a940f890cf2b2de77,c-canary-param-nccl-2.20.5-defaul-r000003-5a44b63282128ca8,5a44b63282128ca8a9cf6bd0e4013d12ec6336671eb216615b00c612999bfdf3,a-000001,89c65421750ea607efe10b6eecab8b49d4473a5c44e52c22df4184e6a777ece0,nccl-2.20.5-default,canary-param,3,241.320000,8192,commcanary.rostam.physical.param-measurement.v1,commcanary.rostam.physical.param-producer.v1,6a169d28698859d8a0d8c4309f96cdf4dc9e54b765fbb26650ba273c7afc5878,0911bbab808a3999b09b0a51a74c38db3ebf82a0,false,,cd6dfc0fdec3604ee547e9316b1e0edbafefce26a6087c3f59e047e43ff7eccc,14ee02182333a2996a9667bfdef5c6165747b8ee67dc101aafc806ba819c3dd5,eff1b890b46454e77617932aaa4720021001e48a9534aa02bfc86240ba99f954,commcanary-wheel=954c9fe0ef908a448b5343c91e7d58e8785fc20a7fd029b699ca0e252614304d;environment-lock=d4b8b2dc177cb09cea84a5b5a51c99d4510a3270fe70286d2133382fbc4abd8b;param-patch-contract=182942ecf6ed3c0ea267b1660a19be8601c16768640dd6ef3f112601a0b26f34;rostam-catalog=9eeaf8158be866f01a9925b0152abebfcfbc2ea59f830e56556eefdcddaf781b,python -m experiments.rostam.analyze verify --run-directory experiments/rostam/results/core-20260713-r6 --selection-id primary --verdict-sha256 479323107464068dcd682f802686082715d7b9b050789a1a940f890cf2b2de77 --output-directory experiments/rostam/results/publications/core-20260713-r6-primary --archive-descriptor experiments/rostam/results/archives/core-20260713-r6-primary-479323107464068dcd682f802686082715d7b9b050789a1a940f890cf2b2de77.raw-archive-descriptor.json --raw-archive experiments/rostam/results/archives/core-20260713-r6-primary-479323107464068dcd682f802686082715d7b9b050789a1a940f890cf2b2de77.raw.tar.gz --baseline-config nccl-2.19.3-default --candidate-config nccl-2.20.5-default --median-threshold-pct 8.0 --median-absolute-threshold-us 1.0
measurement,COMPLETE,false,,core-20260713-r6,5b9f1e3e013e3ee0a8b9c00ede1d5c512f495a184ff6b8ea061312f8f40ea2bd,primary,07f5cc1d4df5bcc7d400bb7aa050bc0a83a60485b8870db5272571d0321a3230,479323107464068dcd682f802686082715d7b9b050789a1a940f890cf2b2de77,c-canary-param-nccl-2.20.5-defaul-r000004-e439ce988d3caa1f,e439ce988d3caa1f07b06fbf2ad4420be32d1c73b945c5480f73d616d1f65061,a-000001,2a1f22aabc2b37d9fdbd79c9a1f15390ccbd6e0bab65725b6eb931103a7e5d9b,nccl-2.20.5-default,canary-param,4,242.890000,8192,commcanary.rostam.physical.param-measurement.v1,commcanary.rostam.physical.param-producer.v1,386670e792f6db55bfee5487e66d594be8d5b6d8f44d3f042d53f00a52dac8ca,0911bbab808a3999b09b0a51a74c38db3ebf82a0,false,,cd6dfc0fdec3604ee547e9316b1e0edbafefce26a6087c3f59e047e43ff7eccc,699538a866327797627c0a4e871df3c854c834f09c59336358e33e92e23a221a,8bceb14dd59bc1f60dca2c0520aba5260fc5c0cf8fdb986b697170876cc0d60c,commcanary-wheel=954c9fe0ef908a448b5343c91e7d58e8785fc20a7fd029b699ca0e252614304d;environment-lock=d4b8b2dc177cb09cea84a5b5a51c99d4510a3270fe70286d2133382fbc4abd8b;param-patch-contract=182942ecf6ed3c0ea267b1660a19be8601c16768640dd6ef3f112601a0b26f34;rostam-catalog=9eeaf8158be866f01a9925b0152abebfcfbc2ea59f830e56556eefdcddaf781b,python -m experiments.rostam.analyze verify --run-directory experiments/rostam/results/core-20260713-r6 --selection-id primary --verdict-sha256 479323107464068dcd682f802686082715d7b9b050789a1a940f890cf2b2de77 --output-directory experiments/rostam/results/publications/core-20260713-r6-primary --archive-descriptor experiments/rostam/results/archives/core-20260713-r6-primary-479323107464068dcd682f802686082715d7b9b050789a1a940f890cf2b2de77.raw-archive-descriptor.json --raw-archive experiments/rostam/results/archives/core-20260713-r6-primary-479323107464068dcd682f802686082715d7b9b050789a1a940f890cf2b2de77.raw.tar.gz --baseline-config nccl-2.19.3-default --candidate-config nccl-2.20.5-default --median-threshold-pct 8.0 --median-absolute-threshold-us 1.0
measurement,COMPLETE,false,,core-20260713-r6,5b9f1e3e013e3ee0a8b9c00ede1d5c512f495a184ff6b8ea061312f8f40ea2bd,primary,07f5cc1d4df5bcc7d400bb7aa050bc0a83a60485b8870db5272571d0321a3230,479323107464068dcd682f802686082715d7b9b050789a1a940f890cf2b2de77,c-canary-param-nccl-2.20.5-ring-l-r000000-6dad3312b8ed8f51,6dad3312b8ed8f51f41f78f89bfe2d50652fd814f0aa9cfd7f123489e3c525b4,a-000001,99af8835ed7419d22fa78392e4f4905b9297f944195bc0180c04a20b71f1145c,nccl-2.20.5-ring-ll,canary-param,0,221.560000,8192,commcanary.rostam.physical.param-measurement.v1,commcanary.rostam.physical.param-producer.v1,efd8fe4d51e9dfd0dfdb3b7ccb095e2bdeb2199b9f84de2facc8e3a8565b7f75,0911bbab808a3999b09b0a51a74c38db3ebf82a0,false,,cd6dfc0fdec3604ee547e9316b1e0edbafefce26a6087c3f59e047e43ff7eccc,4f8fc9fe28e06594e11df5b5806e0655c24a5ffcd912e5f5194164b7da87ef3a,ded804950411133600ca73c796545d36941cf3d1a58ea9d93f62a541e7f35cc2,commcanary-wheel=954c9fe0ef908a448b5343c91e7d58e8785fc20a7fd029b699ca0e252614304d;environment-lock=d4b8b2dc177cb09cea84a5b5a51c99d4510a3270fe70286d2133382fbc4abd8b;param-patch-contract=182942ecf6ed3c0ea267b1660a19be8601c16768640dd6ef3f112601a0b26f34;rostam-catalog=9eeaf8158be866f01a9925b0152abebfcfbc2ea59f830e56556eefdcddaf781b,python -m experiments.rostam.analyze verify --run-directory experiments/rostam/results/core-20260713-r6 --selection-id primary --verdict-sha256 479323107464068dcd682f802686082715d7b9b050789a1a940f890cf2b2de77 --output-directory experiments/rostam/results/publications/core-20260713-r6-primary --archive-descriptor experiments/rostam/results/archives/core-20260713-r6-primary-479323107464068dcd682f802686082715d7b9b050789a1a940f890cf2b2de77.raw-archive-descriptor.json --raw-archive experiments/rostam/results/archives/core-20260713-r6-primary-479323107464068dcd682f802686082715d7b9b050789a1a940f890cf2b2de77.raw.tar.gz --baseline-config nccl-2.19.3-default --candidate-config nccl-2.20.5-default --median-threshold-pct 8.0 --median-absolute-threshold-us 1.0
measurement,COMPLETE,false,,core-20260713-r6,5b9f1e3e013e3ee0a8b9c00ede1d5c512f495a184ff6b8ea061312f8f40ea2bd,primary,07f5cc1d4df5bcc7d400bb7aa050bc0a83a60485b8870db5272571d0321a3230,479323107464068dcd682f802686082715d7b9b050789a1a940f890cf2b2de77,c-canary-param-nccl-2.20.5-ring-l-r000000-7a5e445962a301fb,7a5e445962a301fb9f63e5cbafa5bcc3ef1fae4894f55ce5c0c22d42b7dede3f,a-000001,2930119d97da6de53134899f9bc7035aa72b76cdf6ee731c9b98aa05e045cd23,nccl-2.20.5-ring-ll128,canary-param,0,238.230000,8192,commcanary.rostam.physical.param-measurement.v1,commcanary.rostam.physical.param-producer.v1,06b9eecdd4dc55890a7c82fada075e383d03baa667ce65548feb5d613ba5f783,0911bbab808a3999b09b0a51a74c38db3ebf82a0,false,,cd6dfc0fdec3604ee547e9316b1e0edbafefce26a6087c3f59e047e43ff7eccc,85969fddb2cb9540404fd2ee378f1c04f75aab4075c12de3681e32e15e691298,5e188406169daf04f56812292cb64aea6cfaafb448ec4af3017496f11f86bfef,commcanary-wheel=954c9fe0ef908a448b5343c91e7d58e8785fc20a7fd029b699ca0e252614304d;environment-lock=d4b8b2dc177cb09cea84a5b5a51c99d4510a3270fe70286d2133382fbc4abd8b;param-patch-contract=182942ecf6ed3c0ea267b1660a19be8601c16768640dd6ef3f112601a0b26f34;rostam-catalog=9eeaf8158be866f01a9925b0152abebfcfbc2ea59f830e56556eefdcddaf781b,python -m experiments.rostam.analyze verify --run-directory experiments/rostam/results/core-20260713-r6 --selection-id primary --verdict-sha256 479323107464068dcd682f802686082715d7b9b050789a1a940f890cf2b2de77 --output-directory experiments/rostam/results/publications/core-20260713-r6-primary --archive-descriptor experiments/rostam/results/archives/core-20260713-r6-primary-479323107464068dcd682f802686082715d7b9b050789a1a940f890cf2b2de77.raw-archive-descriptor.json --raw-archive experiments/rostam/results/archives/core-20260713-r6-primary-479323107464068dcd682f802686082715d7b9b050789a1a940f890cf2b2de77.raw.tar.gz --baseline-config nccl-2.19.3-default --candidate-config nccl-2.20.5-default --median-threshold-pct 8.0 --median-absolute-threshold-us 1.0
measurement,COMPLETE,false,,core-20260713-r6,5b9f1e3e013e3ee0a8b9c00ede1d5c512f495a184ff6b8ea061312f8f40ea2bd,primary,07f5cc1d4df5bcc7d400bb7aa050bc0a83a60485b8870db5272571d0321a3230,479323107464068dcd682f802686082715d7b9b050789a1a940f890cf2b2de77,c-canary-param-nccl-2.20.5-ring-l-r000001-abd6307e7cd84a14,abd6307e7cd84a14fc10bc534dbc30dcc93bf1d187dc73c1201e4a31524dd5b2,a-000001,5547ca69ed9ab47aad76b0a16dc659161cc2c24d839d9e82fe52a00c16805cf5,nccl-2.20.5-ring-ll128,canary-param,1,240.710000,8192,commcanary.rostam.physical.param-measurement.v1,commcanary.rostam.physical.param-producer.v1,8895df9d697436b015b51d121d5e907dfa712ff1cbf22c28f10fff7c5a20e054,0911bbab808a3999b09b0a51a74c38db3ebf82a0,false,,cd6dfc0fdec3604ee547e9316b1e0edbafefce26a6087c3f59e047e43ff7eccc,de06892e073eb56b67abf1972069f50df2ae14d487b7aefe834ecc95e76dd003,d99ca2be8a1d430958c591bd4daf259aba941ce12c4d1d195993ee2a10186fe9,commcanary-wheel=954c9fe0ef908a448b5343c91e7d58e8785fc20a7fd029b699ca0e252614304d;environment-lock=d4b8b2dc177cb09cea84a5b5a51c99d4510a3270fe70286d2133382fbc4abd8b;param-patch-contract=182942ecf6ed3c0ea267b1660a19be8601c16768640dd6ef3f112601a0b26f34;rostam-catalog=9eeaf8158be866f01a9925b0152abebfcfbc2ea59f830e56556eefdcddaf781b,python -m experiments.rostam.analyze verify --run-directory experiments/rostam/results/core-20260713-r6 --selection-id primary --verdict-sha256 479323107464068dcd682f802686082715d7b9b050789a1a940f890cf2b2de77 --output-directory experiments/rostam/results/publications/core-20260713-r6-primary --archive-descriptor experiments/rostam/results/archives/core-20260713-r6-primary-479323107464068dcd682f802686082715d7b9b050789a1a940f890cf2b2de77.raw-archive-descriptor.json --raw-archive experiments/rostam/results/archives/core-20260713-r6-primary-479323107464068dcd682f802686082715d7b9b050789a1a940f890cf2b2de77.raw.tar.gz --baseline-config nccl-2.19.3-default --candidate-config nccl-2.20.5-default --median-threshold-pct 8.0 --median-absolute-threshold-us 1.0
measurement,COMPLETE,false,,core-20260713-r6,5b9f1e3e013e3ee0a8b9c00ede1d5c512f495a184ff6b8ea061312f8f40ea2bd,primary,07f5cc1d4df5bcc7d400bb7aa050bc0a83a60485b8870db5272571d0321a3230,479323107464068dcd682f802686082715d7b9b050789a1a940f890cf2b2de77,c-canary-param-nccl-2.20.5-ring-l-r000001-ed4a8c3d2b3ff082,ed4a8c3d2b3ff082333d086ba0368f18099e1cec9ef4bc1a953a54a08ebc201f,a-000001,69346ee1e6438f388037000bc3a05e3b604ee71eb8968aec5bf36281d2993a9a,nccl-2.20.5-ring-ll,canary-param,1,221.140000,8192,commcanary.rostam.physical.param-measurement.v1,commcanary.rostam.physical.param-producer.v1,d4737cc60022b2f201c011fa20c227ad18121942b8460141299e2a7ad9a9f8f2,0911bbab808a3999b09b0a51a74c38db3ebf82a0,false,,cd6dfc0fdec3604ee547e9316b1e0edbafefce26a6087c3f59e047e43ff7eccc,678d0cd92db335f7ab079eec0c6e0f1fdd60e66fea091dbd683ab3deeac5bb56,fc190caf636e9fc461e2472c0e5c4003f6fd17310e986d2ec22cd9b469b095fa,commcanary-wheel=954c9fe0ef908a448b5343c91e7d58e8785fc20a7fd029b699ca0e252614304d;environment-lock=d4b8b2dc177cb09cea84a5b5a51c99d4510a3270fe70286d2133382fbc4abd8b;param-patch-contract=182942ecf6ed3c0ea267b1660a19be8601c16768640dd6ef3f112601a0b26f34;rostam-catalog=9eeaf8158be866f01a9925b0152abebfcfbc2ea59f830e56556eefdcddaf781b,python -m experiments.rostam.analyze verify --run-directory experiments/rostam/results/core-20260713-r6 --selection-id primary --verdict-sha256 479323107464068dcd682f802686082715d7b9b050789a1a940f890cf2b2de77 --output-directory experiments/rostam/results/publications/core-20260713-r6-primary --archive-descriptor experiments/rostam/results/archives/core-20260713-r6-primary-479323107464068dcd682f802686082715d7b9b050789a1a940f890cf2b2de77.raw-archive-descriptor.json --raw-archive experiments/rostam/results/archives/core-20260713-r6-primary-479323107464068dcd682f802686082715d7b9b050789a1a940f890cf2b2de77.raw.tar.gz --baseline-config nccl-2.19.3-default --candidate-config nccl-2.20.5-default --median-threshold-pct 8.0 --median-absolute-threshold-us 1.0
measurement,COMPLETE,false,,core-20260713-r6,5b9f1e3e013e3ee0a8b9c00ede1d5c512f495a184ff6b8ea061312f8f40ea2bd,primary,07f5cc1d4df5bcc7d400bb7aa050bc0a83a60485b8870db5272571d0321a3230,479323107464068dcd682f802686082715d7b9b050789a1a940f890cf2b2de77,c-canary-param-nccl-2.20.5-ring-l-r000002-08d33dda542cfa1d,08d33dda542cfa1d78a21d362171715616d0a938ef19056924762c57f7bdb9a5,a-000001,53184670bc5c18ff6a1fdb2ca16d5b7e0ab2f1653ffcd290ada7f76b6fdd8855,nccl-2.20.5-ring-ll,canary-param,2,220.820000,8192,commcanary.rostam.physical.param-measurement.v1,commcanary.rostam.physical.param-producer.v1,c67a5b82db930e1b68697e52af1fbfb2ff9d60000b515bf935a8e79e4dfebef3,0911bbab808a3999b09b0a51a74c38db3ebf82a0,false,,cd6dfc0fdec3604ee547e9316b1e0edbafefce26a6087c3f59e047e43ff7eccc,c8ae8fe34c6789df7c61253f9b46be846d662e7de7a0368c1738e1e00770223d,4e14f184334d29b31357dd6523f3fc28e76a5a763faf87da5fcfb0ac8695c0d1,commcanary-wheel=954c9fe0ef908a448b5343c91e7d58e8785fc20a7fd029b699ca0e252614304d;environment-lock=d4b8b2dc177cb09cea84a5b5a51c99d4510a3270fe70286d2133382fbc4abd8b;param-patch-contract=182942ecf6ed3c0ea267b1660a19be8601c16768640dd6ef3f112601a0b26f34;rostam-catalog=9eeaf8158be866f01a9925b0152abebfcfbc2ea59f830e56556eefdcddaf781b,python -m experiments.rostam.analyze verify --run-directory experiments/rostam/results/core-20260713-r6 --selection-id primary --verdict-sha256 479323107464068dcd682f802686082715d7b9b050789a1a940f890cf2b2de77 --output-directory experiments/rostam/results/publications/core-20260713-r6-primary --archive-descriptor experiments/rostam/results/archives/core-20260713-r6-primary-479323107464068dcd682f802686082715d7b9b050789a1a940f890cf2b2de77.raw-archive-descriptor.json --raw-archive experiments/rostam/results/archives/core-20260713-r6-primary-479323107464068dcd682f802686082715d7b9b050789a1a940f890cf2b2de77.raw.tar.gz --baseline-config nccl-2.19.3-default --candidate-config nccl-2.20.5-default --median-threshold-pct 8.0 --median-absolute-threshold-us 1.0
measurement,COMPLETE,false,,core-20260713-r6,5b9f1e3e013e3ee0a8b9c00ede1d5c512f495a184ff6b8ea061312f8f40ea2bd,primary,07f5cc1d4df5bcc7d400bb7aa050bc0a83a60485b8870db5272571d0321a3230,479323107464068dcd682f802686082715d7b9b050789a1a940f890cf2b2de77,c-canary-param-nccl-2.20.5-ring-l-r000002-daaf97cb9c384e28,daaf97cb9c384e28b86383fabcb73eb6a20e7fc6ea280a09bdd3fb841ad96a58,a-000001,f90b9749ebd34ccb35aee503b736f2fc09a2e6d24040ae9376fc59a41a2b2875,nccl-2.20.5-ring-ll128,canary-param,2,240.900000,8192,commcanary.rostam.physical.param-measurement.v1,commcanary.rostam.physical.param-producer.v1,2b506523eaa2a92684e9ed495203bb99b1182e3ffb8b7ca0854946dd9a6b2c58,0911bbab808a3999b09b0a51a74c38db3ebf82a0,false,,cd6dfc0fdec3604ee547e9316b1e0edbafefce26a6087c3f59e047e43ff7eccc,c9f311c15f2bc61a29de60a3b1e6e0ba35ba6927cbfcb4977977cc57a2b7217b,bbde5904dd533b25e7e6b7eb9c08634fd20ec2583f8d6cfee64f89ba8272d11e,commcanary-wheel=954c9fe0ef908a448b5343c91e7d58e8785fc20a7fd029b699ca0e252614304d;environment-lock=d4b8b2dc177cb09cea84a5b5a51c99d4510a3270fe70286d2133382fbc4abd8b;param-patch-contract=182942ecf6ed3c0ea267b1660a19be8601c16768640dd6ef3f112601a0b26f34;rostam-catalog=9eeaf8158be866f01a9925b0152abebfcfbc2ea59f830e56556eefdcddaf781b,python -m experiments.rostam.analyze verify --run-directory experiments/rostam/results/core-20260713-r6 --selection-id primary --verdict-sha256 479323107464068dcd682f802686082715d7b9b050789a1a940f890cf2b2de77 --output-directory experiments/rostam/results/publications/core-20260713-r6-primary --archive-descriptor experiments/rostam/results/archives/core-20260713-r6-primary-479323107464068dcd682f802686082715d7b9b050789a1a940f890cf2b2de77.raw-archive-descriptor.json --raw-archive experiments/rostam/results/archives/core-20260713-r6-primary-479323107464068dcd682f802686082715d7b9b050789a1a940f890cf2b2de77.raw.tar.gz --baseline-config nccl-2.19.3-default --candidate-config nccl-2.20.5-default --median-threshold-pct 8.0 --median-absolute-threshold-us 1.0
measurement,COMPLETE,false,,core-20260713-r6,5b9f1e3e013e3ee0a8b9c00ede1d5c512f495a184ff6b8ea061312f8f40ea2bd,primary,07f5cc1d4df5bcc7d400bb7aa050bc0a83a60485b8870db5272571d0321a3230,479323107464068dcd682f802686082715d7b9b050789a1a940f890cf2b2de77,c-canary-param-nccl-2.20.5-ring-l-r000003-39fd2ac482fb3ab5,39fd2ac482fb3ab5413f9e11287df7b2de49f7712b0e2ac9bff03373134a8efe,a-000001,9954efd5934d33314388b6c29b6a91c5f8a5abc6fd4a6ddb4e660319989a48d3,nccl-2.20.5-ring-ll,canary-param,3,224.910000,8192,commcanary.rostam.physical.param-measurement.v1,commcanary.rostam.physical.param-producer.v1,fbce06690d330109568e84987780f1b9069980f0eca798a65b560c66045fbee0,0911bbab808a3999b09b0a51a74c38db3ebf82a0,false,,cd6dfc0fdec3604ee547e9316b1e0edbafefce26a6087c3f59e047e43ff7eccc,55bf027baa405f7188b3a857aa29a24d07dc4ba0b05960c2131475e9037579df,88b537b6ffbd43150addc2a4e2620d6730f60e77d45729983e105eefd150e7d5,commcanary-wheel=954c9fe0ef908a448b5343c91e7d58e8785fc20a7fd029b699ca0e252614304d;environment-lock=d4b8b2dc177cb09cea84a5b5a51c99d4510a3270fe70286d2133382fbc4abd8b;param-patch-contract=182942ecf6ed3c0ea267b1660a19be8601c16768640dd6ef3f112601a0b26f34;rostam-catalog=9eeaf8158be866f01a9925b0152abebfcfbc2ea59f830e56556eefdcddaf781b,python -m experiments.rostam.analyze verify --run-directory experiments/rostam/results/core-20260713-r6 --selection-id primary --verdict-sha256 479323107464068dcd682f802686082715d7b9b050789a1a940f890cf2b2de77 --output-directory experiments/rostam/results/publications/core-20260713-r6-primary --archive-descriptor experiments/rostam/results/archives/core-20260713-r6-primary-479323107464068dcd682f802686082715d7b9b050789a1a940f890cf2b2de77.raw-archive-descriptor.json --raw-archive experiments/rostam/results/archives/core-20260713-r6-primary-479323107464068dcd682f802686082715d7b9b050789a1a940f890cf2b2de77.raw.tar.gz --baseline-config nccl-2.19.3-default --candidate-config nccl-2.20.5-default --median-threshold-pct 8.0 --median-absolute-threshold-us 1.0
measurement,COMPLETE,false,,core-20260713-r6,5b9f1e3e013e3ee0a8b9c00ede1d5c512f495a184ff6b8ea061312f8f40ea2bd,primary,07f5cc1d4df5bcc7d400bb7aa050bc0a83a60485b8870db5272571d0321a3230,479323107464068dcd682f802686082715d7b9b050789a1a940f890cf2b2de77,c-canary-param-nccl-2.20.5-ring-l-r000003-41fb8bc428f7c37b,41fb8bc428f7c37b071f3c76a7ed3d9156774ce9cc7992a1ca03fdac52ac45a0,a-000001,5e83e14efa58006a41a0b9a73661e8186868dc1909cb93fef9d03541a85cb47c,nccl-2.20.5-ring-ll128,canary-param,3,241.210000,8192,commcanary.rostam.physical.param-measurement.v1,commcanary.rostam.physical.param-producer.v1,5914ca009e95cedcbc48771a1f26db1f3a6b9cd6ce01739a054f663c09bd6d79,0911bbab808a3999b09b0a51a74c38db3ebf82a0,false,,cd6dfc0fdec3604ee547e9316b1e0edbafefce26a6087c3f59e047e43ff7eccc,8e85de45716e08308be66dd399d6fe118c824efd86e2e87aab343bc305aae01c,71066fbdaf7a3c50df3ed314d60b9de5410cca75614aa52d26bed44a40181028,commcanary-wheel=954c9fe0ef908a448b5343c91e7d58e8785fc20a7fd029b699ca0e252614304d;environment-lock=d4b8b2dc177cb09cea84a5b5a51c99d4510a3270fe70286d2133382fbc4abd8b;param-patch-contract=182942ecf6ed3c0ea267b1660a19be8601c16768640dd6ef3f112601a0b26f34;rostam-catalog=9eeaf8158be866f01a9925b0152abebfcfbc2ea59f830e56556eefdcddaf781b,python -m experiments.rostam.analyze verify --run-directory experiments/rostam/results/core-20260713-r6 --selection-id primary --verdict-sha256 479323107464068dcd682f802686082715d7b9b050789a1a940f890cf2b2de77 --output-directory experiments/rostam/results/publications/core-20260713-r6-primary --archive-descriptor experiments/rostam/results/archives/core-20260713-r6-primary-479323107464068dcd682f802686082715d7b9b050789a1a940f890cf2b2de77.raw-archive-descriptor.json --raw-archive experiments/rostam/results/archives/core-20260713-r6-primary-479323107464068dcd682f802686082715d7b9b050789a1a940f890cf2b2de77.raw.tar.gz --baseline-config nccl-2.19.3-default --candidate-config nccl-2.20.5-default --median-threshold-pct 8.0 --median-absolute-threshold-us 1.0
measurement,COMPLETE,false,,core-20260713-r6,5b9f1e3e013e3ee0a8b9c00ede1d5c512f495a184ff6b8ea061312f8f40ea2bd,primary,07f5cc1d4df5bcc7d400bb7aa050bc0a83a60485b8870db5272571d0321a3230,479323107464068dcd682f802686082715d7b9b050789a1a940f890cf2b2de77,c-canary-param-nccl-2.20.5-ring-l-r000004-9824a06f9d499692,9824a06f9d499692bf4b981221a709f1d3be122240e89a65fd7ca650f021144f,a-000001,b13ca5fd8bffa968b6a9c7fc8edc0566398aa8d848640cfd6854e635c015273d,nccl-2.20.5-ring-ll128,canary-param,4,241.210000,8192,commcanary.rostam.physical.param-measurement.v1,commcanary.rostam.physical.param-producer.v1,c7b268201305ccc1d8fdcde45c1bb269730c48c088b6d00722fe10965df0e54f,0911bbab808a3999b09b0a51a74c38db3ebf82a0,false,,cd6dfc0fdec3604ee547e9316b1e0edbafefce26a6087c3f59e047e43ff7eccc,f8cb6303811d0b103ea8c0a3c8207fa1547a45ca23886a01d54d4516d58a308d,b6abe285acc38d1c38a50e6b21884bcfa483d70f3bc85d3024a3a27f69692bdc,commcanary-wheel=954c9fe0ef908a448b5343c91e7d58e8785fc20a7fd029b699ca0e252614304d;environment-lock=d4b8b2dc177cb09cea84a5b5a51c99d4510a3270fe70286d2133382fbc4abd8b;param-patch-contract=182942ecf6ed3c0ea267b1660a19be8601c16768640dd6ef3f112601a0b26f34;rostam-catalog=9eeaf8158be866f01a9925b0152abebfcfbc2ea59f830e56556eefdcddaf781b,python -m experiments.rostam.analyze verify --run-directory experiments/rostam/results/core-20260713-r6 --selection-id primary --verdict-sha256 479323107464068dcd682f802686082715d7b9b050789a1a940f890cf2b2de77 --output-directory experiments/rostam/results/publications/core-20260713-r6-primary --archive-descriptor experiments/rostam/results/archives/core-20260713-r6-primary-479323107464068dcd682f802686082715d7b9b050789a1a940f890cf2b2de77.raw-archive-descriptor.json --raw-archive experiments/rostam/results/archives/core-20260713-r6-primary-479323107464068dcd682f802686082715d7b9b050789a1a940f890cf2b2de77.raw.tar.gz --baseline-config nccl-2.19.3-default --candidate-config nccl-2.20.5-default --median-threshold-pct 8.0 --median-absolute-threshold-us 1.0
measurement,COMPLETE,false,,core-20260713-r6,5b9f1e3e013e3ee0a8b9c00ede1d5c512f495a184ff6b8ea061312f8f40ea2bd,primary,07f5cc1d4df5bcc7d400bb7aa050bc0a83a60485b8870db5272571d0321a3230,479323107464068dcd682f802686082715d7b9b050789a1a940f890cf2b2de77,c-canary-param-nccl-2.20.5-ring-l-r000004-fb9d6a95fb5b2222,fb9d6a95fb5b2222ea4602c44bf3b3265be3f27210ad478ff0e4e212eff302e3,a-000001,5e2e164795746c8636c88df908a945564da469842b89d57587bfd9b5ebbf8b75,nccl-2.20.5-ring-ll,canary-param,4,221.520000,8192,commcanary.rostam.physical.param-measurement.v1,commcanary.rostam.physical.param-producer.v1,2fb774e6cf8477b1a08fa76fa0b9efb7a09ec3f3556a2abf4ae755188622212d,0911bbab808a3999b09b0a51a74c38db3ebf82a0,false,,cd6dfc0fdec3604ee547e9316b1e0edbafefce26a6087c3f59e047e43ff7eccc,3eb1678b27af07baac5a1a721dae02b96912561c59adb523002d988e64188656,b9cf8783467a11576d9e58f45e0d1c607ac806be3ff3f60b00c9214ebe49d74c,commcanary-wheel=954c9fe0ef908a448b5343c91e7d58e8785fc20a7fd029b699ca0e252614304d;environment-lock=d4b8b2dc177cb09cea84a5b5a51c99d4510a3270fe70286d2133382fbc4abd8b;param-patch-contract=182942ecf6ed3c0ea267b1660a19be8601c16768640dd6ef3f112601a0b26f34;rostam-catalog=9eeaf8158be866f01a9925b0152abebfcfbc2ea59f830e56556eefdcddaf781b,python -m experiments.rostam.analyze verify --run-directory experiments/rostam/results/core-20260713-r6 --selection-id primary --verdict-sha256 479323107464068dcd682f802686082715d7b9b050789a1a940f890cf2b2de77 --output-directory experiments/rostam/results/publications/core-20260713-r6-primary --archive-descriptor experiments/rostam/results/archives/core-20260713-r6-primary-479323107464068dcd682f802686082715d7b9b050789a1a940f890cf2b2de77.raw-archive-descriptor.json --raw-archive experiments/rostam/results/archives/core-20260713-r6-primary-479323107464068dcd682f802686082715d7b9b050789a1a940f890cf2b2de77.raw.tar.gz --baseline-config nccl-2.19.3-default --candidate-config nccl-2.20.5-default --median-threshold-pct 8.0 --median-absolute-threshold-us 1.0
measurement,COMPLETE,false,,core-20260713-r6,5b9f1e3e013e3ee0a8b9c00ede1d5c512f495a184ff6b8ea061312f8f40ea2bd,primary,07f5cc1d4df5bcc7d400bb7aa050bc0a83a60485b8870db5272571d0321a3230,479323107464068dcd682f802686082715d7b9b050789a1a940f890cf2b2de77,c-canary-param-nccl-2.20.5-ring-s-r000000-c814968098aa60fc,c814968098aa60fc8ef9525aaa1c48bab11e805f5352b0980df6628fb7ddfe11,a-000002,bbd11ece4610c8d4a7673ff4b9ef8f221b1ebefac57af930fe9d6bc8ed248fbb,nccl-2.20.5-ring-simple,canary-param,0,280.830000,8192,commcanary.rostam.physical.param-measurement.v1,commcanary.rostam.physical.param-producer.v1,5e72d1c90329d510f7255cd18b8cd1fe4f9290e1aa623c37cdb82ad2af5ed3ea,0911bbab808a3999b09b0a51a74c38db3ebf82a0,false,,cd6dfc0fdec3604ee547e9316b1e0edbafefce26a6087c3f59e047e43ff7eccc,b085d67a17f6f086f5ec6abbc010d5f476ba3fef913cec93d5c1f3ae9479e970,cf10ac6e4d9639155795135aec70ee3cc2ed951526d2d030c4f6c55895838bd5,commcanary-wheel=954c9fe0ef908a448b5343c91e7d58e8785fc20a7fd029b699ca0e252614304d;environment-lock=d4b8b2dc177cb09cea84a5b5a51c99d4510a3270fe70286d2133382fbc4abd8b;param-patch-contract=182942ecf6ed3c0ea267b1660a19be8601c16768640dd6ef3f112601a0b26f34;rostam-catalog=9eeaf8158be866f01a9925b0152abebfcfbc2ea59f830e56556eefdcddaf781b,python -m experiments.rostam.analyze verify --run-directory experiments/rostam/results/core-20260713-r6 --selection-id primary --verdict-sha256 479323107464068dcd682f802686082715d7b9b050789a1a940f890cf2b2de77 --output-directory experiments/rostam/results/publications/core-20260713-r6-primary --archive-descriptor experiments/rostam/results/archives/core-20260713-r6-primary-479323107464068dcd682f802686082715d7b9b050789a1a940f890cf2b2de77.raw-archive-descriptor.json --raw-archive experiments/rostam/results/archives/core-20260713-r6-primary-479323107464068dcd682f802686082715d7b9b050789a1a940f890cf2b2de77.raw.tar.gz --baseline-config nccl-2.19.3-default --candidate-config nccl-2.20.5-default --median-threshold-pct 8.0 --median-absolute-threshold-us 1.0
measurement,COMPLETE,false,,core-20260713-r6,5b9f1e3e013e3ee0a8b9c00ede1d5c512f495a184ff6b8ea061312f8f40ea2bd,primary,07f5cc1d4df5bcc7d400bb7aa050bc0a83a60485b8870db5272571d0321a3230,479323107464068dcd682f802686082715d7b9b050789a1a940f890cf2b2de77,c-canary-param-nccl-2.20.5-ring-s-r000001-f1515c6200f2b01c,f1515c6200f2b01c9565dbf59d91fb287147ac7a9bb9455359cf0117152b0110,a-000001,2e187c296d1f4a4855fad5faf4da79a9512f68bc25095710022eb602a41a2ac8,nccl-2.20.5-ring-simple,canary-param,1,280.880000,8192,commcanary.rostam.physical.param-measurement.v1,commcanary.rostam.physical.param-producer.v1,386b2f492f2081469ae465bf8c26a217f46078cf5eef687ca8eff2242eb1b085,0911bbab808a3999b09b0a51a74c38db3ebf82a0,false,,cd6dfc0fdec3604ee547e9316b1e0edbafefce26a6087c3f59e047e43ff7eccc,1a8277807e44beeade58cb94339a42aa85b755b63844803805e65bfd4acab591,08e7f57026977daf50dcca724613d0325359bb2965780abe3e0530dc835c2a01,commcanary-wheel=954c9fe0ef908a448b5343c91e7d58e8785fc20a7fd029b699ca0e252614304d;environment-lock=d4b8b2dc177cb09cea84a5b5a51c99d4510a3270fe70286d2133382fbc4abd8b;param-patch-contract=182942ecf6ed3c0ea267b1660a19be8601c16768640dd6ef3f112601a0b26f34;rostam-catalog=9eeaf8158be866f01a9925b0152abebfcfbc2ea59f830e56556eefdcddaf781b,python -m experiments.rostam.analyze verify --run-directory experiments/rostam/results/core-20260713-r6 --selection-id primary --verdict-sha256 479323107464068dcd682f802686082715d7b9b050789a1a940f890cf2b2de77 --output-directory experiments/rostam/results/publications/core-20260713-r6-primary --archive-descriptor experiments/rostam/results/archives/core-20260713-r6-primary-479323107464068dcd682f802686082715d7b9b050789a1a940f890cf2b2de77.raw-archive-descriptor.json --raw-archive experiments/rostam/results/archives/core-20260713-r6-primary-479323107464068dcd682f802686082715d7b9b050789a1a940f890cf2b2de77.raw.tar.gz --baseline-config nccl-2.19.3-default --candidate-config nccl-2.20.5-default --median-threshold-pct 8.0 --median-absolute-threshold-us 1.0
measurement,COMPLETE,false,,core-20260713-r6,5b9f1e3e013e3ee0a8b9c00ede1d5c512f495a184ff6b8ea061312f8f40ea2bd,primary,07f5cc1d4df5bcc7d400bb7aa050bc0a83a60485b8870db5272571d0321a3230,479323107464068dcd682f802686082715d7b9b050789a1a940f890cf2b2de77,c-canary-param-nccl-2.20.5-ring-s-r000002-42dd71729e0b48d9,42dd71729e0b48d9c09a113058c4f5bc29b5beff06f5d882b9439e88dc822d48,a-000001,c67e2407350ae86efc96bb18f67fc0081b698a38a6df1ea69085efa5b0d1f825,nccl-2.20.5-ring-simple,canary-param,2,276.460000,8192,commcanary.rostam.physical.param-measurement.v1,commcanary.rostam.physical.param-producer.v1,a1a6b8d6b439e6f1c0f9ee21be05c7eb0fce83f9257ab616b4d4e0a453976d05,0911bbab808a3999b09b0a51a74c38db3ebf82a0,false,,cd6dfc0fdec3604ee547e9316b1e0edbafefce26a6087c3f59e047e43ff7eccc,f5ffcb0c1418aba728db2d167972f4df0975b2df89cca8227f43601c0b9bc96e,7b30474091f43668441c48018899b7b406e472452c69364c7592c3f5f7947d9b,commcanary-wheel=954c9fe0ef908a448b5343c91e7d58e8785fc20a7fd029b699ca0e252614304d;environment-lock=d4b8b2dc177cb09cea84a5b5a51c99d4510a3270fe70286d2133382fbc4abd8b;param-patch-contract=182942ecf6ed3c0ea267b1660a19be8601c16768640dd6ef3f112601a0b26f34;rostam-catalog=9eeaf8158be866f01a9925b0152abebfcfbc2ea59f830e56556eefdcddaf781b,python -m experiments.rostam.analyze verify --run-directory experiments/rostam/results/core-20260713-r6 --selection-id primary --verdict-sha256 479323107464068dcd682f802686082715d7b9b050789a1a940f890cf2b2de77 --output-directory experiments/rostam/results/publications/core-20260713-r6-primary --archive-descriptor experiments/rostam/results/archives/core-20260713-r6-primary-479323107464068dcd682f802686082715d7b9b050789a1a940f890cf2b2de77.raw-archive-descriptor.json --raw-archive experiments/rostam/results/archives/core-20260713-r6-primary-479323107464068dcd682f802686082715d7b9b050789a1a940f890cf2b2de77.raw.tar.gz --baseline-config nccl-2.19.3-default --candidate-config nccl-2.20.5-default --median-threshold-pct 8.0 --median-absolute-threshold-us 1.0
measurement,COMPLETE,false,,core-20260713-r6,5b9f1e3e013e3ee0a8b9c00ede1d5c512f495a184ff6b8ea061312f8f40ea2bd,primary,07f5cc1d4df5bcc7d400bb7aa050bc0a83a60485b8870db5272571d0321a3230,479323107464068dcd682f802686082715d7b9b050789a1a940f890cf2b2de77,c-canary-param-nccl-2.20.5-ring-s-r000003-d79f6d37b56c47c4,d79f6d37b56c47c48939b41fe0f1c631401a1bb4a6073def5db2338c3a4297c4,a-000001,8152849548ed08e6bc0fed8bb1b749c9436bc7366ac24881711b040d94a7930c,nccl-2.20.5-ring-simple,canary-param,3,278.110000,8192,commcanary.rostam.physical.param-measurement.v1,commcanary.rostam.physical.param-producer.v1,5f8428bce4428b97a3b533854e152474841d4b3fcdb3a036d8718dc3780e3046,0911bbab808a3999b09b0a51a74c38db3ebf82a0,false,,cd6dfc0fdec3604ee547e9316b1e0edbafefce26a6087c3f59e047e43ff7eccc,e0b2ef357fb307590826cea61d431fe143d9665dc5fc31b170dd542db10f8e64,ce2ecf3d024d97c9bb87bc5d7accdb86c1235ebed987cf417e0d2f0166e59898,commcanary-wheel=954c9fe0ef908a448b5343c91e7d58e8785fc20a7fd029b699ca0e252614304d;environment-lock=d4b8b2dc177cb09cea84a5b5a51c99d4510a3270fe70286d2133382fbc4abd8b;param-patch-contract=182942ecf6ed3c0ea267b1660a19be8601c16768640dd6ef3f112601a0b26f34;rostam-catalog=9eeaf8158be866f01a9925b0152abebfcfbc2ea59f830e56556eefdcddaf781b,python -m experiments.rostam.analyze verify --run-directory experiments/rostam/results/core-20260713-r6 --selection-id primary --verdict-sha256 479323107464068dcd682f802686082715d7b9b050789a1a940f890cf2b2de77 --output-directory experiments/rostam/results/publications/core-20260713-r6-primary --archive-descriptor experiments/rostam/results/archives/core-20260713-r6-primary-479323107464068dcd682f802686082715d7b9b050789a1a940f890cf2b2de77.raw-archive-descriptor.json --raw-archive experiments/rostam/results/archives/core-20260713-r6-primary-479323107464068dcd682f802686082715d7b9b050789a1a940f890cf2b2de77.raw.tar.gz --baseline-config nccl-2.19.3-default --candidate-config nccl-2.20.5-default --median-threshold-pct 8.0 --median-absolute-threshold-us 1.0
measurement,COMPLETE,false,,core-20260713-r6,5b9f1e3e013e3ee0a8b9c00ede1d5c512f495a184ff6b8ea061312f8f40ea2bd,primary,07f5cc1d4df5bcc7d400bb7aa050bc0a83a60485b8870db5272571d0321a3230,479323107464068dcd682f802686082715d7b9b050789a1a940f890cf2b2de77,c-canary-param-nccl-2.20.5-ring-s-r000004-282186d28d4ad605,282186d28d4ad60543bbfe95681a01aeb4b20ad75d13824ac2a9e999131a10f4,a-000001,77deaeac5523367e1adbf9bd3598e8b8f64b7357b024fb2af3dbf6d99d213782,nccl-2.20.5-ring-simple,canary-param,4,277.870000,8192,commcanary.rostam.physical.param-measurement.v1,commcanary.rostam.physical.param-producer.v1,20a78ad8519022185669276d9cda76c1860365541230fe4e4e23f9c1c5d3250a,0911bbab808a3999b09b0a51a74c38db3ebf82a0,false,,cd6dfc0fdec3604ee547e9316b1e0edbafefce26a6087c3f59e047e43ff7eccc,ee2ed292a4d989afbed11c47319a689a0be722b6fdc5125abf1c724d46f36579,76035f484eb69d2650aa240394975b205a67b909f5e4a94b15aac84bccb39fab,commcanary-wheel=954c9fe0ef908a448b5343c91e7d58e8785fc20a7fd029b699ca0e252614304d;environment-lock=d4b8b2dc177cb09cea84a5b5a51c99d4510a3270fe70286d2133382fbc4abd8b;param-patch-contract=182942ecf6ed3c0ea267b1660a19be8601c16768640dd6ef3f112601a0b26f34;rostam-catalog=9eeaf8158be866f01a9925b0152abebfcfbc2ea59f830e56556eefdcddaf781b,python -m experiments.rostam.analyze verify --run-directory experiments/rostam/results/core-20260713-r6 --selection-id primary --verdict-sha256 479323107464068dcd682f802686082715d7b9b050789a1a940f890cf2b2de77 --output-directory experiments/rostam/results/publications/core-20260713-r6-primary --archive-descriptor experiments/rostam/results/archives/core-20260713-r6-primary-479323107464068dcd682f802686082715d7b9b050789a1a940f890cf2b2de77.raw-archive-descriptor.json --raw-archive experiments/rostam/results/archives/core-20260713-r6-primary-479323107464068dcd682f802686082715d7b9b050789a1a940f890cf2b2de77.raw.tar.gz --baseline-config nccl-2.19.3-default --candidate-config nccl-2.20.5-default --median-threshold-pct 8.0 --median-absolute-threshold-us 1.0
measurement,COMPLETE,false,,core-20260713-r6,5b9f1e3e013e3ee0a8b9c00ede1d5c512f495a184ff6b8ea061312f8f40ea2bd,primary,07f5cc1d4df5bcc7d400bb7aa050bc0a83a60485b8870db5272571d0321a3230,479323107464068dcd682f802686082715d7b9b050789a1a940f890cf2b2de77,c-canary-param-nccl-2.20.5-tree-l-r000000-5b0f21b2a8eaefbe,5b0f21b2a8eaefbead046b06d1ed3d94615ff05269b2acfd389e353c387b6ace,a-000001,b9bd55c4702b48e80289a4910e787d53e0164a0c4fad074ce6a67d9f1d636474,nccl-2.20.5-tree-ll128,canary-param,0,269.290000,8192,commcanary.rostam.physical.param-measurement.v1,commcanary.rostam.physical.param-producer.v1,41240301f3522c5bb32174efc950f6a7a7c38bc54135ed561791cef5575a56d3,0911bbab808a3999b09b0a51a74c38db3ebf82a0,false,,cd6dfc0fdec3604ee547e9316b1e0edbafefce26a6087c3f59e047e43ff7eccc,6b2686093106474e2e97fb59f95e3b3fa34fe0a6efea6443f3be1278039d2797,9c7a78b880c7a6fff21f0e29917353ba7f04a82897e6ac0ab208ea4915a2827a,commcanary-wheel=954c9fe0ef908a448b5343c91e7d58e8785fc20a7fd029b699ca0e252614304d;environment-lock=d4b8b2dc177cb09cea84a5b5a51c99d4510a3270fe70286d2133382fbc4abd8b;param-patch-contract=182942ecf6ed3c0ea267b1660a19be8601c16768640dd6ef3f112601a0b26f34;rostam-catalog=9eeaf8158be866f01a9925b0152abebfcfbc2ea59f830e56556eefdcddaf781b,python -m experiments.rostam.analyze verify --run-directory experiments/rostam/results/core-20260713-r6 --selection-id primary --verdict-sha256 479323107464068dcd682f802686082715d7b9b050789a1a940f890cf2b2de77 --output-directory experiments/rostam/results/publications/core-20260713-r6-primary --archive-descriptor experiments/rostam/results/archives/core-20260713-r6-primary-479323107464068dcd682f802686082715d7b9b050789a1a940f890cf2b2de77.raw-archive-descriptor.json --raw-archive experiments/rostam/results/archives/core-20260713-r6-primary-479323107464068dcd682f802686082715d7b9b050789a1a940f890cf2b2de77.raw.tar.gz --baseline-config nccl-2.19.3-default --candidate-config nccl-2.20.5-default --median-threshold-pct 8.0 --median-absolute-threshold-us 1.0
measurement,COMPLETE,false,,core-20260713-r6,5b9f1e3e013e3ee0a8b9c00ede1d5c512f495a184ff6b8ea061312f8f40ea2bd,primary,07f5cc1d4df5bcc7d400bb7aa050bc0a83a60485b8870db5272571d0321a3230,479323107464068dcd682f802686082715d7b9b050789a1a940f890cf2b2de77,c-canary-param-nccl-2.20.5-tree-l-r000000-dfa61dedc73af72b,dfa61dedc73af72b2a9a8221e54cfc7ca13177b373a16565f6adbbf8e6b26d35,a-000001,bef1f722c9c679f5a2fb49fbf1d650644da5a84e4e67af5ef84e7f235aace781,nccl-2.20.5-tree-ll,canary-param,0,247.450000,8192,commcanary.rostam.physical.param-measurement.v1,commcanary.rostam.physical.param-producer.v1,8874e8249657126ff9b899e575f64cc2e375a28ea2a86c4ece5e6d114d2ad923,0911bbab808a3999b09b0a51a74c38db3ebf82a0,false,,cd6dfc0fdec3604ee547e9316b1e0edbafefce26a6087c3f59e047e43ff7eccc,d7b4dfda66bd0250002bc32cd4b4d95918c2e69b7138413c7dd3479d29e94af5,b6cc76d6de362d65b937e5e10dd9cb42055cda7669fbc8463f3a97a7c1df96d3,commcanary-wheel=954c9fe0ef908a448b5343c91e7d58e8785fc20a7fd029b699ca0e252614304d;environment-lock=d4b8b2dc177cb09cea84a5b5a51c99d4510a3270fe70286d2133382fbc4abd8b;param-patch-contract=182942ecf6ed3c0ea267b1660a19be8601c16768640dd6ef3f112601a0b26f34;rostam-catalog=9eeaf8158be866f01a9925b0152abebfcfbc2ea59f830e56556eefdcddaf781b,python -m experiments.rostam.analyze verify --run-directory experiments/rostam/results/core-20260713-r6 --selection-id primary --verdict-sha256 479323107464068dcd682f802686082715d7b9b050789a1a940f890cf2b2de77 --output-directory experiments/rostam/results/publications/core-20260713-r6-primary --archive-descriptor experiments/rostam/results/archives/core-20260713-r6-primary-479323107464068dcd682f802686082715d7b9b050789a1a940f890cf2b2de77.raw-archive-descriptor.json --raw-archive experiments/rostam/results/archives/core-20260713-r6-primary-479323107464068dcd682f802686082715d7b9b050789a1a940f890cf2b2de77.raw.tar.gz --baseline-config nccl-2.19.3-default --candidate-config nccl-2.20.5-default --median-threshold-pct 8.0 --median-absolute-threshold-us 1.0
measurement,COMPLETE,false,,core-20260713-r6,5b9f1e3e013e3ee0a8b9c00ede1d5c512f495a184ff6b8ea061312f8f40ea2bd,primary,07f5cc1d4df5bcc7d400bb7aa050bc0a83a60485b8870db5272571d0321a3230,479323107464068dcd682f802686082715d7b9b050789a1a940f890cf2b2de77,c-canary-param-nccl-2.20.5-tree-l-r000001-2a50aa6095811d8d,2a50aa6095811d8d5df5c29b19cae6fc5c00062e3d03c880bcbbefdfe553c951,a-000001,7dcd19e0cc1cabf2e574cdff83e4dc604a1bf1f999fee3891f49b535ff92b18d,nccl-2.20.5-tree-ll,canary-param,1,224.055000,8192,commcanary.rostam.physical.param-measurement.v1,commcanary.rostam.physical.param-producer.v1,f7a812e29e5eb2eae7447d7782d5cff43bd39ae0f74231e8b25f7c349f01387d,0911bbab808a3999b09b0a51a74c38db3ebf82a0,false,,cd6dfc0fdec3604ee547e9316b1e0edbafefce26a6087c3f59e047e43ff7eccc,1d44dca02026ac4458d1c809f7f5e478b03b7a6dcec13874154f7be188e9109f,3858e3d1c1d1bb8f08792f26efe3bb1511cf6ae7188910bc1c91dcf4be977e52,commcanary-wheel=954c9fe0ef908a448b5343c91e7d58e8785fc20a7fd029b699ca0e252614304d;environment-lock=d4b8b2dc177cb09cea84a5b5a51c99d4510a3270fe70286d2133382fbc4abd8b;param-patch-contract=182942ecf6ed3c0ea267b1660a19be8601c16768640dd6ef3f112601a0b26f34;rostam-catalog=9eeaf8158be866f01a9925b0152abebfcfbc2ea59f830e56556eefdcddaf781b,python -m experiments.rostam.analyze verify --run-directory experiments/rostam/results/core-20260713-r6 --selection-id primary --verdict-sha256 479323107464068dcd682f802686082715d7b9b050789a1a940f890cf2b2de77 --output-directory experiments/rostam/results/publications/core-20260713-r6-primary --archive-descriptor experiments/rostam/results/archives/core-20260713-r6-primary-479323107464068dcd682f802686082715d7b9b050789a1a940f890cf2b2de77.raw-archive-descriptor.json --raw-archive experiments/rostam/results/archives/core-20260713-r6-primary-479323107464068dcd682f802686082715d7b9b050789a1a940f890cf2b2de77.raw.tar.gz --baseline-config nccl-2.19.3-default --candidate-config nccl-2.20.5-default --median-threshold-pct 8.0 --median-absolute-threshold-us 1.0
measurement,COMPLETE,false,,core-20260713-r6,5b9f1e3e013e3ee0a8b9c00ede1d5c512f495a184ff6b8ea061312f8f40ea2bd,primary,07f5cc1d4df5bcc7d400bb7aa050bc0a83a60485b8870db5272571d0321a3230,479323107464068dcd682f802686082715d7b9b050789a1a940f890cf2b2de77,c-canary-param-nccl-2.20.5-tree-l-r000001-c4b005be84c4afa2,c4b005be84c4afa2797a472a39f5c2ea2388e13dddf153d1739d6563895e825a,a-000001,8fc4dad20a35eaa745c3ebe56c70e923d20e6584edaaa32a973fa331f40453a0,nccl-2.20.5-tree-ll128,canary-param,1,270.900000,8192,commcanary.rostam.physical.param-measurement.v1,commcanary.rostam.physical.param-producer.v1,6da78565fd59e1fa4883653001d30bdbbdd6e9f4bae66118a5559af99402e7ec,0911bbab808a3999b09b0a51a74c38db3ebf82a0,false,,cd6dfc0fdec3604ee547e9316b1e0edbafefce26a6087c3f59e047e43ff7eccc,3d6db24c630752bff72b1388cdff2353363f50c3e7a6cdaf4efed23b224d7405,b762cca02c6b1358ec743be13a74a3fc718cd6b5675cf7bb5e530f58d305d7c7,commcanary-wheel=954c9fe0ef908a448b5343c91e7d58e8785fc20a7fd029b699ca0e252614304d;environment-lock=d4b8b2dc177cb09cea84a5b5a51c99d4510a3270fe70286d2133382fbc4abd8b;param-patch-contract=182942ecf6ed3c0ea267b1660a19be8601c16768640dd6ef3f112601a0b26f34;rostam-catalog=9eeaf8158be866f01a9925b0152abebfcfbc2ea59f830e56556eefdcddaf781b,python -m experiments.rostam.analyze verify --run-directory experiments/rostam/results/core-20260713-r6 --selection-id primary --verdict-sha256 479323107464068dcd682f802686082715d7b9b050789a1a940f890cf2b2de77 --output-directory experiments/rostam/results/publications/core-20260713-r6-primary --archive-descriptor experiments/rostam/results/archives/core-20260713-r6-primary-479323107464068dcd682f802686082715d7b9b050789a1a940f890cf2b2de77.raw-archive-descriptor.json --raw-archive experiments/rostam/results/archives/core-20260713-r6-primary-479323107464068dcd682f802686082715d7b9b050789a1a940f890cf2b2de77.raw.tar.gz --baseline-config nccl-2.19.3-default --candidate-config nccl-2.20.5-default --median-threshold-pct 8.0 --median-absolute-threshold-us 1.0
measurement,COMPLETE,false,,core-20260713-r6,5b9f1e3e013e3ee0a8b9c00ede1d5c512f495a184ff6b8ea061312f8f40ea2bd,primary,07f5cc1d4df5bcc7d400bb7aa050bc0a83a60485b8870db5272571d0321a3230,479323107464068dcd682f802686082715d7b9b050789a1a940f890cf2b2de77,c-canary-param-nccl-2.20.5-tree-l-r000002-10ffc65f20c0c5cf,10ffc65f20c0c5cfe5b653f54741ccb1c02a0c2863b44c95a1644b7523154ecf,a-000001,91a5358cffc517ba308a8310022f641f641dc6f2d1bc0f335f3bf2cccace6e46,nccl-2.20.5-tree-ll,canary-param,2,237.565000,8192,commcanary.rostam.physical.param-measurement.v1,commcanary.rostam.physical.param-producer.v1,6d72bb5134dd50601a672fe46776a8508f441f57b507cebc986618ad8c3c7e92,0911bbab808a3999b09b0a51a74c38db3ebf82a0,false,,cd6dfc0fdec3604ee547e9316b1e0edbafefce26a6087c3f59e047e43ff7eccc,06ac537571867af782b307b34731b745ceb67ba75a80f1758f386c1af463da08,cdabc89a3034bd1bbb0f3924920b9d5894c7b0ad25c54d779bda5878c7b23830,commcanary-wheel=954c9fe0ef908a448b5343c91e7d58e8785fc20a7fd029b699ca0e252614304d;environment-lock=d4b8b2dc177cb09cea84a5b5a51c99d4510a3270fe70286d2133382fbc4abd8b;param-patch-contract=182942ecf6ed3c0ea267b1660a19be8601c16768640dd6ef3f112601a0b26f34;rostam-catalog=9eeaf8158be866f01a9925b0152abebfcfbc2ea59f830e56556eefdcddaf781b,python -m experiments.rostam.analyze verify --run-directory experiments/rostam/results/core-20260713-r6 --selection-id primary --verdict-sha256 479323107464068dcd682f802686082715d7b9b050789a1a940f890cf2b2de77 --output-directory experiments/rostam/results/publications/core-20260713-r6-primary --archive-descriptor experiments/rostam/results/archives/core-20260713-r6-primary-479323107464068dcd682f802686082715d7b9b050789a1a940f890cf2b2de77.raw-archive-descriptor.json --raw-archive experiments/rostam/results/archives/core-20260713-r6-primary-479323107464068dcd682f802686082715d7b9b050789a1a940f890cf2b2de77.raw.tar.gz --baseline-config nccl-2.19.3-default --candidate-config nccl-2.20.5-default --median-threshold-pct 8.0 --median-absolute-threshold-us 1.0
measurement,COMPLETE,false,,core-20260713-r6,5b9f1e3e013e3ee0a8b9c00ede1d5c512f495a184ff6b8ea061312f8f40ea2bd,primary,07f5cc1d4df5bcc7d400bb7aa050bc0a83a60485b8870db5272571d0321a3230,479323107464068dcd682f802686082715d7b9b050789a1a940f890cf2b2de77,c-canary-param-nccl-2.20.5-tree-l-r000002-deaf863ee33d1702,deaf863ee33d17021f047b10c1581f279d620008d2da6d0a3687ad24a8b7f9f2,a-000001,101de5c6aabea878b071e169d129318e5f554e61e268fa61ef688f985968c402,nccl-2.20.5-tree-ll128,canary-param,2,260.075000,8192,commcanary.rostam.physical.param-measurement.v1,commcanary.rostam.physical.param-producer.v1,f4068b28fb36d17708377910ad66ed2334bdb9966d95cc562ff84d48c172fa13,0911bbab808a3999b09b0a51a74c38db3ebf82a0,false,,cd6dfc0fdec3604ee547e9316b1e0edbafefce26a6087c3f59e047e43ff7eccc,47737d3a8116fec39a2f12a3a1f9cccebe6b39e40e97afec60448c6ec6a6bbad,db3838b30a53a0b406c55e0d1a6f208cda861ed96e0f42fad7c4c4256c39463e,commcanary-wheel=954c9fe0ef908a448b5343c91e7d58e8785fc20a7fd029b699ca0e252614304d;environment-lock=d4b8b2dc177cb09cea84a5b5a51c99d4510a3270fe70286d2133382fbc4abd8b;param-patch-contract=182942ecf6ed3c0ea267b1660a19be8601c16768640dd6ef3f112601a0b26f34;rostam-catalog=9eeaf8158be866f01a9925b0152abebfcfbc2ea59f830e56556eefdcddaf781b,python -m experiments.rostam.analyze verify --run-directory experiments/rostam/results/core-20260713-r6 --selection-id primary --verdict-sha256 479323107464068dcd682f802686082715d7b9b050789a1a940f890cf2b2de77 --output-directory experiments/rostam/results/publications/core-20260713-r6-primary --archive-descriptor experiments/rostam/results/archives/core-20260713-r6-primary-479323107464068dcd682f802686082715d7b9b050789a1a940f890cf2b2de77.raw-archive-descriptor.json --raw-archive experiments/rostam/results/archives/core-20260713-r6-primary-479323107464068dcd682f802686082715d7b9b050789a1a940f890cf2b2de77.raw.tar.gz --baseline-config nccl-2.19.3-default --candidate-config nccl-2.20.5-default --median-threshold-pct 8.0 --median-absolute-threshold-us 1.0
measurement,COMPLETE,false,,core-20260713-r6,5b9f1e3e013e3ee0a8b9c00ede1d5c512f495a184ff6b8ea061312f8f40ea2bd,primary,07f5cc1d4df5bcc7d400bb7aa050bc0a83a60485b8870db5272571d0321a3230,479323107464068dcd682f802686082715d7b9b050789a1a940f890cf2b2de77,c-canary-param-nccl-2.20.5-tree-l-r000003-ac47cd1f5eec078e,ac47cd1f5eec078e20acca0355db04ad3c7aa4baedf8c1249ffcc1ce6712d9e8,a-000001,cfb852b35bd9949a3f55968d8e87be26e900da1afa0fd85c895efc356e389d93,nccl-2.20.5-tree-ll,canary-param,3,226.355000,8192,commcanary.rostam.physical.param-measurement.v1,commcanary.rostam.physical.param-producer.v1,a2b9dc068461ed539a4000dd7a21f691c4d3d3d00a76a966210c0414e06a426b,0911bbab808a3999b09b0a51a74c38db3ebf82a0,false,,cd6dfc0fdec3604ee547e9316b1e0edbafefce26a6087c3f59e047e43ff7eccc,894e01aa4a948b57bf4cc10a7e8a4835d74355de7536f3c01af1e631e64af034,0a079af1b61591fbe8f328ce4edfa53deb98a0ae88cc0e538e6cb1950b77ef89,commcanary-wheel=954c9fe0ef908a448b5343c91e7d58e8785fc20a7fd029b699ca0e252614304d;environment-lock=d4b8b2dc177cb09cea84a5b5a51c99d4510a3270fe70286d2133382fbc4abd8b;param-patch-contract=182942ecf6ed3c0ea267b1660a19be8601c16768640dd6ef3f112601a0b26f34;rostam-catalog=9eeaf8158be866f01a9925b0152abebfcfbc2ea59f830e56556eefdcddaf781b,python -m experiments.rostam.analyze verify --run-directory experiments/rostam/results/core-20260713-r6 --selection-id primary --verdict-sha256 479323107464068dcd682f802686082715d7b9b050789a1a940f890cf2b2de77 --output-directory experiments/rostam/results/publications/core-20260713-r6-primary --archive-descriptor experiments/rostam/results/archives/core-20260713-r6-primary-479323107464068dcd682f802686082715d7b9b050789a1a940f890cf2b2de77.raw-archive-descriptor.json --raw-archive experiments/rostam/results/archives/core-20260713-r6-primary-479323107464068dcd682f802686082715d7b9b050789a1a940f890cf2b2de77.raw.tar.gz --baseline-config nccl-2.19.3-default --candidate-config nccl-2.20.5-default --median-threshold-pct 8.0 --median-absolute-threshold-us 1.0
measurement,COMPLETE,false,,core-20260713-r6,5b9f1e3e013e3ee0a8b9c00ede1d5c512f495a184ff6b8ea061312f8f40ea2bd,primary,07f5cc1d4df5bcc7d400bb7aa050bc0a83a60485b8870db5272571d0321a3230,479323107464068dcd682f802686082715d7b9b050789a1a940f890cf2b2de77,c-canary-param-nccl-2.20.5-tree-l-r000003-b3a1ed6ea108f59a,b3a1ed6ea108f59a34f6403ae410af7d6bfd4b2373422d77a4cda9a36d76f07a,a-000001,e328c80690eae7d8a08b1777094ea4936a8b34c03aabe250a0af64c51f13d46d,nccl-2.20.5-tree-ll128,canary-param,3,279.705000,8192,commcanary.rostam.physical.param-measurement.v1,commcanary.rostam.physical.param-producer.v1,5e78477f206ea4cee4e5d338f63d17c3e1c099eb65ae65dd1db864119a9ca154,0911bbab808a3999b09b0a51a74c38db3ebf82a0,false,,cd6dfc0fdec3604ee547e9316b1e0edbafefce26a6087c3f59e047e43ff7eccc,6c1d61c42e17189222ef0be018d9d5399f9717a6f47a5ff00a969654c34984b9,31f24388baeb88747c1556170c327154c52443189fca6ad5e987ef8dbe5f720b,commcanary-wheel=954c9fe0ef908a448b5343c91e7d58e8785fc20a7fd029b699ca0e252614304d;environment-lock=d4b8b2dc177cb09cea84a5b5a51c99d4510a3270fe70286d2133382fbc4abd8b;param-patch-contract=182942ecf6ed3c0ea267b1660a19be8601c16768640dd6ef3f112601a0b26f34;rostam-catalog=9eeaf8158be866f01a9925b0152abebfcfbc2ea59f830e56556eefdcddaf781b,python -m experiments.rostam.analyze verify --run-directory experiments/rostam/results/core-20260713-r6 --selection-id primary --verdict-sha256 479323107464068dcd682f802686082715d7b9b050789a1a940f890cf2b2de77 --output-directory experiments/rostam/results/publications/core-20260713-r6-primary --archive-descriptor experiments/rostam/results/archives/core-20260713-r6-primary-479323107464068dcd682f802686082715d7b9b050789a1a940f890cf2b2de77.raw-archive-descriptor.json --raw-archive experiments/rostam/results/archives/core-20260713-r6-primary-479323107464068dcd682f802686082715d7b9b050789a1a940f890cf2b2de77.raw.tar.gz --baseline-config nccl-2.19.3-default --candidate-config nccl-2.20.5-default --median-threshold-pct 8.0 --median-absolute-threshold-us 1.0
measurement,COMPLETE,false,,core-20260713-r6,5b9f1e3e013e3ee0a8b9c00ede1d5c512f495a184ff6b8ea061312f8f40ea2bd,primary,07f5cc1d4df5bcc7d400bb7aa050bc0a83a60485b8870db5272571d0321a3230,479323107464068dcd682f802686082715d7b9b050789a1a940f890cf2b2de77,c-canary-param-nccl-2.20.5-tree-l-r000004-323b71cc0589a503,323b71cc0589a50360406e02258d78abfc971458cfd7d9e93c85602d320d8aa7,a-000001,454bd254849d856f79709d840e0ec0816b3afb1850e869118e767be9e654a045,nccl-2.20.5-tree-ll,canary-param,4,219.705000,8192,commcanary.rostam.physical.param-measurement.v1,commcanary.rostam.physical.param-producer.v1,81c962e2cd68a3e6e1fc5990a2b16d17050491758339f1abfd2f538e53bb2972,0911bbab808a3999b09b0a51a74c38db3ebf82a0,false,,cd6dfc0fdec3604ee547e9316b1e0edbafefce26a6087c3f59e047e43ff7eccc,89e292fc7db3335809277ecfea60f69faf3a16fecafa75a7b8ae50ae1bc1b708,c2b183cff2fb46b024d8198ada0cf3c3d812501113e70ca44610b54e1eca1121,commcanary-wheel=954c9fe0ef908a448b5343c91e7d58e8785fc20a7fd029b699ca0e252614304d;environment-lock=d4b8b2dc177cb09cea84a5b5a51c99d4510a3270fe70286d2133382fbc4abd8b;param-patch-contract=182942ecf6ed3c0ea267b1660a19be8601c16768640dd6ef3f112601a0b26f34;rostam-catalog=9eeaf8158be866f01a9925b0152abebfcfbc2ea59f830e56556eefdcddaf781b,python -m experiments.rostam.analyze verify --run-directory experiments/rostam/results/core-20260713-r6 --selection-id primary --verdict-sha256 479323107464068dcd682f802686082715d7b9b050789a1a940f890cf2b2de77 --output-directory experiments/rostam/results/publications/core-20260713-r6-primary --archive-descriptor experiments/rostam/results/archives/core-20260713-r6-primary-479323107464068dcd682f802686082715d7b9b050789a1a940f890cf2b2de77.raw-archive-descriptor.json --raw-archive experiments/rostam/results/archives/core-20260713-r6-primary-479323107464068dcd682f802686082715d7b9b050789a1a940f890cf2b2de77.raw.tar.gz --baseline-config nccl-2.19.3-default --candidate-config nccl-2.20.5-default --median-threshold-pct 8.0 --median-absolute-threshold-us 1.0
measurement,COMPLETE,false,,core-20260713-r6,5b9f1e3e013e3ee0a8b9c00ede1d5c512f495a184ff6b8ea061312f8f40ea2bd,primary,07f5cc1d4df5bcc7d400bb7aa050bc0a83a60485b8870db5272571d0321a3230,479323107464068dcd682f802686082715d7b9b050789a1a940f890cf2b2de77,c-canary-param-nccl-2.20.5-tree-l-r000004-b642bd9f1173a110,b642bd9f1173a1100b1335e8a683a8543e18373e0a3090b0c878225ac727e9cb,a-000001,a64649bc2856bfe0885f9691067ba00bf504a0ad3cec71e874b02c8d428d017d,nccl-2.20.5-tree-ll128,canary-param,4,259.135000,8192,commcanary.rostam.physical.param-measurement.v1,commcanary.rostam.physical.param-producer.v1,c96a00979581e48cf61d9c29732cc5bcdfd075fb8d6bb281df09b8eb1c2ab8fb,0911bbab808a3999b09b0a51a74c38db3ebf82a0,false,,cd6dfc0fdec3604ee547e9316b1e0edbafefce26a6087c3f59e047e43ff7eccc,cabd7ed8fe254c29b13ba266dae72d2afd9d84fd32376098c872d9fed691ce8d,7b0a4b52809c2ea4aa18f923c521b21880ec94f79f028a80b1322c72da0441e8,commcanary-wheel=954c9fe0ef908a448b5343c91e7d58e8785fc20a7fd029b699ca0e252614304d;environment-lock=d4b8b2dc177cb09cea84a5b5a51c99d4510a3270fe70286d2133382fbc4abd8b;param-patch-contract=182942ecf6ed3c0ea267b1660a19be8601c16768640dd6ef3f112601a0b26f34;rostam-catalog=9eeaf8158be866f01a9925b0152abebfcfbc2ea59f830e56556eefdcddaf781b,python -m experiments.rostam.analyze verify --run-directory experiments/rostam/results/core-20260713-r6 --selection-id primary --verdict-sha256 479323107464068dcd682f802686082715d7b9b050789a1a940f890cf2b2de77 --output-directory experiments/rostam/results/publications/core-20260713-r6-primary --archive-descriptor experiments/rostam/results/archives/core-20260713-r6-primary-479323107464068dcd682f802686082715d7b9b050789a1a940f890cf2b2de77.raw-archive-descriptor.json --raw-archive experiments/rostam/results/archives/core-20260713-r6-primary-479323107464068dcd682f802686082715d7b9b050789a1a940f890cf2b2de77.raw.tar.gz --baseline-config nccl-2.19.3-default --candidate-config nccl-2.20.5-default --median-threshold-pct 8.0 --median-absolute-threshold-us 1.0
measurement,COMPLETE,false,,core-20260713-r6,5b9f1e3e013e3ee0a8b9c00ede1d5c512f495a184ff6b8ea061312f8f40ea2bd,primary,07f5cc1d4df5bcc7d400bb7aa050bc0a83a60485b8870db5272571d0321a3230,479323107464068dcd682f802686082715d7b9b050789a1a940f890cf2b2de77,c-canary-param-nccl-2.20.5-tree-s-r000000-eb26d0ccf1b0886e,eb26d0ccf1b0886e28316dd36cada26381ad7b4247dc690064730767607a9f56,a-000001,6f10b0c7b9ff2c928520758683c6d2176b5340e5c9bb988c4709394f066e9a0e,nccl-2.20.5-tree-simple,canary-param,0,299.900000,8192,commcanary.rostam.physical.param-measurement.v1,commcanary.rostam.physical.param-producer.v1,09f98416b44472778c90bea6ad892185b201a5dda966a922cc6b54902d44f78d,0911bbab808a3999b09b0a51a74c38db3ebf82a0,false,,cd6dfc0fdec3604ee547e9316b1e0edbafefce26a6087c3f59e047e43ff7eccc,b5f279e01a132f36cbdbd2db59f37d6402c54a91b4e6a5b4a8234242e6cd05cc,b5b36ce9f268d5c2bfe7f03001b8947888380435ddf54daf3a6cc09a47fe052f,commcanary-wheel=954c9fe0ef908a448b5343c91e7d58e8785fc20a7fd029b699ca0e252614304d;environment-lock=d4b8b2dc177cb09cea84a5b5a51c99d4510a3270fe70286d2133382fbc4abd8b;param-patch-contract=182942ecf6ed3c0ea267b1660a19be8601c16768640dd6ef3f112601a0b26f34;rostam-catalog=9eeaf8158be866f01a9925b0152abebfcfbc2ea59f830e56556eefdcddaf781b,python -m experiments.rostam.analyze verify --run-directory experiments/rostam/results/core-20260713-r6 --selection-id primary --verdict-sha256 479323107464068dcd682f802686082715d7b9b050789a1a940f890cf2b2de77 --output-directory experiments/rostam/results/publications/core-20260713-r6-primary --archive-descriptor experiments/rostam/results/archives/core-20260713-r6-primary-479323107464068dcd682f802686082715d7b9b050789a1a940f890cf2b2de77.raw-archive-descriptor.json --raw-archive experiments/rostam/results/archives/core-20260713-r6-primary-479323107464068dcd682f802686082715d7b9b050789a1a940f890cf2b2de77.raw.tar.gz --baseline-config nccl-2.19.3-default --candidate-config nccl-2.20.5-default --median-threshold-pct 8.0 --median-absolute-threshold-us 1.0
measurement,COMPLETE,false,,core-20260713-r6,5b9f1e3e013e3ee0a8b9c00ede1d5c512f495a184ff6b8ea061312f8f40ea2bd,primary,07f5cc1d4df5bcc7d400bb7aa050bc0a83a60485b8870db5272571d0321a3230,479323107464068dcd682f802686082715d7b9b050789a1a940f890cf2b2de77,c-canary-param-nccl-2.20.5-tree-s-r000001-c18b559694ac9f10,c18b559694ac9f10a44dbd9f4e11e47ecbe1f238a4fb8c8448ed358449f178e2,a-000001,5db1c62c65c8282e6c09998bd8b7426a7d3750fb597ffc2850eeb0d696fb53b3,nccl-2.20.5-tree-simple,canary-param,1,294.030000,8192,commcanary.rostam.physical.param-measurement.v1,commcanary.rostam.physical.param-producer.v1,3d8ddc235bb7217670d297943ba909b0b235018d41b2180308c17b041d07568f,0911bbab808a3999b09b0a51a74c38db3ebf82a0,false,,cd6dfc0fdec3604ee547e9316b1e0edbafefce26a6087c3f59e047e43ff7eccc,b117329a548d75271ec54d3cfc24e5f90d26bf6ba0adb66210ba5b2ca6fcb7c0,7a3a68ab69a4d38750f9f3fb6def05a77f1c21ab88f0e73b874c1461ace96d67,commcanary-wheel=954c9fe0ef908a448b5343c91e7d58e8785fc20a7fd029b699ca0e252614304d;environment-lock=d4b8b2dc177cb09cea84a5b5a51c99d4510a3270fe70286d2133382fbc4abd8b;param-patch-contract=182942ecf6ed3c0ea267b1660a19be8601c16768640dd6ef3f112601a0b26f34;rostam-catalog=9eeaf8158be866f01a9925b0152abebfcfbc2ea59f830e56556eefdcddaf781b,python -m experiments.rostam.analyze verify --run-directory experiments/rostam/results/core-20260713-r6 --selection-id primary --verdict-sha256 479323107464068dcd682f802686082715d7b9b050789a1a940f890cf2b2de77 --output-directory experiments/rostam/results/publications/core-20260713-r6-primary --archive-descriptor experiments/rostam/results/archives/core-20260713-r6-primary-479323107464068dcd682f802686082715d7b9b050789a1a940f890cf2b2de77.raw-archive-descriptor.json --raw-archive experiments/rostam/results/archives/core-20260713-r6-primary-479323107464068dcd682f802686082715d7b9b050789a1a940f890cf2b2de77.raw.tar.gz --baseline-config nccl-2.19.3-default --candidate-config nccl-2.20.5-default --median-threshold-pct 8.0 --median-absolute-threshold-us 1.0
measurement,COMPLETE,false,,core-20260713-r6,5b9f1e3e013e3ee0a8b9c00ede1d5c512f495a184ff6b8ea061312f8f40ea2bd,primary,07f5cc1d4df5bcc7d400bb7aa050bc0a83a60485b8870db5272571d0321a3230,479323107464068dcd682f802686082715d7b9b050789a1a940f890cf2b2de77,c-canary-param-nccl-2.20.5-tree-s-r000002-4e030bbc8f2a6fde,4e030bbc8f2a6fdee078ba72fcfa98a6c36286be48eedd9cfe50bdedbe7a2c0e,a-000001,be1bade7ce572d6258271d6eed5190244d0818597db7e0e2c7e504f5f5506e4e,nccl-2.20.5-tree-simple,canary-param,2,286.690000,8192,commcanary.rostam.physical.param-measurement.v1,commcanary.rostam.physical.param-producer.v1,bf599c166b3a60b12a972f92f4aea7a57d58682a8f4c89eb1582bb3325e4f74d,0911bbab808a3999b09b0a51a74c38db3ebf82a0,false,,cd6dfc0fdec3604ee547e9316b1e0edbafefce26a6087c3f59e047e43ff7eccc,10a09f012153f0e913b75a0e9150c8cfeaff441f50f85154eeffef10dd11a193,857b6e5e949c157f32eb2c83f0bcbe4fc0e1c44fe170fffd2b482aa1b9c342a3,commcanary-wheel=954c9fe0ef908a448b5343c91e7d58e8785fc20a7fd029b699ca0e252614304d;environment-lock=d4b8b2dc177cb09cea84a5b5a51c99d4510a3270fe70286d2133382fbc4abd8b;param-patch-contract=182942ecf6ed3c0ea267b1660a19be8601c16768640dd6ef3f112601a0b26f34;rostam-catalog=9eeaf8158be866f01a9925b0152abebfcfbc2ea59f830e56556eefdcddaf781b,python -m experiments.rostam.analyze verify --run-directory experiments/rostam/results/core-20260713-r6 --selection-id primary --verdict-sha256 479323107464068dcd682f802686082715d7b9b050789a1a940f890cf2b2de77 --output-directory experiments/rostam/results/publications/core-20260713-r6-primary --archive-descriptor experiments/rostam/results/archives/core-20260713-r6-primary-479323107464068dcd682f802686082715d7b9b050789a1a940f890cf2b2de77.raw-archive-descriptor.json --raw-archive experiments/rostam/results/archives/core-20260713-r6-primary-479323107464068dcd682f802686082715d7b9b050789a1a940f890cf2b2de77.raw.tar.gz --baseline-config nccl-2.19.3-default --candidate-config nccl-2.20.5-default --median-threshold-pct 8.0 --median-absolute-threshold-us 1.0
measurement,COMPLETE,false,,core-20260713-r6,5b9f1e3e013e3ee0a8b9c00ede1d5c512f495a184ff6b8ea061312f8f40ea2bd,primary,07f5cc1d4df5bcc7d400bb7aa050bc0a83a60485b8870db5272571d0321a3230,479323107464068dcd682f802686082715d7b9b050789a1a940f890cf2b2de77,c-canary-param-nccl-2.20.5-tree-s-r000003-de45ea840c1772a0,de45ea840c1772a0d1ae360c05568df2dc525116a98b49d805eb0799044bc016,a-000001,0c91c7b655eff4318a10441de2eb71ac40b272bebe97c361a71b3c51a31cff9d,nccl-2.20.5-tree-simple,canary-param,3,296.220000,8192,commcanary.rostam.physical.param-measurement.v1,commcanary.rostam.physical.param-producer.v1,f6679a2053cebafb772c660a1b2de6a4d4d7aa5ade3152663499cf4e49334112,0911bbab808a3999b09b0a51a74c38db3ebf82a0,false,,cd6dfc0fdec3604ee547e9316b1e0edbafefce26a6087c3f59e047e43ff7eccc,0fef352781790b1e402acfd056311578cb671fdd72ee76a2fdec67d898371849,87b5cfa6441dd9d50184a96e5d3494c0d7bcd21993c2fe504b2edf2050230940,commcanary-wheel=954c9fe0ef908a448b5343c91e7d58e8785fc20a7fd029b699ca0e252614304d;environment-lock=d4b8b2dc177cb09cea84a5b5a51c99d4510a3270fe70286d2133382fbc4abd8b;param-patch-contract=182942ecf6ed3c0ea267b1660a19be8601c16768640dd6ef3f112601a0b26f34;rostam-catalog=9eeaf8158be866f01a9925b0152abebfcfbc2ea59f830e56556eefdcddaf781b,python -m experiments.rostam.analyze verify --run-directory experiments/rostam/results/core-20260713-r6 --selection-id primary --verdict-sha256 479323107464068dcd682f802686082715d7b9b050789a1a940f890cf2b2de77 --output-directory experiments/rostam/results/publications/core-20260713-r6-primary --archive-descriptor experiments/rostam/results/archives/core-20260713-r6-primary-479323107464068dcd682f802686082715d7b9b050789a1a940f890cf2b2de77.raw-archive-descriptor.json --raw-archive experiments/rostam/results/archives/core-20260713-r6-primary-479323107464068dcd682f802686082715d7b9b050789a1a940f890cf2b2de77.raw.tar.gz --baseline-config nccl-2.19.3-default --candidate-config nccl-2.20.5-default --median-threshold-pct 8.0 --median-absolute-threshold-us 1.0
measurement,COMPLETE,false,,core-20260713-r6,5b9f1e3e013e3ee0a8b9c00ede1d5c512f495a184ff6b8ea061312f8f40ea2bd,primary,07f5cc1d4df5bcc7d400bb7aa050bc0a83a60485b8870db5272571d0321a3230,479323107464068dcd682f802686082715d7b9b050789a1a940f890cf2b2de77,c-canary-param-nccl-2.20.5-tree-s-r000004-1f5873fca0b1b528,1f5873fca0b1b528b88e6779c01d10b03128374530d06fad1fb0efbfa661c108,a-000001,05956c83dd9cae8893a436af7f0d21071a1ed8f7bbeb9a90c793f085a7e0d7fc,nccl-2.20.5-tree-simple,canary-param,4,299.815000,8192,commcanary.rostam.physical.param-measurement.v1,commcanary.rostam.physical.param-producer.v1,a5723073454dd44a782d0ee6046aae342604d6cf00fe561a4e2f74f7d23a7866,0911bbab808a3999b09b0a51a74c38db3ebf82a0,false,,cd6dfc0fdec3604ee547e9316b1e0edbafefce26a6087c3f59e047e43ff7eccc,42bc6581883c6df1beb64f3d39b052f86a5ca803d71c472872497cc4c07b9894,fae1a3e3ebcd8b5abd58b82ccbf2d99aafeaed8f22adb4f81de6a46d50ce9b26,commcanary-wheel=954c9fe0ef908a448b5343c91e7d58e8785fc20a7fd029b699ca0e252614304d;environment-lock=d4b8b2dc177cb09cea84a5b5a51c99d4510a3270fe70286d2133382fbc4abd8b;param-patch-contract=182942ecf6ed3c0ea267b1660a19be8601c16768640dd6ef3f112601a0b26f34;rostam-catalog=9eeaf8158be866f01a9925b0152abebfcfbc2ea59f830e56556eefdcddaf781b,python -m experiments.rostam.analyze verify --run-directory experiments/rostam/results/core-20260713-r6 --selection-id primary --verdict-sha256 479323107464068dcd682f802686082715d7b9b050789a1a940f890cf2b2de77 --output-directory experiments/rostam/results/publications/core-20260713-r6-primary --archive-descriptor experiments/rostam/results/archives/core-20260713-r6-primary-479323107464068dcd682f802686082715d7b9b050789a1a940f890cf2b2de77.raw-archive-descriptor.json --raw-archive experiments/rostam/results/archives/core-20260713-r6-primary-479323107464068dcd682f802686082715d7b9b050789a1a940f890cf2b2de77.raw.tar.gz --baseline-config nccl-2.19.3-default --candidate-config nccl-2.20.5-default --median-threshold-pct 8.0 --median-absolute-threshold-us 1.0
measurement,COMPLETE,false,,core-20260713-r6,5b9f1e3e013e3ee0a8b9c00ede1d5c512f495a184ff6b8ea061312f8f40ea2bd,primary,07f5cc1d4df5bcc7d400bb7aa050bc0a83a60485b8870db5272571d0321a3230,479323107464068dcd682f802686082715d7b9b050789a1a940f890cf2b2de77,c-full-nccl-2.19.3-defaul-r000000-a58bf5b0818873c4,a58bf5b0818873c4b4a2f8f8002520488c7f85abf09c00c91b4037995d978a6b,a-000001,997b073875a858c65a96af918f20fe41751054901aa8908b3a40883433a2e0c6,nccl-2.19.3-default,full,0,8236.032000,256,commcanary.rostam.physical.full-measurement.v1,commcanary.rostam.physical.full-producer.v1,ef5f0b14d6d7d7b08395b0c682fdc4090b0fdeed6166f2f59cc1f02af7cdfe42,0911bbab808a3999b09b0a51a74c38db3ebf82a0,false,,cd6dfc0fdec3604ee547e9316b1e0edbafefce26a6087c3f59e047e43ff7eccc,9d4df2edb0f9cd487332b0d06fd6eaf7a58131bce2c61341d70229c0f92497c5,2aa778148460102c3b80a3258ecb84ccda311612b77e068676403c209d5950a9,commcanary-wheel=954c9fe0ef908a448b5343c91e7d58e8785fc20a7fd029b699ca0e252614304d;environment-lock=d4b8b2dc177cb09cea84a5b5a51c99d4510a3270fe70286d2133382fbc4abd8b;param-patch-contract=182942ecf6ed3c0ea267b1660a19be8601c16768640dd6ef3f112601a0b26f34;rostam-catalog=9eeaf8158be866f01a9925b0152abebfcfbc2ea59f830e56556eefdcddaf781b,python -m experiments.rostam.analyze verify --run-directory experiments/rostam/results/core-20260713-r6 --selection-id primary --verdict-sha256 479323107464068dcd682f802686082715d7b9b050789a1a940f890cf2b2de77 --output-directory experiments/rostam/results/publications/core-20260713-r6-primary --archive-descriptor experiments/rostam/results/archives/core-20260713-r6-primary-479323107464068dcd682f802686082715d7b9b050789a1a940f890cf2b2de77.raw-archive-descriptor.json --raw-archive experiments/rostam/results/archives/core-20260713-r6-primary-479323107464068dcd682f802686082715d7b9b050789a1a940f890cf2b2de77.raw.tar.gz --baseline-config nccl-2.19.3-default --candidate-config nccl-2.20.5-default --median-threshold-pct 8.0 --median-absolute-threshold-us 1.0
measurement,COMPLETE,false,,core-20260713-r6,5b9f1e3e013e3ee0a8b9c00ede1d5c512f495a184ff6b8ea061312f8f40ea2bd,primary,07f5cc1d4df5bcc7d400bb7aa050bc0a83a60485b8870db5272571d0321a3230,479323107464068dcd682f802686082715d7b9b050789a1a940f890cf2b2de77,c-full-nccl-2.19.3-defaul-r000001-f07fc08fbe7601ca,f07fc08fbe7601cacf08ab205ff13ff05c588a6dec0de32c66a7269a789caa5d,a-000001,f147b12cdc9a2a74c31901a56338b2c6da33691bf9970a26531f3046ed2c3859,nccl-2.19.3-default,full,1,8248.832000,256,commcanary.rostam.physical.full-measurement.v1,commcanary.rostam.physical.full-producer.v1,a1f3154cc020f3531be10098f5af5759d263798039850f3624d868441f4b0680,0911bbab808a3999b09b0a51a74c38db3ebf82a0,false,,cd6dfc0fdec3604ee547e9316b1e0edbafefce26a6087c3f59e047e43ff7eccc,68e1d884d227fb1809bc4352a1a8c2402a6f5e2f5f6f9e99ca2dc262ea8af570,cb5d546b95cde1ce47f369230c0a6165294ee86efcc9be4a6b23c2f6bf66d560,commcanary-wheel=954c9fe0ef908a448b5343c91e7d58e8785fc20a7fd029b699ca0e252614304d;environment-lock=d4b8b2dc177cb09cea84a5b5a51c99d4510a3270fe70286d2133382fbc4abd8b;param-patch-contract=182942ecf6ed3c0ea267b1660a19be8601c16768640dd6ef3f112601a0b26f34;rostam-catalog=9eeaf8158be866f01a9925b0152abebfcfbc2ea59f830e56556eefdcddaf781b,python -m experiments.rostam.analyze verify --run-directory experiments/rostam/results/core-20260713-r6 --selection-id primary --verdict-sha256 479323107464068dcd682f802686082715d7b9b050789a1a940f890cf2b2de77 --output-directory experiments/rostam/results/publications/core-20260713-r6-primary --archive-descriptor experiments/rostam/results/archives/core-20260713-r6-primary-479323107464068dcd682f802686082715d7b9b050789a1a940f890cf2b2de77.raw-archive-descriptor.json --raw-archive experiments/rostam/results/archives/core-20260713-r6-primary-479323107464068dcd682f802686082715d7b9b050789a1a940f890cf2b2de77.raw.tar.gz --baseline-config nccl-2.19.3-default --candidate-config nccl-2.20.5-default --median-threshold-pct 8.0 --median-absolute-threshold-us 1.0
measurement,COMPLETE,false,,core-20260713-r6,5b9f1e3e013e3ee0a8b9c00ede1d5c512f495a184ff6b8ea061312f8f40ea2bd,primary,07f5cc1d4df5bcc7d400bb7aa050bc0a83a60485b8870db5272571d0321a3230,479323107464068dcd682f802686082715d7b9b050789a1a940f890cf2b2de77,c-full-nccl-2.19.3-defaul-r000002-7b8f440ef8b5896c,7b8f440ef8b5896cc656cf910b5706aeada55c6ed3342b89cb2b6b097b720a97,a-000001,831ff05cd59477567ae6d714f1d2b80848069170e78ff6ae11a36a3ed69a1d28,nccl-2.19.3-default,full,2,8231.936000,256,commcanary.rostam.physical.full-measurement.v1,commcanary.rostam.physical.full-producer.v1,56a1e77643950f2b5b08cde8f6cf2b3d77635cce7ca764df5918f88cd43b9b06,0911bbab808a3999b09b0a51a74c38db3ebf82a0,false,,cd6dfc0fdec3604ee547e9316b1e0edbafefce26a6087c3f59e047e43ff7eccc,cb9d723b79eaf673401de0daf11ac47a779b2b349a9873dcccc4979d8a54166e,c20f70dfbee7c0c866a3eb2467300aec6571942b556ea430fea92c5c8c83f94c,commcanary-wheel=954c9fe0ef908a448b5343c91e7d58e8785fc20a7fd029b699ca0e252614304d;environment-lock=d4b8b2dc177cb09cea84a5b5a51c99d4510a3270fe70286d2133382fbc4abd8b;param-patch-contract=182942ecf6ed3c0ea267b1660a19be8601c16768640dd6ef3f112601a0b26f34;rostam-catalog=9eeaf8158be866f01a9925b0152abebfcfbc2ea59f830e56556eefdcddaf781b,python -m experiments.rostam.analyze verify --run-directory experiments/rostam/results/core-20260713-r6 --selection-id primary --verdict-sha256 479323107464068dcd682f802686082715d7b9b050789a1a940f890cf2b2de77 --output-directory experiments/rostam/results/publications/core-20260713-r6-primary --archive-descriptor experiments/rostam/results/archives/core-20260713-r6-primary-479323107464068dcd682f802686082715d7b9b050789a1a940f890cf2b2de77.raw-archive-descriptor.json --raw-archive experiments/rostam/results/archives/core-20260713-r6-primary-479323107464068dcd682f802686082715d7b9b050789a1a940f890cf2b2de77.raw.tar.gz --baseline-config nccl-2.19.3-default --candidate-config nccl-2.20.5-default --median-threshold-pct 8.0 --median-absolute-threshold-us 1.0
measurement,COMPLETE,false,,core-20260713-r6,5b9f1e3e013e3ee0a8b9c00ede1d5c512f495a184ff6b8ea061312f8f40ea2bd,primary,07f5cc1d4df5bcc7d400bb7aa050bc0a83a60485b8870db5272571d0321a3230,479323107464068dcd682f802686082715d7b9b050789a1a940f890cf2b2de77,c-full-nccl-2.19.3-defaul-r000003-9a800b77ac87e602,9a800b77ac87e6022571bf50330fe71bb3d7c19599a087e2d8bf4e098be6268a,a-000001,b6db90c38758bb86e2602a9e129c8f4eb2c4c90802a93b8c15f83e0645e9e94b,nccl-2.19.3-default,full,3,8246.272000,256,commcanary.rostam.physical.full-measurement.v1,commcanary.rostam.physical.full-producer.v1,d717d5f6c816147364c32bdc3d72433a3b47fc32173f82579f375bb7a1b76464,0911bbab808a3999b09b0a51a74c38db3ebf82a0,false,,cd6dfc0fdec3604ee547e9316b1e0edbafefce26a6087c3f59e047e43ff7eccc,c538b2744c65018156f9432f9ee291dd2f1480d7af887a5c27bbbedb77f18117,ffc3af9b46bddd6170d7f503a9e4f3892d0668377e9338bc152520646fc7b408,commcanary-wheel=954c9fe0ef908a448b5343c91e7d58e8785fc20a7fd029b699ca0e252614304d;environment-lock=d4b8b2dc177cb09cea84a5b5a51c99d4510a3270fe70286d2133382fbc4abd8b;param-patch-contract=182942ecf6ed3c0ea267b1660a19be8601c16768640dd6ef3f112601a0b26f34;rostam-catalog=9eeaf8158be866f01a9925b0152abebfcfbc2ea59f830e56556eefdcddaf781b,python -m experiments.rostam.analyze verify --run-directory experiments/rostam/results/core-20260713-r6 --selection-id primary --verdict-sha256 479323107464068dcd682f802686082715d7b9b050789a1a940f890cf2b2de77 --output-directory experiments/rostam/results/publications/core-20260713-r6-primary --archive-descriptor experiments/rostam/results/archives/core-20260713-r6-primary-479323107464068dcd682f802686082715d7b9b050789a1a940f890cf2b2de77.raw-archive-descriptor.json --raw-archive experiments/rostam/results/archives/core-20260713-r6-primary-479323107464068dcd682f802686082715d7b9b050789a1a940f890cf2b2de77.raw.tar.gz --baseline-config nccl-2.19.3-default --candidate-config nccl-2.20.5-default --median-threshold-pct 8.0 --median-absolute-threshold-us 1.0
measurement,COMPLETE,false,,core-20260713-r6,5b9f1e3e013e3ee0a8b9c00ede1d5c512f495a184ff6b8ea061312f8f40ea2bd,primary,07f5cc1d4df5bcc7d400bb7aa050bc0a83a60485b8870db5272571d0321a3230,479323107464068dcd682f802686082715d7b9b050789a1a940f890cf2b2de77,c-full-nccl-2.19.3-defaul-r000004-6c18c5451d47d1e6,6c18c5451d47d1e691c1d1679e153364742ad75f0b82fde0b11e1282ba45463e,a-000001,bae7a3c43a932912fe5e6f57e07f74a37360656e30f5e801509c8310b9dbeb54,nccl-2.19.3-default,full,4,8272.384000,256,commcanary.rostam.physical.full-measurement.v1,commcanary.rostam.physical.full-producer.v1,34139923c2d92ed8357736319a38130491fa9e3841078497e5abe4ae2af870e6,0911bbab808a3999b09b0a51a74c38db3ebf82a0,false,,cd6dfc0fdec3604ee547e9316b1e0edbafefce26a6087c3f59e047e43ff7eccc,15511a87255f1230a034b9b5d95abf282bf5bd544ca5a3e5a475fb738a2a3584,03cee94fd84300a2010afbf8274f8103dca200623190a64966deb489d2b4a406,commcanary-wheel=954c9fe0ef908a448b5343c91e7d58e8785fc20a7fd029b699ca0e252614304d;environment-lock=d4b8b2dc177cb09cea84a5b5a51c99d4510a3270fe70286d2133382fbc4abd8b;param-patch-contract=182942ecf6ed3c0ea267b1660a19be8601c16768640dd6ef3f112601a0b26f34;rostam-catalog=9eeaf8158be866f01a9925b0152abebfcfbc2ea59f830e56556eefdcddaf781b,python -m experiments.rostam.analyze verify --run-directory experiments/rostam/results/core-20260713-r6 --selection-id primary --verdict-sha256 479323107464068dcd682f802686082715d7b9b050789a1a940f890cf2b2de77 --output-directory experiments/rostam/results/publications/core-20260713-r6-primary --archive-descriptor experiments/rostam/results/archives/core-20260713-r6-primary-479323107464068dcd682f802686082715d7b9b050789a1a940f890cf2b2de77.raw-archive-descriptor.json --raw-archive experiments/rostam/results/archives/core-20260713-r6-primary-479323107464068dcd682f802686082715d7b9b050789a1a940f890cf2b2de77.raw.tar.gz --baseline-config nccl-2.19.3-default --candidate-config nccl-2.20.5-default --median-threshold-pct 8.0 --median-absolute-threshold-us 1.0
measurement,COMPLETE,false,,core-20260713-r6,5b9f1e3e013e3ee0a8b9c00ede1d5c512f495a184ff6b8ea061312f8f40ea2bd,primary,07f5cc1d4df5bcc7d400bb7aa050bc0a83a60485b8870db5272571d0321a3230,479323107464068dcd682f802686082715d7b9b050789a1a940f890cf2b2de77,c-full-nccl-2.20.5-defaul-r000000-2da7d1cbe911ca82,2da7d1cbe911ca8223a89f2dea940a0d2630f8ae4b4618c706609f8d650b6f66,a-000001,420d4e2d0582290f4011a79514f0732c47b00207ac79f242aef8c128d826467f,nccl-2.20.5-default,full,0,8221.696000,256,commcanary.rostam.physical.full-measurement.v1,commcanary.rostam.physical.full-producer.v1,d1fe05369fcd09e28592dd6e9a1ad343a48cb2f67d2fd3417dc57318c6ea54a7,0911bbab808a3999b09b0a51a74c38db3ebf82a0,false,,cd6dfc0fdec3604ee547e9316b1e0edbafefce26a6087c3f59e047e43ff7eccc,65a692d183b03b0fc5f12c5ce405af941e02fcc8830e8161abb0f48053d00095,d55a1e2dbd2bd47799a44db8fed774da8aa97704856ef717464af5f9b0932722,commcanary-wheel=954c9fe0ef908a448b5343c91e7d58e8785fc20a7fd029b699ca0e252614304d;environment-lock=d4b8b2dc177cb09cea84a5b5a51c99d4510a3270fe70286d2133382fbc4abd8b;param-patch-contract=182942ecf6ed3c0ea267b1660a19be8601c16768640dd6ef3f112601a0b26f34;rostam-catalog=9eeaf8158be866f01a9925b0152abebfcfbc2ea59f830e56556eefdcddaf781b,python -m experiments.rostam.analyze verify --run-directory experiments/rostam/results/core-20260713-r6 --selection-id primary --verdict-sha256 479323107464068dcd682f802686082715d7b9b050789a1a940f890cf2b2de77 --output-directory experiments/rostam/results/publications/core-20260713-r6-primary --archive-descriptor experiments/rostam/results/archives/core-20260713-r6-primary-479323107464068dcd682f802686082715d7b9b050789a1a940f890cf2b2de77.raw-archive-descriptor.json --raw-archive experiments/rostam/results/archives/core-20260713-r6-primary-479323107464068dcd682f802686082715d7b9b050789a1a940f890cf2b2de77.raw.tar.gz --baseline-config nccl-2.19.3-default --candidate-config nccl-2.20.5-default --median-threshold-pct 8.0 --median-absolute-threshold-us 1.0
measurement,COMPLETE,false,,core-20260713-r6,5b9f1e3e013e3ee0a8b9c00ede1d5c512f495a184ff6b8ea061312f8f40ea2bd,primary,07f5cc1d4df5bcc7d400bb7aa050bc0a83a60485b8870db5272571d0321a3230,479323107464068dcd682f802686082715d7b9b050789a1a940f890cf2b2de77,c-full-nccl-2.20.5-defaul-r000001-b2ac9a664473f108,b2ac9a664473f108a699c73f41e417a8ee43da4e8db0e3ef82723c6894436ba0,a-000001,9643d2921ea16826c00d2c895ca73fa0b3954f07bcd601d4762432bdec3fe5e2,nccl-2.20.5-default,full,1,8262.656000,256,commcanary.rostam.physical.full-measurement.v1,commcanary.rostam.physical.full-producer.v1,bea0c239f9a8fbabcef60915a1c198dc4530a2ecd235b7ffae9fd34ed62ddc9d,0911bbab808a3999b09b0a51a74c38db3ebf82a0,false,,cd6dfc0fdec3604ee547e9316b1e0edbafefce26a6087c3f59e047e43ff7eccc,6c9cda446e157f4a4d37fbcdc8ad090c9816175a29cdce1637ec71e50804ae4f,141434837e6c08cc1dbd61dd6b7c2b8da8ea157f54aa8b5f6a903d22a6c90bfc,commcanary-wheel=954c9fe0ef908a448b5343c91e7d58e8785fc20a7fd029b699ca0e252614304d;environment-lock=d4b8b2dc177cb09cea84a5b5a51c99d4510a3270fe70286d2133382fbc4abd8b;param-patch-contract=182942ecf6ed3c0ea267b1660a19be8601c16768640dd6ef3f112601a0b26f34;rostam-catalog=9eeaf8158be866f01a9925b0152abebfcfbc2ea59f830e56556eefdcddaf781b,python -m experiments.rostam.analyze verify --run-directory experiments/rostam/results/core-20260713-r6 --selection-id primary --verdict-sha256 479323107464068dcd682f802686082715d7b9b050789a1a940f890cf2b2de77 --output-directory experiments/rostam/results/publications/core-20260713-r6-primary --archive-descriptor experiments/rostam/results/archives/core-20260713-r6-primary-479323107464068dcd682f802686082715d7b9b050789a1a940f890cf2b2de77.raw-archive-descriptor.json --raw-archive experiments/rostam/results/archives/core-20260713-r6-primary-479323107464068dcd682f802686082715d7b9b050789a1a940f890cf2b2de77.raw.tar.gz --baseline-config nccl-2.19.3-default --candidate-config nccl-2.20.5-default --median-threshold-pct 8.0 --median-absolute-threshold-us 1.0
measurement,COMPLETE,false,,core-20260713-r6,5b9f1e3e013e3ee0a8b9c00ede1d5c512f495a184ff6b8ea061312f8f40ea2bd,primary,07f5cc1d4df5bcc7d400bb7aa050bc0a83a60485b8870db5272571d0321a3230,479323107464068dcd682f802686082715d7b9b050789a1a940f890cf2b2de77,c-full-nccl-2.20.5-defaul-r000002-d0b94b384eb48959,d0b94b384eb489595b280e48be6ed8378eb90985d24315124275cbee8eadb51a,a-000001,76cb7571712ef565a44e6127ad5854c4efb2cd63df79dc8eaa6ae81b34ca5be6,nccl-2.20.5-default,full,2,8226.816000,256,commcanary.rostam.physical.full-measurement.v1,commcanary.rostam.physical.full-producer.v1,b5588bd394f718082e7371480345a924bd35d9e49a1e5f210f626a7a03816455,0911bbab808a3999b09b0a51a74c38db3ebf82a0,false,,cd6dfc0fdec3604ee547e9316b1e0edbafefce26a6087c3f59e047e43ff7eccc,d183f159232a8717ab162a70897f8123e5bd28e7a861e07cc1668f9a5a7f4c07,fd1fa0ca67cf24d6b32d8a2f8782cb8dbfeb87b3d1761796eba4687bc6e50858,commcanary-wheel=954c9fe0ef908a448b5343c91e7d58e8785fc20a7fd029b699ca0e252614304d;environment-lock=d4b8b2dc177cb09cea84a5b5a51c99d4510a3270fe70286d2133382fbc4abd8b;param-patch-contract=182942ecf6ed3c0ea267b1660a19be8601c16768640dd6ef3f112601a0b26f34;rostam-catalog=9eeaf8158be866f01a9925b0152abebfcfbc2ea59f830e56556eefdcddaf781b,python -m experiments.rostam.analyze verify --run-directory experiments/rostam/results/core-20260713-r6 --selection-id primary --verdict-sha256 479323107464068dcd682f802686082715d7b9b050789a1a940f890cf2b2de77 --output-directory experiments/rostam/results/publications/core-20260713-r6-primary --archive-descriptor experiments/rostam/results/archives/core-20260713-r6-primary-479323107464068dcd682f802686082715d7b9b050789a1a940f890cf2b2de77.raw-archive-descriptor.json --raw-archive experiments/rostam/results/archives/core-20260713-r6-primary-479323107464068dcd682f802686082715d7b9b050789a1a940f890cf2b2de77.raw.tar.gz --baseline-config nccl-2.19.3-default --candidate-config nccl-2.20.5-default --median-threshold-pct 8.0 --median-absolute-threshold-us 1.0
measurement,COMPLETE,false,,core-20260713-r6,5b9f1e3e013e3ee0a8b9c00ede1d5c512f495a184ff6b8ea061312f8f40ea2bd,primary,07f5cc1d4df5bcc7d400bb7aa050bc0a83a60485b8870db5272571d0321a3230,479323107464068dcd682f802686082715d7b9b050789a1a940f890cf2b2de77,c-full-nccl-2.20.5-defaul-r000003-9082ef23c56330b4,9082ef23c56330b4e71e8247b66ee88c2607aaaca85ad496e25b024c30752a85,a-000001,08284828c6f561dc6bd13088ec0528c07e2b771ce539d990c37d18bb94e7b186,nccl-2.20.5-default,full,3,8238.080000,256,commcanary.rostam.physical.full-measurement.v1,commcanary.rostam.physical.full-producer.v1,639a3ef0dd732857859c638a5bbecdae8109ed2f9105af18892c68c797b98d0c,0911bbab808a3999b09b0a51a74c38db3ebf82a0,false,,cd6dfc0fdec3604ee547e9316b1e0edbafefce26a6087c3f59e047e43ff7eccc,4b07afb83c380e7ece200e3b13bacd2df482e81af4d7e5b637ece9d3abbde90c,18f899464613292adf900336537db54a2e3bd83aa271f5e36916a837da7c422e,commcanary-wheel=954c9fe0ef908a448b5343c91e7d58e8785fc20a7fd029b699ca0e252614304d;environment-lock=d4b8b2dc177cb09cea84a5b5a51c99d4510a3270fe70286d2133382fbc4abd8b;param-patch-contract=182942ecf6ed3c0ea267b1660a19be8601c16768640dd6ef3f112601a0b26f34;rostam-catalog=9eeaf8158be866f01a9925b0152abebfcfbc2ea59f830e56556eefdcddaf781b,python -m experiments.rostam.analyze verify --run-directory experiments/rostam/results/core-20260713-r6 --selection-id primary --verdict-sha256 479323107464068dcd682f802686082715d7b9b050789a1a940f890cf2b2de77 --output-directory experiments/rostam/results/publications/core-20260713-r6-primary --archive-descriptor experiments/rostam/results/archives/core-20260713-r6-primary-479323107464068dcd682f802686082715d7b9b050789a1a940f890cf2b2de77.raw-archive-descriptor.json --raw-archive experiments/rostam/results/archives/core-20260713-r6-primary-479323107464068dcd682f802686082715d7b9b050789a1a940f890cf2b2de77.raw.tar.gz --baseline-config nccl-2.19.3-default --candidate-config nccl-2.20.5-default --median-threshold-pct 8.0 --median-absolute-threshold-us 1.0
measurement,COMPLETE,false,,core-20260713-r6,5b9f1e3e013e3ee0a8b9c00ede1d5c512f495a184ff6b8ea061312f8f40ea2bd,primary,07f5cc1d4df5bcc7d400bb7aa050bc0a83a60485b8870db5272571d0321a3230,479323107464068dcd682f802686082715d7b9b050789a1a940f890cf2b2de77,c-full-nccl-2.20.5-defaul-r000004-91bf66f58d7d79eb,91bf66f58d7d79ebc655208b15da11bfeb0b21fdbc4c8052a0cb29ebca85157a,a-000001,be22e7b327488787d7926879b2b57f49ede3cc57822f5af641f655467c052399,nccl-2.20.5-default,full,4,8210.432000,256,commcanary.rostam.physical.full-measurement.v1,commcanary.rostam.physical.full-producer.v1,c913195658a53e1306eb1344913e7300a8621e877905c3826178cf85fda3953a,0911bbab808a3999b09b0a51a74c38db3ebf82a0,false,,cd6dfc0fdec3604ee547e9316b1e0edbafefce26a6087c3f59e047e43ff7eccc,36a502033da6fbbe117b4ef98a19dc106f3d70dadc96cd66866ab10e53168ca2,1d7f36ddd639996a4eefc9139afdd47c0c1ff569248d092499a8865fb8be2f7c,commcanary-wheel=954c9fe0ef908a448b5343c91e7d58e8785fc20a7fd029b699ca0e252614304d;environment-lock=d4b8b2dc177cb09cea84a5b5a51c99d4510a3270fe70286d2133382fbc4abd8b;param-patch-contract=182942ecf6ed3c0ea267b1660a19be8601c16768640dd6ef3f112601a0b26f34;rostam-catalog=9eeaf8158be866f01a9925b0152abebfcfbc2ea59f830e56556eefdcddaf781b,python -m experiments.rostam.analyze verify --run-directory experiments/rostam/results/core-20260713-r6 --selection-id primary --verdict-sha256 479323107464068dcd682f802686082715d7b9b050789a1a940f890cf2b2de77 --output-directory experiments/rostam/results/publications/core-20260713-r6-primary --archive-descriptor experiments/rostam/results/archives/core-20260713-r6-primary-479323107464068dcd682f802686082715d7b9b050789a1a940f890cf2b2de77.raw-archive-descriptor.json --raw-archive experiments/rostam/results/archives/core-20260713-r6-primary-479323107464068dcd682f802686082715d7b9b050789a1a940f890cf2b2de77.raw.tar.gz --baseline-config nccl-2.19.3-default --candidate-config nccl-2.20.5-default --median-threshold-pct 8.0 --median-absolute-threshold-us 1.0
measurement,COMPLETE,false,,core-20260713-r6,5b9f1e3e013e3ee0a8b9c00ede1d5c512f495a184ff6b8ea061312f8f40ea2bd,primary,07f5cc1d4df5bcc7d400bb7aa050bc0a83a60485b8870db5272571d0321a3230,479323107464068dcd682f802686082715d7b9b050789a1a940f890cf2b2de77,c-full-nccl-2.20.5-ring-l-r000000-2eac21a38b077c73,2eac21a38b077c73bc1bfdf5f657b2a1c4f52f016f4b699d171eeb1b9c865407,a-000001,82ba453168f06e42a379bb948f49cbb72ed77a2cd77c38302d9f70eddcb0e468,nccl-2.20.5-ring-ll,full,0,8458.240000,256,commcanary.rostam.physical.full-measurement.v1,commcanary.rostam.physical.full-producer.v1,2a3f58b1bd6757730d3009de1268aa6efa8497eec26c7bcdc5641b28d1876501,0911bbab808a3999b09b0a51a74c38db3ebf82a0,false,,cd6dfc0fdec3604ee547e9316b1e0edbafefce26a6087c3f59e047e43ff7eccc,47eedcd36924ac20af0dacbece2d7a1df78eef0f1a5efb507b571e573ad53c7b,76c4163d0882ef4cd175afbc7af13e9c521adf9c9f15bd816462a23e6126b037,commcanary-wheel=954c9fe0ef908a448b5343c91e7d58e8785fc20a7fd029b699ca0e252614304d;environment-lock=d4b8b2dc177cb09cea84a5b5a51c99d4510a3270fe70286d2133382fbc4abd8b;param-patch-contract=182942ecf6ed3c0ea267b1660a19be8601c16768640dd6ef3f112601a0b26f34;rostam-catalog=9eeaf8158be866f01a9925b0152abebfcfbc2ea59f830e56556eefdcddaf781b,python -m experiments.rostam.analyze verify --run-directory experiments/rostam/results/core-20260713-r6 --selection-id primary --verdict-sha256 479323107464068dcd682f802686082715d7b9b050789a1a940f890cf2b2de77 --output-directory experiments/rostam/results/publications/core-20260713-r6-primary --archive-descriptor experiments/rostam/results/archives/core-20260713-r6-primary-479323107464068dcd682f802686082715d7b9b050789a1a940f890cf2b2de77.raw-archive-descriptor.json --raw-archive experiments/rostam/results/archives/core-20260713-r6-primary-479323107464068dcd682f802686082715d7b9b050789a1a940f890cf2b2de77.raw.tar.gz --baseline-config nccl-2.19.3-default --candidate-config nccl-2.20.5-default --median-threshold-pct 8.0 --median-absolute-threshold-us 1.0
measurement,COMPLETE,false,,core-20260713-r6,5b9f1e3e013e3ee0a8b9c00ede1d5c512f495a184ff6b8ea061312f8f40ea2bd,primary,07f5cc1d4df5bcc7d400bb7aa050bc0a83a60485b8870db5272571d0321a3230,479323107464068dcd682f802686082715d7b9b050789a1a940f890cf2b2de77,c-full-nccl-2.20.5-ring-l-r000000-ede32a5a9b26f754,ede32a5a9b26f754a34583755a89de165fd23f70914c67603b82c680458f498f,a-000001,2031f70bb5f9c1fec1bcb0ddccc360983b0857d6354a6f252683d6a0bddf0549,nccl-2.20.5-ring-ll128,full,0,8237.568000,256,commcanary.rostam.physical.full-measurement.v1,commcanary.rostam.physical.full-producer.v1,bf0748aa4310801cd279a1e6a358815d858c00627a8833996d430238152b5cef,0911bbab808a3999b09b0a51a74c38db3ebf82a0,false,,cd6dfc0fdec3604ee547e9316b1e0edbafefce26a6087c3f59e047e43ff7eccc,674e48884144971d064f5180c38efd9f7ee6759e8a98d41f08db098a270a7355,6f8ccb34b51a4537be1c174b35bf950dd193f55853f685d4745b36396870fa2f,commcanary-wheel=954c9fe0ef908a448b5343c91e7d58e8785fc20a7fd029b699ca0e252614304d;environment-lock=d4b8b2dc177cb09cea84a5b5a51c99d4510a3270fe70286d2133382fbc4abd8b;param-patch-contract=182942ecf6ed3c0ea267b1660a19be8601c16768640dd6ef3f112601a0b26f34;rostam-catalog=9eeaf8158be866f01a9925b0152abebfcfbc2ea59f830e56556eefdcddaf781b,python -m experiments.rostam.analyze verify --run-directory experiments/rostam/results/core-20260713-r6 --selection-id primary --verdict-sha256 479323107464068dcd682f802686082715d7b9b050789a1a940f890cf2b2de77 --output-directory experiments/rostam/results/publications/core-20260713-r6-primary --archive-descriptor experiments/rostam/results/archives/core-20260713-r6-primary-479323107464068dcd682f802686082715d7b9b050789a1a940f890cf2b2de77.raw-archive-descriptor.json --raw-archive experiments/rostam/results/archives/core-20260713-r6-primary-479323107464068dcd682f802686082715d7b9b050789a1a940f890cf2b2de77.raw.tar.gz --baseline-config nccl-2.19.3-default --candidate-config nccl-2.20.5-default --median-threshold-pct 8.0 --median-absolute-threshold-us 1.0
measurement,COMPLETE,false,,core-20260713-r6,5b9f1e3e013e3ee0a8b9c00ede1d5c512f495a184ff6b8ea061312f8f40ea2bd,primary,07f5cc1d4df5bcc7d400bb7aa050bc0a83a60485b8870db5272571d0321a3230,479323107464068dcd682f802686082715d7b9b050789a1a940f890cf2b2de77,c-full-nccl-2.20.5-ring-l-r000001-273962e035193b9f,273962e035193b9f837c7ab95de98d1029a365ccfa5decf8730b443b442884cc,a-000001,a2d6c89084232d559409bb0cdf767558b86eb566445a26c89a73a00e08179733,nccl-2.20.5-ring-ll128,full,1,8202.752000,256,commcanary.rostam.physical.full-measurement.v1,commcanary.rostam.physical.full-producer.v1,6530df5bebf31314c16b38f295da4d2b290bfc8275507129827ccb5f68347cca,0911bbab808a3999b09b0a51a74c38db3ebf82a0,false,,cd6dfc0fdec3604ee547e9316b1e0edbafefce26a6087c3f59e047e43ff7eccc,36b6f719c6af07f8aff5e77c261182aea9a1b8b5963a887d274b4827892c88c6,96e5a4bd5fd12332dc7928c84ec77ac09fc9dfe4d729e4b4c5400fb1974266f9,commcanary-wheel=954c9fe0ef908a448b5343c91e7d58e8785fc20a7fd029b699ca0e252614304d;environment-lock=d4b8b2dc177cb09cea84a5b5a51c99d4510a3270fe70286d2133382fbc4abd8b;param-patch-contract=182942ecf6ed3c0ea267b1660a19be8601c16768640dd6ef3f112601a0b26f34;rostam-catalog=9eeaf8158be866f01a9925b0152abebfcfbc2ea59f830e56556eefdcddaf781b,python -m experiments.rostam.analyze verify --run-directory experiments/rostam/results/core-20260713-r6 --selection-id primary --verdict-sha256 479323107464068dcd682f802686082715d7b9b050789a1a940f890cf2b2de77 --output-directory experiments/rostam/results/publications/core-20260713-r6-primary --archive-descriptor experiments/rostam/results/archives/core-20260713-r6-primary-479323107464068dcd682f802686082715d7b9b050789a1a940f890cf2b2de77.raw-archive-descriptor.json --raw-archive experiments/rostam/results/archives/core-20260713-r6-primary-479323107464068dcd682f802686082715d7b9b050789a1a940f890cf2b2de77.raw.tar.gz --baseline-config nccl-2.19.3-default --candidate-config nccl-2.20.5-default --median-threshold-pct 8.0 --median-absolute-threshold-us 1.0
measurement,COMPLETE,false,,core-20260713-r6,5b9f1e3e013e3ee0a8b9c00ede1d5c512f495a184ff6b8ea061312f8f40ea2bd,primary,07f5cc1d4df5bcc7d400bb7aa050bc0a83a60485b8870db5272571d0321a3230,479323107464068dcd682f802686082715d7b9b050789a1a940f890cf2b2de77,c-full-nccl-2.20.5-ring-l-r000001-e8d31dde705e14d8,e8d31dde705e14d85aa6729f2c72b7949831052a92b092262d2a11c955a743f2,a-000001,652134e54adaf4eedc7b08f024a7d28b6e930c9f87812c977dfd89849484668a,nccl-2.20.5-ring-ll,full,1,8530.432000,256,commcanary.rostam.physical.full-measurement.v1,commcanary.rostam.physical.full-producer.v1,ad591413245b93105dae77c66cbaa5199e849cbce78bf16d428ae72a32af3f6a,0911bbab808a3999b09b0a51a74c38db3ebf82a0,false,,cd6dfc0fdec3604ee547e9316b1e0edbafefce26a6087c3f59e047e43ff7eccc,a243e7de3bfec96b65b5d83cf0499f732d14a460f5d8a8203aaf08e65e0f684e,d284963f5e61de558b83df303beecf671c750dc5b60659e5d6dfc00a1764830b,commcanary-wheel=954c9fe0ef908a448b5343c91e7d58e8785fc20a7fd029b699ca0e252614304d;environment-lock=d4b8b2dc177cb09cea84a5b5a51c99d4510a3270fe70286d2133382fbc4abd8b;param-patch-contract=182942ecf6ed3c0ea267b1660a19be8601c16768640dd6ef3f112601a0b26f34;rostam-catalog=9eeaf8158be866f01a9925b0152abebfcfbc2ea59f830e56556eefdcddaf781b,python -m experiments.rostam.analyze verify --run-directory experiments/rostam/results/core-20260713-r6 --selection-id primary --verdict-sha256 479323107464068dcd682f802686082715d7b9b050789a1a940f890cf2b2de77 --output-directory experiments/rostam/results/publications/core-20260713-r6-primary --archive-descriptor experiments/rostam/results/archives/core-20260713-r6-primary-479323107464068dcd682f802686082715d7b9b050789a1a940f890cf2b2de77.raw-archive-descriptor.json --raw-archive experiments/rostam/results/archives/core-20260713-r6-primary-479323107464068dcd682f802686082715d7b9b050789a1a940f890cf2b2de77.raw.tar.gz --baseline-config nccl-2.19.3-default --candidate-config nccl-2.20.5-default --median-threshold-pct 8.0 --median-absolute-threshold-us 1.0
measurement,COMPLETE,false,,core-20260713-r6,5b9f1e3e013e3ee0a8b9c00ede1d5c512f495a184ff6b8ea061312f8f40ea2bd,primary,07f5cc1d4df5bcc7d400bb7aa050bc0a83a60485b8870db5272571d0321a3230,479323107464068dcd682f802686082715d7b9b050789a1a940f890cf2b2de77,c-full-nccl-2.20.5-ring-l-r000002-7ec747ce2fbb62b3,7ec747ce2fbb62b30847d41cc4386f3f5bceb56a81e106180676a90e7f8dc72b,a-000001,16973381df09477b8db2ca5336eaa535e6398aaa2e98e1f290b8c790fdf8118c,nccl-2.20.5-ring-ll,full,2,8423.424000,256,commcanary.rostam.physical.full-measurement.v1,commcanary.rostam.physical.full-producer.v1,089a5960daf4cabc7957a1ff5c0afeedbcfc606ab5b7e720ee209646dfb20b2c,0911bbab808a3999b09b0a51a74c38db3ebf82a0,false,,cd6dfc0fdec3604ee547e9316b1e0edbafefce26a6087c3f59e047e43ff7eccc,d699b7016b68fd283b136051daabde6d1592bc954d9a9e67029eacde072accf7,ab82994a69cfd0ba79a72aa55cdb863cf33c112c7508984e93a15aecbe7f3841,commcanary-wheel=954c9fe0ef908a448b5343c91e7d58e8785fc20a7fd029b699ca0e252614304d;environment-lock=d4b8b2dc177cb09cea84a5b5a51c99d4510a3270fe70286d2133382fbc4abd8b;param-patch-contract=182942ecf6ed3c0ea267b1660a19be8601c16768640dd6ef3f112601a0b26f34;rostam-catalog=9eeaf8158be866f01a9925b0152abebfcfbc2ea59f830e56556eefdcddaf781b,python -m experiments.rostam.analyze verify --run-directory experiments/rostam/results/core-20260713-r6 --selection-id primary --verdict-sha256 479323107464068dcd682f802686082715d7b9b050789a1a940f890cf2b2de77 --output-directory experiments/rostam/results/publications/core-20260713-r6-primary --archive-descriptor experiments/rostam/results/archives/core-20260713-r6-primary-479323107464068dcd682f802686082715d7b9b050789a1a940f890cf2b2de77.raw-archive-descriptor.json --raw-archive experiments/rostam/results/archives/core-20260713-r6-primary-479323107464068dcd682f802686082715d7b9b050789a1a940f890cf2b2de77.raw.tar.gz --baseline-config nccl-2.19.3-default --candidate-config nccl-2.20.5-default --median-threshold-pct 8.0 --median-absolute-threshold-us 1.0
measurement,COMPLETE,false,,core-20260713-r6,5b9f1e3e013e3ee0a8b9c00ede1d5c512f495a184ff6b8ea061312f8f40ea2bd,primary,07f5cc1d4df5bcc7d400bb7aa050bc0a83a60485b8870db5272571d0321a3230,479323107464068dcd682f802686082715d7b9b050789a1a940f890cf2b2de77,c-full-nccl-2.20.5-ring-l-r000002-fc26b00257f41e51,fc26b00257f41e516ea982fc4d16b11d98ff0421ff4b9efb76d47160d6b51b6f,a-000001,b69cfd44df083187f55c07e47bf3ec101dda10904791cf9c2028b5002287d9c0,nccl-2.20.5-ring-ll128,full,2,8202.752000,256,commcanary.rostam.physical.full-measurement.v1,commcanary.rostam.physical.full-producer.v1,076b9163b5c050686d9418208ad4fd2c1c75054e81f56e44210b7e52577b4e20,0911bbab808a3999b09b0a51a74c38db3ebf82a0,false,,cd6dfc0fdec3604ee547e9316b1e0edbafefce26a6087c3f59e047e43ff7eccc,9e9c4482936ddb274a018a940330bb15fe104efd24bb01297ebe9bf760d64381,c2ae2ead3b863eff6adb1160c5ce0271f32c968f35fa2e253a13aa96f180c8fe,commcanary-wheel=954c9fe0ef908a448b5343c91e7d58e8785fc20a7fd029b699ca0e252614304d;environment-lock=d4b8b2dc177cb09cea84a5b5a51c99d4510a3270fe70286d2133382fbc4abd8b;param-patch-contract=182942ecf6ed3c0ea267b1660a19be8601c16768640dd6ef3f112601a0b26f34;rostam-catalog=9eeaf8158be866f01a9925b0152abebfcfbc2ea59f830e56556eefdcddaf781b,python -m experiments.rostam.analyze verify --run-directory experiments/rostam/results/core-20260713-r6 --selection-id primary --verdict-sha256 479323107464068dcd682f802686082715d7b9b050789a1a940f890cf2b2de77 --output-directory experiments/rostam/results/publications/core-20260713-r6-primary --archive-descriptor experiments/rostam/results/archives/core-20260713-r6-primary-479323107464068dcd682f802686082715d7b9b050789a1a940f890cf2b2de77.raw-archive-descriptor.json --raw-archive experiments/rostam/results/archives/core-20260713-r6-primary-479323107464068dcd682f802686082715d7b9b050789a1a940f890cf2b2de77.raw.tar.gz --baseline-config nccl-2.19.3-default --candidate-config nccl-2.20.5-default --median-threshold-pct 8.0 --median-absolute-threshold-us 1.0
measurement,COMPLETE,false,,core-20260713-r6,5b9f1e3e013e3ee0a8b9c00ede1d5c512f495a184ff6b8ea061312f8f40ea2bd,primary,07f5cc1d4df5bcc7d400bb7aa050bc0a83a60485b8870db5272571d0321a3230,479323107464068dcd682f802686082715d7b9b050789a1a940f890cf2b2de77,c-full-nccl-2.20.5-ring-l-r000003-411f210628d498f9,411f210628d498f90417854eb473fdbcd8fc031d2fe0ff5fbec9874c38b095d6,a-000001,6839f698bebe778adfca687943905bcad1c400cc3c9107905dbdfdd46d89676c,nccl-2.20.5-ring-ll128,full,3,8217.600000,256,commcanary.rostam.physical.full-measurement.v1,commcanary.rostam.physical.full-producer.v1,b60f028dbdb45934053cca90b68afe5ef1fcb533c2d250252f4976acab92b266,0911bbab808a3999b09b0a51a74c38db3ebf82a0,false,,cd6dfc0fdec3604ee547e9316b1e0edbafefce26a6087c3f59e047e43ff7eccc,d4d0a0e74c8bef34f687623670c30c3865c49707d08f65a0c192fafa1067a3df,ac4ef60df6945fb0ac76fea908ac51aeb531c6282eebadaeacbb2e6cddf9e09e,commcanary-wheel=954c9fe0ef908a448b5343c91e7d58e8785fc20a7fd029b699ca0e252614304d;environment-lock=d4b8b2dc177cb09cea84a5b5a51c99d4510a3270fe70286d2133382fbc4abd8b;param-patch-contract=182942ecf6ed3c0ea267b1660a19be8601c16768640dd6ef3f112601a0b26f34;rostam-catalog=9eeaf8158be866f01a9925b0152abebfcfbc2ea59f830e56556eefdcddaf781b,python -m experiments.rostam.analyze verify --run-directory experiments/rostam/results/core-20260713-r6 --selection-id primary --verdict-sha256 479323107464068dcd682f802686082715d7b9b050789a1a940f890cf2b2de77 --output-directory experiments/rostam/results/publications/core-20260713-r6-primary --archive-descriptor experiments/rostam/results/archives/core-20260713-r6-primary-479323107464068dcd682f802686082715d7b9b050789a1a940f890cf2b2de77.raw-archive-descriptor.json --raw-archive experiments/rostam/results/archives/core-20260713-r6-primary-479323107464068dcd682f802686082715d7b9b050789a1a940f890cf2b2de77.raw.tar.gz --baseline-config nccl-2.19.3-default --candidate-config nccl-2.20.5-default --median-threshold-pct 8.0 --median-absolute-threshold-us 1.0
measurement,COMPLETE,false,,core-20260713-r6,5b9f1e3e013e3ee0a8b9c00ede1d5c512f495a184ff6b8ea061312f8f40ea2bd,primary,07f5cc1d4df5bcc7d400bb7aa050bc0a83a60485b8870db5272571d0321a3230,479323107464068dcd682f802686082715d7b9b050789a1a940f890cf2b2de77,c-full-nccl-2.20.5-ring-l-r000003-a42f6480ddd2ac47,a42f6480ddd2ac4779897920e3ef414080806b26465a18d949cac233462e7e44,a-000001,c6f930a7ec66d9565bab506e198c7e15d61cf638e8ac2c8a3637463c88973ada,nccl-2.20.5-ring-ll,full,3,8591.360000,256,commcanary.rostam.physical.full-measurement.v1,commcanary.rostam.physical.full-producer.v1,ea5e4e97f3c6cb3ff041742660d39be15616b296bab29dec33ebba380bc0a950,0911bbab808a3999b09b0a51a74c38db3ebf82a0,false,,cd6dfc0fdec3604ee547e9316b1e0edbafefce26a6087c3f59e047e43ff7eccc,29e3c3ae0f8e4ceb78d325dd9dad4e09800bd650833bb23f2a9f59b350f6b013,e7c700c8c0b9f5813aed3f8e08eaa17c8b3c1b2885bc8528df6cc4ff9928eeec,commcanary-wheel=954c9fe0ef908a448b5343c91e7d58e8785fc20a7fd029b699ca0e252614304d;environment-lock=d4b8b2dc177cb09cea84a5b5a51c99d4510a3270fe70286d2133382fbc4abd8b;param-patch-contract=182942ecf6ed3c0ea267b1660a19be8601c16768640dd6ef3f112601a0b26f34;rostam-catalog=9eeaf8158be866f01a9925b0152abebfcfbc2ea59f830e56556eefdcddaf781b,python -m experiments.rostam.analyze verify --run-directory experiments/rostam/results/core-20260713-r6 --selection-id primary --verdict-sha256 479323107464068dcd682f802686082715d7b9b050789a1a940f890cf2b2de77 --output-directory experiments/rostam/results/publications/core-20260713-r6-primary --archive-descriptor experiments/rostam/results/archives/core-20260713-r6-primary-479323107464068dcd682f802686082715d7b9b050789a1a940f890cf2b2de77.raw-archive-descriptor.json --raw-archive experiments/rostam/results/archives/core-20260713-r6-primary-479323107464068dcd682f802686082715d7b9b050789a1a940f890cf2b2de77.raw.tar.gz --baseline-config nccl-2.19.3-default --candidate-config nccl-2.20.5-default --median-threshold-pct 8.0 --median-absolute-threshold-us 1.0
measurement,COMPLETE,false,,core-20260713-r6,5b9f1e3e013e3ee0a8b9c00ede1d5c512f495a184ff6b8ea061312f8f40ea2bd,primary,07f5cc1d4df5bcc7d400bb7aa050bc0a83a60485b8870db5272571d0321a3230,479323107464068dcd682f802686082715d7b9b050789a1a940f890cf2b2de77,c-full-nccl-2.20.5-ring-l-r000004-7178acaaf5758558,7178acaaf5758558a27e8db86d92e81e1e3460918270888418c4ac73192c8f02,a-000001,debbfbb722227d148d0223c7a51610f58505db732779fb4c1a42b6cc0d16440c,nccl-2.20.5-ring-ll128,full,4,8182.272000,256,commcanary.rostam.physical.full-measurement.v1,commcanary.rostam.physical.full-producer.v1,fdeae4265d7b90b769743d4c8986714610bd4f1edd206bf30237e4d46a918822,0911bbab808a3999b09b0a51a74c38db3ebf82a0,false,,cd6dfc0fdec3604ee547e9316b1e0edbafefce26a6087c3f59e047e43ff7eccc,53908bd6885829f6ef9346d08fdc856f1e1ef3fc2357713026db9f6f8c401106,41c320a55dd64ceb3fd3a9426db8bce6e1bf5b1af15463b1bd31946ddf5dcc5b,commcanary-wheel=954c9fe0ef908a448b5343c91e7d58e8785fc20a7fd029b699ca0e252614304d;environment-lock=d4b8b2dc177cb09cea84a5b5a51c99d4510a3270fe70286d2133382fbc4abd8b;param-patch-contract=182942ecf6ed3c0ea267b1660a19be8601c16768640dd6ef3f112601a0b26f34;rostam-catalog=9eeaf8158be866f01a9925b0152abebfcfbc2ea59f830e56556eefdcddaf781b,python -m experiments.rostam.analyze verify --run-directory experiments/rostam/results/core-20260713-r6 --selection-id primary --verdict-sha256 479323107464068dcd682f802686082715d7b9b050789a1a940f890cf2b2de77 --output-directory experiments/rostam/results/publications/core-20260713-r6-primary --archive-descriptor experiments/rostam/results/archives/core-20260713-r6-primary-479323107464068dcd682f802686082715d7b9b050789a1a940f890cf2b2de77.raw-archive-descriptor.json --raw-archive experiments/rostam/results/archives/core-20260713-r6-primary-479323107464068dcd682f802686082715d7b9b050789a1a940f890cf2b2de77.raw.tar.gz --baseline-config nccl-2.19.3-default --candidate-config nccl-2.20.5-default --median-threshold-pct 8.0 --median-absolute-threshold-us 1.0
measurement,COMPLETE,false,,core-20260713-r6,5b9f1e3e013e3ee0a8b9c00ede1d5c512f495a184ff6b8ea061312f8f40ea2bd,primary,07f5cc1d4df5bcc7d400bb7aa050bc0a83a60485b8870db5272571d0321a3230,479323107464068dcd682f802686082715d7b9b050789a1a940f890cf2b2de77,c-full-nccl-2.20.5-ring-l-r000004-bfd6293790ab979e,bfd6293790ab979ea70d3db645f970dab19d89a80bbfe1aa3238b488d11722ff,a-000001,bd6719cc5503bbe5eab88af0f1ee48000a74dd7699938c4d5301adee26ac6c13,nccl-2.20.5-ring-ll,full,4,8412.160000,256,commcanary.rostam.physical.full-measurement.v1,commcanary.rostam.physical.full-producer.v1,0ef6e065635a2a2e92fb3bb79cdab4b45be957fd25701c8346f8353f6cc176ea,0911bbab808a3999b09b0a51a74c38db3ebf82a0,false,,cd6dfc0fdec3604ee547e9316b1e0edbafefce26a6087c3f59e047e43ff7eccc,5aede4c1949189ad32d624835be9ba240810e188960d841f58968523b71d13f5,16bfc06171347905232dcd409b84a915147248df8850d83da957a0dc35eadf78,commcanary-wheel=954c9fe0ef908a448b5343c91e7d58e8785fc20a7fd029b699ca0e252614304d;environment-lock=d4b8b2dc177cb09cea84a5b5a51c99d4510a3270fe70286d2133382fbc4abd8b;param-patch-contract=182942ecf6ed3c0ea267b1660a19be8601c16768640dd6ef3f112601a0b26f34;rostam-catalog=9eeaf8158be866f01a9925b0152abebfcfbc2ea59f830e56556eefdcddaf781b,python -m experiments.rostam.analyze verify --run-directory experiments/rostam/results/core-20260713-r6 --selection-id primary --verdict-sha256 479323107464068dcd682f802686082715d7b9b050789a1a940f890cf2b2de77 --output-directory experiments/rostam/results/publications/core-20260713-r6-primary --archive-descriptor experiments/rostam/results/archives/core-20260713-r6-primary-479323107464068dcd682f802686082715d7b9b050789a1a940f890cf2b2de77.raw-archive-descriptor.json --raw-archive experiments/rostam/results/archives/core-20260713-r6-primary-479323107464068dcd682f802686082715d7b9b050789a1a940f890cf2b2de77.raw.tar.gz --baseline-config nccl-2.19.3-default --candidate-config nccl-2.20.5-default --median-threshold-pct 8.0 --median-absolute-threshold-us 1.0
measurement,COMPLETE,false,,core-20260713-r6,5b9f1e3e013e3ee0a8b9c00ede1d5c512f495a184ff6b8ea061312f8f40ea2bd,primary,07f5cc1d4df5bcc7d400bb7aa050bc0a83a60485b8870db5272571d0321a3230,479323107464068dcd682f802686082715d7b9b050789a1a940f890cf2b2de77,c-full-nccl-2.20.5-ring-s-r000000-ba9c8486fcc4a7c2,ba9c8486fcc4a7c213dd02b7a0b90922084fd8aa957b0d420c578adcf747f8b6,a-000001,b173f5a71af33af744ee51d6b5ad4707a0c36b2e163f7b14ddffdef5fe0d6bb8,nccl-2.20.5-ring-simple,full,0,8445.952000,256,commcanary.rostam.physical.full-measurement.v1,commcanary.rostam.physical.full-producer.v1,9a118d58a03add3789084dfa9635c719d43fd63f47efba02814fa5f0087e8385,0911bbab808a3999b09b0a51a74c38db3ebf82a0,false,,cd6dfc0fdec3604ee547e9316b1e0edbafefce26a6087c3f59e047e43ff7eccc,736c6bcd0926f9583cbc3d4a4f002c86e2a171f803579391aec2c541ba1b7882,73769d7aa87190b2aeedfcff118d54f7da853b090e1bae432a9e5ce56ce32b1b,commcanary-wheel=954c9fe0ef908a448b5343c91e7d58e8785fc20a7fd029b699ca0e252614304d;environment-lock=d4b8b2dc177cb09cea84a5b5a51c99d4510a3270fe70286d2133382fbc4abd8b;param-patch-contract=182942ecf6ed3c0ea267b1660a19be8601c16768640dd6ef3f112601a0b26f34;rostam-catalog=9eeaf8158be866f01a9925b0152abebfcfbc2ea59f830e56556eefdcddaf781b,python -m experiments.rostam.analyze verify --run-directory experiments/rostam/results/core-20260713-r6 --selection-id primary --verdict-sha256 479323107464068dcd682f802686082715d7b9b050789a1a940f890cf2b2de77 --output-directory experiments/rostam/results/publications/core-20260713-r6-primary --archive-descriptor experiments/rostam/results/archives/core-20260713-r6-primary-479323107464068dcd682f802686082715d7b9b050789a1a940f890cf2b2de77.raw-archive-descriptor.json --raw-archive experiments/rostam/results/archives/core-20260713-r6-primary-479323107464068dcd682f802686082715d7b9b050789a1a940f890cf2b2de77.raw.tar.gz --baseline-config nccl-2.19.3-default --candidate-config nccl-2.20.5-default --median-threshold-pct 8.0 --median-absolute-threshold-us 1.0
measurement,COMPLETE,false,,core-20260713-r6,5b9f1e3e013e3ee0a8b9c00ede1d5c512f495a184ff6b8ea061312f8f40ea2bd,primary,07f5cc1d4df5bcc7d400bb7aa050bc0a83a60485b8870db5272571d0321a3230,479323107464068dcd682f802686082715d7b9b050789a1a940f890cf2b2de77,c-full-nccl-2.20.5-ring-s-r000001-ba4f07159a74ad6c,ba4f07159a74ad6c576c67ef9e0c8fdf9bae9d7a335317a95f9960e7aa0fd69d,a-000001,d4d6c6dc16cd609a6cf63c0bf6e152ce494324499d335478b541547260dcd505,nccl-2.20.5-ring-simple,full,1,8441.856000,256,commcanary.rostam.physical.full-measurement.v1,commcanary.rostam.physical.full-producer.v1,9c98437780eeccd1507cb052251a3a5feb4034594b7306083720584856546733,0911bbab808a3999b09b0a51a74c38db3ebf82a0,false,,cd6dfc0fdec3604ee547e9316b1e0edbafefce26a6087c3f59e047e43ff7eccc,0e05a6032c1e74a267f9485b4079883d78b3f7471e916e6ac96a5f6c5d0f8377,7fcd90fa00b7b1db6e96750c88d33feb02d630cabe335466c16d5dac02c9760e,commcanary-wheel=954c9fe0ef908a448b5343c91e7d58e8785fc20a7fd029b699ca0e252614304d;environment-lock=d4b8b2dc177cb09cea84a5b5a51c99d4510a3270fe70286d2133382fbc4abd8b;param-patch-contract=182942ecf6ed3c0ea267b1660a19be8601c16768640dd6ef3f112601a0b26f34;rostam-catalog=9eeaf8158be866f01a9925b0152abebfcfbc2ea59f830e56556eefdcddaf781b,python -m experiments.rostam.analyze verify --run-directory experiments/rostam/results/core-20260713-r6 --selection-id primary --verdict-sha256 479323107464068dcd682f802686082715d7b9b050789a1a940f890cf2b2de77 --output-directory experiments/rostam/results/publications/core-20260713-r6-primary --archive-descriptor experiments/rostam/results/archives/core-20260713-r6-primary-479323107464068dcd682f802686082715d7b9b050789a1a940f890cf2b2de77.raw-archive-descriptor.json --raw-archive experiments/rostam/results/archives/core-20260713-r6-primary-479323107464068dcd682f802686082715d7b9b050789a1a940f890cf2b2de77.raw.tar.gz --baseline-config nccl-2.19.3-default --candidate-config nccl-2.20.5-default --median-threshold-pct 8.0 --median-absolute-threshold-us 1.0
measurement,COMPLETE,false,,core-20260713-r6,5b9f1e3e013e3ee0a8b9c00ede1d5c512f495a184ff6b8ea061312f8f40ea2bd,primary,07f5cc1d4df5bcc7d400bb7aa050bc0a83a60485b8870db5272571d0321a3230,479323107464068dcd682f802686082715d7b9b050789a1a940f890cf2b2de77,c-full-nccl-2.20.5-ring-s-r000002-32b58ffdad51a27a,32b58ffdad51a27ac7efefe20262a2ef5e6caea5b885add8a2a2783d26928ada,a-000001,f18b2e22add4e1a834fb035d80e1c5ec47c68d398b50e34bb18bb14399c2af3d,nccl-2.20.5-ring-simple,full,2,8432.640000,256,commcanary.rostam.physical.full-measurement.v1,commcanary.rostam.physical.full-producer.v1,9f858ca900565a5b711153b9675219034780a6bf5d18356296b1d6cfde219fce,0911bbab808a3999b09b0a51a74c38db3ebf82a0,false,,cd6dfc0fdec3604ee547e9316b1e0edbafefce26a6087c3f59e047e43ff7eccc,016db2ed6412b4645292d42929436de588e4c650e61d4e3b511d8c56a0dbb305,cf1c83a52d805128a459eaa86962a8b6b9d3075fd36dd640495415fb099d5f05,commcanary-wheel=954c9fe0ef908a448b5343c91e7d58e8785fc20a7fd029b699ca0e252614304d;environment-lock=d4b8b2dc177cb09cea84a5b5a51c99d4510a3270fe70286d2133382fbc4abd8b;param-patch-contract=182942ecf6ed3c0ea267b1660a19be8601c16768640dd6ef3f112601a0b26f34;rostam-catalog=9eeaf8158be866f01a9925b0152abebfcfbc2ea59f830e56556eefdcddaf781b,python -m experiments.rostam.analyze verify --run-directory experiments/rostam/results/core-20260713-r6 --selection-id primary --verdict-sha256 479323107464068dcd682f802686082715d7b9b050789a1a940f890cf2b2de77 --output-directory experiments/rostam/results/publications/core-20260713-r6-primary --archive-descriptor experiments/rostam/results/archives/core-20260713-r6-primary-479323107464068dcd682f802686082715d7b9b050789a1a940f890cf2b2de77.raw-archive-descriptor.json --raw-archive experiments/rostam/results/archives/core-20260713-r6-primary-479323107464068dcd682f802686082715d7b9b050789a1a940f890cf2b2de77.raw.tar.gz --baseline-config nccl-2.19.3-default --candidate-config nccl-2.20.5-default --median-threshold-pct 8.0 --median-absolute-threshold-us 1.0
measurement,COMPLETE,false,,core-20260713-r6,5b9f1e3e013e3ee0a8b9c00ede1d5c512f495a184ff6b8ea061312f8f40ea2bd,primary,07f5cc1d4df5bcc7d400bb7aa050bc0a83a60485b8870db5272571d0321a3230,479323107464068dcd682f802686082715d7b9b050789a1a940f890cf2b2de77,c-full-nccl-2.20.5-ring-s-r000003-351bead0cb9c168d,351bead0cb9c168d3d0071ea2d8ba96782b3f8e133b11607d6ca3569eb074869,a-000001,bf625a3965e535c0719725ad4b7054440b2867df6367701bb1785a450a6fd1ec,nccl-2.20.5-ring-simple,full,3,8449.024000,256,commcanary.rostam.physical.full-measurement.v1,commcanary.rostam.physical.full-producer.v1,e57ab71fc10bac22b74d9bdeb4156411d99c39ad319e6cec03e49c3e2715cf28,0911bbab808a3999b09b0a51a74c38db3ebf82a0,false,,cd6dfc0fdec3604ee547e9316b1e0edbafefce26a6087c3f59e047e43ff7eccc,383bc4809cac72385597e51caa1ebac72620e7a961898dd68923270d9fb1e5d5,50989d1b87b6e64d67ce571ae2d724b6bba4244f78a0d4d3070bea8598b7a351,commcanary-wheel=954c9fe0ef908a448b5343c91e7d58e8785fc20a7fd029b699ca0e252614304d;environment-lock=d4b8b2dc177cb09cea84a5b5a51c99d4510a3270fe70286d2133382fbc4abd8b;param-patch-contract=182942ecf6ed3c0ea267b1660a19be8601c16768640dd6ef3f112601a0b26f34;rostam-catalog=9eeaf8158be866f01a9925b0152abebfcfbc2ea59f830e56556eefdcddaf781b,python -m experiments.rostam.analyze verify --run-directory experiments/rostam/results/core-20260713-r6 --selection-id primary --verdict-sha256 479323107464068dcd682f802686082715d7b9b050789a1a940f890cf2b2de77 --output-directory experiments/rostam/results/publications/core-20260713-r6-primary --archive-descriptor experiments/rostam/results/archives/core-20260713-r6-primary-479323107464068dcd682f802686082715d7b9b050789a1a940f890cf2b2de77.raw-archive-descriptor.json --raw-archive experiments/rostam/results/archives/core-20260713-r6-primary-479323107464068dcd682f802686082715d7b9b050789a1a940f890cf2b2de77.raw.tar.gz --baseline-config nccl-2.19.3-default --candidate-config nccl-2.20.5-default --median-threshold-pct 8.0 --median-absolute-threshold-us 1.0
measurement,COMPLETE,false,,core-20260713-r6,5b9f1e3e013e3ee0a8b9c00ede1d5c512f495a184ff6b8ea061312f8f40ea2bd,primary,07f5cc1d4df5bcc7d400bb7aa050bc0a83a60485b8870db5272571d0321a3230,479323107464068dcd682f802686082715d7b9b050789a1a940f890cf2b2de77,c-full-nccl-2.20.5-ring-s-r000004-6474f2f5a10fac5f,6474f2f5a10fac5fbdbfbe244bb6925b45dbc3382c7260f1656052bd06e8c387,a-000001,e72cb86970973c3ce76ab3cc883ce4a6cbe2683a225e7fb2e61cc110abadde47,nccl-2.20.5-ring-simple,full,4,8410.624000,256,commcanary.rostam.physical.full-measurement.v1,commcanary.rostam.physical.full-producer.v1,da3ca062b984c67db530add773a5380dd3bdcc0739c64baa3c23832c0b1957b1,0911bbab808a3999b09b0a51a74c38db3ebf82a0,false,,cd6dfc0fdec3604ee547e9316b1e0edbafefce26a6087c3f59e047e43ff7eccc,266595bfb3b85c63e0d1f54348b076f8677f6c6df13812558c7a60e27ecfb25f,c67f3f7b890abcb4ead63a6f74e7c8f954a25943ea32d60a5645d1c784178502,commcanary-wheel=954c9fe0ef908a448b5343c91e7d58e8785fc20a7fd029b699ca0e252614304d;environment-lock=d4b8b2dc177cb09cea84a5b5a51c99d4510a3270fe70286d2133382fbc4abd8b;param-patch-contract=182942ecf6ed3c0ea267b1660a19be8601c16768640dd6ef3f112601a0b26f34;rostam-catalog=9eeaf8158be866f01a9925b0152abebfcfbc2ea59f830e56556eefdcddaf781b,python -m experiments.rostam.analyze verify --run-directory experiments/rostam/results/core-20260713-r6 --selection-id primary --verdict-sha256 479323107464068dcd682f802686082715d7b9b050789a1a940f890cf2b2de77 --output-directory experiments/rostam/results/publications/core-20260713-r6-primary --archive-descriptor experiments/rostam/results/archives/core-20260713-r6-primary-479323107464068dcd682f802686082715d7b9b050789a1a940f890cf2b2de77.raw-archive-descriptor.json --raw-archive experiments/rostam/results/archives/core-20260713-r6-primary-479323107464068dcd682f802686082715d7b9b050789a1a940f890cf2b2de77.raw.tar.gz --baseline-config nccl-2.19.3-default --candidate-config nccl-2.20.5-default --median-threshold-pct 8.0 --median-absolute-threshold-us 1.0
measurement,COMPLETE,false,,core-20260713-r6,5b9f1e3e013e3ee0a8b9c00ede1d5c512f495a184ff6b8ea061312f8f40ea2bd,primary,07f5cc1d4df5bcc7d400bb7aa050bc0a83a60485b8870db5272571d0321a3230,479323107464068dcd682f802686082715d7b9b050789a1a940f890cf2b2de77,c-full-nccl-2.20.5-tree-l-r000000-7f072461931e6e53,7f072461931e6e535016f2b3f707abacc05f36de2fd9aa8ac0e38a57d1f1409a,a-000001,6531303348b3debb7203dd581bd922a81cdd2c8c7dcbadfd2b85605c8688a06a,nccl-2.20.5-tree-ll128,full,0,9031.680000,256,commcanary.rostam.physical.full-measurement.v1,commcanary.rostam.physical.full-producer.v1,02f3d1e56d9aa96d42403cc35d5e24d4665b8a910d4e228a067ccfc002c7c99e,0911bbab808a3999b09b0a51a74c38db3ebf82a0,false,,cd6dfc0fdec3604ee547e9316b1e0edbafefce26a6087c3f59e047e43ff7eccc,c4414f6f50d682938f7b7391616489229afaf06bfc3a208dc624afbeffbe303d,7d3abd8e7b8a4df6fb912974bc03e50f3cdb8ffeb8e376075d9380cf5dcd4087,commcanary-wheel=954c9fe0ef908a448b5343c91e7d58e8785fc20a7fd029b699ca0e252614304d;environment-lock=d4b8b2dc177cb09cea84a5b5a51c99d4510a3270fe70286d2133382fbc4abd8b;param-patch-contract=182942ecf6ed3c0ea267b1660a19be8601c16768640dd6ef3f112601a0b26f34;rostam-catalog=9eeaf8158be866f01a9925b0152abebfcfbc2ea59f830e56556eefdcddaf781b,python -m experiments.rostam.analyze verify --run-directory experiments/rostam/results/core-20260713-r6 --selection-id primary --verdict-sha256 479323107464068dcd682f802686082715d7b9b050789a1a940f890cf2b2de77 --output-directory experiments/rostam/results/publications/core-20260713-r6-primary --archive-descriptor experiments/rostam/results/archives/core-20260713-r6-primary-479323107464068dcd682f802686082715d7b9b050789a1a940f890cf2b2de77.raw-archive-descriptor.json --raw-archive experiments/rostam/results/archives/core-20260713-r6-primary-479323107464068dcd682f802686082715d7b9b050789a1a940f890cf2b2de77.raw.tar.gz --baseline-config nccl-2.19.3-default --candidate-config nccl-2.20.5-default --median-threshold-pct 8.0 --median-absolute-threshold-us 1.0
measurement,COMPLETE,false,,core-20260713-r6,5b9f1e3e013e3ee0a8b9c00ede1d5c512f495a184ff6b8ea061312f8f40ea2bd,primary,07f5cc1d4df5bcc7d400bb7aa050bc0a83a60485b8870db5272571d0321a3230,479323107464068dcd682f802686082715d7b9b050789a1a940f890cf2b2de77,c-full-nccl-2.20.5-tree-l-r000000-d1a02b1440b6be54,d1a02b1440b6be5498fd38d33dbb17583f5fed77e1b22ba9ea69074b7e666dae,a-000001,164b0931e042c7668d299e606bbeec328fcc12d7c06312a5392382dad6ff3f0d,nccl-2.20.5-tree-ll,full,0,11428.864000,256,commcanary.rostam.physical.full-measurement.v1,commcanary.rostam.physical.full-producer.v1,328ae4af7839bf83c634bed29df0e0a0659d4d597ce6f3509f0386971f60ac0d,0911bbab808a3999b09b0a51a74c38db3ebf82a0,false,,cd6dfc0fdec3604ee547e9316b1e0edbafefce26a6087c3f59e047e43ff7eccc,0ba4d74c436be13cef9ce66a77e423f5ed7d79eb2b302ab9dde84ac70e170549,45dad7c5110bbc7bde7f57efacb384e3cf82e78d72cf31c27855a433f7f7c0f7,commcanary-wheel=954c9fe0ef908a448b5343c91e7d58e8785fc20a7fd029b699ca0e252614304d;environment-lock=d4b8b2dc177cb09cea84a5b5a51c99d4510a3270fe70286d2133382fbc4abd8b;param-patch-contract=182942ecf6ed3c0ea267b1660a19be8601c16768640dd6ef3f112601a0b26f34;rostam-catalog=9eeaf8158be866f01a9925b0152abebfcfbc2ea59f830e56556eefdcddaf781b,python -m experiments.rostam.analyze verify --run-directory experiments/rostam/results/core-20260713-r6 --selection-id primary --verdict-sha256 479323107464068dcd682f802686082715d7b9b050789a1a940f890cf2b2de77 --output-directory experiments/rostam/results/publications/core-20260713-r6-primary --archive-descriptor experiments/rostam/results/archives/core-20260713-r6-primary-479323107464068dcd682f802686082715d7b9b050789a1a940f890cf2b2de77.raw-archive-descriptor.json --raw-archive experiments/rostam/results/archives/core-20260713-r6-primary-479323107464068dcd682f802686082715d7b9b050789a1a940f890cf2b2de77.raw.tar.gz --baseline-config nccl-2.19.3-default --candidate-config nccl-2.20.5-default --median-threshold-pct 8.0 --median-absolute-threshold-us 1.0
measurement,COMPLETE,false,,core-20260713-r6,5b9f1e3e013e3ee0a8b9c00ede1d5c512f495a184ff6b8ea061312f8f40ea2bd,primary,07f5cc1d4df5bcc7d400bb7aa050bc0a83a60485b8870db5272571d0321a3230,479323107464068dcd682f802686082715d7b9b050789a1a940f890cf2b2de77,c-full-nccl-2.20.5-tree-l-r000001-07aa93baec1a36d0,07aa93baec1a36d0ef27fadc01d0969925be8a4054c9b1509dcf6aabb1f21a70,a-000001,3b1821abdfd90d855e53e16468d27b6376f8148cfd9765ce22f1a46d058583b8,nccl-2.20.5-tree-ll,full,1,12192.256000,256,commcanary.rostam.physical.full-measurement.v1,commcanary.rostam.physical.full-producer.v1,6923c530224e73b9ce498d607178a89aead694910a367b64b53a713ca7a00f48,0911bbab808a3999b09b0a51a74c38db3ebf82a0,false,,cd6dfc0fdec3604ee547e9316b1e0edbafefce26a6087c3f59e047e43ff7eccc,f351b98c979e021be4811f1a820ddd5b20a2a65185c805108fb02c7111b085df,c66339768b8567c49fa825d3ce19925b42c679a14736f3a4c8e56a6433edc3ed,commcanary-wheel=954c9fe0ef908a448b5343c91e7d58e8785fc20a7fd029b699ca0e252614304d;environment-lock=d4b8b2dc177cb09cea84a5b5a51c99d4510a3270fe70286d2133382fbc4abd8b;param-patch-contract=182942ecf6ed3c0ea267b1660a19be8601c16768640dd6ef3f112601a0b26f34;rostam-catalog=9eeaf8158be866f01a9925b0152abebfcfbc2ea59f830e56556eefdcddaf781b,python -m experiments.rostam.analyze verify --run-directory experiments/rostam/results/core-20260713-r6 --selection-id primary --verdict-sha256 479323107464068dcd682f802686082715d7b9b050789a1a940f890cf2b2de77 --output-directory experiments/rostam/results/publications/core-20260713-r6-primary --archive-descriptor experiments/rostam/results/archives/core-20260713-r6-primary-479323107464068dcd682f802686082715d7b9b050789a1a940f890cf2b2de77.raw-archive-descriptor.json --raw-archive experiments/rostam/results/archives/core-20260713-r6-primary-479323107464068dcd682f802686082715d7b9b050789a1a940f890cf2b2de77.raw.tar.gz --baseline-config nccl-2.19.3-default --candidate-config nccl-2.20.5-default --median-threshold-pct 8.0 --median-absolute-threshold-us 1.0
measurement,COMPLETE,false,,core-20260713-r6,5b9f1e3e013e3ee0a8b9c00ede1d5c512f495a184ff6b8ea061312f8f40ea2bd,primary,07f5cc1d4df5bcc7d400bb7aa050bc0a83a60485b8870db5272571d0321a3230,479323107464068dcd682f802686082715d7b9b050789a1a940f890cf2b2de77,c-full-nccl-2.20.5-tree-l-r000001-b21c0b02b31536d8,b21c0b02b31536d845706e7898ba1663856ceb54f9de87d7dea00d33949888ab,a-000001,7b02b4edbb303145a6ceb0678e867b68743df8736723be3e191c54f714865a89,nccl-2.20.5-tree-ll128,full,1,9022.464000,256,commcanary.rostam.physical.full-measurement.v1,commcanary.rostam.physical.full-producer.v1,1e16e3b5e8f5cf2bab73846ce1b75ddfb6a65410e2bc9e1c2e36b88b513d6e31,0911bbab808a3999b09b0a51a74c38db3ebf82a0,false,,cd6dfc0fdec3604ee547e9316b1e0edbafefce26a6087c3f59e047e43ff7eccc,1a1c0965722ffef5674d60a7a85542075a1902f2692ede8225e1e007c0691bab,7f83e12359736a0355458eebcdf7d8f7cd0c6d64fa546a51b8ad12a9b5e612b9,commcanary-wheel=954c9fe0ef908a448b5343c91e7d58e8785fc20a7fd029b699ca0e252614304d;environment-lock=d4b8b2dc177cb09cea84a5b5a51c99d4510a3270fe70286d2133382fbc4abd8b;param-patch-contract=182942ecf6ed3c0ea267b1660a19be8601c16768640dd6ef3f112601a0b26f34;rostam-catalog=9eeaf8158be866f01a9925b0152abebfcfbc2ea59f830e56556eefdcddaf781b,python -m experiments.rostam.analyze verify --run-directory experiments/rostam/results/core-20260713-r6 --selection-id primary --verdict-sha256 479323107464068dcd682f802686082715d7b9b050789a1a940f890cf2b2de77 --output-directory experiments/rostam/results/publications/core-20260713-r6-primary --archive-descriptor experiments/rostam/results/archives/core-20260713-r6-primary-479323107464068dcd682f802686082715d7b9b050789a1a940f890cf2b2de77.raw-archive-descriptor.json --raw-archive experiments/rostam/results/archives/core-20260713-r6-primary-479323107464068dcd682f802686082715d7b9b050789a1a940f890cf2b2de77.raw.tar.gz --baseline-config nccl-2.19.3-default --candidate-config nccl-2.20.5-default --median-threshold-pct 8.0 --median-absolute-threshold-us 1.0
measurement,COMPLETE,false,,core-20260713-r6,5b9f1e3e013e3ee0a8b9c00ede1d5c512f495a184ff6b8ea061312f8f40ea2bd,primary,07f5cc1d4df5bcc7d400bb7aa050bc0a83a60485b8870db5272571d0321a3230,479323107464068dcd682f802686082715d7b9b050789a1a940f890cf2b2de77,c-full-nccl-2.20.5-tree-l-r000002-26efef122e4d43bc,26efef122e4d43bc88f2c55e5d0d1f63ed3539c300333936f692c097d05380ee,a-000001,e6dece135b3bf6b606d1e8c0b1686a4ec075b7dd6cf6f9a176bc93204741007e,nccl-2.20.5-tree-ll128,full,2,9068.032000,256,commcanary.rostam.physical.full-measurement.v1,commcanary.rostam.physical.full-producer.v1,9db61b4ec811614fbe95ad29d954ea76aba43e839b7e703b5c6b6cd25818fa94,0911bbab808a3999b09b0a51a74c38db3ebf82a0,false,,cd6dfc0fdec3604ee547e9316b1e0edbafefce26a6087c3f59e047e43ff7eccc,67fcfb797800005503a668703ee3fc3cf8ef8458e6ed239d7be2a14c5ebd8597,1f3720815beceef15fc01c077cd5a424d2ed34190bdb36503f0a164536e7e098,commcanary-wheel=954c9fe0ef908a448b5343c91e7d58e8785fc20a7fd029b699ca0e252614304d;environment-lock=d4b8b2dc177cb09cea84a5b5a51c99d4510a3270fe70286d2133382fbc4abd8b;param-patch-contract=182942ecf6ed3c0ea267b1660a19be8601c16768640dd6ef3f112601a0b26f34;rostam-catalog=9eeaf8158be866f01a9925b0152abebfcfbc2ea59f830e56556eefdcddaf781b,python -m experiments.rostam.analyze verify --run-directory experiments/rostam/results/core-20260713-r6 --selection-id primary --verdict-sha256 479323107464068dcd682f802686082715d7b9b050789a1a940f890cf2b2de77 --output-directory experiments/rostam/results/publications/core-20260713-r6-primary --archive-descriptor experiments/rostam/results/archives/core-20260713-r6-primary-479323107464068dcd682f802686082715d7b9b050789a1a940f890cf2b2de77.raw-archive-descriptor.json --raw-archive experiments/rostam/results/archives/core-20260713-r6-primary-479323107464068dcd682f802686082715d7b9b050789a1a940f890cf2b2de77.raw.tar.gz --baseline-config nccl-2.19.3-default --candidate-config nccl-2.20.5-default --median-threshold-pct 8.0 --median-absolute-threshold-us 1.0
measurement,COMPLETE,false,,core-20260713-r6,5b9f1e3e013e3ee0a8b9c00ede1d5c512f495a184ff6b8ea061312f8f40ea2bd,primary,07f5cc1d4df5bcc7d400bb7aa050bc0a83a60485b8870db5272571d0321a3230,479323107464068dcd682f802686082715d7b9b050789a1a940f890cf2b2de77,c-full-nccl-2.20.5-tree-l-r000002-39fbcef7bf541e1c,39fbcef7bf541e1c0058c787002ef28eccdf5a67c4a2d2aae0fd3eea3c921452,a-000001,763a1026bf68f7e78bf136d9675605867c32b8d2a1d3509cb3b0857e92aa9297,nccl-2.20.5-tree-ll,full,2,11377.152000,256,commcanary.rostam.physical.full-measurement.v1,commcanary.rostam.physical.full-producer.v1,df2fd5de782d5cf6974b5c57e20ce9999729c4d932caf0074476ef1402603a56,0911bbab808a3999b09b0a51a74c38db3ebf82a0,false,,cd6dfc0fdec3604ee547e9316b1e0edbafefce26a6087c3f59e047e43ff7eccc,8009f36692aea5a9d6fb3d85e1758888eaf3e732fe3c306f9a8a269a6bffa5ce,02712625d8186ac6a188df2ad39c35d3e89aca2d9a6d58d0949eb40aa0928b29,commcanary-wheel=954c9fe0ef908a448b5343c91e7d58e8785fc20a7fd029b699ca0e252614304d;environment-lock=d4b8b2dc177cb09cea84a5b5a51c99d4510a3270fe70286d2133382fbc4abd8b;param-patch-contract=182942ecf6ed3c0ea267b1660a19be8601c16768640dd6ef3f112601a0b26f34;rostam-catalog=9eeaf8158be866f01a9925b0152abebfcfbc2ea59f830e56556eefdcddaf781b,python -m experiments.rostam.analyze verify --run-directory experiments/rostam/results/core-20260713-r6 --selection-id primary --verdict-sha256 479323107464068dcd682f802686082715d7b9b050789a1a940f890cf2b2de77 --output-directory experiments/rostam/results/publications/core-20260713-r6-primary --archive-descriptor experiments/rostam/results/archives/core-20260713-r6-primary-479323107464068dcd682f802686082715d7b9b050789a1a940f890cf2b2de77.raw-archive-descriptor.json --raw-archive experiments/rostam/results/archives/core-20260713-r6-primary-479323107464068dcd682f802686082715d7b9b050789a1a940f890cf2b2de77.raw.tar.gz --baseline-config nccl-2.19.3-default --candidate-config nccl-2.20.5-default --median-threshold-pct 8.0 --median-absolute-threshold-us 1.0
measurement,COMPLETE,false,,core-20260713-r6,5b9f1e3e013e3ee0a8b9c00ede1d5c512f495a184ff6b8ea061312f8f40ea2bd,primary,07f5cc1d4df5bcc7d400bb7aa050bc0a83a60485b8870db5272571d0321a3230,479323107464068dcd682f802686082715d7b9b050789a1a940f890cf2b2de77,c-full-nccl-2.20.5-tree-l-r000003-14c11499144b8d82,14c11499144b8d821b74dd239acb644fa2261bee77f98a26b0b57c1ba25c7b18,a-000001,816d630f8edb010db17ec316f828deabf21d3efc6f1f4928636719633002f6b2,nccl-2.20.5-tree-ll128,full,3,9030.656000,256,commcanary.rostam.physical.full-measurement.v1,commcanary.rostam.physical.full-producer.v1,31b24464c2b40bfb66ceef0d553827046725ae9e097d6a1a68e59df6253e0bd1,0911bbab808a3999b09b0a51a74c38db3ebf82a0,false,,cd6dfc0fdec3604ee547e9316b1e0edbafefce26a6087c3f59e047e43ff7eccc,74da468dd13c689523d68ae67b462b813be860fb0edc68727a80801bf0438bb9,43d7d2b95d789204db336a012796327b40764b73b3099c0bead5cb6b2731a668,commcanary-wheel=954c9fe0ef908a448b5343c91e7d58e8785fc20a7fd029b699ca0e252614304d;environment-lock=d4b8b2dc177cb09cea84a5b5a51c99d4510a3270fe70286d2133382fbc4abd8b;param-patch-contract=182942ecf6ed3c0ea267b1660a19be8601c16768640dd6ef3f112601a0b26f34;rostam-catalog=9eeaf8158be866f01a9925b0152abebfcfbc2ea59f830e56556eefdcddaf781b,python -m experiments.rostam.analyze verify --run-directory experiments/rostam/results/core-20260713-r6 --selection-id primary --verdict-sha256 479323107464068dcd682f802686082715d7b9b050789a1a940f890cf2b2de77 --output-directory experiments/rostam/results/publications/core-20260713-r6-primary --archive-descriptor experiments/rostam/results/archives/core-20260713-r6-primary-479323107464068dcd682f802686082715d7b9b050789a1a940f890cf2b2de77.raw-archive-descriptor.json --raw-archive experiments/rostam/results/archives/core-20260713-r6-primary-479323107464068dcd682f802686082715d7b9b050789a1a940f890cf2b2de77.raw.tar.gz --baseline-config nccl-2.19.3-default --candidate-config nccl-2.20.5-default --median-threshold-pct 8.0 --median-absolute-threshold-us 1.0
measurement,COMPLETE,false,,core-20260713-r6,5b9f1e3e013e3ee0a8b9c00ede1d5c512f495a184ff6b8ea061312f8f40ea2bd,primary,07f5cc1d4df5bcc7d400bb7aa050bc0a83a60485b8870db5272571d0321a3230,479323107464068dcd682f802686082715d7b9b050789a1a940f890cf2b2de77,c-full-nccl-2.20.5-tree-l-r000003-825b6a7454a65fbe,825b6a7454a65fbedc0df27a8a32fecfb7e33d5ee1912f3427723a9453d8872e,a-000001,54186d8df672aa6488515b2092992b0832b0a74ba446f952cd5e30d32f7eeef1,nccl-2.20.5-tree-ll,full,3,14260.224000,256,commcanary.rostam.physical.full-measurement.v1,commcanary.rostam.physical.full-producer.v1,778c54881c122e92e71df830ce907d6c57a95466189b1a5e3108462bfa558081,0911bbab808a3999b09b0a51a74c38db3ebf82a0,false,,cd6dfc0fdec3604ee547e9316b1e0edbafefce26a6087c3f59e047e43ff7eccc,ec87029bebcd54ddf7757eb644dc0f918a3843540a3da24d33798e086dc7b7e7,6a2403c8213ceea6340b07436356aaf4283019e82d636e1ca0b12d9b99f7870d,commcanary-wheel=954c9fe0ef908a448b5343c91e7d58e8785fc20a7fd029b699ca0e252614304d;environment-lock=d4b8b2dc177cb09cea84a5b5a51c99d4510a3270fe70286d2133382fbc4abd8b;param-patch-contract=182942ecf6ed3c0ea267b1660a19be8601c16768640dd6ef3f112601a0b26f34;rostam-catalog=9eeaf8158be866f01a9925b0152abebfcfbc2ea59f830e56556eefdcddaf781b,python -m experiments.rostam.analyze verify --run-directory experiments/rostam/results/core-20260713-r6 --selection-id primary --verdict-sha256 479323107464068dcd682f802686082715d7b9b050789a1a940f890cf2b2de77 --output-directory experiments/rostam/results/publications/core-20260713-r6-primary --archive-descriptor experiments/rostam/results/archives/core-20260713-r6-primary-479323107464068dcd682f802686082715d7b9b050789a1a940f890cf2b2de77.raw-archive-descriptor.json --raw-archive experiments/rostam/results/archives/core-20260713-r6-primary-479323107464068dcd682f802686082715d7b9b050789a1a940f890cf2b2de77.raw.tar.gz --baseline-config nccl-2.19.3-default --candidate-config nccl-2.20.5-default --median-threshold-pct 8.0 --median-absolute-threshold-us 1.0
measurement,COMPLETE,false,,core-20260713-r6,5b9f1e3e013e3ee0a8b9c00ede1d5c512f495a184ff6b8ea061312f8f40ea2bd,primary,07f5cc1d4df5bcc7d400bb7aa050bc0a83a60485b8870db5272571d0321a3230,479323107464068dcd682f802686082715d7b9b050789a1a940f890cf2b2de77,c-full-nccl-2.20.5-tree-l-r000004-19b2724d8d1dd0c3,19b2724d8d1dd0c3fb00992403b10a35387a2aa6859defdd54c2120149e2438a,a-000001,0221ccf336baff522bf21c3c438b48f1344998960d9fe1b0c9d6757ea6629554,nccl-2.20.5-tree-ll128,full,4,9022.976000,256,commcanary.rostam.physical.full-measurement.v1,commcanary.rostam.physical.full-producer.v1,56ed7b1e0849e47d3a0176dcb693130624f465a98c8daa156a685c52dc49911b,0911bbab808a3999b09b0a51a74c38db3ebf82a0,false,,cd6dfc0fdec3604ee547e9316b1e0edbafefce26a6087c3f59e047e43ff7eccc,d3fb521b24db04eb96546f8d0df5133879b0eeeb2b0e403ae941f760c1532d2a,c01601b7c376d51edfb6d1fc9761b3be8a678a5e0532866b8400fa5c8550cf40,commcanary-wheel=954c9fe0ef908a448b5343c91e7d58e8785fc20a7fd029b699ca0e252614304d;environment-lock=d4b8b2dc177cb09cea84a5b5a51c99d4510a3270fe70286d2133382fbc4abd8b;param-patch-contract=182942ecf6ed3c0ea267b1660a19be8601c16768640dd6ef3f112601a0b26f34;rostam-catalog=9eeaf8158be866f01a9925b0152abebfcfbc2ea59f830e56556eefdcddaf781b,python -m experiments.rostam.analyze verify --run-directory experiments/rostam/results/core-20260713-r6 --selection-id primary --verdict-sha256 479323107464068dcd682f802686082715d7b9b050789a1a940f890cf2b2de77 --output-directory experiments/rostam/results/publications/core-20260713-r6-primary --archive-descriptor experiments/rostam/results/archives/core-20260713-r6-primary-479323107464068dcd682f802686082715d7b9b050789a1a940f890cf2b2de77.raw-archive-descriptor.json --raw-archive experiments/rostam/results/archives/core-20260713-r6-primary-479323107464068dcd682f802686082715d7b9b050789a1a940f890cf2b2de77.raw.tar.gz --baseline-config nccl-2.19.3-default --candidate-config nccl-2.20.5-default --median-threshold-pct 8.0 --median-absolute-threshold-us 1.0
measurement,COMPLETE,false,,core-20260713-r6,5b9f1e3e013e3ee0a8b9c00ede1d5c512f495a184ff6b8ea061312f8f40ea2bd,primary,07f5cc1d4df5bcc7d400bb7aa050bc0a83a60485b8870db5272571d0321a3230,479323107464068dcd682f802686082715d7b9b050789a1a940f890cf2b2de77,c-full-nccl-2.20.5-tree-l-r000004-44affb5fc9ed61dd,44affb5fc9ed61dde312e37a3e8c02f7515aca794372b2c2a432aba6e8307561,a-000001,8e7de04e94a5cfc4722fbc2d04468928df47ff14ff816fb2c98a50fde533fb8b,nccl-2.20.5-tree-ll,full,4,12079.104000,256,commcanary.rostam.physical.full-measurement.v1,commcanary.rostam.physical.full-producer.v1,c91527260b59b8860341d61ceb1367c1b89b5dc485bfbaabc724c3c5d1a986d8,0911bbab808a3999b09b0a51a74c38db3ebf82a0,false,,cd6dfc0fdec3604ee547e9316b1e0edbafefce26a6087c3f59e047e43ff7eccc,5b9f20b525e3c837902fc100c922950291f34ca80859d6ef34448f3a199478ae,1765e5fbf857259568980ee838ee85424cc6dd6e545d9858ef0e413129fb7e8e,commcanary-wheel=954c9fe0ef908a448b5343c91e7d58e8785fc20a7fd029b699ca0e252614304d;environment-lock=d4b8b2dc177cb09cea84a5b5a51c99d4510a3270fe70286d2133382fbc4abd8b;param-patch-contract=182942ecf6ed3c0ea267b1660a19be8601c16768640dd6ef3f112601a0b26f34;rostam-catalog=9eeaf8158be866f01a9925b0152abebfcfbc2ea59f830e56556eefdcddaf781b,python -m experiments.rostam.analyze verify --run-directory experiments/rostam/results/core-20260713-r6 --selection-id primary --verdict-sha256 479323107464068dcd682f802686082715d7b9b050789a1a940f890cf2b2de77 --output-directory experiments/rostam/results/publications/core-20260713-r6-primary --archive-descriptor experiments/rostam/results/archives/core-20260713-r6-primary-479323107464068dcd682f802686082715d7b9b050789a1a940f890cf2b2de77.raw-archive-descriptor.json --raw-archive experiments/rostam/results/archives/core-20260713-r6-primary-479323107464068dcd682f802686082715d7b9b050789a1a940f890cf2b2de77.raw.tar.gz --baseline-config nccl-2.19.3-default --candidate-config nccl-2.20.5-default --median-threshold-pct 8.0 --median-absolute-threshold-us 1.0
measurement,COMPLETE,false,,core-20260713-r6,5b9f1e3e013e3ee0a8b9c00ede1d5c512f495a184ff6b8ea061312f8f40ea2bd,primary,07f5cc1d4df5bcc7d400bb7aa050bc0a83a60485b8870db5272571d0321a3230,479323107464068dcd682f802686082715d7b9b050789a1a940f890cf2b2de77,c-full-nccl-2.20.5-tree-s-r000000-f991421ff1435ded,f991421ff1435ded5b8bc3a99842cb628e280254e38b0beadd6300329310db69,a-000001,76713e9b9d24c46fa9a89d5099912b4f5b7552067f10e982c9856566da8c3be8,nccl-2.20.5-tree-simple,full,0,9733.632000,256,commcanary.rostam.physical.full-measurement.v1,commcanary.rostam.physical.full-producer.v1,ea10d052763f40d20cb5baeec980a2cb08fa30c2175abc931433a6daa1fd3cbe,0911bbab808a3999b09b0a51a74c38db3ebf82a0,false,,cd6dfc0fdec3604ee547e9316b1e0edbafefce26a6087c3f59e047e43ff7eccc,28347113bc5389b71e5cfc860270ec8876c4c8f5ff114cf714385029434b3cab,94329687df94881e06a13e21c6b7f2e732a5dfc56c6097d1f302e6cc8f342d36,commcanary-wheel=954c9fe0ef908a448b5343c91e7d58e8785fc20a7fd029b699ca0e252614304d;environment-lock=d4b8b2dc177cb09cea84a5b5a51c99d4510a3270fe70286d2133382fbc4abd8b;param-patch-contract=182942ecf6ed3c0ea267b1660a19be8601c16768640dd6ef3f112601a0b26f34;rostam-catalog=9eeaf8158be866f01a9925b0152abebfcfbc2ea59f830e56556eefdcddaf781b,python -m experiments.rostam.analyze verify --run-directory experiments/rostam/results/core-20260713-r6 --selection-id primary --verdict-sha256 479323107464068dcd682f802686082715d7b9b050789a1a940f890cf2b2de77 --output-directory experiments/rostam/results/publications/core-20260713-r6-primary --archive-descriptor experiments/rostam/results/archives/core-20260713-r6-primary-479323107464068dcd682f802686082715d7b9b050789a1a940f890cf2b2de77.raw-archive-descriptor.json --raw-archive experiments/rostam/results/archives/core-20260713-r6-primary-479323107464068dcd682f802686082715d7b9b050789a1a940f890cf2b2de77.raw.tar.gz --baseline-config nccl-2.19.3-default --candidate-config nccl-2.20.5-default --median-threshold-pct 8.0 --median-absolute-threshold-us 1.0
measurement,COMPLETE,false,,core-20260713-r6,5b9f1e3e013e3ee0a8b9c00ede1d5c512f495a184ff6b8ea061312f8f40ea2bd,primary,07f5cc1d4df5bcc7d400bb7aa050bc0a83a60485b8870db5272571d0321a3230,479323107464068dcd682f802686082715d7b9b050789a1a940f890cf2b2de77,c-full-nccl-2.20.5-tree-s-r000001-7c7f91a715b667ea,7c7f91a715b667eaca62c45f0022d1dad36b43ea066c97f5a1fae86cf3e8c443,a-000001,41eff754a9398b745fe17b9d8dd1ffe162d399c57505913c3dcceb2c336eb989,nccl-2.20.5-tree-simple,full,1,9765.888000,256,commcanary.rostam.physical.full-measurement.v1,commcanary.rostam.physical.full-producer.v1,4393be9c2f58456cf13a22dcbf13ebf3b87dae7cc0ffd90c728675d037da2583,0911bbab808a3999b09b0a51a74c38db3ebf82a0,false,,cd6dfc0fdec3604ee547e9316b1e0edbafefce26a6087c3f59e047e43ff7eccc,8cbb317556ba9f5daec5a2535df1489053dd92d24f8a0db0f6d6f5e69fd88609,f598c04807220db9948d38d60431b6eb596bab59de2ab40362317d3e614a5a84,commcanary-wheel=954c9fe0ef908a448b5343c91e7d58e8785fc20a7fd029b699ca0e252614304d;environment-lock=d4b8b2dc177cb09cea84a5b5a51c99d4510a3270fe70286d2133382fbc4abd8b;param-patch-contract=182942ecf6ed3c0ea267b1660a19be8601c16768640dd6ef3f112601a0b26f34;rostam-catalog=9eeaf8158be866f01a9925b0152abebfcfbc2ea59f830e56556eefdcddaf781b,python -m experiments.rostam.analyze verify --run-directory experiments/rostam/results/core-20260713-r6 --selection-id primary --verdict-sha256 479323107464068dcd682f802686082715d7b9b050789a1a940f890cf2b2de77 --output-directory experiments/rostam/results/publications/core-20260713-r6-primary --archive-descriptor experiments/rostam/results/archives/core-20260713-r6-primary-479323107464068dcd682f802686082715d7b9b050789a1a940f890cf2b2de77.raw-archive-descriptor.json --raw-archive experiments/rostam/results/archives/core-20260713-r6-primary-479323107464068dcd682f802686082715d7b9b050789a1a940f890cf2b2de77.raw.tar.gz --baseline-config nccl-2.19.3-default --candidate-config nccl-2.20.5-default --median-threshold-pct 8.0 --median-absolute-threshold-us 1.0
measurement,COMPLETE,false,,core-20260713-r6,5b9f1e3e013e3ee0a8b9c00ede1d5c512f495a184ff6b8ea061312f8f40ea2bd,primary,07f5cc1d4df5bcc7d400bb7aa050bc0a83a60485b8870db5272571d0321a3230,479323107464068dcd682f802686082715d7b9b050789a1a940f890cf2b2de77,c-full-nccl-2.20.5-tree-s-r000002-89f6b3bd246a2c62,89f6b3bd246a2c62cf2936fbbff494e95edaf4457815051dc39c9eaeb5d2fb9e,a-000001,158a8067d11c599e32895e32d04ae3e81be8d92041c8c57eaeaf205de569bf5e,nccl-2.20.5-tree-simple,full,2,9745.408000,256,commcanary.rostam.physical.full-measurement.v1,commcanary.rostam.physical.full-producer.v1,4d7dafe80402654780a657f333cbec89e6d0a20136fda046313bff7cfe6ca753,0911bbab808a3999b09b0a51a74c38db3ebf82a0,false,,cd6dfc0fdec3604ee547e9316b1e0edbafefce26a6087c3f59e047e43ff7eccc,dcdc390a9844e8422093ea1f303d746c6319edc92ced93f43f5830039117b382,610f66c6c0d7102637bbe0a15e650f87ef910615c6c2ff46965338ac0a1ac75a,commcanary-wheel=954c9fe0ef908a448b5343c91e7d58e8785fc20a7fd029b699ca0e252614304d;environment-lock=d4b8b2dc177cb09cea84a5b5a51c99d4510a3270fe70286d2133382fbc4abd8b;param-patch-contract=182942ecf6ed3c0ea267b1660a19be8601c16768640dd6ef3f112601a0b26f34;rostam-catalog=9eeaf8158be866f01a9925b0152abebfcfbc2ea59f830e56556eefdcddaf781b,python -m experiments.rostam.analyze verify --run-directory experiments/rostam/results/core-20260713-r6 --selection-id primary --verdict-sha256 479323107464068dcd682f802686082715d7b9b050789a1a940f890cf2b2de77 --output-directory experiments/rostam/results/publications/core-20260713-r6-primary --archive-descriptor experiments/rostam/results/archives/core-20260713-r6-primary-479323107464068dcd682f802686082715d7b9b050789a1a940f890cf2b2de77.raw-archive-descriptor.json --raw-archive experiments/rostam/results/archives/core-20260713-r6-primary-479323107464068dcd682f802686082715d7b9b050789a1a940f890cf2b2de77.raw.tar.gz --baseline-config nccl-2.19.3-default --candidate-config nccl-2.20.5-default --median-threshold-pct 8.0 --median-absolute-threshold-us 1.0
measurement,COMPLETE,false,,core-20260713-r6,5b9f1e3e013e3ee0a8b9c00ede1d5c512f495a184ff6b8ea061312f8f40ea2bd,primary,07f5cc1d4df5bcc7d400bb7aa050bc0a83a60485b8870db5272571d0321a3230,479323107464068dcd682f802686082715d7b9b050789a1a940f890cf2b2de77,c-full-nccl-2.20.5-tree-s-r000003-9afc19c1c0eca781,9afc19c1c0eca7819fb722d67831736b918aece7163e2c90bf3c9fd398d68ec1,a-000001,9f2621ab1fef4fb28e3baa89ec00394d47249c8d9143949c755af04d8ffd5a06,nccl-2.20.5-tree-simple,full,3,9925.632000,256,commcanary.rostam.physical.full-measurement.v1,commcanary.rostam.physical.full-producer.v1,05d51322a1ae18f3a3c101a706fdfc164e0ab3e577080b334e177b29cb17d2db,0911bbab808a3999b09b0a51a74c38db3ebf82a0,false,,cd6dfc0fdec3604ee547e9316b1e0edbafefce26a6087c3f59e047e43ff7eccc,43f10405cd92bc5dc2baca8832d66b54fa991b69a1cadb230f622b64687dba97,30c4da0e9f2ecb07105a5dbe1378c35f49c0e144a58e7d6139915cbe07d20c36,commcanary-wheel=954c9fe0ef908a448b5343c91e7d58e8785fc20a7fd029b699ca0e252614304d;environment-lock=d4b8b2dc177cb09cea84a5b5a51c99d4510a3270fe70286d2133382fbc4abd8b;param-patch-contract=182942ecf6ed3c0ea267b1660a19be8601c16768640dd6ef3f112601a0b26f34;rostam-catalog=9eeaf8158be866f01a9925b0152abebfcfbc2ea59f830e56556eefdcddaf781b,python -m experiments.rostam.analyze verify --run-directory experiments/rostam/results/core-20260713-r6 --selection-id primary --verdict-sha256 479323107464068dcd682f802686082715d7b9b050789a1a940f890cf2b2de77 --output-directory experiments/rostam/results/publications/core-20260713-r6-primary --archive-descriptor experiments/rostam/results/archives/core-20260713-r6-primary-479323107464068dcd682f802686082715d7b9b050789a1a940f890cf2b2de77.raw-archive-descriptor.json --raw-archive experiments/rostam/results/archives/core-20260713-r6-primary-479323107464068dcd682f802686082715d7b9b050789a1a940f890cf2b2de77.raw.tar.gz --baseline-config nccl-2.19.3-default --candidate-config nccl-2.20.5-default --median-threshold-pct 8.0 --median-absolute-threshold-us 1.0
measurement,COMPLETE,false,,core-20260713-r6,5b9f1e3e013e3ee0a8b9c00ede1d5c512f495a184ff6b8ea061312f8f40ea2bd,primary,07f5cc1d4df5bcc7d400bb7aa050bc0a83a60485b8870db5272571d0321a3230,479323107464068dcd682f802686082715d7b9b050789a1a940f890cf2b2de77,c-full-nccl-2.20.5-tree-s-r000004-17a0bfea583e035a,17a0bfea583e035af81c68bb2092aa8e789910e96f3e901d4c9426aa37c119c1,a-000001,8e3faf98e513fecd8462925bc9f9582e39a1bfcb0666f65ed44730ec9e9b94e3,nccl-2.20.5-tree-simple,full,4,9776.128000,256,commcanary.rostam.physical.full-measurement.v1,commcanary.rostam.physical.full-producer.v1,acece77ed7a52e292c5ce39fa0c9183118e11aef8803efca8ff96c972d4ccebe,0911bbab808a3999b09b0a51a74c38db3ebf82a0,false,,cd6dfc0fdec3604ee547e9316b1e0edbafefce26a6087c3f59e047e43ff7eccc,51b6a53835dff7b4cc41a63e4d00d7f8cc215b22d14f706ef0573ed36f36832c,7583ffbe40d232c3b4cf9b8d0dcc9e4cab36779450f1cf73f221eaa84d44c166,commcanary-wheel=954c9fe0ef908a448b5343c91e7d58e8785fc20a7fd029b699ca0e252614304d;environment-lock=d4b8b2dc177cb09cea84a5b5a51c99d4510a3270fe70286d2133382fbc4abd8b;param-patch-contract=182942ecf6ed3c0ea267b1660a19be8601c16768640dd6ef3f112601a0b26f34;rostam-catalog=9eeaf8158be866f01a9925b0152abebfcfbc2ea59f830e56556eefdcddaf781b,python -m experiments.rostam.analyze verify --run-directory experiments/rostam/results/core-20260713-r6 --selection-id primary --verdict-sha256 479323107464068dcd682f802686082715d7b9b050789a1a940f890cf2b2de77 --output-directory experiments/rostam/results/publications/core-20260713-r6-primary --archive-descriptor experiments/rostam/results/archives/core-20260713-r6-primary-479323107464068dcd682f802686082715d7b9b050789a1a940f890cf2b2de77.raw-archive-descriptor.json --raw-archive experiments/rostam/results/archives/core-20260713-r6-primary-479323107464068dcd682f802686082715d7b9b050789a1a940f890cf2b2de77.raw.tar.gz --baseline-config nccl-2.19.3-default --candidate-config nccl-2.20.5-default --median-threshold-pct 8.0 --median-absolute-threshold-us 1.0
measurement,COMPLETE,false,,core-20260713-r6,5b9f1e3e013e3ee0a8b9c00ede1d5c512f495a184ff6b8ea061312f8f40ea2bd,primary,07f5cc1d4df5bcc7d400bb7aa050bc0a83a60485b8870db5272571d0321a3230,479323107464068dcd682f802686082715d7b9b050789a1a940f890cf2b2de77,c-micro-nccl-2.19.3-defaul-r000000-e992226ef8bb9af5,e992226ef8bb9af55cf969770051c3c75dce1933524c6dc25b32d0d5dfc14f32,a-000001,8f5d393d70e5f16eb67539ffa006973c558a9a8fb976f9d11378a41597cb975e,nccl-2.19.3-default,micro,0,133.120000,200,commcanary.rostam.physical.micro-measurement.v1,commcanary.rostam.physical.micro-producer.v1,6797b7770648513f692f381d7673c94d03b08040da22c9162a31d55a703ff0b7,0911bbab808a3999b09b0a51a74c38db3ebf82a0,false,,cd6dfc0fdec3604ee547e9316b1e0edbafefce26a6087c3f59e047e43ff7eccc,076dc0df29a022106e3be4cb177d128b35d48cd30c9c6b24352ea71276f160bd,675967b73a66d1c1610ddbe4ec4dda47dc458a50a95cc831ec20793ade43979c,commcanary-wheel=954c9fe0ef908a448b5343c91e7d58e8785fc20a7fd029b699ca0e252614304d;environment-lock=d4b8b2dc177cb09cea84a5b5a51c99d4510a3270fe70286d2133382fbc4abd8b;param-patch-contract=182942ecf6ed3c0ea267b1660a19be8601c16768640dd6ef3f112601a0b26f34;rostam-catalog=9eeaf8158be866f01a9925b0152abebfcfbc2ea59f830e56556eefdcddaf781b,python -m experiments.rostam.analyze verify --run-directory experiments/rostam/results/core-20260713-r6 --selection-id primary --verdict-sha256 479323107464068dcd682f802686082715d7b9b050789a1a940f890cf2b2de77 --output-directory experiments/rostam/results/publications/core-20260713-r6-primary --archive-descriptor experiments/rostam/results/archives/core-20260713-r6-primary-479323107464068dcd682f802686082715d7b9b050789a1a940f890cf2b2de77.raw-archive-descriptor.json --raw-archive experiments/rostam/results/archives/core-20260713-r6-primary-479323107464068dcd682f802686082715d7b9b050789a1a940f890cf2b2de77.raw.tar.gz --baseline-config nccl-2.19.3-default --candidate-config nccl-2.20.5-default --median-threshold-pct 8.0 --median-absolute-threshold-us 1.0
measurement,COMPLETE,false,,core-20260713-r6,5b9f1e3e013e3ee0a8b9c00ede1d5c512f495a184ff6b8ea061312f8f40ea2bd,primary,07f5cc1d4df5bcc7d400bb7aa050bc0a83a60485b8870db5272571d0321a3230,479323107464068dcd682f802686082715d7b9b050789a1a940f890cf2b2de77,c-micro-nccl-2.19.3-defaul-r000001-9c805160752c85d1,9c805160752c85d15f8c36b860d10626af94856c8ff6cf5d76e22a57dd2e5572,a-000001,6e95a9417d792d0d79563c612e1660e7b91568a18d4bb65483849b7f4251afd0,nccl-2.19.3-default,micro,1,129.536000,200,commcanary.rostam.physical.micro-measurement.v1,commcanary.rostam.physical.micro-producer.v1,bd90a8cfa6e718d939c3a8bf65a9c077d2362e0b4f74f6e5b39264da7b596280,0911bbab808a3999b09b0a51a74c38db3ebf82a0,false,,cd6dfc0fdec3604ee547e9316b1e0edbafefce26a6087c3f59e047e43ff7eccc,4b77773fc49139f837a339930325a836ae7619fcc17d0b6db8e757c06d4a8ff2,71beee9ad3ba2cd853fe785c54f22ba128661bf7fdd774ad9516224580d54d9c,commcanary-wheel=954c9fe0ef908a448b5343c91e7d58e8785fc20a7fd029b699ca0e252614304d;environment-lock=d4b8b2dc177cb09cea84a5b5a51c99d4510a3270fe70286d2133382fbc4abd8b;param-patch-contract=182942ecf6ed3c0ea267b1660a19be8601c16768640dd6ef3f112601a0b26f34;rostam-catalog=9eeaf8158be866f01a9925b0152abebfcfbc2ea59f830e56556eefdcddaf781b,python -m experiments.rostam.analyze verify --run-directory experiments/rostam/results/core-20260713-r6 --selection-id primary --verdict-sha256 479323107464068dcd682f802686082715d7b9b050789a1a940f890cf2b2de77 --output-directory experiments/rostam/results/publications/core-20260713-r6-primary --archive-descriptor experiments/rostam/results/archives/core-20260713-r6-primary-479323107464068dcd682f802686082715d7b9b050789a1a940f890cf2b2de77.raw-archive-descriptor.json --raw-archive experiments/rostam/results/archives/core-20260713-r6-primary-479323107464068dcd682f802686082715d7b9b050789a1a940f890cf2b2de77.raw.tar.gz --baseline-config nccl-2.19.3-default --candidate-config nccl-2.20.5-default --median-threshold-pct 8.0 --median-absolute-threshold-us 1.0
measurement,COMPLETE,false,,core-20260713-r6,5b9f1e3e013e3ee0a8b9c00ede1d5c512f495a184ff6b8ea061312f8f40ea2bd,primary,07f5cc1d4df5bcc7d400bb7aa050bc0a83a60485b8870db5272571d0321a3230,479323107464068dcd682f802686082715d7b9b050789a1a940f890cf2b2de77,c-micro-nccl-2.19.3-defaul-r000002-f5633d9f6710c3bb,f5633d9f6710c3bb17892b36248136ed25dd05257a21e77adcf3202357290c41,a-000001,774058e04de255775478e94a72349bd38964171c989a12a4fcfd80843f9388b1,nccl-2.19.3-default,micro,2,132.096000,200,commcanary.rostam.physical.micro-measurement.v1,commcanary.rostam.physical.micro-producer.v1,4936f1655cf6100e162629696c23d4ee1ab10cbf867ef30fb3f2b27f539793ae,0911bbab808a3999b09b0a51a74c38db3ebf82a0,false,,cd6dfc0fdec3604ee547e9316b1e0edbafefce26a6087c3f59e047e43ff7eccc,6935f4f5d08beaa6f434d7a021381ab5c01578b1c7de75912903debb20356b8d,6d58700cdf8be8a2b7ae2a9c74805d82ca30b61c7911d8c97567bfa15315f077,commcanary-wheel=954c9fe0ef908a448b5343c91e7d58e8785fc20a7fd029b699ca0e252614304d;environment-lock=d4b8b2dc177cb09cea84a5b5a51c99d4510a3270fe70286d2133382fbc4abd8b;param-patch-contract=182942ecf6ed3c0ea267b1660a19be8601c16768640dd6ef3f112601a0b26f34;rostam-catalog=9eeaf8158be866f01a9925b0152abebfcfbc2ea59f830e56556eefdcddaf781b,python -m experiments.rostam.analyze verify --run-directory experiments/rostam/results/core-20260713-r6 --selection-id primary --verdict-sha256 479323107464068dcd682f802686082715d7b9b050789a1a940f890cf2b2de77 --output-directory experiments/rostam/results/publications/core-20260713-r6-primary --archive-descriptor experiments/rostam/results/archives/core-20260713-r6-primary-479323107464068dcd682f802686082715d7b9b050789a1a940f890cf2b2de77.raw-archive-descriptor.json --raw-archive experiments/rostam/results/archives/core-20260713-r6-primary-479323107464068dcd682f802686082715d7b9b050789a1a940f890cf2b2de77.raw.tar.gz --baseline-config nccl-2.19.3-default --candidate-config nccl-2.20.5-default --median-threshold-pct 8.0 --median-absolute-threshold-us 1.0
measurement,COMPLETE,false,,core-20260713-r6,5b9f1e3e013e3ee0a8b9c00ede1d5c512f495a184ff6b8ea061312f8f40ea2bd,primary,07f5cc1d4df5bcc7d400bb7aa050bc0a83a60485b8870db5272571d0321a3230,479323107464068dcd682f802686082715d7b9b050789a1a940f890cf2b2de77,c-micro-nccl-2.19.3-defaul-r000003-52709035ca9ed056,52709035ca9ed0565175903955db95a873754ed424d133f2efa0e2e56ea55ca3,a-000001,523338d76b78b88272cf117735a398dd5f505617c3588ee2a4c3410579e3ae6f,nccl-2.19.3-default,micro,3,132.608000,200,commcanary.rostam.physical.micro-measurement.v1,commcanary.rostam.physical.micro-producer.v1,a473e7870677032cc2ed9a9a8d10dc4c88e0303f4abdd8a1bd2b88ba36c024b5,0911bbab808a3999b09b0a51a74c38db3ebf82a0,false,,cd6dfc0fdec3604ee547e9316b1e0edbafefce26a6087c3f59e047e43ff7eccc,d09b3f5961bf93195c608042e668c181e7875662c9ad412e0d40519e62c15ea2,2ef92566d5e80635aa9408e59b0cfa0f19cadaa0fa1289ead7ce70eb1c7f95fb,commcanary-wheel=954c9fe0ef908a448b5343c91e7d58e8785fc20a7fd029b699ca0e252614304d;environment-lock=d4b8b2dc177cb09cea84a5b5a51c99d4510a3270fe70286d2133382fbc4abd8b;param-patch-contract=182942ecf6ed3c0ea267b1660a19be8601c16768640dd6ef3f112601a0b26f34;rostam-catalog=9eeaf8158be866f01a9925b0152abebfcfbc2ea59f830e56556eefdcddaf781b,python -m experiments.rostam.analyze verify --run-directory experiments/rostam/results/core-20260713-r6 --selection-id primary --verdict-sha256 479323107464068dcd682f802686082715d7b9b050789a1a940f890cf2b2de77 --output-directory experiments/rostam/results/publications/core-20260713-r6-primary --archive-descriptor experiments/rostam/results/archives/core-20260713-r6-primary-479323107464068dcd682f802686082715d7b9b050789a1a940f890cf2b2de77.raw-archive-descriptor.json --raw-archive experiments/rostam/results/archives/core-20260713-r6-primary-479323107464068dcd682f802686082715d7b9b050789a1a940f890cf2b2de77.raw.tar.gz --baseline-config nccl-2.19.3-default --candidate-config nccl-2.20.5-default --median-threshold-pct 8.0 --median-absolute-threshold-us 1.0
measurement,COMPLETE,false,,core-20260713-r6,5b9f1e3e013e3ee0a8b9c00ede1d5c512f495a184ff6b8ea061312f8f40ea2bd,primary,07f5cc1d4df5bcc7d400bb7aa050bc0a83a60485b8870db5272571d0321a3230,479323107464068dcd682f802686082715d7b9b050789a1a940f890cf2b2de77,c-micro-nccl-2.19.3-defaul-r000004-e5b6dd665d9f30f0,e5b6dd665d9f30f043bae83ca9390a9695ce20715e5d23231868858a8aa3d255,a-000001,6eda713ab75c9d8eea2b8ed7b3476801185b7e0a196f6a892202a9a881c13f9f,nccl-2.19.3-default,micro,4,132.608000,200,commcanary.rostam.physical.micro-measurement.v1,commcanary.rostam.physical.micro-producer.v1,e67c608333b16c183cc410561619862bd1b05c60b9bf1da776415cc6635c1821,0911bbab808a3999b09b0a51a74c38db3ebf82a0,false,,cd6dfc0fdec3604ee547e9316b1e0edbafefce26a6087c3f59e047e43ff7eccc,9a3a6328f5e29e73d1378d98d76ee4cd48014b274f7a4d4954f5081d1050a005,d61927f67afd47f52da76e711325649d914fb466446dcca1ca1f85cb6d61edd3,commcanary-wheel=954c9fe0ef908a448b5343c91e7d58e8785fc20a7fd029b699ca0e252614304d;environment-lock=d4b8b2dc177cb09cea84a5b5a51c99d4510a3270fe70286d2133382fbc4abd8b;param-patch-contract=182942ecf6ed3c0ea267b1660a19be8601c16768640dd6ef3f112601a0b26f34;rostam-catalog=9eeaf8158be866f01a9925b0152abebfcfbc2ea59f830e56556eefdcddaf781b,python -m experiments.rostam.analyze verify --run-directory experiments/rostam/results/core-20260713-r6 --selection-id primary --verdict-sha256 479323107464068dcd682f802686082715d7b9b050789a1a940f890cf2b2de77 --output-directory experiments/rostam/results/publications/core-20260713-r6-primary --archive-descriptor experiments/rostam/results/archives/core-20260713-r6-primary-479323107464068dcd682f802686082715d7b9b050789a1a940f890cf2b2de77.raw-archive-descriptor.json --raw-archive experiments/rostam/results/archives/core-20260713-r6-primary-479323107464068dcd682f802686082715d7b9b050789a1a940f890cf2b2de77.raw.tar.gz --baseline-config nccl-2.19.3-default --candidate-config nccl-2.20.5-default --median-threshold-pct 8.0 --median-absolute-threshold-us 1.0
measurement,COMPLETE,false,,core-20260713-r6,5b9f1e3e013e3ee0a8b9c00ede1d5c512f495a184ff6b8ea061312f8f40ea2bd,primary,07f5cc1d4df5bcc7d400bb7aa050bc0a83a60485b8870db5272571d0321a3230,479323107464068dcd682f802686082715d7b9b050789a1a940f890cf2b2de77,c-micro-nccl-2.20.5-defaul-r000000-72419c956835067f,72419c956835067fca765f1641bfda34f6b74a8dcdcdd28f1b6ebf36fdbdda25,a-000001,b012895f40aa91ddd7ab59fcc740d1940d4188a66c6605d95f0d9e6e67bf3c5a,nccl-2.20.5-default,micro,0,131.072000,200,commcanary.rostam.physical.micro-measurement.v1,commcanary.rostam.physical.micro-producer.v1,55927309d76375f195f0e5c27e2ad6d4012cab2d1f993a16ea5f0a4327501ea7,0911bbab808a3999b09b0a51a74c38db3ebf82a0,false,,cd6dfc0fdec3604ee547e9316b1e0edbafefce26a6087c3f59e047e43ff7eccc,1d3c0681b9491d301c2c18857fd30f45384e4e24845b1a863b5154771ba2b6f2,906b69491193ded8d6e626e6fa08a32e1b9658f3e2f620156ab205b7248b9f46,commcanary-wheel=954c9fe0ef908a448b5343c91e7d58e8785fc20a7fd029b699ca0e252614304d;environment-lock=d4b8b2dc177cb09cea84a5b5a51c99d4510a3270fe70286d2133382fbc4abd8b;param-patch-contract=182942ecf6ed3c0ea267b1660a19be8601c16768640dd6ef3f112601a0b26f34;rostam-catalog=9eeaf8158be866f01a9925b0152abebfcfbc2ea59f830e56556eefdcddaf781b,python -m experiments.rostam.analyze verify --run-directory experiments/rostam/results/core-20260713-r6 --selection-id primary --verdict-sha256 479323107464068dcd682f802686082715d7b9b050789a1a940f890cf2b2de77 --output-directory experiments/rostam/results/publications/core-20260713-r6-primary --archive-descriptor experiments/rostam/results/archives/core-20260713-r6-primary-479323107464068dcd682f802686082715d7b9b050789a1a940f890cf2b2de77.raw-archive-descriptor.json --raw-archive experiments/rostam/results/archives/core-20260713-r6-primary-479323107464068dcd682f802686082715d7b9b050789a1a940f890cf2b2de77.raw.tar.gz --baseline-config nccl-2.19.3-default --candidate-config nccl-2.20.5-default --median-threshold-pct 8.0 --median-absolute-threshold-us 1.0
measurement,COMPLETE,false,,core-20260713-r6,5b9f1e3e013e3ee0a8b9c00ede1d5c512f495a184ff6b8ea061312f8f40ea2bd,primary,07f5cc1d4df5bcc7d400bb7aa050bc0a83a60485b8870db5272571d0321a3230,479323107464068dcd682f802686082715d7b9b050789a1a940f890cf2b2de77,c-micro-nccl-2.20.5-defaul-r000001-ba022e11ce348981,ba022e11ce3489813d5a8fca9ce622f20bd9c1ab37fb0a46b4258cd3087f2826,a-000001,06a2d9b8c146a62752a36bd5c43a994a1f00da9cd5293321b27d0f7790c45d2e,nccl-2.20.5-default,micro,1,129.024000,200,commcanary.rostam.physical.micro-measurement.v1,commcanary.rostam.physical.micro-producer.v1,aa4fb329fa1802027757be3e5be31ea58fb9696aa4d695fdac497b55754f0971,0911bbab808a3999b09b0a51a74c38db3ebf82a0,false,,cd6dfc0fdec3604ee547e9316b1e0edbafefce26a6087c3f59e047e43ff7eccc,c3e162da2c2eee50b64739c1fb763053c2c2ae7f35dbf856ee4beb98fc2a021c,4885f82fbbf2c1876d002cbe1ff01521e0331e0a529587b12fa6121e0cb7fb6a,commcanary-wheel=954c9fe0ef908a448b5343c91e7d58e8785fc20a7fd029b699ca0e252614304d;environment-lock=d4b8b2dc177cb09cea84a5b5a51c99d4510a3270fe70286d2133382fbc4abd8b;param-patch-contract=182942ecf6ed3c0ea267b1660a19be8601c16768640dd6ef3f112601a0b26f34;rostam-catalog=9eeaf8158be866f01a9925b0152abebfcfbc2ea59f830e56556eefdcddaf781b,python -m experiments.rostam.analyze verify --run-directory experiments/rostam/results/core-20260713-r6 --selection-id primary --verdict-sha256 479323107464068dcd682f802686082715d7b9b050789a1a940f890cf2b2de77 --output-directory experiments/rostam/results/publications/core-20260713-r6-primary --archive-descriptor experiments/rostam/results/archives/core-20260713-r6-primary-479323107464068dcd682f802686082715d7b9b050789a1a940f890cf2b2de77.raw-archive-descriptor.json --raw-archive experiments/rostam/results/archives/core-20260713-r6-primary-479323107464068dcd682f802686082715d7b9b050789a1a940f890cf2b2de77.raw.tar.gz --baseline-config nccl-2.19.3-default --candidate-config nccl-2.20.5-default --median-threshold-pct 8.0 --median-absolute-threshold-us 1.0
measurement,COMPLETE,false,,core-20260713-r6,5b9f1e3e013e3ee0a8b9c00ede1d5c512f495a184ff6b8ea061312f8f40ea2bd,primary,07f5cc1d4df5bcc7d400bb7aa050bc0a83a60485b8870db5272571d0321a3230,479323107464068dcd682f802686082715d7b9b050789a1a940f890cf2b2de77,c-micro-nccl-2.20.5-defaul-r000002-b9224a6c7960819c,b9224a6c7960819c2ed146242b38245aafb6105be5b52f74c267e78fd116ca08,a-000001,390cbee929a9dc9022e164fc131488c48b0a7441444c722dc7b6c02617cf846c,nccl-2.20.5-default,micro,2,133.120000,200,commcanary.rostam.physical.micro-measurement.v1,commcanary.rostam.physical.micro-producer.v1,2c9835fdb3b74b091621a10518eaf0e5110db4043853d0b2ae970e4846d6968f,0911bbab808a3999b09b0a51a74c38db3ebf82a0,false,,cd6dfc0fdec3604ee547e9316b1e0edbafefce26a6087c3f59e047e43ff7eccc,ecedf1ae15ed49710fd4b4a3b3442457733c30be612c5de3cf98163264c1f7b8,e008ce973502731e1f55f19a7f320cedf0dce8b041698d6ea170d197af2ed787,commcanary-wheel=954c9fe0ef908a448b5343c91e7d58e8785fc20a7fd029b699ca0e252614304d;environment-lock=d4b8b2dc177cb09cea84a5b5a51c99d4510a3270fe70286d2133382fbc4abd8b;param-patch-contract=182942ecf6ed3c0ea267b1660a19be8601c16768640dd6ef3f112601a0b26f34;rostam-catalog=9eeaf8158be866f01a9925b0152abebfcfbc2ea59f830e56556eefdcddaf781b,python -m experiments.rostam.analyze verify --run-directory experiments/rostam/results/core-20260713-r6 --selection-id primary --verdict-sha256 479323107464068dcd682f802686082715d7b9b050789a1a940f890cf2b2de77 --output-directory experiments/rostam/results/publications/core-20260713-r6-primary --archive-descriptor experiments/rostam/results/archives/core-20260713-r6-primary-479323107464068dcd682f802686082715d7b9b050789a1a940f890cf2b2de77.raw-archive-descriptor.json --raw-archive experiments/rostam/results/archives/core-20260713-r6-primary-479323107464068dcd682f802686082715d7b9b050789a1a940f890cf2b2de77.raw.tar.gz --baseline-config nccl-2.19.3-default --candidate-config nccl-2.20.5-default --median-threshold-pct 8.0 --median-absolute-threshold-us 1.0
measurement,COMPLETE,false,,core-20260713-r6,5b9f1e3e013e3ee0a8b9c00ede1d5c512f495a184ff6b8ea061312f8f40ea2bd,primary,07f5cc1d4df5bcc7d400bb7aa050bc0a83a60485b8870db5272571d0321a3230,479323107464068dcd682f802686082715d7b9b050789a1a940f890cf2b2de77,c-micro-nccl-2.20.5-defaul-r000003-6a55fddbe8b15ea9,6a55fddbe8b15ea9df053ef38c418de298c9679222cf2a86b0aa0f7429bdbfdb,a-000001,7c2fbc7ef74186a99c531e6a70ee8605b179f71bf38368d948960f03d8cbe6f8,nccl-2.20.5-default,micro,3,132.096000,200,commcanary.rostam.physical.micro-measurement.v1,commcanary.rostam.physical.micro-producer.v1,86524f2746d036251b65bd89a4abe059ceb620689713975b36217b2d963cb74a,0911bbab808a3999b09b0a51a74c38db3ebf82a0,false,,cd6dfc0fdec3604ee547e9316b1e0edbafefce26a6087c3f59e047e43ff7eccc,aaccf52197adeaf7d4399c4d7e9d3a87154cdcf9c4d18da720e3b5354236dba8,850921a9795ff99d420acd5e11a0169427c48e4db13c9f53f193906af34b449c,commcanary-wheel=954c9fe0ef908a448b5343c91e7d58e8785fc20a7fd029b699ca0e252614304d;environment-lock=d4b8b2dc177cb09cea84a5b5a51c99d4510a3270fe70286d2133382fbc4abd8b;param-patch-contract=182942ecf6ed3c0ea267b1660a19be8601c16768640dd6ef3f112601a0b26f34;rostam-catalog=9eeaf8158be866f01a9925b0152abebfcfbc2ea59f830e56556eefdcddaf781b,python -m experiments.rostam.analyze verify --run-directory experiments/rostam/results/core-20260713-r6 --selection-id primary --verdict-sha256 479323107464068dcd682f802686082715d7b9b050789a1a940f890cf2b2de77 --output-directory experiments/rostam/results/publications/core-20260713-r6-primary --archive-descriptor experiments/rostam/results/archives/core-20260713-r6-primary-479323107464068dcd682f802686082715d7b9b050789a1a940f890cf2b2de77.raw-archive-descriptor.json --raw-archive experiments/rostam/results/archives/core-20260713-r6-primary-479323107464068dcd682f802686082715d7b9b050789a1a940f890cf2b2de77.raw.tar.gz --baseline-config nccl-2.19.3-default --candidate-config nccl-2.20.5-default --median-threshold-pct 8.0 --median-absolute-threshold-us 1.0
measurement,COMPLETE,false,,core-20260713-r6,5b9f1e3e013e3ee0a8b9c00ede1d5c512f495a184ff6b8ea061312f8f40ea2bd,primary,07f5cc1d4df5bcc7d400bb7aa050bc0a83a60485b8870db5272571d0321a3230,479323107464068dcd682f802686082715d7b9b050789a1a940f890cf2b2de77,c-micro-nccl-2.20.5-defaul-r000004-bda693fb5c1aba74,bda693fb5c1aba74e0039b4121122bee30d520830a405b8414df2c115c4ecac5,a-000001,f91fa961b86f6097f46fe0b177ae61b4594cb45ddebb5ffea042ca81ccb08ab2,nccl-2.20.5-default,micro,4,130.048000,200,commcanary.rostam.physical.micro-measurement.v1,commcanary.rostam.physical.micro-producer.v1,b0bfa81beec268ab27f5d7402f589a3cd69559250efe7d19751a1c8fc2cdd0fc,0911bbab808a3999b09b0a51a74c38db3ebf82a0,false,,cd6dfc0fdec3604ee547e9316b1e0edbafefce26a6087c3f59e047e43ff7eccc,d8a426fb145dee3e7aaf1ffa56cbcb01c78579af78a40047cad924eaf2deac3d,079e296db382d30a089b711bbf45894f57bd7bec7336fd6d5e7b313bd32b8a2c,commcanary-wheel=954c9fe0ef908a448b5343c91e7d58e8785fc20a7fd029b699ca0e252614304d;environment-lock=d4b8b2dc177cb09cea84a5b5a51c99d4510a3270fe70286d2133382fbc4abd8b;param-patch-contract=182942ecf6ed3c0ea267b1660a19be8601c16768640dd6ef3f112601a0b26f34;rostam-catalog=9eeaf8158be866f01a9925b0152abebfcfbc2ea59f830e56556eefdcddaf781b,python -m experiments.rostam.analyze verify --run-directory experiments/rostam/results/core-20260713-r6 --selection-id primary --verdict-sha256 479323107464068dcd682f802686082715d7b9b050789a1a940f890cf2b2de77 --output-directory experiments/rostam/results/publications/core-20260713-r6-primary --archive-descriptor experiments/rostam/results/archives/core-20260713-r6-primary-479323107464068dcd682f802686082715d7b9b050789a1a940f890cf2b2de77.raw-archive-descriptor.json --raw-archive experiments/rostam/results/archives/core-20260713-r6-primary-479323107464068dcd682f802686082715d7b9b050789a1a940f890cf2b2de77.raw.tar.gz --baseline-config nccl-2.19.3-default --candidate-config nccl-2.20.5-default --median-threshold-pct 8.0 --median-absolute-threshold-us 1.0
measurement,COMPLETE,false,,core-20260713-r6,5b9f1e3e013e3ee0a8b9c00ede1d5c512f495a184ff6b8ea061312f8f40ea2bd,primary,07f5cc1d4df5bcc7d400bb7aa050bc0a83a60485b8870db5272571d0321a3230,479323107464068dcd682f802686082715d7b9b050789a1a940f890cf2b2de77,c-micro-nccl-2.20.5-ring-l-r000000-959495231c45c101,959495231c45c101f133825967cdba1767c06c62d50967f582e51ef4c099fb5b,a-000001,5575e954214b50a23a791e34c0ed3305153489ac4e95af8722a90cdbc775390b,nccl-2.20.5-ring-ll,micro,0,106.496000,200,commcanary.rostam.physical.micro-measurement.v1,commcanary.rostam.physical.micro-producer.v1,f0dabce2ebe10e5ce6fa02f56da1b6fa4209536539cb2540cce962b99c08801d,0911bbab808a3999b09b0a51a74c38db3ebf82a0,false,,cd6dfc0fdec3604ee547e9316b1e0edbafefce26a6087c3f59e047e43ff7eccc,18b4db2f69ca513512652e1185e901b922149810cae3dbbf0e272d7fd6c5334c,59fd79c6bfb2ce9b8b513bc7a496dfa4acffa53c700f13f3e528aca531939df8,commcanary-wheel=954c9fe0ef908a448b5343c91e7d58e8785fc20a7fd029b699ca0e252614304d;environment-lock=d4b8b2dc177cb09cea84a5b5a51c99d4510a3270fe70286d2133382fbc4abd8b;param-patch-contract=182942ecf6ed3c0ea267b1660a19be8601c16768640dd6ef3f112601a0b26f34;rostam-catalog=9eeaf8158be866f01a9925b0152abebfcfbc2ea59f830e56556eefdcddaf781b,python -m experiments.rostam.analyze verify --run-directory experiments/rostam/results/core-20260713-r6 --selection-id primary --verdict-sha256 479323107464068dcd682f802686082715d7b9b050789a1a940f890cf2b2de77 --output-directory experiments/rostam/results/publications/core-20260713-r6-primary --archive-descriptor experiments/rostam/results/archives/core-20260713-r6-primary-479323107464068dcd682f802686082715d7b9b050789a1a940f890cf2b2de77.raw-archive-descriptor.json --raw-archive experiments/rostam/results/archives/core-20260713-r6-primary-479323107464068dcd682f802686082715d7b9b050789a1a940f890cf2b2de77.raw.tar.gz --baseline-config nccl-2.19.3-default --candidate-config nccl-2.20.5-default --median-threshold-pct 8.0 --median-absolute-threshold-us 1.0
measurement,COMPLETE,false,,core-20260713-r6,5b9f1e3e013e3ee0a8b9c00ede1d5c512f495a184ff6b8ea061312f8f40ea2bd,primary,07f5cc1d4df5bcc7d400bb7aa050bc0a83a60485b8870db5272571d0321a3230,479323107464068dcd682f802686082715d7b9b050789a1a940f890cf2b2de77,c-micro-nccl-2.20.5-ring-l-r000000-d0894126638c4eec,d0894126638c4eec01da0c7899fe5a1f35d1adbcf97a9f66651576ffffe99754,a-000001,5a15f78676a21a08f40c994a5142da91f5c597a6a2d352dd3a048ceb6547b3c5,nccl-2.20.5-ring-ll128,micro,0,111.616000,200,commcanary.rostam.physical.micro-measurement.v1,commcanary.rostam.physical.micro-producer.v1,59550c5237c54167dc00549936b8652a6f09485a5a3c74c96e2d0f1a1a481ca8,0911bbab808a3999b09b0a51a74c38db3ebf82a0,false,,cd6dfc0fdec3604ee547e9316b1e0edbafefce26a6087c3f59e047e43ff7eccc,4de72805b5e1aad3d5690cab1fdc3e2c8c867e7a70abbc9cae99c6891fda6c36,352be385ded1bf28a6cbe598ddb32b71a96f73d3a02c02471233a7aa9b5e2a51,commcanary-wheel=954c9fe0ef908a448b5343c91e7d58e8785fc20a7fd029b699ca0e252614304d;environment-lock=d4b8b2dc177cb09cea84a5b5a51c99d4510a3270fe70286d2133382fbc4abd8b;param-patch-contract=182942ecf6ed3c0ea267b1660a19be8601c16768640dd6ef3f112601a0b26f34;rostam-catalog=9eeaf8158be866f01a9925b0152abebfcfbc2ea59f830e56556eefdcddaf781b,python -m experiments.rostam.analyze verify --run-directory experiments/rostam/results/core-20260713-r6 --selection-id primary --verdict-sha256 479323107464068dcd682f802686082715d7b9b050789a1a940f890cf2b2de77 --output-directory experiments/rostam/results/publications/core-20260713-r6-primary --archive-descriptor experiments/rostam/results/archives/core-20260713-r6-primary-479323107464068dcd682f802686082715d7b9b050789a1a940f890cf2b2de77.raw-archive-descriptor.json --raw-archive experiments/rostam/results/archives/core-20260713-r6-primary-479323107464068dcd682f802686082715d7b9b050789a1a940f890cf2b2de77.raw.tar.gz --baseline-config nccl-2.19.3-default --candidate-config nccl-2.20.5-default --median-threshold-pct 8.0 --median-absolute-threshold-us 1.0
measurement,COMPLETE,false,,core-20260713-r6,5b9f1e3e013e3ee0a8b9c00ede1d5c512f495a184ff6b8ea061312f8f40ea2bd,primary,07f5cc1d4df5bcc7d400bb7aa050bc0a83a60485b8870db5272571d0321a3230,479323107464068dcd682f802686082715d7b9b050789a1a940f890cf2b2de77,c-micro-nccl-2.20.5-ring-l-r000001-eba5952440e376d4,eba5952440e376d42b33c54f01470146eb9cb1e0826967e4a5e56fd54fb97b86,a-000001,0cdfb1943aec9bf00a81af1b615f0afcf6b587373f7dd4df24f291730b8a00c6,nccl-2.20.5-ring-ll128,micro,1,110.592000,200,commcanary.rostam.physical.micro-measurement.v1,commcanary.rostam.physical.micro-producer.v1,221a9bb191039483fa723bf3a4fa4182519ed77eef5c6f1d7d473751ce6a8245,0911bbab808a3999b09b0a51a74c38db3ebf82a0,false,,cd6dfc0fdec3604ee547e9316b1e0edbafefce26a6087c3f59e047e43ff7eccc,8f0979c74fd1cbc67e878a428f0772deaebbcd22bd32afa15aa493a9e8e7c567,9eb0364eb183457d7945d6d66e7d530a42f7afe78045a9bc5e0cf12efb0d673a,commcanary-wheel=954c9fe0ef908a448b5343c91e7d58e8785fc20a7fd029b699ca0e252614304d;environment-lock=d4b8b2dc177cb09cea84a5b5a51c99d4510a3270fe70286d2133382fbc4abd8b;param-patch-contract=182942ecf6ed3c0ea267b1660a19be8601c16768640dd6ef3f112601a0b26f34;rostam-catalog=9eeaf8158be866f01a9925b0152abebfcfbc2ea59f830e56556eefdcddaf781b,python -m experiments.rostam.analyze verify --run-directory experiments/rostam/results/core-20260713-r6 --selection-id primary --verdict-sha256 479323107464068dcd682f802686082715d7b9b050789a1a940f890cf2b2de77 --output-directory experiments/rostam/results/publications/core-20260713-r6-primary --archive-descriptor experiments/rostam/results/archives/core-20260713-r6-primary-479323107464068dcd682f802686082715d7b9b050789a1a940f890cf2b2de77.raw-archive-descriptor.json --raw-archive experiments/rostam/results/archives/core-20260713-r6-primary-479323107464068dcd682f802686082715d7b9b050789a1a940f890cf2b2de77.raw.tar.gz --baseline-config nccl-2.19.3-default --candidate-config nccl-2.20.5-default --median-threshold-pct 8.0 --median-absolute-threshold-us 1.0
measurement,COMPLETE,false,,core-20260713-r6,5b9f1e3e013e3ee0a8b9c00ede1d5c512f495a184ff6b8ea061312f8f40ea2bd,primary,07f5cc1d4df5bcc7d400bb7aa050bc0a83a60485b8870db5272571d0321a3230,479323107464068dcd682f802686082715d7b9b050789a1a940f890cf2b2de77,c-micro-nccl-2.20.5-ring-l-r000001-ed9eb8ae50efed00,ed9eb8ae50efed004c40e00b626f150899e562f1b67f08bb2753b3eb1f1d7e80,a-000001,789e7f2d7505ce0f1a392a3f6bbad9468609a37ef06b49f833dd928e10ce0f00,nccl-2.20.5-ring-ll,micro,1,104.448000,200,commcanary.rostam.physical.micro-measurement.v1,commcanary.rostam.physical.micro-producer.v1,da14f5e97f25a09a02b1f98ba5de880fabb5e4ff0916bd6dca64c161f57ccbec,0911bbab808a3999b09b0a51a74c38db3ebf82a0,false,,cd6dfc0fdec3604ee547e9316b1e0edbafefce26a6087c3f59e047e43ff7eccc,c3f1bc825703f4acfb31f1e87ca4088661fbc92dc5c182ef004e4aa46b17e1bf,c8bef590895b0a096164e243e1584009d80c32391ae3a60b14e1f0b7a8a51873,commcanary-wheel=954c9fe0ef908a448b5343c91e7d58e8785fc20a7fd029b699ca0e252614304d;environment-lock=d4b8b2dc177cb09cea84a5b5a51c99d4510a3270fe70286d2133382fbc4abd8b;param-patch-contract=182942ecf6ed3c0ea267b1660a19be8601c16768640dd6ef3f112601a0b26f34;rostam-catalog=9eeaf8158be866f01a9925b0152abebfcfbc2ea59f830e56556eefdcddaf781b,python -m experiments.rostam.analyze verify --run-directory experiments/rostam/results/core-20260713-r6 --selection-id primary --verdict-sha256 479323107464068dcd682f802686082715d7b9b050789a1a940f890cf2b2de77 --output-directory experiments/rostam/results/publications/core-20260713-r6-primary --archive-descriptor experiments/rostam/results/archives/core-20260713-r6-primary-479323107464068dcd682f802686082715d7b9b050789a1a940f890cf2b2de77.raw-archive-descriptor.json --raw-archive experiments/rostam/results/archives/core-20260713-r6-primary-479323107464068dcd682f802686082715d7b9b050789a1a940f890cf2b2de77.raw.tar.gz --baseline-config nccl-2.19.3-default --candidate-config nccl-2.20.5-default --median-threshold-pct 8.0 --median-absolute-threshold-us 1.0
measurement,COMPLETE,false,,core-20260713-r6,5b9f1e3e013e3ee0a8b9c00ede1d5c512f495a184ff6b8ea061312f8f40ea2bd,primary,07f5cc1d4df5bcc7d400bb7aa050bc0a83a60485b8870db5272571d0321a3230,479323107464068dcd682f802686082715d7b9b050789a1a940f890cf2b2de77,c-micro-nccl-2.20.5-ring-l-r000002-79db0debfbd8e028,79db0debfbd8e0286d2ff27512698c972df0b6caa2f9cf031bdfbedf1cb95aaf,a-000001,0d5627a43b161581c56c2528d533450d9ce1a7872c30d4b8959c590c3241a1e9,nccl-2.20.5-ring-ll,micro,2,106.496000,200,commcanary.rostam.physical.micro-measurement.v1,commcanary.rostam.physical.micro-producer.v1,41005e2e68ef324b264c861019628b62f936a9431ed2efda3ff6604d09f9e05e,0911bbab808a3999b09b0a51a74c38db3ebf82a0,false,,cd6dfc0fdec3604ee547e9316b1e0edbafefce26a6087c3f59e047e43ff7eccc,2ff5dfc9a1bfee77a1dcdb729262df67c7d29b7c19a0f89320b1dd232f7571a0,7d0685bacf2e5c1f086ee5cde5cdd6a2d25bfa5aceb912b100605b3ee7e1408f,commcanary-wheel=954c9fe0ef908a448b5343c91e7d58e8785fc20a7fd029b699ca0e252614304d;environment-lock=d4b8b2dc177cb09cea84a5b5a51c99d4510a3270fe70286d2133382fbc4abd8b;param-patch-contract=182942ecf6ed3c0ea267b1660a19be8601c16768640dd6ef3f112601a0b26f34;rostam-catalog=9eeaf8158be866f01a9925b0152abebfcfbc2ea59f830e56556eefdcddaf781b,python -m experiments.rostam.analyze verify --run-directory experiments/rostam/results/core-20260713-r6 --selection-id primary --verdict-sha256 479323107464068dcd682f802686082715d7b9b050789a1a940f890cf2b2de77 --output-directory experiments/rostam/results/publications/core-20260713-r6-primary --archive-descriptor experiments/rostam/results/archives/core-20260713-r6-primary-479323107464068dcd682f802686082715d7b9b050789a1a940f890cf2b2de77.raw-archive-descriptor.json --raw-archive experiments/rostam/results/archives/core-20260713-r6-primary-479323107464068dcd682f802686082715d7b9b050789a1a940f890cf2b2de77.raw.tar.gz --baseline-config nccl-2.19.3-default --candidate-config nccl-2.20.5-default --median-threshold-pct 8.0 --median-absolute-threshold-us 1.0
measurement,COMPLETE,false,,core-20260713-r6,5b9f1e3e013e3ee0a8b9c00ede1d5c512f495a184ff6b8ea061312f8f40ea2bd,primary,07f5cc1d4df5bcc7d400bb7aa050bc0a83a60485b8870db5272571d0321a3230,479323107464068dcd682f802686082715d7b9b050789a1a940f890cf2b2de77,c-micro-nccl-2.20.5-ring-l-r000002-dea33a37f511697c,dea33a37f511697cec1d7b085a75f69719e68a6573be23956625ecfe4a835c87,a-000001,8a49c6949061de1bcd027fbd13e08c1595eb48b2ae89bacbb89cb93c9ba388a5,nccl-2.20.5-ring-ll128,micro,2,111.616000,200,commcanary.rostam.physical.micro-measurement.v1,commcanary.rostam.physical.micro-producer.v1,ec63d3e4a29ee5de2bc58633ad2f3b6423328ec35cb86cd3b738b4d8db8a9d23,0911bbab808a3999b09b0a51a74c38db3ebf82a0,false,,cd6dfc0fdec3604ee547e9316b1e0edbafefce26a6087c3f59e047e43ff7eccc,ac8e6a2c668410faa0f03ea335c5132dc083f6659b5fe2d45480d29db85d5079,eed203f56115321f1a6a09da5b81b0bd3063cc5d9e6c25a24672491e5f1fa46e,commcanary-wheel=954c9fe0ef908a448b5343c91e7d58e8785fc20a7fd029b699ca0e252614304d;environment-lock=d4b8b2dc177cb09cea84a5b5a51c99d4510a3270fe70286d2133382fbc4abd8b;param-patch-contract=182942ecf6ed3c0ea267b1660a19be8601c16768640dd6ef3f112601a0b26f34;rostam-catalog=9eeaf8158be866f01a9925b0152abebfcfbc2ea59f830e56556eefdcddaf781b,python -m experiments.rostam.analyze verify --run-directory experiments/rostam/results/core-20260713-r6 --selection-id primary --verdict-sha256 479323107464068dcd682f802686082715d7b9b050789a1a940f890cf2b2de77 --output-directory experiments/rostam/results/publications/core-20260713-r6-primary --archive-descriptor experiments/rostam/results/archives/core-20260713-r6-primary-479323107464068dcd682f802686082715d7b9b050789a1a940f890cf2b2de77.raw-archive-descriptor.json --raw-archive experiments/rostam/results/archives/core-20260713-r6-primary-479323107464068dcd682f802686082715d7b9b050789a1a940f890cf2b2de77.raw.tar.gz --baseline-config nccl-2.19.3-default --candidate-config nccl-2.20.5-default --median-threshold-pct 8.0 --median-absolute-threshold-us 1.0
measurement,COMPLETE,false,,core-20260713-r6,5b9f1e3e013e3ee0a8b9c00ede1d5c512f495a184ff6b8ea061312f8f40ea2bd,primary,07f5cc1d4df5bcc7d400bb7aa050bc0a83a60485b8870db5272571d0321a3230,479323107464068dcd682f802686082715d7b9b050789a1a940f890cf2b2de77,c-micro-nccl-2.20.5-ring-l-r000003-54b104712c0686bf,54b104712c0686bf05a780145492979eaac47fd5643e94e97db29cd720c5aaff,a-000001,adb79c5a655977be16f3b326bb6dbbc6322888e14fcdce4b268887a533ed38e2,nccl-2.20.5-ring-ll,micro,3,108.544000,200,commcanary.rostam.physical.micro-measurement.v1,commcanary.rostam.physical.micro-producer.v1,3604d5a60685f3c33e9afd7b6d5633b14a918a4098e926cd8fb2248f2902391c,0911bbab808a3999b09b0a51a74c38db3ebf82a0,false,,cd6dfc0fdec3604ee547e9316b1e0edbafefce26a6087c3f59e047e43ff7eccc,05d9e1cd5654ce1f72d2214ed6ace5e1c412c1a741f03936c41405212d598922,330e94a39eef22b9e62b8bcde2fc397966eac6310c472a1fee2aab8cdb6a531b,commcanary-wheel=954c9fe0ef908a448b5343c91e7d58e8785fc20a7fd029b699ca0e252614304d;environment-lock=d4b8b2dc177cb09cea84a5b5a51c99d4510a3270fe70286d2133382fbc4abd8b;param-patch-contract=182942ecf6ed3c0ea267b1660a19be8601c16768640dd6ef3f112601a0b26f34;rostam-catalog=9eeaf8158be866f01a9925b0152abebfcfbc2ea59f830e56556eefdcddaf781b,python -m experiments.rostam.analyze verify --run-directory experiments/rostam/results/core-20260713-r6 --selection-id primary --verdict-sha256 479323107464068dcd682f802686082715d7b9b050789a1a940f890cf2b2de77 --output-directory experiments/rostam/results/publications/core-20260713-r6-primary --archive-descriptor experiments/rostam/results/archives/core-20260713-r6-primary-479323107464068dcd682f802686082715d7b9b050789a1a940f890cf2b2de77.raw-archive-descriptor.json --raw-archive experiments/rostam/results/archives/core-20260713-r6-primary-479323107464068dcd682f802686082715d7b9b050789a1a940f890cf2b2de77.raw.tar.gz --baseline-config nccl-2.19.3-default --candidate-config nccl-2.20.5-default --median-threshold-pct 8.0 --median-absolute-threshold-us 1.0
measurement,COMPLETE,false,,core-20260713-r6,5b9f1e3e013e3ee0a8b9c00ede1d5c512f495a184ff6b8ea061312f8f40ea2bd,primary,07f5cc1d4df5bcc7d400bb7aa050bc0a83a60485b8870db5272571d0321a3230,479323107464068dcd682f802686082715d7b9b050789a1a940f890cf2b2de77,c-micro-nccl-2.20.5-ring-l-r000003-77851cd945dcf015,77851cd945dcf0157fa24719321a6264d8ad6d16d3c1dc951c6bd1e247e36ecc,a-000001,64451ce44dadb19333aef55d25d0d9e6b6d2f9947a117bd85645d4230771d7f3,nccl-2.20.5-ring-ll128,micro,3,112.640000,200,commcanary.rostam.physical.micro-measurement.v1,commcanary.rostam.physical.micro-producer.v1,1273b3f387a837d688561cfc4489f67588fa0aa74d4c72919ec41a1ae02127a3,0911bbab808a3999b09b0a51a74c38db3ebf82a0,false,,cd6dfc0fdec3604ee547e9316b1e0edbafefce26a6087c3f59e047e43ff7eccc,ddda69a79e96fe280418157c3630873a87fa16a0fd0c8698d33da3d9ad4c2fff,1fd2bdef959cb0700ca67f2ca16911391abb1a9584fb7fda570ca9765a297fa3,commcanary-wheel=954c9fe0ef908a448b5343c91e7d58e8785fc20a7fd029b699ca0e252614304d;environment-lock=d4b8b2dc177cb09cea84a5b5a51c99d4510a3270fe70286d2133382fbc4abd8b;param-patch-contract=182942ecf6ed3c0ea267b1660a19be8601c16768640dd6ef3f112601a0b26f34;rostam-catalog=9eeaf8158be866f01a9925b0152abebfcfbc2ea59f830e56556eefdcddaf781b,python -m experiments.rostam.analyze verify --run-directory experiments/rostam/results/core-20260713-r6 --selection-id primary --verdict-sha256 479323107464068dcd682f802686082715d7b9b050789a1a940f890cf2b2de77 --output-directory experiments/rostam/results/publications/core-20260713-r6-primary --archive-descriptor experiments/rostam/results/archives/core-20260713-r6-primary-479323107464068dcd682f802686082715d7b9b050789a1a940f890cf2b2de77.raw-archive-descriptor.json --raw-archive experiments/rostam/results/archives/core-20260713-r6-primary-479323107464068dcd682f802686082715d7b9b050789a1a940f890cf2b2de77.raw.tar.gz --baseline-config nccl-2.19.3-default --candidate-config nccl-2.20.5-default --median-threshold-pct 8.0 --median-absolute-threshold-us 1.0
measurement,COMPLETE,false,,core-20260713-r6,5b9f1e3e013e3ee0a8b9c00ede1d5c512f495a184ff6b8ea061312f8f40ea2bd,primary,07f5cc1d4df5bcc7d400bb7aa050bc0a83a60485b8870db5272571d0321a3230,479323107464068dcd682f802686082715d7b9b050789a1a940f890cf2b2de77,c-micro-nccl-2.20.5-ring-l-r000004-00cd5178fa12fe78,00cd5178fa12fe785831621bb98c86f26857aafe350d34506ad67cd4b4aebc83,a-000001,591d96c6bb64d02dca14905a10515a50c30dde7017343d478b5445bd1d42fb32,nccl-2.20.5-ring-ll,micro,4,106.496000,200,commcanary.rostam.physical.micro-measurement.v1,commcanary.rostam.physical.micro-producer.v1,2c3a396c6d327e9c37c1305983a28c5bf05c2db30802f7942fc85c9008d3ad1a,0911bbab808a3999b09b0a51a74c38db3ebf82a0,false,,cd6dfc0fdec3604ee547e9316b1e0edbafefce26a6087c3f59e047e43ff7eccc,823bd3e8cb6bed6e2ef6c3bcf7b532b8f0afca16abfcc5dd4de867cd47188ec8,0dc3df06d7e14179dc60ad28b76e1fc94e5ba2764ecb0268e6d84ab9b7f30a84,commcanary-wheel=954c9fe0ef908a448b5343c91e7d58e8785fc20a7fd029b699ca0e252614304d;environment-lock=d4b8b2dc177cb09cea84a5b5a51c99d4510a3270fe70286d2133382fbc4abd8b;param-patch-contract=182942ecf6ed3c0ea267b1660a19be8601c16768640dd6ef3f112601a0b26f34;rostam-catalog=9eeaf8158be866f01a9925b0152abebfcfbc2ea59f830e56556eefdcddaf781b,python -m experiments.rostam.analyze verify --run-directory experiments/rostam/results/core-20260713-r6 --selection-id primary --verdict-sha256 479323107464068dcd682f802686082715d7b9b050789a1a940f890cf2b2de77 --output-directory experiments/rostam/results/publications/core-20260713-r6-primary --archive-descriptor experiments/rostam/results/archives/core-20260713-r6-primary-479323107464068dcd682f802686082715d7b9b050789a1a940f890cf2b2de77.raw-archive-descriptor.json --raw-archive experiments/rostam/results/archives/core-20260713-r6-primary-479323107464068dcd682f802686082715d7b9b050789a1a940f890cf2b2de77.raw.tar.gz --baseline-config nccl-2.19.3-default --candidate-config nccl-2.20.5-default --median-threshold-pct 8.0 --median-absolute-threshold-us 1.0
measurement,COMPLETE,false,,core-20260713-r6,5b9f1e3e013e3ee0a8b9c00ede1d5c512f495a184ff6b8ea061312f8f40ea2bd,primary,07f5cc1d4df5bcc7d400bb7aa050bc0a83a60485b8870db5272571d0321a3230,479323107464068dcd682f802686082715d7b9b050789a1a940f890cf2b2de77,c-micro-nccl-2.20.5-ring-l-r000004-95854a90266f7ff4,95854a90266f7ff453010124e18b9a5e7bcf0135c910197aea844009a7c1ab66,a-000001,4254344f7116640300d7b6d1d6b5a7fb285c62e9d92f10f6fbacedd9e87173fc,nccl-2.20.5-ring-ll128,micro,4,110.592000,200,commcanary.rostam.physical.micro-measurement.v1,commcanary.rostam.physical.micro-producer.v1,c66ad1d2c2713c58fdaa358889caa692ff7e3589285e56695ed73a4091821789,0911bbab808a3999b09b0a51a74c38db3ebf82a0,false,,cd6dfc0fdec3604ee547e9316b1e0edbafefce26a6087c3f59e047e43ff7eccc,357369e8dafbd4f28716f2b43f7ad737f79825fb174f0a31c398f65812af7901,ff9a2c215643f85b5edbdcb0aadb61a32c3bbfed8744ab3def2b9b8f2fdd89d6,commcanary-wheel=954c9fe0ef908a448b5343c91e7d58e8785fc20a7fd029b699ca0e252614304d;environment-lock=d4b8b2dc177cb09cea84a5b5a51c99d4510a3270fe70286d2133382fbc4abd8b;param-patch-contract=182942ecf6ed3c0ea267b1660a19be8601c16768640dd6ef3f112601a0b26f34;rostam-catalog=9eeaf8158be866f01a9925b0152abebfcfbc2ea59f830e56556eefdcddaf781b,python -m experiments.rostam.analyze verify --run-directory experiments/rostam/results/core-20260713-r6 --selection-id primary --verdict-sha256 479323107464068dcd682f802686082715d7b9b050789a1a940f890cf2b2de77 --output-directory experiments/rostam/results/publications/core-20260713-r6-primary --archive-descriptor experiments/rostam/results/archives/core-20260713-r6-primary-479323107464068dcd682f802686082715d7b9b050789a1a940f890cf2b2de77.raw-archive-descriptor.json --raw-archive experiments/rostam/results/archives/core-20260713-r6-primary-479323107464068dcd682f802686082715d7b9b050789a1a940f890cf2b2de77.raw.tar.gz --baseline-config nccl-2.19.3-default --candidate-config nccl-2.20.5-default --median-threshold-pct 8.0 --median-absolute-threshold-us 1.0
measurement,COMPLETE,false,,core-20260713-r6,5b9f1e3e013e3ee0a8b9c00ede1d5c512f495a184ff6b8ea061312f8f40ea2bd,primary,07f5cc1d4df5bcc7d400bb7aa050bc0a83a60485b8870db5272571d0321a3230,479323107464068dcd682f802686082715d7b9b050789a1a940f890cf2b2de77,c-micro-nccl-2.20.5-ring-s-r000000-afd9f118cb0ccf46,afd9f118cb0ccf469745e06fc83403aee21bd96ce525fd69d719e162a7e93f37,a-000001,54a2da12005799e393e54d5d2b7c63927253bb6fad8f294af299ba287d97496f,nccl-2.20.5-ring-simple,micro,0,130.048000,200,commcanary.rostam.physical.micro-measurement.v1,commcanary.rostam.physical.micro-producer.v1,5055c49f4c7a2dd592bd9619d1e014cd64371508f68a7eaa1dc251878682887e,0911bbab808a3999b09b0a51a74c38db3ebf82a0,false,,cd6dfc0fdec3604ee547e9316b1e0edbafefce26a6087c3f59e047e43ff7eccc,2c60c09250d04dc047d5fbe43b5adf379b4e333affa1f17c6695383f72a4d942,eba77a045f2799dd9b6cc96ad5541c124f491d981a0f14dc7c544f0236636b4e,commcanary-wheel=954c9fe0ef908a448b5343c91e7d58e8785fc20a7fd029b699ca0e252614304d;environment-lock=d4b8b2dc177cb09cea84a5b5a51c99d4510a3270fe70286d2133382fbc4abd8b;param-patch-contract=182942ecf6ed3c0ea267b1660a19be8601c16768640dd6ef3f112601a0b26f34;rostam-catalog=9eeaf8158be866f01a9925b0152abebfcfbc2ea59f830e56556eefdcddaf781b,python -m experiments.rostam.analyze verify --run-directory experiments/rostam/results/core-20260713-r6 --selection-id primary --verdict-sha256 479323107464068dcd682f802686082715d7b9b050789a1a940f890cf2b2de77 --output-directory experiments/rostam/results/publications/core-20260713-r6-primary --archive-descriptor experiments/rostam/results/archives/core-20260713-r6-primary-479323107464068dcd682f802686082715d7b9b050789a1a940f890cf2b2de77.raw-archive-descriptor.json --raw-archive experiments/rostam/results/archives/core-20260713-r6-primary-479323107464068dcd682f802686082715d7b9b050789a1a940f890cf2b2de77.raw.tar.gz --baseline-config nccl-2.19.3-default --candidate-config nccl-2.20.5-default --median-threshold-pct 8.0 --median-absolute-threshold-us 1.0
measurement,COMPLETE,false,,core-20260713-r6,5b9f1e3e013e3ee0a8b9c00ede1d5c512f495a184ff6b8ea061312f8f40ea2bd,primary,07f5cc1d4df5bcc7d400bb7aa050bc0a83a60485b8870db5272571d0321a3230,479323107464068dcd682f802686082715d7b9b050789a1a940f890cf2b2de77,c-micro-nccl-2.20.5-ring-s-r000001-fed208e7ee009fe7,fed208e7ee009fe781d01a7626386f8c2c0323e71f743a71349a3afade8adf6f,a-000001,a82c2df8e91f59138ceb300989c6313842a9ae1ff40453dd18bee5b3e1f1c32e,nccl-2.20.5-ring-simple,micro,1,131.584000,200,commcanary.rostam.physical.micro-measurement.v1,commcanary.rostam.physical.micro-producer.v1,d3e7fcf4ae046f1ccbe6fdf28ea7aa77ee1793d0348d195fb4a6833eff52e58f,0911bbab808a3999b09b0a51a74c38db3ebf82a0,false,,cd6dfc0fdec3604ee547e9316b1e0edbafefce26a6087c3f59e047e43ff7eccc,5737ad4692a321dcb7b965e3625a7cd728d02cec55dc2a62fe2896f61b28fc21,04f0bb7cd4f71bdb6f53a83c99f8580b1a25a495a5ae99307d543e2dd62c6771,commcanary-wheel=954c9fe0ef908a448b5343c91e7d58e8785fc20a7fd029b699ca0e252614304d;environment-lock=d4b8b2dc177cb09cea84a5b5a51c99d4510a3270fe70286d2133382fbc4abd8b;param-patch-contract=182942ecf6ed3c0ea267b1660a19be8601c16768640dd6ef3f112601a0b26f34;rostam-catalog=9eeaf8158be866f01a9925b0152abebfcfbc2ea59f830e56556eefdcddaf781b,python -m experiments.rostam.analyze verify --run-directory experiments/rostam/results/core-20260713-r6 --selection-id primary --verdict-sha256 479323107464068dcd682f802686082715d7b9b050789a1a940f890cf2b2de77 --output-directory experiments/rostam/results/publications/core-20260713-r6-primary --archive-descriptor experiments/rostam/results/archives/core-20260713-r6-primary-479323107464068dcd682f802686082715d7b9b050789a1a940f890cf2b2de77.raw-archive-descriptor.json --raw-archive experiments/rostam/results/archives/core-20260713-r6-primary-479323107464068dcd682f802686082715d7b9b050789a1a940f890cf2b2de77.raw.tar.gz --baseline-config nccl-2.19.3-default --candidate-config nccl-2.20.5-default --median-threshold-pct 8.0 --median-absolute-threshold-us 1.0
measurement,COMPLETE,false,,core-20260713-r6,5b9f1e3e013e3ee0a8b9c00ede1d5c512f495a184ff6b8ea061312f8f40ea2bd,primary,07f5cc1d4df5bcc7d400bb7aa050bc0a83a60485b8870db5272571d0321a3230,479323107464068dcd682f802686082715d7b9b050789a1a940f890cf2b2de77,c-micro-nccl-2.20.5-ring-s-r000002-851e6270bb1b0afb,851e6270bb1b0afbe3df475dfb72cbdbcf4356a1b71ea7114ebd7c10166a3f59,a-000001,175901bbb4a7e7c3adc91174b7339a9edee637c7697d14d5176eb759cff2a497,nccl-2.20.5-ring-simple,micro,2,132.096000,200,commcanary.rostam.physical.micro-measurement.v1,commcanary.rostam.physical.micro-producer.v1,9648049d28fab2d0f57ce01be10de32e33fbade12acdfc7f762880f7b12b36e5,0911bbab808a3999b09b0a51a74c38db3ebf82a0,false,,cd6dfc0fdec3604ee547e9316b1e0edbafefce26a6087c3f59e047e43ff7eccc,8c4a7df510f8e50dde41fab7ec1a495478b2e54a2841425091d6fbff9d2baefb,ddbecb32076136e209d0a7d75108121549ed69dc86d97458a1ce53ae01317155,commcanary-wheel=954c9fe0ef908a448b5343c91e7d58e8785fc20a7fd029b699ca0e252614304d;environment-lock=d4b8b2dc177cb09cea84a5b5a51c99d4510a3270fe70286d2133382fbc4abd8b;param-patch-contract=182942ecf6ed3c0ea267b1660a19be8601c16768640dd6ef3f112601a0b26f34;rostam-catalog=9eeaf8158be866f01a9925b0152abebfcfbc2ea59f830e56556eefdcddaf781b,python -m experiments.rostam.analyze verify --run-directory experiments/rostam/results/core-20260713-r6 --selection-id primary --verdict-sha256 479323107464068dcd682f802686082715d7b9b050789a1a940f890cf2b2de77 --output-directory experiments/rostam/results/publications/core-20260713-r6-primary --archive-descriptor experiments/rostam/results/archives/core-20260713-r6-primary-479323107464068dcd682f802686082715d7b9b050789a1a940f890cf2b2de77.raw-archive-descriptor.json --raw-archive experiments/rostam/results/archives/core-20260713-r6-primary-479323107464068dcd682f802686082715d7b9b050789a1a940f890cf2b2de77.raw.tar.gz --baseline-config nccl-2.19.3-default --candidate-config nccl-2.20.5-default --median-threshold-pct 8.0 --median-absolute-threshold-us 1.0
measurement,COMPLETE,false,,core-20260713-r6,5b9f1e3e013e3ee0a8b9c00ede1d5c512f495a184ff6b8ea061312f8f40ea2bd,primary,07f5cc1d4df5bcc7d400bb7aa050bc0a83a60485b8870db5272571d0321a3230,479323107464068dcd682f802686082715d7b9b050789a1a940f890cf2b2de77,c-micro-nccl-2.20.5-ring-s-r000003-b99197c9455fa76f,b99197c9455fa76f2d135f53b83e868b0c83e9d30b1d49179c8e8d3a54c22464,a-000001,9c31e36e4f44bb56bf883c9cb1e5af2543d602ae1d918116b56639696bec95ad,nccl-2.20.5-ring-simple,micro,3,132.096000,200,commcanary.rostam.physical.micro-measurement.v1,commcanary.rostam.physical.micro-producer.v1,431fbea0759db7f596013c60bfd621e8b99ae3b676fe74556c10a9bf8428f830,0911bbab808a3999b09b0a51a74c38db3ebf82a0,false,,cd6dfc0fdec3604ee547e9316b1e0edbafefce26a6087c3f59e047e43ff7eccc,56a2ac8fe4150181e7ee271f17af8a1ec4d116653aa9b64db4d2d904e7a349d6,4faeb8442786d0c25f97dfae704021a3ec85be14e19e6ee23d8cfff4189ebf11,commcanary-wheel=954c9fe0ef908a448b5343c91e7d58e8785fc20a7fd029b699ca0e252614304d;environment-lock=d4b8b2dc177cb09cea84a5b5a51c99d4510a3270fe70286d2133382fbc4abd8b;param-patch-contract=182942ecf6ed3c0ea267b1660a19be8601c16768640dd6ef3f112601a0b26f34;rostam-catalog=9eeaf8158be866f01a9925b0152abebfcfbc2ea59f830e56556eefdcddaf781b,python -m experiments.rostam.analyze verify --run-directory experiments/rostam/results/core-20260713-r6 --selection-id primary --verdict-sha256 479323107464068dcd682f802686082715d7b9b050789a1a940f890cf2b2de77 --output-directory experiments/rostam/results/publications/core-20260713-r6-primary --archive-descriptor experiments/rostam/results/archives/core-20260713-r6-primary-479323107464068dcd682f802686082715d7b9b050789a1a940f890cf2b2de77.raw-archive-descriptor.json --raw-archive experiments/rostam/results/archives/core-20260713-r6-primary-479323107464068dcd682f802686082715d7b9b050789a1a940f890cf2b2de77.raw.tar.gz --baseline-config nccl-2.19.3-default --candidate-config nccl-2.20.5-default --median-threshold-pct 8.0 --median-absolute-threshold-us 1.0
measurement,COMPLETE,false,,core-20260713-r6,5b9f1e3e013e3ee0a8b9c00ede1d5c512f495a184ff6b8ea061312f8f40ea2bd,primary,07f5cc1d4df5bcc7d400bb7aa050bc0a83a60485b8870db5272571d0321a3230,479323107464068dcd682f802686082715d7b9b050789a1a940f890cf2b2de77,c-micro-nccl-2.20.5-ring-s-r000004-c42831ccb75189d7,c42831ccb75189d70b5c8ba66ef908d863e59f12d9cd96f1b3da081fd0ed5532,a-000001,57ec29c55ca4773962d2f30ff62ad1b1a1fd283f925b09eef1560b07dd0df8ff,nccl-2.20.5-ring-simple,micro,4,132.096000,200,commcanary.rostam.physical.micro-measurement.v1,commcanary.rostam.physical.micro-producer.v1,89fb558b04fc793a0a856b18d33de31cb4d6830c512c9ebd80d72a49f44408f0,0911bbab808a3999b09b0a51a74c38db3ebf82a0,false,,cd6dfc0fdec3604ee547e9316b1e0edbafefce26a6087c3f59e047e43ff7eccc,c381c272f49cb059b2ffec981e4a24268a99003b86221f6c2b7a2706a8060891,36ae234515380466966db27d0ff88afec6c221583f5623dd7c6a3eed874c8026,commcanary-wheel=954c9fe0ef908a448b5343c91e7d58e8785fc20a7fd029b699ca0e252614304d;environment-lock=d4b8b2dc177cb09cea84a5b5a51c99d4510a3270fe70286d2133382fbc4abd8b;param-patch-contract=182942ecf6ed3c0ea267b1660a19be8601c16768640dd6ef3f112601a0b26f34;rostam-catalog=9eeaf8158be866f01a9925b0152abebfcfbc2ea59f830e56556eefdcddaf781b,python -m experiments.rostam.analyze verify --run-directory experiments/rostam/results/core-20260713-r6 --selection-id primary --verdict-sha256 479323107464068dcd682f802686082715d7b9b050789a1a940f890cf2b2de77 --output-directory experiments/rostam/results/publications/core-20260713-r6-primary --archive-descriptor experiments/rostam/results/archives/core-20260713-r6-primary-479323107464068dcd682f802686082715d7b9b050789a1a940f890cf2b2de77.raw-archive-descriptor.json --raw-archive experiments/rostam/results/archives/core-20260713-r6-primary-479323107464068dcd682f802686082715d7b9b050789a1a940f890cf2b2de77.raw.tar.gz --baseline-config nccl-2.19.3-default --candidate-config nccl-2.20.5-default --median-threshold-pct 8.0 --median-absolute-threshold-us 1.0
measurement,COMPLETE,false,,core-20260713-r6,5b9f1e3e013e3ee0a8b9c00ede1d5c512f495a184ff6b8ea061312f8f40ea2bd,primary,07f5cc1d4df5bcc7d400bb7aa050bc0a83a60485b8870db5272571d0321a3230,479323107464068dcd682f802686082715d7b9b050789a1a940f890cf2b2de77,c-micro-nccl-2.20.5-tree-l-r000000-6084a435cc764ebf,6084a435cc764ebf87705c025a6590866395ca9d2ca463aaaa5ca0fcfdf90139,a-000001,ce9ff5f10037fa8d5b68594e966e8e10b1d760980d0fe667c68adb78bf9ab554,nccl-2.20.5-tree-ll,micro,0,150.528000,200,commcanary.rostam.physical.micro-measurement.v1,commcanary.rostam.physical.micro-producer.v1,3aab6d32b4271a278741921b9841d70caed713514134fbf327b202cfb9622301,0911bbab808a3999b09b0a51a74c38db3ebf82a0,false,,cd6dfc0fdec3604ee547e9316b1e0edbafefce26a6087c3f59e047e43ff7eccc,09902458d0bf8aa06094034aca72c467292655e3faa2681bf121b8ad77631a88,54f76b28ccfa9d70ae37c30b62d0e21fd00c5eff3dcf51b56ee7cdf6d0972e3e,commcanary-wheel=954c9fe0ef908a448b5343c91e7d58e8785fc20a7fd029b699ca0e252614304d;environment-lock=d4b8b2dc177cb09cea84a5b5a51c99d4510a3270fe70286d2133382fbc4abd8b;param-patch-contract=182942ecf6ed3c0ea267b1660a19be8601c16768640dd6ef3f112601a0b26f34;rostam-catalog=9eeaf8158be866f01a9925b0152abebfcfbc2ea59f830e56556eefdcddaf781b,python -m experiments.rostam.analyze verify --run-directory experiments/rostam/results/core-20260713-r6 --selection-id primary --verdict-sha256 479323107464068dcd682f802686082715d7b9b050789a1a940f890cf2b2de77 --output-directory experiments/rostam/results/publications/core-20260713-r6-primary --archive-descriptor experiments/rostam/results/archives/core-20260713-r6-primary-479323107464068dcd682f802686082715d7b9b050789a1a940f890cf2b2de77.raw-archive-descriptor.json --raw-archive experiments/rostam/results/archives/core-20260713-r6-primary-479323107464068dcd682f802686082715d7b9b050789a1a940f890cf2b2de77.raw.tar.gz --baseline-config nccl-2.19.3-default --candidate-config nccl-2.20.5-default --median-threshold-pct 8.0 --median-absolute-threshold-us 1.0
measurement,COMPLETE,false,,core-20260713-r6,5b9f1e3e013e3ee0a8b9c00ede1d5c512f495a184ff6b8ea061312f8f40ea2bd,primary,07f5cc1d4df5bcc7d400bb7aa050bc0a83a60485b8870db5272571d0321a3230,479323107464068dcd682f802686082715d7b9b050789a1a940f890cf2b2de77,c-micro-nccl-2.20.5-tree-l-r000000-f33669d86ee6e76e,f33669d86ee6e76e8a356ed5b6c99e9a5e2743753fce1e1a883f2a2c7b24cf03,a-000001,a7b1c40b9a82511876c391ef83fac873137522bbdc1b560a811e0814670153b1,nccl-2.20.5-tree-ll128,micro,0,156.672000,200,commcanary.rostam.physical.micro-measurement.v1,commcanary.rostam.physical.micro-producer.v1,1d1159e22fea67bc1b035bb5378c3474dc50c3793bfc95f72c37e09e1662b506,0911bbab808a3999b09b0a51a74c38db3ebf82a0,false,,cd6dfc0fdec3604ee547e9316b1e0edbafefce26a6087c3f59e047e43ff7eccc,76e3cdeccf08f78d2f2cd5f2505d7379a7f6121fefa91e4c1e65e834444fc94b,3d068280812b7749348e9c322a8b2f8c89a1fbdbcfb610e14be4f3daea90c032,commcanary-wheel=954c9fe0ef908a448b5343c91e7d58e8785fc20a7fd029b699ca0e252614304d;environment-lock=d4b8b2dc177cb09cea84a5b5a51c99d4510a3270fe70286d2133382fbc4abd8b;param-patch-contract=182942ecf6ed3c0ea267b1660a19be8601c16768640dd6ef3f112601a0b26f34;rostam-catalog=9eeaf8158be866f01a9925b0152abebfcfbc2ea59f830e56556eefdcddaf781b,python -m experiments.rostam.analyze verify --run-directory experiments/rostam/results/core-20260713-r6 --selection-id primary --verdict-sha256 479323107464068dcd682f802686082715d7b9b050789a1a940f890cf2b2de77 --output-directory experiments/rostam/results/publications/core-20260713-r6-primary --archive-descriptor experiments/rostam/results/archives/core-20260713-r6-primary-479323107464068dcd682f802686082715d7b9b050789a1a940f890cf2b2de77.raw-archive-descriptor.json --raw-archive experiments/rostam/results/archives/core-20260713-r6-primary-479323107464068dcd682f802686082715d7b9b050789a1a940f890cf2b2de77.raw.tar.gz --baseline-config nccl-2.19.3-default --candidate-config nccl-2.20.5-default --median-threshold-pct 8.0 --median-absolute-threshold-us 1.0
measurement,COMPLETE,false,,core-20260713-r6,5b9f1e3e013e3ee0a8b9c00ede1d5c512f495a184ff6b8ea061312f8f40ea2bd,primary,07f5cc1d4df5bcc7d400bb7aa050bc0a83a60485b8870db5272571d0321a3230,479323107464068dcd682f802686082715d7b9b050789a1a940f890cf2b2de77,c-micro-nccl-2.20.5-tree-l-r000001-37e0c036d57b3c96,37e0c036d57b3c96c85dae928e108b19c184488e75913fe02e680f448b86a82e,a-000001,3180c072fc195eab139adddf42191e48dac70eddbc6e0e6c7de72b8e89dcc59e,nccl-2.20.5-tree-ll,micro,1,155.136000,200,commcanary.rostam.physical.micro-measurement.v1,commcanary.rostam.physical.micro-producer.v1,58720c6fcf016a2bb0b34c47b489f839fc79aa2c2822a6df8e6e3f283efeebfe,0911bbab808a3999b09b0a51a74c38db3ebf82a0,false,,cd6dfc0fdec3604ee547e9316b1e0edbafefce26a6087c3f59e047e43ff7eccc,a75e4701e190235d0111ca5d7e2cfa78e07828c6adfafed068a0eb4fcf7f50bb,2ff1334c9c7163546112efa1d8eec2e2e7f2444cb61b7e8b02f4bc0b14238900,commcanary-wheel=954c9fe0ef908a448b5343c91e7d58e8785fc20a7fd029b699ca0e252614304d;environment-lock=d4b8b2dc177cb09cea84a5b5a51c99d4510a3270fe70286d2133382fbc4abd8b;param-patch-contract=182942ecf6ed3c0ea267b1660a19be8601c16768640dd6ef3f112601a0b26f34;rostam-catalog=9eeaf8158be866f01a9925b0152abebfcfbc2ea59f830e56556eefdcddaf781b,python -m experiments.rostam.analyze verify --run-directory experiments/rostam/results/core-20260713-r6 --selection-id primary --verdict-sha256 479323107464068dcd682f802686082715d7b9b050789a1a940f890cf2b2de77 --output-directory experiments/rostam/results/publications/core-20260713-r6-primary --archive-descriptor experiments/rostam/results/archives/core-20260713-r6-primary-479323107464068dcd682f802686082715d7b9b050789a1a940f890cf2b2de77.raw-archive-descriptor.json --raw-archive experiments/rostam/results/archives/core-20260713-r6-primary-479323107464068dcd682f802686082715d7b9b050789a1a940f890cf2b2de77.raw.tar.gz --baseline-config nccl-2.19.3-default --candidate-config nccl-2.20.5-default --median-threshold-pct 8.0 --median-absolute-threshold-us 1.0
measurement,COMPLETE,false,,core-20260713-r6,5b9f1e3e013e3ee0a8b9c00ede1d5c512f495a184ff6b8ea061312f8f40ea2bd,primary,07f5cc1d4df5bcc7d400bb7aa050bc0a83a60485b8870db5272571d0321a3230,479323107464068dcd682f802686082715d7b9b050789a1a940f890cf2b2de77,c-micro-nccl-2.20.5-tree-l-r000001-431812951448b90d,431812951448b90db3ab39162ceb0fb91d4fb5386121364b4efd04271d18b89c,a-000001,11efbee8e584de72c0e7ff1f8ea51aacd51f67915bdd69779b2a335a9a061e9a,nccl-2.20.5-tree-ll128,micro,1,155.648000,200,commcanary.rostam.physical.micro-measurement.v1,commcanary.rostam.physical.micro-producer.v1,2b6b9413d37696ed685433612dbab952b7804d51e3373c54be30cfd2e79695ed,0911bbab808a3999b09b0a51a74c38db3ebf82a0,false,,cd6dfc0fdec3604ee547e9316b1e0edbafefce26a6087c3f59e047e43ff7eccc,879d7bde8473ed2441822a0dd6e5ee251bfae2855d0ef643c4203d3b87cadec9,2aa7f76625fe90b521b127d209de44924a6a46b07e82dcdb7bd8f0519627adc7,commcanary-wheel=954c9fe0ef908a448b5343c91e7d58e8785fc20a7fd029b699ca0e252614304d;environment-lock=d4b8b2dc177cb09cea84a5b5a51c99d4510a3270fe70286d2133382fbc4abd8b;param-patch-contract=182942ecf6ed3c0ea267b1660a19be8601c16768640dd6ef3f112601a0b26f34;rostam-catalog=9eeaf8158be866f01a9925b0152abebfcfbc2ea59f830e56556eefdcddaf781b,python -m experiments.rostam.analyze verify --run-directory experiments/rostam/results/core-20260713-r6 --selection-id primary --verdict-sha256 479323107464068dcd682f802686082715d7b9b050789a1a940f890cf2b2de77 --output-directory experiments/rostam/results/publications/core-20260713-r6-primary --archive-descriptor experiments/rostam/results/archives/core-20260713-r6-primary-479323107464068dcd682f802686082715d7b9b050789a1a940f890cf2b2de77.raw-archive-descriptor.json --raw-archive experiments/rostam/results/archives/core-20260713-r6-primary-479323107464068dcd682f802686082715d7b9b050789a1a940f890cf2b2de77.raw.tar.gz --baseline-config nccl-2.19.3-default --candidate-config nccl-2.20.5-default --median-threshold-pct 8.0 --median-absolute-threshold-us 1.0
measurement,COMPLETE,false,,core-20260713-r6,5b9f1e3e013e3ee0a8b9c00ede1d5c512f495a184ff6b8ea061312f8f40ea2bd,primary,07f5cc1d4df5bcc7d400bb7aa050bc0a83a60485b8870db5272571d0321a3230,479323107464068dcd682f802686082715d7b9b050789a1a940f890cf2b2de77,c-micro-nccl-2.20.5-tree-l-r000002-b49f1b9dcb63872c,b49f1b9dcb63872cbd8c579b209930a8a2624c02f857f086663d4d2e584e2df4,a-000001,5da1d934c7f106e7c49b20f339d3be0ba393a2e0c106d5d458d8feba9c03a512,nccl-2.20.5-tree-ll128,micro,2,158.720000,200,commcanary.rostam.physical.micro-measurement.v1,commcanary.rostam.physical.micro-producer.v1,b349d1ac453eca0cee0762813389a01ffbee5bc341487f49bb606f9cbabc366d,0911bbab808a3999b09b0a51a74c38db3ebf82a0,false,,cd6dfc0fdec3604ee547e9316b1e0edbafefce26a6087c3f59e047e43ff7eccc,5f9f4e46b30cfaa50e693d82c2f5ffb252b4f3791b09dd3db7dc526da80ae572,e2be531ecbe73073d65c43a46075ad2d3395960c460fab82d9d73bd5f5f3a2ef,commcanary-wheel=954c9fe0ef908a448b5343c91e7d58e8785fc20a7fd029b699ca0e252614304d;environment-lock=d4b8b2dc177cb09cea84a5b5a51c99d4510a3270fe70286d2133382fbc4abd8b;param-patch-contract=182942ecf6ed3c0ea267b1660a19be8601c16768640dd6ef3f112601a0b26f34;rostam-catalog=9eeaf8158be866f01a9925b0152abebfcfbc2ea59f830e56556eefdcddaf781b,python -m experiments.rostam.analyze verify --run-directory experiments/rostam/results/core-20260713-r6 --selection-id primary --verdict-sha256 479323107464068dcd682f802686082715d7b9b050789a1a940f890cf2b2de77 --output-directory experiments/rostam/results/publications/core-20260713-r6-primary --archive-descriptor experiments/rostam/results/archives/core-20260713-r6-primary-479323107464068dcd682f802686082715d7b9b050789a1a940f890cf2b2de77.raw-archive-descriptor.json --raw-archive experiments/rostam/results/archives/core-20260713-r6-primary-479323107464068dcd682f802686082715d7b9b050789a1a940f890cf2b2de77.raw.tar.gz --baseline-config nccl-2.19.3-default --candidate-config nccl-2.20.5-default --median-threshold-pct 8.0 --median-absolute-threshold-us 1.0
measurement,COMPLETE,false,,core-20260713-r6,5b9f1e3e013e3ee0a8b9c00ede1d5c512f495a184ff6b8ea061312f8f40ea2bd,primary,07f5cc1d4df5bcc7d400bb7aa050bc0a83a60485b8870db5272571d0321a3230,479323107464068dcd682f802686082715d7b9b050789a1a940f890cf2b2de77,c-micro-nccl-2.20.5-tree-l-r000002-e0cbbc672d6bee6c,e0cbbc672d6bee6ce3be60bea8ed1feb5927a539d982c97798f24bf2d714913e,a-000001,fcd55edb276c53416a196b97bc6eecfb50ec9207f899e2dbdc3b027122e015cc,nccl-2.20.5-tree-ll,micro,2,151.040000,200,commcanary.rostam.physical.micro-measurement.v1,commcanary.rostam.physical.micro-producer.v1,3b282aca9627c851bac06836d3408cac60cea6c4c8b8c185faa0c1178bb1d828,0911bbab808a3999b09b0a51a74c38db3ebf82a0,false,,cd6dfc0fdec3604ee547e9316b1e0edbafefce26a6087c3f59e047e43ff7eccc,9966eada79803a449dc69403852e0ec417179e56622b7be9aaf2ca240b7caea2,5a39dcf758bbc216d51bb1dfdcdbfcfa63b8c14f685ded34dbd85190b9af9444,commcanary-wheel=954c9fe0ef908a448b5343c91e7d58e8785fc20a7fd029b699ca0e252614304d;environment-lock=d4b8b2dc177cb09cea84a5b5a51c99d4510a3270fe70286d2133382fbc4abd8b;param-patch-contract=182942ecf6ed3c0ea267b1660a19be8601c16768640dd6ef3f112601a0b26f34;rostam-catalog=9eeaf8158be866f01a9925b0152abebfcfbc2ea59f830e56556eefdcddaf781b,python -m experiments.rostam.analyze verify --run-directory experiments/rostam/results/core-20260713-r6 --selection-id primary --verdict-sha256 479323107464068dcd682f802686082715d7b9b050789a1a940f890cf2b2de77 --output-directory experiments/rostam/results/publications/core-20260713-r6-primary --archive-descriptor experiments/rostam/results/archives/core-20260713-r6-primary-479323107464068dcd682f802686082715d7b9b050789a1a940f890cf2b2de77.raw-archive-descriptor.json --raw-archive experiments/rostam/results/archives/core-20260713-r6-primary-479323107464068dcd682f802686082715d7b9b050789a1a940f890cf2b2de77.raw.tar.gz --baseline-config nccl-2.19.3-default --candidate-config nccl-2.20.5-default --median-threshold-pct 8.0 --median-absolute-threshold-us 1.0
measurement,COMPLETE,false,,core-20260713-r6,5b9f1e3e013e3ee0a8b9c00ede1d5c512f495a184ff6b8ea061312f8f40ea2bd,primary,07f5cc1d4df5bcc7d400bb7aa050bc0a83a60485b8870db5272571d0321a3230,479323107464068dcd682f802686082715d7b9b050789a1a940f890cf2b2de77,c-micro-nccl-2.20.5-tree-l-r000003-3d9472d9c71417f5,3d9472d9c71417f596a1134d0a373a44155e407f566bf4681ef815162156462a,a-000001,0a277f60714bd11737a47bba96fa86ec31a1a718d1e561f4c3b9da2bf5fef7da,nccl-2.20.5-tree-ll,micro,3,155.136000,200,commcanary.rostam.physical.micro-measurement.v1,commcanary.rostam.physical.micro-producer.v1,1aa067cc777a9da070e0fd9ddea4d26c9261ec758a5672360bb256fec3929678,0911bbab808a3999b09b0a51a74c38db3ebf82a0,false,,cd6dfc0fdec3604ee547e9316b1e0edbafefce26a6087c3f59e047e43ff7eccc,ad3d704c503c6122a5cd17da53bba5d517c1cb6bd7d27c12c55b4926fd2634a5,571bbb5c71af3002569e0af4960d688b4bd2357642a74a84b93f665a3e20c8fe,commcanary-wheel=954c9fe0ef908a448b5343c91e7d58e8785fc20a7fd029b699ca0e252614304d;environment-lock=d4b8b2dc177cb09cea84a5b5a51c99d4510a3270fe70286d2133382fbc4abd8b;param-patch-contract=182942ecf6ed3c0ea267b1660a19be8601c16768640dd6ef3f112601a0b26f34;rostam-catalog=9eeaf8158be866f01a9925b0152abebfcfbc2ea59f830e56556eefdcddaf781b,python -m experiments.rostam.analyze verify --run-directory experiments/rostam/results/core-20260713-r6 --selection-id primary --verdict-sha256 479323107464068dcd682f802686082715d7b9b050789a1a940f890cf2b2de77 --output-directory experiments/rostam/results/publications/core-20260713-r6-primary --archive-descriptor experiments/rostam/results/archives/core-20260713-r6-primary-479323107464068dcd682f802686082715d7b9b050789a1a940f890cf2b2de77.raw-archive-descriptor.json --raw-archive experiments/rostam/results/archives/core-20260713-r6-primary-479323107464068dcd682f802686082715d7b9b050789a1a940f890cf2b2de77.raw.tar.gz --baseline-config nccl-2.19.3-default --candidate-config nccl-2.20.5-default --median-threshold-pct 8.0 --median-absolute-threshold-us 1.0
measurement,COMPLETE,false,,core-20260713-r6,5b9f1e3e013e3ee0a8b9c00ede1d5c512f495a184ff6b8ea061312f8f40ea2bd,primary,07f5cc1d4df5bcc7d400bb7aa050bc0a83a60485b8870db5272571d0321a3230,479323107464068dcd682f802686082715d7b9b050789a1a940f890cf2b2de77,c-micro-nccl-2.20.5-tree-l-r000003-f6ae30dc361468c2,f6ae30dc361468c2e346c13171104017d4b34f1e33a4dc790eacd88a4ea8421f,a-000001,0ab4d2362e99fabb836f1c487a63677a595314309d9095e6b13e5a3daa03db25,nccl-2.20.5-tree-ll128,micro,3,156.672000,200,commcanary.rostam.physical.micro-measurement.v1,commcanary.rostam.physical.micro-producer.v1,41174ffd24f3242e0858dbccf9a4eab9c630442ef88a55a9d0c8d2e6b85dd45f,0911bbab808a3999b09b0a51a74c38db3ebf82a0,false,,cd6dfc0fdec3604ee547e9316b1e0edbafefce26a6087c3f59e047e43ff7eccc,8784f459c0408277318332d1e4909de3b909d49b000bb95d66ffb132c173ab46,1ac943ec6b464efd5f831632bdc334c5e0913a0bac6ff490af85efd25bd86af0,commcanary-wheel=954c9fe0ef908a448b5343c91e7d58e8785fc20a7fd029b699ca0e252614304d;environment-lock=d4b8b2dc177cb09cea84a5b5a51c99d4510a3270fe70286d2133382fbc4abd8b;param-patch-contract=182942ecf6ed3c0ea267b1660a19be8601c16768640dd6ef3f112601a0b26f34;rostam-catalog=9eeaf8158be866f01a9925b0152abebfcfbc2ea59f830e56556eefdcddaf781b,python -m experiments.rostam.analyze verify --run-directory experiments/rostam/results/core-20260713-r6 --selection-id primary --verdict-sha256 479323107464068dcd682f802686082715d7b9b050789a1a940f890cf2b2de77 --output-directory experiments/rostam/results/publications/core-20260713-r6-primary --archive-descriptor experiments/rostam/results/archives/core-20260713-r6-primary-479323107464068dcd682f802686082715d7b9b050789a1a940f890cf2b2de77.raw-archive-descriptor.json --raw-archive experiments/rostam/results/archives/core-20260713-r6-primary-479323107464068dcd682f802686082715d7b9b050789a1a940f890cf2b2de77.raw.tar.gz --baseline-config nccl-2.19.3-default --candidate-config nccl-2.20.5-default --median-threshold-pct 8.0 --median-absolute-threshold-us 1.0
measurement,COMPLETE,false,,core-20260713-r6,5b9f1e3e013e3ee0a8b9c00ede1d5c512f495a184ff6b8ea061312f8f40ea2bd,primary,07f5cc1d4df5bcc7d400bb7aa050bc0a83a60485b8870db5272571d0321a3230,479323107464068dcd682f802686082715d7b9b050789a1a940f890cf2b2de77,c-micro-nccl-2.20.5-tree-l-r000004-0cd972214e830b34,0cd972214e830b3495a67194f59b947b5767ffd2d92734c8e38ccbf22eeee30d,a-000001,3881981bc7901e47ab3ca14d0ff0f88d2606416e2da83aaeebd84d643be66906,nccl-2.20.5-tree-ll128,micro,4,157.184000,200,commcanary.rostam.physical.micro-measurement.v1,commcanary.rostam.physical.micro-producer.v1,329820407ac0d3e45a611dfe8ddada11a18c6d7b36dd272d28b4b5382e181a45,0911bbab808a3999b09b0a51a74c38db3ebf82a0,false,,cd6dfc0fdec3604ee547e9316b1e0edbafefce26a6087c3f59e047e43ff7eccc,2254272dbb09dcb5b64852be98ac11c31142a0f86e4dc6fb7e5e5cce9f790db7,08743ee6ff3fbc0e2d3acc63857273bc5d44c29f4abd152a6f4c4269e08bdacf,commcanary-wheel=954c9fe0ef908a448b5343c91e7d58e8785fc20a7fd029b699ca0e252614304d;environment-lock=d4b8b2dc177cb09cea84a5b5a51c99d4510a3270fe70286d2133382fbc4abd8b;param-patch-contract=182942ecf6ed3c0ea267b1660a19be8601c16768640dd6ef3f112601a0b26f34;rostam-catalog=9eeaf8158be866f01a9925b0152abebfcfbc2ea59f830e56556eefdcddaf781b,python -m experiments.rostam.analyze verify --run-directory experiments/rostam/results/core-20260713-r6 --selection-id primary --verdict-sha256 479323107464068dcd682f802686082715d7b9b050789a1a940f890cf2b2de77 --output-directory experiments/rostam/results/publications/core-20260713-r6-primary --archive-descriptor experiments/rostam/results/archives/core-20260713-r6-primary-479323107464068dcd682f802686082715d7b9b050789a1a940f890cf2b2de77.raw-archive-descriptor.json --raw-archive experiments/rostam/results/archives/core-20260713-r6-primary-479323107464068dcd682f802686082715d7b9b050789a1a940f890cf2b2de77.raw.tar.gz --baseline-config nccl-2.19.3-default --candidate-config nccl-2.20.5-default --median-threshold-pct 8.0 --median-absolute-threshold-us 1.0
measurement,COMPLETE,false,,core-20260713-r6,5b9f1e3e013e3ee0a8b9c00ede1d5c512f495a184ff6b8ea061312f8f40ea2bd,primary,07f5cc1d4df5bcc7d400bb7aa050bc0a83a60485b8870db5272571d0321a3230,479323107464068dcd682f802686082715d7b9b050789a1a940f890cf2b2de77,c-micro-nccl-2.20.5-tree-l-r000004-2b9d2754647f8a22,2b9d2754647f8a2216438c3c977b90bb494069c531b5827fc5002f1762317b04,a-000001,7eca55bb0dae6796057e63b7ff28d0a4df9296fc80b049968f4adb62bfeb44d8,nccl-2.20.5-tree-ll,micro,4,148.480000,200,commcanary.rostam.physical.micro-measurement.v1,commcanary.rostam.physical.micro-producer.v1,dfd729e0aba9e732b76004ab91d49c6ca42326677bdc5fb79fe6e76472b40161,0911bbab808a3999b09b0a51a74c38db3ebf82a0,false,,cd6dfc0fdec3604ee547e9316b1e0edbafefce26a6087c3f59e047e43ff7eccc,5f1040b2aec9cb15aea64bc681d51ac7e003a0e1cd17ce72d5bacdb57f742fb7,e2eb037b685ad72b4d4614f15034aaf2823f4e4460daa65803c2ef6a7526cab3,commcanary-wheel=954c9fe0ef908a448b5343c91e7d58e8785fc20a7fd029b699ca0e252614304d;environment-lock=d4b8b2dc177cb09cea84a5b5a51c99d4510a3270fe70286d2133382fbc4abd8b;param-patch-contract=182942ecf6ed3c0ea267b1660a19be8601c16768640dd6ef3f112601a0b26f34;rostam-catalog=9eeaf8158be866f01a9925b0152abebfcfbc2ea59f830e56556eefdcddaf781b,python -m experiments.rostam.analyze verify --run-directory experiments/rostam/results/core-20260713-r6 --selection-id primary --verdict-sha256 479323107464068dcd682f802686082715d7b9b050789a1a940f890cf2b2de77 --output-directory experiments/rostam/results/publications/core-20260713-r6-primary --archive-descriptor experiments/rostam/results/archives/core-20260713-r6-primary-479323107464068dcd682f802686082715d7b9b050789a1a940f890cf2b2de77.raw-archive-descriptor.json --raw-archive experiments/rostam/results/archives/core-20260713-r6-primary-479323107464068dcd682f802686082715d7b9b050789a1a940f890cf2b2de77.raw.tar.gz --baseline-config nccl-2.19.3-default --candidate-config nccl-2.20.5-default --median-threshold-pct 8.0 --median-absolute-threshold-us 1.0
measurement,COMPLETE,false,,core-20260713-r6,5b9f1e3e013e3ee0a8b9c00ede1d5c512f495a184ff6b8ea061312f8f40ea2bd,primary,07f5cc1d4df5bcc7d400bb7aa050bc0a83a60485b8870db5272571d0321a3230,479323107464068dcd682f802686082715d7b9b050789a1a940f890cf2b2de77,c-micro-nccl-2.20.5-tree-s-r000000-7d16cd1323a9b013,7d16cd1323a9b013ce8fc782b87851355953155984a265fb7266e10b40625109,a-000001,9aa528315282c7b3964f64618b6b345939b87ae8c9424acffc230cff47e34cc9,nccl-2.20.5-tree-simple,micro,0,198.144000,200,commcanary.rostam.physical.micro-measurement.v1,commcanary.rostam.physical.micro-producer.v1,183675df57d566363e7baf2aa5861097da5c7fd7ab4331888d72f362f00ed10c,0911bbab808a3999b09b0a51a74c38db3ebf82a0,false,,cd6dfc0fdec3604ee547e9316b1e0edbafefce26a6087c3f59e047e43ff7eccc,61cc290183bb15094f1039e04fe0dad6e9a1be4cb28cb380ada0cacf8c9939c5,467d1e3bb47441564bd9c1ae2c7ce2f61814d04e594e9d3cbb60fe48bb37c06c,commcanary-wheel=954c9fe0ef908a448b5343c91e7d58e8785fc20a7fd029b699ca0e252614304d;environment-lock=d4b8b2dc177cb09cea84a5b5a51c99d4510a3270fe70286d2133382fbc4abd8b;param-patch-contract=182942ecf6ed3c0ea267b1660a19be8601c16768640dd6ef3f112601a0b26f34;rostam-catalog=9eeaf8158be866f01a9925b0152abebfcfbc2ea59f830e56556eefdcddaf781b,python -m experiments.rostam.analyze verify --run-directory experiments/rostam/results/core-20260713-r6 --selection-id primary --verdict-sha256 479323107464068dcd682f802686082715d7b9b050789a1a940f890cf2b2de77 --output-directory experiments/rostam/results/publications/core-20260713-r6-primary --archive-descriptor experiments/rostam/results/archives/core-20260713-r6-primary-479323107464068dcd682f802686082715d7b9b050789a1a940f890cf2b2de77.raw-archive-descriptor.json --raw-archive experiments/rostam/results/archives/core-20260713-r6-primary-479323107464068dcd682f802686082715d7b9b050789a1a940f890cf2b2de77.raw.tar.gz --baseline-config nccl-2.19.3-default --candidate-config nccl-2.20.5-default --median-threshold-pct 8.0 --median-absolute-threshold-us 1.0
measurement,COMPLETE,false,,core-20260713-r6,5b9f1e3e013e3ee0a8b9c00ede1d5c512f495a184ff6b8ea061312f8f40ea2bd,primary,07f5cc1d4df5bcc7d400bb7aa050bc0a83a60485b8870db5272571d0321a3230,479323107464068dcd682f802686082715d7b9b050789a1a940f890cf2b2de77,c-micro-nccl-2.20.5-tree-s-r000001-32ed17bc8563b12b,32ed17bc8563b12ba45ed6be126a899d9a11fefa3b878bee1e6552cd2730d8d7,a-000001,e7c7af41030192218a3a53676236a962d33b41aa6fdc45df026fcb067c8faeb5,nccl-2.20.5-tree-simple,micro,1,200.704000,200,commcanary.rostam.physical.micro-measurement.v1,commcanary.rostam.physical.micro-producer.v1,9f7cf552c44ab34d93fa980e5ac47a182fcd149ee0789e44bc48b6ef94e1bc6d,0911bbab808a3999b09b0a51a74c38db3ebf82a0,false,,cd6dfc0fdec3604ee547e9316b1e0edbafefce26a6087c3f59e047e43ff7eccc,59775e962d02be6aa158b69944eadc3143eba4e41ec32b71f9cb4604a5581068,0fd86cd530917707293372b228b7d111b6f151e451c52164b4afbc600f0d9a4d,commcanary-wheel=954c9fe0ef908a448b5343c91e7d58e8785fc20a7fd029b699ca0e252614304d;environment-lock=d4b8b2dc177cb09cea84a5b5a51c99d4510a3270fe70286d2133382fbc4abd8b;param-patch-contract=182942ecf6ed3c0ea267b1660a19be8601c16768640dd6ef3f112601a0b26f34;rostam-catalog=9eeaf8158be866f01a9925b0152abebfcfbc2ea59f830e56556eefdcddaf781b,python -m experiments.rostam.analyze verify --run-directory experiments/rostam/results/core-20260713-r6 --selection-id primary --verdict-sha256 479323107464068dcd682f802686082715d7b9b050789a1a940f890cf2b2de77 --output-directory experiments/rostam/results/publications/core-20260713-r6-primary --archive-descriptor experiments/rostam/results/archives/core-20260713-r6-primary-479323107464068dcd682f802686082715d7b9b050789a1a940f890cf2b2de77.raw-archive-descriptor.json --raw-archive experiments/rostam/results/archives/core-20260713-r6-primary-479323107464068dcd682f802686082715d7b9b050789a1a940f890cf2b2de77.raw.tar.gz --baseline-config nccl-2.19.3-default --candidate-config nccl-2.20.5-default --median-threshold-pct 8.0 --median-absolute-threshold-us 1.0
measurement,COMPLETE,false,,core-20260713-r6,5b9f1e3e013e3ee0a8b9c00ede1d5c512f495a184ff6b8ea061312f8f40ea2bd,primary,07f5cc1d4df5bcc7d400bb7aa050bc0a83a60485b8870db5272571d0321a3230,479323107464068dcd682f802686082715d7b9b050789a1a940f890cf2b2de77,c-micro-nccl-2.20.5-tree-s-r000002-4c250867e043e04c,4c250867e043e04c0bea31ef2effbfbc63284ee9370d9474767783917fc12839,a-000001,52251fa38f7c6c522428c35953b64f0b39b7b787f9cf9646b2bf72bb574a1ba3,nccl-2.20.5-tree-simple,micro,2,203.776000,200,commcanary.rostam.physical.micro-measurement.v1,commcanary.rostam.physical.micro-producer.v1,f0f7249dedc7e8256b8d022f1e69342012b228c4f29b9dcd898ba8ad0f6962dd,0911bbab808a3999b09b0a51a74c38db3ebf82a0,false,,cd6dfc0fdec3604ee547e9316b1e0edbafefce26a6087c3f59e047e43ff7eccc,349ce31289f1a1f91df7179c804cfce396d174c789dc34edde11dd1989aa02a6,857819cff16343ced927b70b38008ef83ec56b0b9d3f557aeadc89c7f7472bd0,commcanary-wheel=954c9fe0ef908a448b5343c91e7d58e8785fc20a7fd029b699ca0e252614304d;environment-lock=d4b8b2dc177cb09cea84a5b5a51c99d4510a3270fe70286d2133382fbc4abd8b;param-patch-contract=182942ecf6ed3c0ea267b1660a19be8601c16768640dd6ef3f112601a0b26f34;rostam-catalog=9eeaf8158be866f01a9925b0152abebfcfbc2ea59f830e56556eefdcddaf781b,python -m experiments.rostam.analyze verify --run-directory experiments/rostam/results/core-20260713-r6 --selection-id primary --verdict-sha256 479323107464068dcd682f802686082715d7b9b050789a1a940f890cf2b2de77 --output-directory experiments/rostam/results/publications/core-20260713-r6-primary --archive-descriptor experiments/rostam/results/archives/core-20260713-r6-primary-479323107464068dcd682f802686082715d7b9b050789a1a940f890cf2b2de77.raw-archive-descriptor.json --raw-archive experiments/rostam/results/archives/core-20260713-r6-primary-479323107464068dcd682f802686082715d7b9b050789a1a940f890cf2b2de77.raw.tar.gz --baseline-config nccl-2.19.3-default --candidate-config nccl-2.20.5-default --median-threshold-pct 8.0 --median-absolute-threshold-us 1.0
measurement,COMPLETE,false,,core-20260713-r6,5b9f1e3e013e3ee0a8b9c00ede1d5c512f495a184ff6b8ea061312f8f40ea2bd,primary,07f5cc1d4df5bcc7d400bb7aa050bc0a83a60485b8870db5272571d0321a3230,479323107464068dcd682f802686082715d7b9b050789a1a940f890cf2b2de77,c-micro-nccl-2.20.5-tree-s-r000003-91f365e7becaa46a,91f365e7becaa46a94a9cec5381361a1def38a484e91a7b4e88267bc803c5973,a-000001,b0b6f7bdab0348f243240174a8dec34c4aa0ae8ab2b98f98648a9868be0a0457,nccl-2.20.5-tree-simple,micro,3,203.264000,200,commcanary.rostam.physical.micro-measurement.v1,commcanary.rostam.physical.micro-producer.v1,444c799168be3f38dcbf547f9370f9ab4ab3420e55f5747b203afc5ce6e85247,0911bbab808a3999b09b0a51a74c38db3ebf82a0,false,,cd6dfc0fdec3604ee547e9316b1e0edbafefce26a6087c3f59e047e43ff7eccc,673bfd02bf93107e3ad571a70123103b2150acb91f752f055586f93289fd2d38,db522ff57efe2c2e1b048ffec4566d73995a38def5fa92025ddf091b50e5c0c4,commcanary-wheel=954c9fe0ef908a448b5343c91e7d58e8785fc20a7fd029b699ca0e252614304d;environment-lock=d4b8b2dc177cb09cea84a5b5a51c99d4510a3270fe70286d2133382fbc4abd8b;param-patch-contract=182942ecf6ed3c0ea267b1660a19be8601c16768640dd6ef3f112601a0b26f34;rostam-catalog=9eeaf8158be866f01a9925b0152abebfcfbc2ea59f830e56556eefdcddaf781b,python -m experiments.rostam.analyze verify --run-directory experiments/rostam/results/core-20260713-r6 --selection-id primary --verdict-sha256 479323107464068dcd682f802686082715d7b9b050789a1a940f890cf2b2de77 --output-directory experiments/rostam/results/publications/core-20260713-r6-primary --archive-descriptor experiments/rostam/results/archives/core-20260713-r6-primary-479323107464068dcd682f802686082715d7b9b050789a1a940f890cf2b2de77.raw-archive-descriptor.json --raw-archive experiments/rostam/results/archives/core-20260713-r6-primary-479323107464068dcd682f802686082715d7b9b050789a1a940f890cf2b2de77.raw.tar.gz --baseline-config nccl-2.19.3-default --candidate-config nccl-2.20.5-default --median-threshold-pct 8.0 --median-absolute-threshold-us 1.0
measurement,COMPLETE,false,,core-20260713-r6,5b9f1e3e013e3ee0a8b9c00ede1d5c512f495a184ff6b8ea061312f8f40ea2bd,primary,07f5cc1d4df5bcc7d400bb7aa050bc0a83a60485b8870db5272571d0321a3230,479323107464068dcd682f802686082715d7b9b050789a1a940f890cf2b2de77,c-micro-nccl-2.20.5-tree-s-r000004-d718bbd8e0b88737,d718bbd8e0b887372c209459279744d726ba362e481eccbd9957a770f3d57c71,a-000001,0aa7ec7c9f30edebdaab44c51a0ee080f9f9c3ef4f9abc04a1318b5334172131,nccl-2.20.5-tree-simple,micro,4,200.704000,200,commcanary.rostam.physical.micro-measurement.v1,commcanary.rostam.physical.micro-producer.v1,0ed6d5a54316478f04e9183552f36dc2c356dcdc01cb09edaca237c58230dc0c,0911bbab808a3999b09b0a51a74c38db3ebf82a0,false,,cd6dfc0fdec3604ee547e9316b1e0edbafefce26a6087c3f59e047e43ff7eccc,ddb273a076e0d2b5bfab7d1e17e784d49f2067c2211431ee4dd72e42275a6430,f1c3073e21c892dd4d73f7ee6f6a0500cd1adfdfd3b6a90f40f797b2c6ec1dde,commcanary-wheel=954c9fe0ef908a448b5343c91e7d58e8785fc20a7fd029b699ca0e252614304d;environment-lock=d4b8b2dc177cb09cea84a5b5a51c99d4510a3270fe70286d2133382fbc4abd8b;param-patch-contract=182942ecf6ed3c0ea267b1660a19be8601c16768640dd6ef3f112601a0b26f34;rostam-catalog=9eeaf8158be866f01a9925b0152abebfcfbc2ea59f830e56556eefdcddaf781b,python -m experiments.rostam.analyze verify --run-directory experiments/rostam/results/core-20260713-r6 --selection-id primary --verdict-sha256 479323107464068dcd682f802686082715d7b9b050789a1a940f890cf2b2de77 --output-directory experiments/rostam/results/publications/core-20260713-r6-primary --archive-descriptor experiments/rostam/results/archives/core-20260713-r6-primary-479323107464068dcd682f802686082715d7b9b050789a1a940f890cf2b2de77.raw-archive-descriptor.json --raw-archive experiments/rostam/results/archives/core-20260713-r6-primary-479323107464068dcd682f802686082715d7b9b050789a1a940f890cf2b2de77.raw.tar.gz --baseline-config nccl-2.19.3-default --candidate-config nccl-2.20.5-default --median-threshold-pct 8.0 --median-absolute-threshold-us 1.0
measurement,COMPLETE,false,,core-20260713-r6,5b9f1e3e013e3ee0a8b9c00ede1d5c512f495a184ff6b8ea061312f8f40ea2bd,primary,07f5cc1d4df5bcc7d400bb7aa050bc0a83a60485b8870db5272571d0321a3230,479323107464068dcd682f802686082715d7b9b050789a1a940f890cf2b2de77,c-trace-build-nccl-2.19.3-defaul-r000000-874d39b342b5fdb7,874d39b342b5fdb70c038e55ca53a09a2663120a09000f2053563539078178d4,a-000001,a6d5805ca94c654015a9d8ac7f73273bec11e5e9f3b859e98ff2d39816faecf5,nccl-2.19.3-default,trace-build,0,75851264.757104,1,commcanary.rostam.physical.capture-measurement.v1,commcanary.rostam.physical.capture-producer.v1,1907f25200034fb694f769d30077a13651ee9721eff124426d33978b19987b07,0911bbab808a3999b09b0a51a74c38db3ebf82a0,false,,cd6dfc0fdec3604ee547e9316b1e0edbafefce26a6087c3f59e047e43ff7eccc,bfb56849535f55a6ae9dc3fb1d1c791b850131cd380ba4ea7151f28d5c3d40e2,001bdb7ac4533a108454f3fa1af7e16facd70c4894f862e7d830ddf0caaa8b38,commcanary-wheel=954c9fe0ef908a448b5343c91e7d58e8785fc20a7fd029b699ca0e252614304d;environment-lock=d4b8b2dc177cb09cea84a5b5a51c99d4510a3270fe70286d2133382fbc4abd8b;param-patch-contract=182942ecf6ed3c0ea267b1660a19be8601c16768640dd6ef3f112601a0b26f34;rostam-catalog=9eeaf8158be866f01a9925b0152abebfcfbc2ea59f830e56556eefdcddaf781b,python -m experiments.rostam.analyze verify --run-directory experiments/rostam/results/core-20260713-r6 --selection-id primary --verdict-sha256 479323107464068dcd682f802686082715d7b9b050789a1a940f890cf2b2de77 --output-directory experiments/rostam/results/publications/core-20260713-r6-primary --archive-descriptor experiments/rostam/results/archives/core-20260713-r6-primary-479323107464068dcd682f802686082715d7b9b050789a1a940f890cf2b2de77.raw-archive-descriptor.json --raw-archive experiments/rostam/results/archives/core-20260713-r6-primary-479323107464068dcd682f802686082715d7b9b050789a1a940f890cf2b2de77.raw.tar.gz --baseline-config nccl-2.19.3-default --candidate-config nccl-2.20.5-default --median-threshold-pct 8.0 --median-absolute-threshold-us 1.0
measurement,COMPLETE,false,,core-20260713-r6,5b9f1e3e013e3ee0a8b9c00ede1d5c512f495a184ff6b8ea061312f8f40ea2bd,primary,07f5cc1d4df5bcc7d400bb7aa050bc0a83a60485b8870db5272571d0321a3230,479323107464068dcd682f802686082715d7b9b050789a1a940f890cf2b2de77,c-trace-build-nccl-2.19.3-defaul-r000001-bba9e7289f1d6184,bba9e7289f1d61847722ecd19921361238e2dfc6fbdce9a47dc03ffb82bfbcbf,a-000001,6e2b9ce3586c9bda2a07e51d8a9888dfad46e44c417535d9babef0ff5f007947,nccl-2.19.3-default,trace-build,1,60925728.920847,1,commcanary.rostam.physical.capture-measurement.v1,commcanary.rostam.physical.capture-producer.v1,eb3f883d25942acc1ea3f7978f744f78cca1eec0cf4b43ecac1de2b914ada53b,0911bbab808a3999b09b0a51a74c38db3ebf82a0,false,,cd6dfc0fdec3604ee547e9316b1e0edbafefce26a6087c3f59e047e43ff7eccc,aa4d23eea2d7329a8ca137d4a45e16fc7b8e1771199b268ec1fab471ae5f05a7,0f9f6854477e32f0016fa404c4468e46eb7ee7defc02f21560a8fad3c8098e4a,commcanary-wheel=954c9fe0ef908a448b5343c91e7d58e8785fc20a7fd029b699ca0e252614304d;environment-lock=d4b8b2dc177cb09cea84a5b5a51c99d4510a3270fe70286d2133382fbc4abd8b;param-patch-contract=182942ecf6ed3c0ea267b1660a19be8601c16768640dd6ef3f112601a0b26f34;rostam-catalog=9eeaf8158be866f01a9925b0152abebfcfbc2ea59f830e56556eefdcddaf781b,python -m experiments.rostam.analyze verify --run-directory experiments/rostam/results/core-20260713-r6 --selection-id primary --verdict-sha256 479323107464068dcd682f802686082715d7b9b050789a1a940f890cf2b2de77 --output-directory experiments/rostam/results/publications/core-20260713-r6-primary --archive-descriptor experiments/rostam/results/archives/core-20260713-r6-primary-479323107464068dcd682f802686082715d7b9b050789a1a940f890cf2b2de77.raw-archive-descriptor.json --raw-archive experiments/rostam/results/archives/core-20260713-r6-primary-479323107464068dcd682f802686082715d7b9b050789a1a940f890cf2b2de77.raw.tar.gz --baseline-config nccl-2.19.3-default --candidate-config nccl-2.20.5-default --median-threshold-pct 8.0 --median-absolute-threshold-us 1.0
measurement,COMPLETE,false,,core-20260713-r6,5b9f1e3e013e3ee0a8b9c00ede1d5c512f495a184ff6b8ea061312f8f40ea2bd,primary,07f5cc1d4df5bcc7d400bb7aa050bc0a83a60485b8870db5272571d0321a3230,479323107464068dcd682f802686082715d7b9b050789a1a940f890cf2b2de77,c-trace-build-nccl-2.19.3-defaul-r000002-0c7e7eb0ddcfedf0,0c7e7eb0ddcfedf02b61ee5199afddff2acb7f721cb479af183269371b9a8ec8,a-000001,a21233cc6b8baa5cecec1f393d592287b21627ceb1e7f449f07c5e359742d891,nccl-2.19.3-default,trace-build,2,60678804.880008,1,commcanary.rostam.physical.capture-measurement.v1,commcanary.rostam.physical.capture-producer.v1,ba2f9b8d862db41bac560afd89c8cd4814dad4a0831e890ccfff932078841bbc,0911bbab808a3999b09b0a51a74c38db3ebf82a0,false,,cd6dfc0fdec3604ee547e9316b1e0edbafefce26a6087c3f59e047e43ff7eccc,6faab0667834fda32be829f3f50f904afc567d4751b34e65d8fd6567c816788c,a88c5157f85a7ffa6725f6807fa2cea3060999312ecb811a8eaa984e7452de0c,commcanary-wheel=954c9fe0ef908a448b5343c91e7d58e8785fc20a7fd029b699ca0e252614304d;environment-lock=d4b8b2dc177cb09cea84a5b5a51c99d4510a3270fe70286d2133382fbc4abd8b;param-patch-contract=182942ecf6ed3c0ea267b1660a19be8601c16768640dd6ef3f112601a0b26f34;rostam-catalog=9eeaf8158be866f01a9925b0152abebfcfbc2ea59f830e56556eefdcddaf781b,python -m experiments.rostam.analyze verify --run-directory experiments/rostam/results/core-20260713-r6 --selection-id primary --verdict-sha256 479323107464068dcd682f802686082715d7b9b050789a1a940f890cf2b2de77 --output-directory experiments/rostam/results/publications/core-20260713-r6-primary --archive-descriptor experiments/rostam/results/archives/core-20260713-r6-primary-479323107464068dcd682f802686082715d7b9b050789a1a940f890cf2b2de77.raw-archive-descriptor.json --raw-archive experiments/rostam/results/archives/core-20260713-r6-primary-479323107464068dcd682f802686082715d7b9b050789a1a940f890cf2b2de77.raw.tar.gz --baseline-config nccl-2.19.3-default --candidate-config nccl-2.20.5-default --median-threshold-pct 8.0 --median-absolute-threshold-us 1.0
measurement,COMPLETE,false,,core-20260713-r6,5b9f1e3e013e3ee0a8b9c00ede1d5c512f495a184ff6b8ea061312f8f40ea2bd,primary,07f5cc1d4df5bcc7d400bb7aa050bc0a83a60485b8870db5272571d0321a3230,479323107464068dcd682f802686082715d7b9b050789a1a940f890cf2b2de77,c-trace-build-nccl-2.19.3-defaul-r000003-f5508f8a0501c741,f5508f8a0501c7419a047275c5968c6968c5a4e414c7a26e02596bfe053bed73,a-000001,b9f8f889fd59ad35caf01ee0771bcd23003f4afda9645e7e386aad0ac102f552,nccl-2.19.3-default,trace-build,3,76874119.978398,1,commcanary.rostam.physical.capture-measurement.v1,commcanary.rostam.physical.capture-producer.v1,fc9223ced752eefd41ba35e091cefc999a6fd2e334407be049fdbac3722f8602,0911bbab808a3999b09b0a51a74c38db3ebf82a0,false,,cd6dfc0fdec3604ee547e9316b1e0edbafefce26a6087c3f59e047e43ff7eccc,60eebac4a219eb44f814b503cc0315498c5fdc4991fa732ae8ae41a30eb45810,e8a515b8b9563a958e28759a2e8fc8ca0740d09a3711c861597ab500b049d6e2,commcanary-wheel=954c9fe0ef908a448b5343c91e7d58e8785fc20a7fd029b699ca0e252614304d;environment-lock=d4b8b2dc177cb09cea84a5b5a51c99d4510a3270fe70286d2133382fbc4abd8b;param-patch-contract=182942ecf6ed3c0ea267b1660a19be8601c16768640dd6ef3f112601a0b26f34;rostam-catalog=9eeaf8158be866f01a9925b0152abebfcfbc2ea59f830e56556eefdcddaf781b,python -m experiments.rostam.analyze verify --run-directory experiments/rostam/results/core-20260713-r6 --selection-id primary --verdict-sha256 479323107464068dcd682f802686082715d7b9b050789a1a940f890cf2b2de77 --output-directory experiments/rostam/results/publications/core-20260713-r6-primary --archive-descriptor experiments/rostam/results/archives/core-20260713-r6-primary-479323107464068dcd682f802686082715d7b9b050789a1a940f890cf2b2de77.raw-archive-descriptor.json --raw-archive experiments/rostam/results/archives/core-20260713-r6-primary-479323107464068dcd682f802686082715d7b9b050789a1a940f890cf2b2de77.raw.tar.gz --baseline-config nccl-2.19.3-default --candidate-config nccl-2.20.5-default --median-threshold-pct 8.0 --median-absolute-threshold-us 1.0
measurement,COMPLETE,false,,core-20260713-r6,5b9f1e3e013e3ee0a8b9c00ede1d5c512f495a184ff6b8ea061312f8f40ea2bd,primary,07f5cc1d4df5bcc7d400bb7aa050bc0a83a60485b8870db5272571d0321a3230,479323107464068dcd682f802686082715d7b9b050789a1a940f890cf2b2de77,c-trace-build-nccl-2.19.3-defaul-r000004-ede163bc13d68b92,ede163bc13d68b929c5275484cedd0db5580ce08871befb18ff21ab4264a7ad0,a-000001,59bdf708e7c0e74ff9ed4d6a4e253e507a7f2db24efa8f87ddbc9594c55a0c18,nccl-2.19.3-default,trace-build,4,60643334.185705,1,commcanary.rostam.physical.capture-measurement.v1,commcanary.rostam.physical.capture-producer.v1,6292b15bae5a8fde38400e53d936af7424f977dab5cc760ec11a3a2139c57c6e,0911bbab808a3999b09b0a51a74c38db3ebf82a0,false,,cd6dfc0fdec3604ee547e9316b1e0edbafefce26a6087c3f59e047e43ff7eccc,3c37e6c5e6d03c034a6c6dc0c5eccac5188147f8f40d4608b4690a4d6d7e87fb,fba512950583271dce55a70210d2604aed9c4ae0c55b141080ba089ad602fb82,commcanary-wheel=954c9fe0ef908a448b5343c91e7d58e8785fc20a7fd029b699ca0e252614304d;environment-lock=d4b8b2dc177cb09cea84a5b5a51c99d4510a3270fe70286d2133382fbc4abd8b;param-patch-contract=182942ecf6ed3c0ea267b1660a19be8601c16768640dd6ef3f112601a0b26f34;rostam-catalog=9eeaf8158be866f01a9925b0152abebfcfbc2ea59f830e56556eefdcddaf781b,python -m experiments.rostam.analyze verify --run-directory experiments/rostam/results/core-20260713-r6 --selection-id primary --verdict-sha256 479323107464068dcd682f802686082715d7b9b050789a1a940f890cf2b2de77 --output-directory experiments/rostam/results/publications/core-20260713-r6-primary --archive-descriptor experiments/rostam/results/archives/core-20260713-r6-primary-479323107464068dcd682f802686082715d7b9b050789a1a940f890cf2b2de77.raw-archive-descriptor.json --raw-archive experiments/rostam/results/archives/core-20260713-r6-primary-479323107464068dcd682f802686082715d7b9b050789a1a940f890cf2b2de77.raw.tar.gz --baseline-config nccl-2.19.3-default --candidate-config nccl-2.20.5-default --median-threshold-pct 8.0 --median-absolute-threshold-us 1.0
measurement,COMPLETE,false,,core-20260713-r6,5b9f1e3e013e3ee0a8b9c00ede1d5c512f495a184ff6b8ea061312f8f40ea2bd,primary,07f5cc1d4df5bcc7d400bb7aa050bc0a83a60485b8870db5272571d0321a3230,479323107464068dcd682f802686082715d7b9b050789a1a940f890cf2b2de77,c-trace-build-nccl-2.20.5-defaul-r000000-8885090f823fd9ae,8885090f823fd9ae4c32f1d1c523e58713b2ba9ed8386c1dfbe1fabda8fd7b46,a-000001,0d97ada74a182cb0e7feddb5fc721c7fb3ff338920a94e29146b51a0f16af72a,nccl-2.20.5-default,trace-build,0,76447428.058833,1,commcanary.rostam.physical.capture-measurement.v1,commcanary.rostam.physical.capture-producer.v1,d54ec1154a88926822866081c774f24385f9b1aec8c4d1d9a2bd3cb8ed496d88,0911bbab808a3999b09b0a51a74c38db3ebf82a0,false,,cd6dfc0fdec3604ee547e9316b1e0edbafefce26a6087c3f59e047e43ff7eccc,50bbe221261dcf60d4a4ff1b57eedb79b0486c70f0858552e1f56d9ea6892972,ea12ddea8137b44b696fcf3d67e33605940347beaaee16ece9be796f2fe0a6c0,commcanary-wheel=954c9fe0ef908a448b5343c91e7d58e8785fc20a7fd029b699ca0e252614304d;environment-lock=d4b8b2dc177cb09cea84a5b5a51c99d4510a3270fe70286d2133382fbc4abd8b;param-patch-contract=182942ecf6ed3c0ea267b1660a19be8601c16768640dd6ef3f112601a0b26f34;rostam-catalog=9eeaf8158be866f01a9925b0152abebfcfbc2ea59f830e56556eefdcddaf781b,python -m experiments.rostam.analyze verify --run-directory experiments/rostam/results/core-20260713-r6 --selection-id primary --verdict-sha256 479323107464068dcd682f802686082715d7b9b050789a1a940f890cf2b2de77 --output-directory experiments/rostam/results/publications/core-20260713-r6-primary --archive-descriptor experiments/rostam/results/archives/core-20260713-r6-primary-479323107464068dcd682f802686082715d7b9b050789a1a940f890cf2b2de77.raw-archive-descriptor.json --raw-archive experiments/rostam/results/archives/core-20260713-r6-primary-479323107464068dcd682f802686082715d7b9b050789a1a940f890cf2b2de77.raw.tar.gz --baseline-config nccl-2.19.3-default --candidate-config nccl-2.20.5-default --median-threshold-pct 8.0 --median-absolute-threshold-us 1.0
measurement,COMPLETE,false,,core-20260713-r6,5b9f1e3e013e3ee0a8b9c00ede1d5c512f495a184ff6b8ea061312f8f40ea2bd,primary,07f5cc1d4df5bcc7d400bb7aa050bc0a83a60485b8870db5272571d0321a3230,479323107464068dcd682f802686082715d7b9b050789a1a940f890cf2b2de77,c-trace-build-nccl-2.20.5-defaul-r000001-a9ae654811518957,a9ae65481151895789473794801e25ee13fad68c1de2b70c4287ff0861aeb76e,a-000001,3cdb12c6ea6d57a932de628f3a626bc1f916d66821e3fcffd14e5a8af2032b70,nccl-2.20.5-default,trace-build,1,61001573.339105,1,commcanary.rostam.physical.capture-measurement.v1,commcanary.rostam.physical.capture-producer.v1,ee4f0620d2feca63ae261eb6eb408ddc577a41c4d71ce8dc5951099b4f3db448,0911bbab808a3999b09b0a51a74c38db3ebf82a0,false,,cd6dfc0fdec3604ee547e9316b1e0edbafefce26a6087c3f59e047e43ff7eccc,5945f6d5bc50b44ed07461f332a5f73b2d9e9c4713e4f42cc2e9c842649b1cc5,e0f1b7a9055b9bcf234c38ccfbdec2845446d431c5f1f144be78f70599b82477,commcanary-wheel=954c9fe0ef908a448b5343c91e7d58e8785fc20a7fd029b699ca0e252614304d;environment-lock=d4b8b2dc177cb09cea84a5b5a51c99d4510a3270fe70286d2133382fbc4abd8b;param-patch-contract=182942ecf6ed3c0ea267b1660a19be8601c16768640dd6ef3f112601a0b26f34;rostam-catalog=9eeaf8158be866f01a9925b0152abebfcfbc2ea59f830e56556eefdcddaf781b,python -m experiments.rostam.analyze verify --run-directory experiments/rostam/results/core-20260713-r6 --selection-id primary --verdict-sha256 479323107464068dcd682f802686082715d7b9b050789a1a940f890cf2b2de77 --output-directory experiments/rostam/results/publications/core-20260713-r6-primary --archive-descriptor experiments/rostam/results/archives/core-20260713-r6-primary-479323107464068dcd682f802686082715d7b9b050789a1a940f890cf2b2de77.raw-archive-descriptor.json --raw-archive experiments/rostam/results/archives/core-20260713-r6-primary-479323107464068dcd682f802686082715d7b9b050789a1a940f890cf2b2de77.raw.tar.gz --baseline-config nccl-2.19.3-default --candidate-config nccl-2.20.5-default --median-threshold-pct 8.0 --median-absolute-threshold-us 1.0
measurement,COMPLETE,false,,core-20260713-r6,5b9f1e3e013e3ee0a8b9c00ede1d5c512f495a184ff6b8ea061312f8f40ea2bd,primary,07f5cc1d4df5bcc7d400bb7aa050bc0a83a60485b8870db5272571d0321a3230,479323107464068dcd682f802686082715d7b9b050789a1a940f890cf2b2de77,c-trace-build-nccl-2.20.5-defaul-r000002-221851de25861071,221851de258610715f4ac6292457ceebaaa1526eef87bdf4bc64ca5ba074fffd,a-000001,024520de64cef92d9692db46dd691d4128670cc2b9895f932a9efb4122e159b0,nccl-2.20.5-default,trace-build,2,60559241.374955,1,commcanary.rostam.physical.capture-measurement.v1,commcanary.rostam.physical.capture-producer.v1,ba545f84c7b2852704bd560e887c959f7940a5ce066386340a939f6fcca7b707,0911bbab808a3999b09b0a51a74c38db3ebf82a0,false,,cd6dfc0fdec3604ee547e9316b1e0edbafefce26a6087c3f59e047e43ff7eccc,7e70f6e6c979bdd56d86367a26418150fd657b7c303fdd2c0b0e96e16b5d9ece,5ad2cd6ee8b490abc101bcb0efe12eb53334da4b161b2efa5f92af411b873877,commcanary-wheel=954c9fe0ef908a448b5343c91e7d58e8785fc20a7fd029b699ca0e252614304d;environment-lock=d4b8b2dc177cb09cea84a5b5a51c99d4510a3270fe70286d2133382fbc4abd8b;param-patch-contract=182942ecf6ed3c0ea267b1660a19be8601c16768640dd6ef3f112601a0b26f34;rostam-catalog=9eeaf8158be866f01a9925b0152abebfcfbc2ea59f830e56556eefdcddaf781b,python -m experiments.rostam.analyze verify --run-directory experiments/rostam/results/core-20260713-r6 --selection-id primary --verdict-sha256 479323107464068dcd682f802686082715d7b9b050789a1a940f890cf2b2de77 --output-directory experiments/rostam/results/publications/core-20260713-r6-primary --archive-descriptor experiments/rostam/results/archives/core-20260713-r6-primary-479323107464068dcd682f802686082715d7b9b050789a1a940f890cf2b2de77.raw-archive-descriptor.json --raw-archive experiments/rostam/results/archives/core-20260713-r6-primary-479323107464068dcd682f802686082715d7b9b050789a1a940f890cf2b2de77.raw.tar.gz --baseline-config nccl-2.19.3-default --candidate-config nccl-2.20.5-default --median-threshold-pct 8.0 --median-absolute-threshold-us 1.0
measurement,COMPLETE,false,,core-20260713-r6,5b9f1e3e013e3ee0a8b9c00ede1d5c512f495a184ff6b8ea061312f8f40ea2bd,primary,07f5cc1d4df5bcc7d400bb7aa050bc0a83a60485b8870db5272571d0321a3230,479323107464068dcd682f802686082715d7b9b050789a1a940f890cf2b2de77,c-trace-build-nccl-2.20.5-defaul-r000003-329e02742610bf8d,329e02742610bf8dbae4fb146e863b30588b1e53e97919cd9640ffadf12fbd4d,a-000001,3f6c39fc362a01ce5a5855a73bbc0f6cfa3c550834d9ec21954ec62a2037bcbb,nccl-2.20.5-default,trace-build,3,77620024.667121,1,commcanary.rostam.physical.capture-measurement.v1,commcanary.rostam.physical.capture-producer.v1,3d388b9481e2b5e7580a6147bde7e97186e20fe95b814d3708cb332ac0f2cb90,0911bbab808a3999b09b0a51a74c38db3ebf82a0,false,,cd6dfc0fdec3604ee547e9316b1e0edbafefce26a6087c3f59e047e43ff7eccc,2ce7e2a407e008490410ca4682ef6dcdd4f36494d75061caf8db08dc851a902c,90a26ec7daed72f42f9aa2c042207d107e03cd1f9b3014568b24de9e0cb6b8d2,commcanary-wheel=954c9fe0ef908a448b5343c91e7d58e8785fc20a7fd029b699ca0e252614304d;environment-lock=d4b8b2dc177cb09cea84a5b5a51c99d4510a3270fe70286d2133382fbc4abd8b;param-patch-contract=182942ecf6ed3c0ea267b1660a19be8601c16768640dd6ef3f112601a0b26f34;rostam-catalog=9eeaf8158be866f01a9925b0152abebfcfbc2ea59f830e56556eefdcddaf781b,python -m experiments.rostam.analyze verify --run-directory experiments/rostam/results/core-20260713-r6 --selection-id primary --verdict-sha256 479323107464068dcd682f802686082715d7b9b050789a1a940f890cf2b2de77 --output-directory experiments/rostam/results/publications/core-20260713-r6-primary --archive-descriptor experiments/rostam/results/archives/core-20260713-r6-primary-479323107464068dcd682f802686082715d7b9b050789a1a940f890cf2b2de77.raw-archive-descriptor.json --raw-archive experiments/rostam/results/archives/core-20260713-r6-primary-479323107464068dcd682f802686082715d7b9b050789a1a940f890cf2b2de77.raw.tar.gz --baseline-config nccl-2.19.3-default --candidate-config nccl-2.20.5-default --median-threshold-pct 8.0 --median-absolute-threshold-us 1.0
measurement,COMPLETE,false,,core-20260713-r6,5b9f1e3e013e3ee0a8b9c00ede1d5c512f495a184ff6b8ea061312f8f40ea2bd,primary,07f5cc1d4df5bcc7d400bb7aa050bc0a83a60485b8870db5272571d0321a3230,479323107464068dcd682f802686082715d7b9b050789a1a940f890cf2b2de77,c-trace-build-nccl-2.20.5-defaul-r000004-8777e1e635ddfd1b,8777e1e635ddfd1b7925f6c152946a91c70cb59036e18b836b390ab092d0782d,a-000001,e380ba0cbd7482ea32ee6c5f0baf9d10725e8e79af8bf9d86a26b7683b9aabb8,nccl-2.20.5-default,trace-build,4,60507359.099574,1,commcanary.rostam.physical.capture-measurement.v1,commcanary.rostam.physical.capture-producer.v1,6ce59125e8a46ec9b9c8e942dbbbdf8896d3c3e49db206a6be5101fe50980fe8,0911bbab808a3999b09b0a51a74c38db3ebf82a0,false,,cd6dfc0fdec3604ee547e9316b1e0edbafefce26a6087c3f59e047e43ff7eccc,d02632a54bb1e69395feed3b11e4ab8156b4ef703355ee788cc7758a3c4f0525,e35c2866960d4c608cd1e12581c4604cf23c3ec20335410f853ffcd8de38c0d5,commcanary-wheel=954c9fe0ef908a448b5343c91e7d58e8785fc20a7fd029b699ca0e252614304d;environment-lock=d4b8b2dc177cb09cea84a5b5a51c99d4510a3270fe70286d2133382fbc4abd8b;param-patch-contract=182942ecf6ed3c0ea267b1660a19be8601c16768640dd6ef3f112601a0b26f34;rostam-catalog=9eeaf8158be866f01a9925b0152abebfcfbc2ea59f830e56556eefdcddaf781b,python -m experiments.rostam.analyze verify --run-directory experiments/rostam/results/core-20260713-r6 --selection-id primary --verdict-sha256 479323107464068dcd682f802686082715d7b9b050789a1a940f890cf2b2de77 --output-directory experiments/rostam/results/publications/core-20260713-r6-primary --archive-descriptor experiments/rostam/results/archives/core-20260713-r6-primary-479323107464068dcd682f802686082715d7b9b050789a1a940f890cf2b2de77.raw-archive-descriptor.json --raw-archive experiments/rostam/results/archives/core-20260713-r6-primary-479323107464068dcd682f802686082715d7b9b050789a1a940f890cf2b2de77.raw.tar.gz --baseline-config nccl-2.19.3-default --candidate-config nccl-2.20.5-default --median-threshold-pct 8.0 --median-absolute-threshold-us 1.0
measurement,COMPLETE,false,,core-20260713-r6,5b9f1e3e013e3ee0a8b9c00ede1d5c512f495a184ff6b8ea061312f8f40ea2bd,primary,07f5cc1d4df5bcc7d400bb7aa050bc0a83a60485b8870db5272571d0321a3230,479323107464068dcd682f802686082715d7b9b050789a1a940f890cf2b2de77,c-trace-build-nccl-2.20.5-ring-l-r000000-1aa88bced5428bd3,1aa88bced5428bd37ef13245b0f9c502baa9ced09a9b6f150e7e5c00dfba20f0,a-000001,26eb3894ab546d4530cd581a7abc188b6af342c6579ba819db65b2673f5e78cf,nccl-2.20.5-ring-ll128,trace-build,0,60064313.269220,1,commcanary.rostam.physical.capture-measurement.v1,commcanary.rostam.physical.capture-producer.v1,3c0006a7ed136ca993b7016a3930e7203631f21a3e62d0116dcfdc1b5bd45397,0911bbab808a3999b09b0a51a74c38db3ebf82a0,false,,cd6dfc0fdec3604ee547e9316b1e0edbafefce26a6087c3f59e047e43ff7eccc,645c56d0bb7ebcc1b6a1e20f7f0245a6874b5bc521b593e3bdcf9859e7433ee8,602a2d36fb60a8679da7a34fcfbd433c060587bba3a445bd8b812bae8f6715fe,commcanary-wheel=954c9fe0ef908a448b5343c91e7d58e8785fc20a7fd029b699ca0e252614304d;environment-lock=d4b8b2dc177cb09cea84a5b5a51c99d4510a3270fe70286d2133382fbc4abd8b;param-patch-contract=182942ecf6ed3c0ea267b1660a19be8601c16768640dd6ef3f112601a0b26f34;rostam-catalog=9eeaf8158be866f01a9925b0152abebfcfbc2ea59f830e56556eefdcddaf781b,python -m experiments.rostam.analyze verify --run-directory experiments/rostam/results/core-20260713-r6 --selection-id primary --verdict-sha256 479323107464068dcd682f802686082715d7b9b050789a1a940f890cf2b2de77 --output-directory experiments/rostam/results/publications/core-20260713-r6-primary --archive-descriptor experiments/rostam/results/archives/core-20260713-r6-primary-479323107464068dcd682f802686082715d7b9b050789a1a940f890cf2b2de77.raw-archive-descriptor.json --raw-archive experiments/rostam/results/archives/core-20260713-r6-primary-479323107464068dcd682f802686082715d7b9b050789a1a940f890cf2b2de77.raw.tar.gz --baseline-config nccl-2.19.3-default --candidate-config nccl-2.20.5-default --median-threshold-pct 8.0 --median-absolute-threshold-us 1.0
measurement,COMPLETE,false,,core-20260713-r6,5b9f1e3e013e3ee0a8b9c00ede1d5c512f495a184ff6b8ea061312f8f40ea2bd,primary,07f5cc1d4df5bcc7d400bb7aa050bc0a83a60485b8870db5272571d0321a3230,479323107464068dcd682f802686082715d7b9b050789a1a940f890cf2b2de77,c-trace-build-nccl-2.20.5-ring-l-r000000-fa2ca680c8abd21a,fa2ca680c8abd21a2faad5c520be52f22faab9706eab094708d9d4f74ab7f005,a-000001,792a9a2f0dc76e08909c0a00e95b9adadc7802d9cb7680c60f5b16dc8d01abf4,nccl-2.20.5-ring-ll,trace-build,0,60223903.009668,1,commcanary.rostam.physical.capture-measurement.v1,commcanary.rostam.physical.capture-producer.v1,8acd6b24c3b62200858e3f2287e904cfc46d7a612b4a21c4475a903580a38dde,0911bbab808a3999b09b0a51a74c38db3ebf82a0,false,,cd6dfc0fdec3604ee547e9316b1e0edbafefce26a6087c3f59e047e43ff7eccc,05bc3d806c1fb2192e08d3563d571ca04a11e006fb4c6c61311f429c81affce5,504bccc60106e98c750f01c4f906be4a3994db17569c6e33f205456c61d710f5,commcanary-wheel=954c9fe0ef908a448b5343c91e7d58e8785fc20a7fd029b699ca0e252614304d;environment-lock=d4b8b2dc177cb09cea84a5b5a51c99d4510a3270fe70286d2133382fbc4abd8b;param-patch-contract=182942ecf6ed3c0ea267b1660a19be8601c16768640dd6ef3f112601a0b26f34;rostam-catalog=9eeaf8158be866f01a9925b0152abebfcfbc2ea59f830e56556eefdcddaf781b,python -m experiments.rostam.analyze verify --run-directory experiments/rostam/results/core-20260713-r6 --selection-id primary --verdict-sha256 479323107464068dcd682f802686082715d7b9b050789a1a940f890cf2b2de77 --output-directory experiments/rostam/results/publications/core-20260713-r6-primary --archive-descriptor experiments/rostam/results/archives/core-20260713-r6-primary-479323107464068dcd682f802686082715d7b9b050789a1a940f890cf2b2de77.raw-archive-descriptor.json --raw-archive experiments/rostam/results/archives/core-20260713-r6-primary-479323107464068dcd682f802686082715d7b9b050789a1a940f890cf2b2de77.raw.tar.gz --baseline-config nccl-2.19.3-default --candidate-config nccl-2.20.5-default --median-threshold-pct 8.0 --median-absolute-threshold-us 1.0
measurement,COMPLETE,false,,core-20260713-r6,5b9f1e3e013e3ee0a8b9c00ede1d5c512f495a184ff6b8ea061312f8f40ea2bd,primary,07f5cc1d4df5bcc7d400bb7aa050bc0a83a60485b8870db5272571d0321a3230,479323107464068dcd682f802686082715d7b9b050789a1a940f890cf2b2de77,c-trace-build-nccl-2.20.5-ring-l-r000001-6be522f86b69aa29,6be522f86b69aa2978a662b2a3d17b19b592969d963a909def6b66e11a1a5402,a-000001,71b83ca338b294387e3fcf83e1965ed5c33bb7624dc4d4d7f38f3331f11ab7bb,nccl-2.20.5-ring-ll,trace-build,1,60235045.008361,1,commcanary.rostam.physical.capture-measurement.v1,commcanary.rostam.physical.capture-producer.v1,c29407d0cd6e7aeb93e114fe2c18250233365ea7da4d86df6d233938a3a67c17,0911bbab808a3999b09b0a51a74c38db3ebf82a0,false,,cd6dfc0fdec3604ee547e9316b1e0edbafefce26a6087c3f59e047e43ff7eccc,cf5fb68f6f9e19995dccc0835c2aeac06b2bda3fe36d0acc5ccc5cea9db3aa9f,47ca8bb91bba708ab9004d3e97d73233c92863322c860d0f33232aad590cf353,commcanary-wheel=954c9fe0ef908a448b5343c91e7d58e8785fc20a7fd029b699ca0e252614304d;environment-lock=d4b8b2dc177cb09cea84a5b5a51c99d4510a3270fe70286d2133382fbc4abd8b;param-patch-contract=182942ecf6ed3c0ea267b1660a19be8601c16768640dd6ef3f112601a0b26f34;rostam-catalog=9eeaf8158be866f01a9925b0152abebfcfbc2ea59f830e56556eefdcddaf781b,python -m experiments.rostam.analyze verify --run-directory experiments/rostam/results/core-20260713-r6 --selection-id primary --verdict-sha256 479323107464068dcd682f802686082715d7b9b050789a1a940f890cf2b2de77 --output-directory experiments/rostam/results/publications/core-20260713-r6-primary --archive-descriptor experiments/rostam/results/archives/core-20260713-r6-primary-479323107464068dcd682f802686082715d7b9b050789a1a940f890cf2b2de77.raw-archive-descriptor.json --raw-archive experiments/rostam/results/archives/core-20260713-r6-primary-479323107464068dcd682f802686082715d7b9b050789a1a940f890cf2b2de77.raw.tar.gz --baseline-config nccl-2.19.3-default --candidate-config nccl-2.20.5-default --median-threshold-pct 8.0 --median-absolute-threshold-us 1.0
measurement,COMPLETE,false,,core-20260713-r6,5b9f1e3e013e3ee0a8b9c00ede1d5c512f495a184ff6b8ea061312f8f40ea2bd,primary,07f5cc1d4df5bcc7d400bb7aa050bc0a83a60485b8870db5272571d0321a3230,479323107464068dcd682f802686082715d7b9b050789a1a940f890cf2b2de77,c-trace-build-nccl-2.20.5-ring-l-r000001-b086ed3f949f7e65,b086ed3f949f7e654af9b5f3f3fa275740c6049a35babd1c60081b2ce815447e,a-000001,32599fd7562bf674f7c3dc073483c4c164fd2a005edd3cecd744be2cba9bc36d,nccl-2.20.5-ring-ll128,trace-build,1,60436535.834335,1,commcanary.rostam.physical.capture-measurement.v1,commcanary.rostam.physical.capture-producer.v1,e97dac35a6266d70c55cabc84e21b6b2bce773332db40f6fe21f11a971f97b75,0911bbab808a3999b09b0a51a74c38db3ebf82a0,false,,cd6dfc0fdec3604ee547e9316b1e0edbafefce26a6087c3f59e047e43ff7eccc,b0754a35b43f98fffe9a8179669bf192fcaaa2f03220f91489e778215649628b,7695cf425588439fb714c526e1d871e5ffd280dad5d4473ae35380e3f766672a,commcanary-wheel=954c9fe0ef908a448b5343c91e7d58e8785fc20a7fd029b699ca0e252614304d;environment-lock=d4b8b2dc177cb09cea84a5b5a51c99d4510a3270fe70286d2133382fbc4abd8b;param-patch-contract=182942ecf6ed3c0ea267b1660a19be8601c16768640dd6ef3f112601a0b26f34;rostam-catalog=9eeaf8158be866f01a9925b0152abebfcfbc2ea59f830e56556eefdcddaf781b,python -m experiments.rostam.analyze verify --run-directory experiments/rostam/results/core-20260713-r6 --selection-id primary --verdict-sha256 479323107464068dcd682f802686082715d7b9b050789a1a940f890cf2b2de77 --output-directory experiments/rostam/results/publications/core-20260713-r6-primary --archive-descriptor experiments/rostam/results/archives/core-20260713-r6-primary-479323107464068dcd682f802686082715d7b9b050789a1a940f890cf2b2de77.raw-archive-descriptor.json --raw-archive experiments/rostam/results/archives/core-20260713-r6-primary-479323107464068dcd682f802686082715d7b9b050789a1a940f890cf2b2de77.raw.tar.gz --baseline-config nccl-2.19.3-default --candidate-config nccl-2.20.5-default --median-threshold-pct 8.0 --median-absolute-threshold-us 1.0
measurement,COMPLETE,false,,core-20260713-r6,5b9f1e3e013e3ee0a8b9c00ede1d5c512f495a184ff6b8ea061312f8f40ea2bd,primary,07f5cc1d4df5bcc7d400bb7aa050bc0a83a60485b8870db5272571d0321a3230,479323107464068dcd682f802686082715d7b9b050789a1a940f890cf2b2de77,c-trace-build-nccl-2.20.5-ring-l-r000002-b76e5aa754081153,b76e5aa7540811536473be0faaab5fbb2317120e336cc0b2775334202be91d10,a-000001,db6fd8f26b9459daf83284eb33c4778a4eb5e5be26d04caf273de5cc67e356a5,nccl-2.20.5-ring-ll128,trace-build,2,60126915.425994,1,commcanary.rostam.physical.capture-measurement.v1,commcanary.rostam.physical.capture-producer.v1,229b784637746038dd640d5a20a0b9a919f3fde978fb470c3fb94b4c772dfb8d,0911bbab808a3999b09b0a51a74c38db3ebf82a0,false,,cd6dfc0fdec3604ee547e9316b1e0edbafefce26a6087c3f59e047e43ff7eccc,12f33c3b99f8664afcd7e83061b86919e76c2fc398065efb707ec2e40c3dda1b,c7ca9a7c1e64201f52f917498839de8463a3ea69379a9bef3c9553e11adf001a,commcanary-wheel=954c9fe0ef908a448b5343c91e7d58e8785fc20a7fd029b699ca0e252614304d;environment-lock=d4b8b2dc177cb09cea84a5b5a51c99d4510a3270fe70286d2133382fbc4abd8b;param-patch-contract=182942ecf6ed3c0ea267b1660a19be8601c16768640dd6ef3f112601a0b26f34;rostam-catalog=9eeaf8158be866f01a9925b0152abebfcfbc2ea59f830e56556eefdcddaf781b,python -m experiments.rostam.analyze verify --run-directory experiments/rostam/results/core-20260713-r6 --selection-id primary --verdict-sha256 479323107464068dcd682f802686082715d7b9b050789a1a940f890cf2b2de77 --output-directory experiments/rostam/results/publications/core-20260713-r6-primary --archive-descriptor experiments/rostam/results/archives/core-20260713-r6-primary-479323107464068dcd682f802686082715d7b9b050789a1a940f890cf2b2de77.raw-archive-descriptor.json --raw-archive experiments/rostam/results/archives/core-20260713-r6-primary-479323107464068dcd682f802686082715d7b9b050789a1a940f890cf2b2de77.raw.tar.gz --baseline-config nccl-2.19.3-default --candidate-config nccl-2.20.5-default --median-threshold-pct 8.0 --median-absolute-threshold-us 1.0
measurement,COMPLETE,false,,core-20260713-r6,5b9f1e3e013e3ee0a8b9c00ede1d5c512f495a184ff6b8ea061312f8f40ea2bd,primary,07f5cc1d4df5bcc7d400bb7aa050bc0a83a60485b8870db5272571d0321a3230,479323107464068dcd682f802686082715d7b9b050789a1a940f890cf2b2de77,c-trace-build-nccl-2.20.5-ring-l-r000002-ee454772061e218f,ee454772061e218f53d3751ec8ba6486a33228dc1a9ae49864b7c4d4c041e311,a-000001,e81b656040c1d8eaf5adfc90893c3c8114c8c8c9942eb39a58bc0ed57a86566b,nccl-2.20.5-ring-ll,trace-build,2,60202700.466849,1,commcanary.rostam.physical.capture-measurement.v1,commcanary.rostam.physical.capture-producer.v1,cfcfa5f09e186a8da6ff5c90bc6629aa8ecf1dfca3e491bd0f1108973283430b,0911bbab808a3999b09b0a51a74c38db3ebf82a0,false,,cd6dfc0fdec3604ee547e9316b1e0edbafefce26a6087c3f59e047e43ff7eccc,b59f0672f43c2ffd279f92399aabce29f41fcd57eaf61c971080fceb12f8b3fb,cd19add4b12804eca080e64fa978515f165c8633fe191fdfc56c2f00cbefa393,commcanary-wheel=954c9fe0ef908a448b5343c91e7d58e8785fc20a7fd029b699ca0e252614304d;environment-lock=d4b8b2dc177cb09cea84a5b5a51c99d4510a3270fe70286d2133382fbc4abd8b;param-patch-contract=182942ecf6ed3c0ea267b1660a19be8601c16768640dd6ef3f112601a0b26f34;rostam-catalog=9eeaf8158be866f01a9925b0152abebfcfbc2ea59f830e56556eefdcddaf781b,python -m experiments.rostam.analyze verify --run-directory experiments/rostam/results/core-20260713-r6 --selection-id primary --verdict-sha256 479323107464068dcd682f802686082715d7b9b050789a1a940f890cf2b2de77 --output-directory experiments/rostam/results/publications/core-20260713-r6-primary --archive-descriptor experiments/rostam/results/archives/core-20260713-r6-primary-479323107464068dcd682f802686082715d7b9b050789a1a940f890cf2b2de77.raw-archive-descriptor.json --raw-archive experiments/rostam/results/archives/core-20260713-r6-primary-479323107464068dcd682f802686082715d7b9b050789a1a940f890cf2b2de77.raw.tar.gz --baseline-config nccl-2.19.3-default --candidate-config nccl-2.20.5-default --median-threshold-pct 8.0 --median-absolute-threshold-us 1.0
measurement,COMPLETE,false,,core-20260713-r6,5b9f1e3e013e3ee0a8b9c00ede1d5c512f495a184ff6b8ea061312f8f40ea2bd,primary,07f5cc1d4df5bcc7d400bb7aa050bc0a83a60485b8870db5272571d0321a3230,479323107464068dcd682f802686082715d7b9b050789a1a940f890cf2b2de77,c-trace-build-nccl-2.20.5-ring-l-r000003-8c5dbca747852614,8c5dbca747852614c486bed8b6e191d5b030780ee95dff3eb7e54f5203e8be2d,a-000001,4e1153dc34a177321c272c0b41897b4ba578a78a61bf7a4576f7d03ff818ac85,nccl-2.20.5-ring-ll128,trace-build,3,60022974.878550,1,commcanary.rostam.physical.capture-measurement.v1,commcanary.rostam.physical.capture-producer.v1,85c48b7b1efb40dd042fa0553af00bbeebbabff1e47db370f5bf3f6c2f86e6eb,0911bbab808a3999b09b0a51a74c38db3ebf82a0,false,,cd6dfc0fdec3604ee547e9316b1e0edbafefce26a6087c3f59e047e43ff7eccc,8f3894461931d38ca96157781fcc7ee372779c771ea0e649ac2df7c68d6fe879,c159f28583f056a9ef22c40f26590ba5d3a086f8623bf33e77c6b8a62a7c8664,commcanary-wheel=954c9fe0ef908a448b5343c91e7d58e8785fc20a7fd029b699ca0e252614304d;environment-lock=d4b8b2dc177cb09cea84a5b5a51c99d4510a3270fe70286d2133382fbc4abd8b;param-patch-contract=182942ecf6ed3c0ea267b1660a19be8601c16768640dd6ef3f112601a0b26f34;rostam-catalog=9eeaf8158be866f01a9925b0152abebfcfbc2ea59f830e56556eefdcddaf781b,python -m experiments.rostam.analyze verify --run-directory experiments/rostam/results/core-20260713-r6 --selection-id primary --verdict-sha256 479323107464068dcd682f802686082715d7b9b050789a1a940f890cf2b2de77 --output-directory experiments/rostam/results/publications/core-20260713-r6-primary --archive-descriptor experiments/rostam/results/archives/core-20260713-r6-primary-479323107464068dcd682f802686082715d7b9b050789a1a940f890cf2b2de77.raw-archive-descriptor.json --raw-archive experiments/rostam/results/archives/core-20260713-r6-primary-479323107464068dcd682f802686082715d7b9b050789a1a940f890cf2b2de77.raw.tar.gz --baseline-config nccl-2.19.3-default --candidate-config nccl-2.20.5-default --median-threshold-pct 8.0 --median-absolute-threshold-us 1.0
measurement,COMPLETE,false,,core-20260713-r6,5b9f1e3e013e3ee0a8b9c00ede1d5c512f495a184ff6b8ea061312f8f40ea2bd,primary,07f5cc1d4df5bcc7d400bb7aa050bc0a83a60485b8870db5272571d0321a3230,479323107464068dcd682f802686082715d7b9b050789a1a940f890cf2b2de77,c-trace-build-nccl-2.20.5-ring-l-r000003-9db1fe2592200017,9db1fe259220001777ae91abb445cc824f2dee7142215f7694928021198eda94,a-000001,61bcc705544bcc5ca5466c9774d17baa95c790696db60e704c660926a4fa5930,nccl-2.20.5-ring-ll,trace-build,3,60556921.445765,1,commcanary.rostam.physical.capture-measurement.v1,commcanary.rostam.physical.capture-producer.v1,d676dfa5a407733db221947ba5cfd415e8dd05c6c8c5d2461452119ccee9199e,0911bbab808a3999b09b0a51a74c38db3ebf82a0,false,,cd6dfc0fdec3604ee547e9316b1e0edbafefce26a6087c3f59e047e43ff7eccc,7fb9fc629ad8a7aeef3b0b62dc19711268caa1665d06fe62cf3821ef22b2c40b,4397a53267fe39ec70e899f04dca9b25b0b81dcee791692a08e8e108f0a82269,commcanary-wheel=954c9fe0ef908a448b5343c91e7d58e8785fc20a7fd029b699ca0e252614304d;environment-lock=d4b8b2dc177cb09cea84a5b5a51c99d4510a3270fe70286d2133382fbc4abd8b;param-patch-contract=182942ecf6ed3c0ea267b1660a19be8601c16768640dd6ef3f112601a0b26f34;rostam-catalog=9eeaf8158be866f01a9925b0152abebfcfbc2ea59f830e56556eefdcddaf781b,python -m experiments.rostam.analyze verify --run-directory experiments/rostam/results/core-20260713-r6 --selection-id primary --verdict-sha256 479323107464068dcd682f802686082715d7b9b050789a1a940f890cf2b2de77 --output-directory experiments/rostam/results/publications/core-20260713-r6-primary --archive-descriptor experiments/rostam/results/archives/core-20260713-r6-primary-479323107464068dcd682f802686082715d7b9b050789a1a940f890cf2b2de77.raw-archive-descriptor.json --raw-archive experiments/rostam/results/archives/core-20260713-r6-primary-479323107464068dcd682f802686082715d7b9b050789a1a940f890cf2b2de77.raw.tar.gz --baseline-config nccl-2.19.3-default --candidate-config nccl-2.20.5-default --median-threshold-pct 8.0 --median-absolute-threshold-us 1.0
measurement,COMPLETE,false,,core-20260713-r6,5b9f1e3e013e3ee0a8b9c00ede1d5c512f495a184ff6b8ea061312f8f40ea2bd,primary,07f5cc1d4df5bcc7d400bb7aa050bc0a83a60485b8870db5272571d0321a3230,479323107464068dcd682f802686082715d7b9b050789a1a940f890cf2b2de77,c-trace-build-nccl-2.20.5-ring-l-r000004-358b3206bf40193b,358b3206bf40193b8a89b77a6c7b09387c0c573e4726191557e6c973e1f4e89a,a-000001,359dbc3860aa9613023406f0ea90563651cca5a9334efbb4a1c94c9fa71f55e7,nccl-2.20.5-ring-ll,trace-build,4,60446180.768311,1,commcanary.rostam.physical.capture-measurement.v1,commcanary.rostam.physical.capture-producer.v1,296001c30d8623325268484f96f18a7ed0e0a64bb73b6b377f01f68afe592fee,0911bbab808a3999b09b0a51a74c38db3ebf82a0,false,,cd6dfc0fdec3604ee547e9316b1e0edbafefce26a6087c3f59e047e43ff7eccc,71c7159a6e647035c00dd6cdd83efce92f39cb86c102ff15382cb3da4fccac35,f91e34f2517422cf3ec2ed57f0a30c429d822205b320fd36fcd000ea1d52b889,commcanary-wheel=954c9fe0ef908a448b5343c91e7d58e8785fc20a7fd029b699ca0e252614304d;environment-lock=d4b8b2dc177cb09cea84a5b5a51c99d4510a3270fe70286d2133382fbc4abd8b;param-patch-contract=182942ecf6ed3c0ea267b1660a19be8601c16768640dd6ef3f112601a0b26f34;rostam-catalog=9eeaf8158be866f01a9925b0152abebfcfbc2ea59f830e56556eefdcddaf781b,python -m experiments.rostam.analyze verify --run-directory experiments/rostam/results/core-20260713-r6 --selection-id primary --verdict-sha256 479323107464068dcd682f802686082715d7b9b050789a1a940f890cf2b2de77 --output-directory experiments/rostam/results/publications/core-20260713-r6-primary --archive-descriptor experiments/rostam/results/archives/core-20260713-r6-primary-479323107464068dcd682f802686082715d7b9b050789a1a940f890cf2b2de77.raw-archive-descriptor.json --raw-archive experiments/rostam/results/archives/core-20260713-r6-primary-479323107464068dcd682f802686082715d7b9b050789a1a940f890cf2b2de77.raw.tar.gz --baseline-config nccl-2.19.3-default --candidate-config nccl-2.20.5-default --median-threshold-pct 8.0 --median-absolute-threshold-us 1.0
measurement,COMPLETE,false,,core-20260713-r6,5b9f1e3e013e3ee0a8b9c00ede1d5c512f495a184ff6b8ea061312f8f40ea2bd,primary,07f5cc1d4df5bcc7d400bb7aa050bc0a83a60485b8870db5272571d0321a3230,479323107464068dcd682f802686082715d7b9b050789a1a940f890cf2b2de77,c-trace-build-nccl-2.20.5-ring-l-r000004-ce25358e64af4d0c,ce25358e64af4d0c3f25efb440d21a03bbbd16941b171062ceed25b610164ba8,a-000001,ff50e4d259bf28143eaf930ed869ddf71f63d4bcafde034a2bbca8fae00318a3,nccl-2.20.5-ring-ll128,trace-build,4,60466065.789573,1,commcanary.rostam.physical.capture-measurement.v1,commcanary.rostam.physical.capture-producer.v1,ee08d8c19d3da505aff94bd6cfd321f4c7fa11108c041d7007c665faf107fed9,0911bbab808a3999b09b0a51a74c38db3ebf82a0,false,,cd6dfc0fdec3604ee547e9316b1e0edbafefce26a6087c3f59e047e43ff7eccc,99b728d49ea82e59a3390618daee76556f66ae3a2fc7050e1434513938377bd9,044580f9b438b33e275c72aad5de8205a22afaf05b7d3f8724eddf4bce7efd6e,commcanary-wheel=954c9fe0ef908a448b5343c91e7d58e8785fc20a7fd029b699ca0e252614304d;environment-lock=d4b8b2dc177cb09cea84a5b5a51c99d4510a3270fe70286d2133382fbc4abd8b;param-patch-contract=182942ecf6ed3c0ea267b1660a19be8601c16768640dd6ef3f112601a0b26f34;rostam-catalog=9eeaf8158be866f01a9925b0152abebfcfbc2ea59f830e56556eefdcddaf781b,python -m experiments.rostam.analyze verify --run-directory experiments/rostam/results/core-20260713-r6 --selection-id primary --verdict-sha256 479323107464068dcd682f802686082715d7b9b050789a1a940f890cf2b2de77 --output-directory experiments/rostam/results/publications/core-20260713-r6-primary --archive-descriptor experiments/rostam/results/archives/core-20260713-r6-primary-479323107464068dcd682f802686082715d7b9b050789a1a940f890cf2b2de77.raw-archive-descriptor.json --raw-archive experiments/rostam/results/archives/core-20260713-r6-primary-479323107464068dcd682f802686082715d7b9b050789a1a940f890cf2b2de77.raw.tar.gz --baseline-config nccl-2.19.3-default --candidate-config nccl-2.20.5-default --median-threshold-pct 8.0 --median-absolute-threshold-us 1.0
measurement,COMPLETE,false,,core-20260713-r6,5b9f1e3e013e3ee0a8b9c00ede1d5c512f495a184ff6b8ea061312f8f40ea2bd,primary,07f5cc1d4df5bcc7d400bb7aa050bc0a83a60485b8870db5272571d0321a3230,479323107464068dcd682f802686082715d7b9b050789a1a940f890cf2b2de77,c-trace-build-nccl-2.20.5-ring-s-r000000-2e81ff81c4654738,2e81ff81c465473848778ed15003b1a2d36cf20deb3f977bc38578519a50492a,a-000001,1f8fefdeee98c89b6bb8de093e723c3f19cebc087f0e51b38eb8bc751b6c782a,nccl-2.20.5-ring-simple,trace-build,0,60228438.546881,1,commcanary.rostam.physical.capture-measurement.v1,commcanary.rostam.physical.capture-producer.v1,7462e036a6284a0188344e2f45ce19defb10311adfd5938aac212a5898f6e1ca,0911bbab808a3999b09b0a51a74c38db3ebf82a0,false,,cd6dfc0fdec3604ee547e9316b1e0edbafefce26a6087c3f59e047e43ff7eccc,459d4e618d0803c5040924fbff274bdb61e4f7cd43b3cb8e87550270c0f37c82,99adbf15ae9af5856de410c5902553e5e0d705e5ff1454d0e9d002487f212c85,commcanary-wheel=954c9fe0ef908a448b5343c91e7d58e8785fc20a7fd029b699ca0e252614304d;environment-lock=d4b8b2dc177cb09cea84a5b5a51c99d4510a3270fe70286d2133382fbc4abd8b;param-patch-contract=182942ecf6ed3c0ea267b1660a19be8601c16768640dd6ef3f112601a0b26f34;rostam-catalog=9eeaf8158be866f01a9925b0152abebfcfbc2ea59f830e56556eefdcddaf781b,python -m experiments.rostam.analyze verify --run-directory experiments/rostam/results/core-20260713-r6 --selection-id primary --verdict-sha256 479323107464068dcd682f802686082715d7b9b050789a1a940f890cf2b2de77 --output-directory experiments/rostam/results/publications/core-20260713-r6-primary --archive-descriptor experiments/rostam/results/archives/core-20260713-r6-primary-479323107464068dcd682f802686082715d7b9b050789a1a940f890cf2b2de77.raw-archive-descriptor.json --raw-archive experiments/rostam/results/archives/core-20260713-r6-primary-479323107464068dcd682f802686082715d7b9b050789a1a940f890cf2b2de77.raw.tar.gz --baseline-config nccl-2.19.3-default --candidate-config nccl-2.20.5-default --median-threshold-pct 8.0 --median-absolute-threshold-us 1.0
measurement,COMPLETE,false,,core-20260713-r6,5b9f1e3e013e3ee0a8b9c00ede1d5c512f495a184ff6b8ea061312f8f40ea2bd,primary,07f5cc1d4df5bcc7d400bb7aa050bc0a83a60485b8870db5272571d0321a3230,479323107464068dcd682f802686082715d7b9b050789a1a940f890cf2b2de77,c-trace-build-nccl-2.20.5-ring-s-r000001-52cbb95df361f772,52cbb95df361f772a52a8d8bc89f455dc9598b2f1b7d0ace2d76953bc8dff1ef,a-000001,8140ac235468ab369a16e1a2812cc916b77b5c30408887c28cc99c0f90556bc3,nccl-2.20.5-ring-simple,trace-build,1,79400485.823862,1,commcanary.rostam.physical.capture-measurement.v1,commcanary.rostam.physical.capture-producer.v1,e104bafcb3f921e2ee72193b4773cb73a918211ec32fb4fc125d221611609026,0911bbab808a3999b09b0a51a74c38db3ebf82a0,false,,cd6dfc0fdec3604ee547e9316b1e0edbafefce26a6087c3f59e047e43ff7eccc,c1bd03f8d9cbe813a8157bac7bc7ad7d7efba6212fbd148508f7089879c3a37e,d913c09ad09bc3ba8fd730b7dd28b009ceafd6d7cb51a6d04b9b06e44507aa5b,commcanary-wheel=954c9fe0ef908a448b5343c91e7d58e8785fc20a7fd029b699ca0e252614304d;environment-lock=d4b8b2dc177cb09cea84a5b5a51c99d4510a3270fe70286d2133382fbc4abd8b;param-patch-contract=182942ecf6ed3c0ea267b1660a19be8601c16768640dd6ef3f112601a0b26f34;rostam-catalog=9eeaf8158be866f01a9925b0152abebfcfbc2ea59f830e56556eefdcddaf781b,python -m experiments.rostam.analyze verify --run-directory experiments/rostam/results/core-20260713-r6 --selection-id primary --verdict-sha256 479323107464068dcd682f802686082715d7b9b050789a1a940f890cf2b2de77 --output-directory experiments/rostam/results/publications/core-20260713-r6-primary --archive-descriptor experiments/rostam/results/archives/core-20260713-r6-primary-479323107464068dcd682f802686082715d7b9b050789a1a940f890cf2b2de77.raw-archive-descriptor.json --raw-archive experiments/rostam/results/archives/core-20260713-r6-primary-479323107464068dcd682f802686082715d7b9b050789a1a940f890cf2b2de77.raw.tar.gz --baseline-config nccl-2.19.3-default --candidate-config nccl-2.20.5-default --median-threshold-pct 8.0 --median-absolute-threshold-us 1.0
measurement,COMPLETE,false,,core-20260713-r6,5b9f1e3e013e3ee0a8b9c00ede1d5c512f495a184ff6b8ea061312f8f40ea2bd,primary,07f5cc1d4df5bcc7d400bb7aa050bc0a83a60485b8870db5272571d0321a3230,479323107464068dcd682f802686082715d7b9b050789a1a940f890cf2b2de77,c-trace-build-nccl-2.20.5-ring-s-r000002-c0a3172de71d2fd1,c0a3172de71d2fd12ec921d9e862f5d5d30dcded0d5b4959fa774efe5f0a302c,a-000001,5ca7efce2136d66b752f383d8be074b8dc217a97171f4f64485ad6a3e1296860,nccl-2.20.5-ring-simple,trace-build,2,60568520.243280,1,commcanary.rostam.physical.capture-measurement.v1,commcanary.rostam.physical.capture-producer.v1,63aa39ed0b9c5214bf2fd1c74c0c581a0b419b731d1ee851a991c015ac905d30,0911bbab808a3999b09b0a51a74c38db3ebf82a0,false,,cd6dfc0fdec3604ee547e9316b1e0edbafefce26a6087c3f59e047e43ff7eccc,395d09dfa46f727ad63166c030614fc272c26d09963d49dfed5c2cdadbb18445,058cddda5150c691c10b50b0c2e11dd10beb2f80aa45920360625b6e6522c1ec,commcanary-wheel=954c9fe0ef908a448b5343c91e7d58e8785fc20a7fd029b699ca0e252614304d;environment-lock=d4b8b2dc177cb09cea84a5b5a51c99d4510a3270fe70286d2133382fbc4abd8b;param-patch-contract=182942ecf6ed3c0ea267b1660a19be8601c16768640dd6ef3f112601a0b26f34;rostam-catalog=9eeaf8158be866f01a9925b0152abebfcfbc2ea59f830e56556eefdcddaf781b,python -m experiments.rostam.analyze verify --run-directory experiments/rostam/results/core-20260713-r6 --selection-id primary --verdict-sha256 479323107464068dcd682f802686082715d7b9b050789a1a940f890cf2b2de77 --output-directory experiments/rostam/results/publications/core-20260713-r6-primary --archive-descriptor experiments/rostam/results/archives/core-20260713-r6-primary-479323107464068dcd682f802686082715d7b9b050789a1a940f890cf2b2de77.raw-archive-descriptor.json --raw-archive experiments/rostam/results/archives/core-20260713-r6-primary-479323107464068dcd682f802686082715d7b9b050789a1a940f890cf2b2de77.raw.tar.gz --baseline-config nccl-2.19.3-default --candidate-config nccl-2.20.5-default --median-threshold-pct 8.0 --median-absolute-threshold-us 1.0
measurement,COMPLETE,false,,core-20260713-r6,5b9f1e3e013e3ee0a8b9c00ede1d5c512f495a184ff6b8ea061312f8f40ea2bd,primary,07f5cc1d4df5bcc7d400bb7aa050bc0a83a60485b8870db5272571d0321a3230,479323107464068dcd682f802686082715d7b9b050789a1a940f890cf2b2de77,c-trace-build-nccl-2.20.5-ring-s-r000003-25a2be0eee29b7e8,25a2be0eee29b7e8b1a1b134d926ae3967d02424a274193211da7d362b84f007,a-000001,3fcc84f70ca0a5fe76000636d4779cf52f01b4f12d4261a90b77986b69b1683b,nccl-2.20.5-ring-simple,trace-build,3,60019041.409716,1,commcanary.rostam.physical.capture-measurement.v1,commcanary.rostam.physical.capture-producer.v1,d0f7eec51c949d96e1699f4e1424351c4cc6dee0450998d6c1ea309e8da84369,0911bbab808a3999b09b0a51a74c38db3ebf82a0,false,,cd6dfc0fdec3604ee547e9316b1e0edbafefce26a6087c3f59e047e43ff7eccc,093f0e570518d61ac6babf82004ad754cdfc9fc3329d08e67b798ba39a6a97a0,9a4e4f11d81c4983c315c2e44cad458c3e704aefa37fdbdb0fe4606d5bda3e7d,commcanary-wheel=954c9fe0ef908a448b5343c91e7d58e8785fc20a7fd029b699ca0e252614304d;environment-lock=d4b8b2dc177cb09cea84a5b5a51c99d4510a3270fe70286d2133382fbc4abd8b;param-patch-contract=182942ecf6ed3c0ea267b1660a19be8601c16768640dd6ef3f112601a0b26f34;rostam-catalog=9eeaf8158be866f01a9925b0152abebfcfbc2ea59f830e56556eefdcddaf781b,python -m experiments.rostam.analyze verify --run-directory experiments/rostam/results/core-20260713-r6 --selection-id primary --verdict-sha256 479323107464068dcd682f802686082715d7b9b050789a1a940f890cf2b2de77 --output-directory experiments/rostam/results/publications/core-20260713-r6-primary --archive-descriptor experiments/rostam/results/archives/core-20260713-r6-primary-479323107464068dcd682f802686082715d7b9b050789a1a940f890cf2b2de77.raw-archive-descriptor.json --raw-archive experiments/rostam/results/archives/core-20260713-r6-primary-479323107464068dcd682f802686082715d7b9b050789a1a940f890cf2b2de77.raw.tar.gz --baseline-config nccl-2.19.3-default --candidate-config nccl-2.20.5-default --median-threshold-pct 8.0 --median-absolute-threshold-us 1.0
measurement,COMPLETE,false,,core-20260713-r6,5b9f1e3e013e3ee0a8b9c00ede1d5c512f495a184ff6b8ea061312f8f40ea2bd,primary,07f5cc1d4df5bcc7d400bb7aa050bc0a83a60485b8870db5272571d0321a3230,479323107464068dcd682f802686082715d7b9b050789a1a940f890cf2b2de77,c-trace-build-nccl-2.20.5-ring-s-r000004-50ac772b9b9ea944,50ac772b9b9ea944e7ab31f21131635fcc07aa9ad980785c637ece01bc054fc7,a-000001,a54ed81d89e487c9928553ff7f19f042ba5ddb57a00d75b930a0e8ecf8bfc109,nccl-2.20.5-ring-simple,trace-build,4,60446220.668033,1,commcanary.rostam.physical.capture-measurement.v1,commcanary.rostam.physical.capture-producer.v1,04310b56e5e8c4a153fc7cec0294717192f8ed2503e285b9306387fe84f36bd2,0911bbab808a3999b09b0a51a74c38db3ebf82a0,false,,cd6dfc0fdec3604ee547e9316b1e0edbafefce26a6087c3f59e047e43ff7eccc,ce898a98b362f48341a1793e6a18910e15b3e85f09f552800d7e2522216e42c5,c1dad7bf533dc87c0445d7088145175f095bcfde9cbbc3f535564fbd07617d07,commcanary-wheel=954c9fe0ef908a448b5343c91e7d58e8785fc20a7fd029b699ca0e252614304d;environment-lock=d4b8b2dc177cb09cea84a5b5a51c99d4510a3270fe70286d2133382fbc4abd8b;param-patch-contract=182942ecf6ed3c0ea267b1660a19be8601c16768640dd6ef3f112601a0b26f34;rostam-catalog=9eeaf8158be866f01a9925b0152abebfcfbc2ea59f830e56556eefdcddaf781b,python -m experiments.rostam.analyze verify --run-directory experiments/rostam/results/core-20260713-r6 --selection-id primary --verdict-sha256 479323107464068dcd682f802686082715d7b9b050789a1a940f890cf2b2de77 --output-directory experiments/rostam/results/publications/core-20260713-r6-primary --archive-descriptor experiments/rostam/results/archives/core-20260713-r6-primary-479323107464068dcd682f802686082715d7b9b050789a1a940f890cf2b2de77.raw-archive-descriptor.json --raw-archive experiments/rostam/results/archives/core-20260713-r6-primary-479323107464068dcd682f802686082715d7b9b050789a1a940f890cf2b2de77.raw.tar.gz --baseline-config nccl-2.19.3-default --candidate-config nccl-2.20.5-default --median-threshold-pct 8.0 --median-absolute-threshold-us 1.0
measurement,COMPLETE,false,,core-20260713-r6,5b9f1e3e013e3ee0a8b9c00ede1d5c512f495a184ff6b8ea061312f8f40ea2bd,primary,07f5cc1d4df5bcc7d400bb7aa050bc0a83a60485b8870db5272571d0321a3230,479323107464068dcd682f802686082715d7b9b050789a1a940f890cf2b2de77,c-trace-build-nccl-2.20.5-tree-l-r000000-8ed6c9ceda34c778,8ed6c9ceda34c7783b54c9b526f9c59a22bfcaee5c549c837b69756307d146d3,a-000001,bcd86950a8a1e6a75f86f6f58abd434b8c3c5692e4e9aa8cc84262b5588bb288,nccl-2.20.5-tree-ll128,trace-build,0,60514961.994253,1,commcanary.rostam.physical.capture-measurement.v1,commcanary.rostam.physical.capture-producer.v1,68aeda7fda6a3dd54b911c9a38dac4d8afaf5d67f44ca521e4ce0f0a01c0049f,0911bbab808a3999b09b0a51a74c38db3ebf82a0,false,,cd6dfc0fdec3604ee547e9316b1e0edbafefce26a6087c3f59e047e43ff7eccc,527ff2c6260e477569faf3642699c821cd7e38f619838431d6f5c808fbb5102d,957b53490fd2fbabd7efb519bf374b31da6406466b3e9cca38fe6937bb4c1091,commcanary-wheel=954c9fe0ef908a448b5343c91e7d58e8785fc20a7fd029b699ca0e252614304d;environment-lock=d4b8b2dc177cb09cea84a5b5a51c99d4510a3270fe70286d2133382fbc4abd8b;param-patch-contract=182942ecf6ed3c0ea267b1660a19be8601c16768640dd6ef3f112601a0b26f34;rostam-catalog=9eeaf8158be866f01a9925b0152abebfcfbc2ea59f830e56556eefdcddaf781b,python -m experiments.rostam.analyze verify --run-directory experiments/rostam/results/core-20260713-r6 --selection-id primary --verdict-sha256 479323107464068dcd682f802686082715d7b9b050789a1a940f890cf2b2de77 --output-directory experiments/rostam/results/publications/core-20260713-r6-primary --archive-descriptor experiments/rostam/results/archives/core-20260713-r6-primary-479323107464068dcd682f802686082715d7b9b050789a1a940f890cf2b2de77.raw-archive-descriptor.json --raw-archive experiments/rostam/results/archives/core-20260713-r6-primary-479323107464068dcd682f802686082715d7b9b050789a1a940f890cf2b2de77.raw.tar.gz --baseline-config nccl-2.19.3-default --candidate-config nccl-2.20.5-default --median-threshold-pct 8.0 --median-absolute-threshold-us 1.0
measurement,COMPLETE,false,,core-20260713-r6,5b9f1e3e013e3ee0a8b9c00ede1d5c512f495a184ff6b8ea061312f8f40ea2bd,primary,07f5cc1d4df5bcc7d400bb7aa050bc0a83a60485b8870db5272571d0321a3230,479323107464068dcd682f802686082715d7b9b050789a1a940f890cf2b2de77,c-trace-build-nccl-2.20.5-tree-l-r000000-bf368fc04c20ccf8,bf368fc04c20ccf8aeeae5dec977ffd673d2d01126e37a0991680db1f3f26a59,a-000001,8fcd3d818360ef5db03b2c70ebd09c987f47af05e91d5ce1d160174845252855,nccl-2.20.5-tree-ll,trace-build,0,61152379.403822,1,commcanary.rostam.physical.capture-measurement.v1,commcanary.rostam.physical.capture-producer.v1,9ab6e1ea1f9a317a8f95bb7ef528ea425e1770e23041ab213322523048220c96,0911bbab808a3999b09b0a51a74c38db3ebf82a0,false,,cd6dfc0fdec3604ee547e9316b1e0edbafefce26a6087c3f59e047e43ff7eccc,698d41f3d9774d4ab9d0c334f59a47a37917c9e62c748bb376c8fd0aeaef013c,e80ca30be258bc3dd1e2067f2dadca882f61537ce313917d02d03b89e4c144fc,commcanary-wheel=954c9fe0ef908a448b5343c91e7d58e8785fc20a7fd029b699ca0e252614304d;environment-lock=d4b8b2dc177cb09cea84a5b5a51c99d4510a3270fe70286d2133382fbc4abd8b;param-patch-contract=182942ecf6ed3c0ea267b1660a19be8601c16768640dd6ef3f112601a0b26f34;rostam-catalog=9eeaf8158be866f01a9925b0152abebfcfbc2ea59f830e56556eefdcddaf781b,python -m experiments.rostam.analyze verify --run-directory experiments/rostam/results/core-20260713-r6 --selection-id primary --verdict-sha256 479323107464068dcd682f802686082715d7b9b050789a1a940f890cf2b2de77 --output-directory experiments/rostam/results/publications/core-20260713-r6-primary --archive-descriptor experiments/rostam/results/archives/core-20260713-r6-primary-479323107464068dcd682f802686082715d7b9b050789a1a940f890cf2b2de77.raw-archive-descriptor.json --raw-archive experiments/rostam/results/archives/core-20260713-r6-primary-479323107464068dcd682f802686082715d7b9b050789a1a940f890cf2b2de77.raw.tar.gz --baseline-config nccl-2.19.3-default --candidate-config nccl-2.20.5-default --median-threshold-pct 8.0 --median-absolute-threshold-us 1.0
measurement,COMPLETE,false,,core-20260713-r6,5b9f1e3e013e3ee0a8b9c00ede1d5c512f495a184ff6b8ea061312f8f40ea2bd,primary,07f5cc1d4df5bcc7d400bb7aa050bc0a83a60485b8870db5272571d0321a3230,479323107464068dcd682f802686082715d7b9b050789a1a940f890cf2b2de77,c-trace-build-nccl-2.20.5-tree-l-r000001-245e39b620cf7da2,245e39b620cf7da21574511f8f853fc432bc225bcb5a2b2b222540751fddf9f9,a-000001,65e0c73a7cd40deadb079241d834f30c6558f943a51fe840504f67ca8f9725b0,nccl-2.20.5-tree-ll,trace-build,1,77752166.766673,1,commcanary.rostam.physical.capture-measurement.v1,commcanary.rostam.physical.capture-producer.v1,f24939c499abb703db11b1f02c839b4a4c9b92da42fd7f4a82ef8915448407e7,0911bbab808a3999b09b0a51a74c38db3ebf82a0,false,,cd6dfc0fdec3604ee547e9316b1e0edbafefce26a6087c3f59e047e43ff7eccc,6dc0348a5d7cadb324d3d453589aca5a5da6ca7249f608ee821bec90beec973b,2010b45d8641620337cdbb82b86e22ff6f90098e6e59f0e850b424bec5460861,commcanary-wheel=954c9fe0ef908a448b5343c91e7d58e8785fc20a7fd029b699ca0e252614304d;environment-lock=d4b8b2dc177cb09cea84a5b5a51c99d4510a3270fe70286d2133382fbc4abd8b;param-patch-contract=182942ecf6ed3c0ea267b1660a19be8601c16768640dd6ef3f112601a0b26f34;rostam-catalog=9eeaf8158be866f01a9925b0152abebfcfbc2ea59f830e56556eefdcddaf781b,python -m experiments.rostam.analyze verify --run-directory experiments/rostam/results/core-20260713-r6 --selection-id primary --verdict-sha256 479323107464068dcd682f802686082715d7b9b050789a1a940f890cf2b2de77 --output-directory experiments/rostam/results/publications/core-20260713-r6-primary --archive-descriptor experiments/rostam/results/archives/core-20260713-r6-primary-479323107464068dcd682f802686082715d7b9b050789a1a940f890cf2b2de77.raw-archive-descriptor.json --raw-archive experiments/rostam/results/archives/core-20260713-r6-primary-479323107464068dcd682f802686082715d7b9b050789a1a940f890cf2b2de77.raw.tar.gz --baseline-config nccl-2.19.3-default --candidate-config nccl-2.20.5-default --median-threshold-pct 8.0 --median-absolute-threshold-us 1.0
measurement,COMPLETE,false,,core-20260713-r6,5b9f1e3e013e3ee0a8b9c00ede1d5c512f495a184ff6b8ea061312f8f40ea2bd,primary,07f5cc1d4df5bcc7d400bb7aa050bc0a83a60485b8870db5272571d0321a3230,479323107464068dcd682f802686082715d7b9b050789a1a940f890cf2b2de77,c-trace-build-nccl-2.20.5-tree-l-r000001-9afbb97cff6fcbe5,9afbb97cff6fcbe5c73ee7114091cfb181d609e60e877b6087878c154da588e8,a-000001,a309d91d27a90c7a247c956a12fafcdb1718a604fef03db24c1cbd90de4dac84,nccl-2.20.5-tree-ll128,trace-build,1,61981159.917079,1,commcanary.rostam.physical.capture-measurement.v1,commcanary.rostam.physical.capture-producer.v1,cdc7a73ba8155dff7cdfd0df8512287696575ffe3f1a67e62a3b91e6784a3a2b,0911bbab808a3999b09b0a51a74c38db3ebf82a0,false,,cd6dfc0fdec3604ee547e9316b1e0edbafefce26a6087c3f59e047e43ff7eccc,7801c655b266c7157f6abc60880d1f393e14ea62e86ecafd1c560d3f13b9cd32,746d6bd49411d3fa12f632463dcc556a089c7edd4bae3964192e795c4693eba9,commcanary-wheel=954c9fe0ef908a448b5343c91e7d58e8785fc20a7fd029b699ca0e252614304d;environment-lock=d4b8b2dc177cb09cea84a5b5a51c99d4510a3270fe70286d2133382fbc4abd8b;param-patch-contract=182942ecf6ed3c0ea267b1660a19be8601c16768640dd6ef3f112601a0b26f34;rostam-catalog=9eeaf8158be866f01a9925b0152abebfcfbc2ea59f830e56556eefdcddaf781b,python -m experiments.rostam.analyze verify --run-directory experiments/rostam/results/core-20260713-r6 --selection-id primary --verdict-sha256 479323107464068dcd682f802686082715d7b9b050789a1a940f890cf2b2de77 --output-directory experiments/rostam/results/publications/core-20260713-r6-primary --archive-descriptor experiments/rostam/results/archives/core-20260713-r6-primary-479323107464068dcd682f802686082715d7b9b050789a1a940f890cf2b2de77.raw-archive-descriptor.json --raw-archive experiments/rostam/results/archives/core-20260713-r6-primary-479323107464068dcd682f802686082715d7b9b050789a1a940f890cf2b2de77.raw.tar.gz --baseline-config nccl-2.19.3-default --candidate-config nccl-2.20.5-default --median-threshold-pct 8.0 --median-absolute-threshold-us 1.0
measurement,COMPLETE,false,,core-20260713-r6,5b9f1e3e013e3ee0a8b9c00ede1d5c512f495a184ff6b8ea061312f8f40ea2bd,primary,07f5cc1d4df5bcc7d400bb7aa050bc0a83a60485b8870db5272571d0321a3230,479323107464068dcd682f802686082715d7b9b050789a1a940f890cf2b2de77,c-trace-build-nccl-2.20.5-tree-l-r000002-06e0bdf3acd227b1,06e0bdf3acd227b156c2b0e72aad693b36fe22668a8b378fddee784b60ef4da9,a-000001,faa89fd2b1cfd36bea3a2d4e610ce04757c2fdac23d72cc6148b82941a798261,nccl-2.20.5-tree-ll,trace-build,2,60876533.503644,1,commcanary.rostam.physical.capture-measurement.v1,commcanary.rostam.physical.capture-producer.v1,b6dfa61f55fde5bc77fa114d62b1d976abe16aec2ace51138bc335ad316a8b90,0911bbab808a3999b09b0a51a74c38db3ebf82a0,false,,cd6dfc0fdec3604ee547e9316b1e0edbafefce26a6087c3f59e047e43ff7eccc,565815b781bef652b640aa598dd786ef5e0d78c337d445f6b1d91e4138cfd25f,e47719451e6a09223cafbe64135ab80f355a57741d6045eeb8c205c8640a41e8,commcanary-wheel=954c9fe0ef908a448b5343c91e7d58e8785fc20a7fd029b699ca0e252614304d;environment-lock=d4b8b2dc177cb09cea84a5b5a51c99d4510a3270fe70286d2133382fbc4abd8b;param-patch-contract=182942ecf6ed3c0ea267b1660a19be8601c16768640dd6ef3f112601a0b26f34;rostam-catalog=9eeaf8158be866f01a9925b0152abebfcfbc2ea59f830e56556eefdcddaf781b,python -m experiments.rostam.analyze verify --run-directory experiments/rostam/results/core-20260713-r6 --selection-id primary --verdict-sha256 479323107464068dcd682f802686082715d7b9b050789a1a940f890cf2b2de77 --output-directory experiments/rostam/results/publications/core-20260713-r6-primary --archive-descriptor experiments/rostam/results/archives/core-20260713-r6-primary-479323107464068dcd682f802686082715d7b9b050789a1a940f890cf2b2de77.raw-archive-descriptor.json --raw-archive experiments/rostam/results/archives/core-20260713-r6-primary-479323107464068dcd682f802686082715d7b9b050789a1a940f890cf2b2de77.raw.tar.gz --baseline-config nccl-2.19.3-default --candidate-config nccl-2.20.5-default --median-threshold-pct 8.0 --median-absolute-threshold-us 1.0
measurement,COMPLETE,false,,core-20260713-r6,5b9f1e3e013e3ee0a8b9c00ede1d5c512f495a184ff6b8ea061312f8f40ea2bd,primary,07f5cc1d4df5bcc7d400bb7aa050bc0a83a60485b8870db5272571d0321a3230,479323107464068dcd682f802686082715d7b9b050789a1a940f890cf2b2de77,c-trace-build-nccl-2.20.5-tree-l-r000002-f5f683ed4e9d41c7,f5f683ed4e9d41c7682a17679b8bccb526ef31528041c54c3b3e79148fe4bf79,a-000001,b88f2c41a1ca134c1f58cfa4a528d64d06c947aaea8a40d39a6d62aa0e92e956,nccl-2.20.5-tree-ll128,trace-build,2,60417967.994697,1,commcanary.rostam.physical.capture-measurement.v1,commcanary.rostam.physical.capture-producer.v1,4d62386fb332dadb6241508d63228b030e927060844d15d2f9cd5c6cf3114a2b,0911bbab808a3999b09b0a51a74c38db3ebf82a0,false,,cd6dfc0fdec3604ee547e9316b1e0edbafefce26a6087c3f59e047e43ff7eccc,de429c61a5716bbb8da273cc6d64769963e2fbbbd973287c794b2a7702444e10,e50846cd6daa20c04bce5231fc168c9d77ed885f2e9dcb6213fb42a3605ebc63,commcanary-wheel=954c9fe0ef908a448b5343c91e7d58e8785fc20a7fd029b699ca0e252614304d;environment-lock=d4b8b2dc177cb09cea84a5b5a51c99d4510a3270fe70286d2133382fbc4abd8b;param-patch-contract=182942ecf6ed3c0ea267b1660a19be8601c16768640dd6ef3f112601a0b26f34;rostam-catalog=9eeaf8158be866f01a9925b0152abebfcfbc2ea59f830e56556eefdcddaf781b,python -m experiments.rostam.analyze verify --run-directory experiments/rostam/results/core-20260713-r6 --selection-id primary --verdict-sha256 479323107464068dcd682f802686082715d7b9b050789a1a940f890cf2b2de77 --output-directory experiments/rostam/results/publications/core-20260713-r6-primary --archive-descriptor experiments/rostam/results/archives/core-20260713-r6-primary-479323107464068dcd682f802686082715d7b9b050789a1a940f890cf2b2de77.raw-archive-descriptor.json --raw-archive experiments/rostam/results/archives/core-20260713-r6-primary-479323107464068dcd682f802686082715d7b9b050789a1a940f890cf2b2de77.raw.tar.gz --baseline-config nccl-2.19.3-default --candidate-config nccl-2.20.5-default --median-threshold-pct 8.0 --median-absolute-threshold-us 1.0
measurement,COMPLETE,false,,core-20260713-r6,5b9f1e3e013e3ee0a8b9c00ede1d5c512f495a184ff6b8ea061312f8f40ea2bd,primary,07f5cc1d4df5bcc7d400bb7aa050bc0a83a60485b8870db5272571d0321a3230,479323107464068dcd682f802686082715d7b9b050789a1a940f890cf2b2de77,c-trace-build-nccl-2.20.5-tree-l-r000003-03b0a5699930f49b,03b0a5699930f49b4130a82ba640e533251b9c0ccc1dfd13b954d66bd1a2b14b,a-000001,86763f73a1fccfbeaeb1e53f791909abccbea223537070de9ec99509ecfb9541,nccl-2.20.5-tree-ll,trace-build,3,61585661.514662,1,commcanary.rostam.physical.capture-measurement.v1,commcanary.rostam.physical.capture-producer.v1,b97f6d5d210f49bd854aa6b8ad799f46aa257bf9d10c6ca34aaf5ac86757474e,0911bbab808a3999b09b0a51a74c38db3ebf82a0,false,,cd6dfc0fdec3604ee547e9316b1e0edbafefce26a6087c3f59e047e43ff7eccc,9a5898b9395585856283a8b1c8bd3e5123204ae9d22e578e6d527adb81fdf94f,056d69c594814da7078993b054c917aba938ef283a150ce97209ea8617683313,commcanary-wheel=954c9fe0ef908a448b5343c91e7d58e8785fc20a7fd029b699ca0e252614304d;environment-lock=d4b8b2dc177cb09cea84a5b5a51c99d4510a3270fe70286d2133382fbc4abd8b;param-patch-contract=182942ecf6ed3c0ea267b1660a19be8601c16768640dd6ef3f112601a0b26f34;rostam-catalog=9eeaf8158be866f01a9925b0152abebfcfbc2ea59f830e56556eefdcddaf781b,python -m experiments.rostam.analyze verify --run-directory experiments/rostam/results/core-20260713-r6 --selection-id primary --verdict-sha256 479323107464068dcd682f802686082715d7b9b050789a1a940f890cf2b2de77 --output-directory experiments/rostam/results/publications/core-20260713-r6-primary --archive-descriptor experiments/rostam/results/archives/core-20260713-r6-primary-479323107464068dcd682f802686082715d7b9b050789a1a940f890cf2b2de77.raw-archive-descriptor.json --raw-archive experiments/rostam/results/archives/core-20260713-r6-primary-479323107464068dcd682f802686082715d7b9b050789a1a940f890cf2b2de77.raw.tar.gz --baseline-config nccl-2.19.3-default --candidate-config nccl-2.20.5-default --median-threshold-pct 8.0 --median-absolute-threshold-us 1.0
measurement,COMPLETE,false,,core-20260713-r6,5b9f1e3e013e3ee0a8b9c00ede1d5c512f495a184ff6b8ea061312f8f40ea2bd,primary,07f5cc1d4df5bcc7d400bb7aa050bc0a83a60485b8870db5272571d0321a3230,479323107464068dcd682f802686082715d7b9b050789a1a940f890cf2b2de77,c-trace-build-nccl-2.20.5-tree-l-r000003-20a9e0884e0b0648,20a9e0884e0b064844fa9a31681da540c2cdbeb793f767067a9eea7b50a703a9,a-000001,140686a2450f6e183fa20b034787f579dc954e93545bdf3020d6ccf3a48f5a84,nccl-2.20.5-tree-ll128,trace-build,3,60629355.133511,1,commcanary.rostam.physical.capture-measurement.v1,commcanary.rostam.physical.capture-producer.v1,ab4b62369c11f0c9c36bdb5a9651ecdb7bc302dd26963ad6828a1958688e33fd,0911bbab808a3999b09b0a51a74c38db3ebf82a0,false,,cd6dfc0fdec3604ee547e9316b1e0edbafefce26a6087c3f59e047e43ff7eccc,92f9e5dabed8dc487a09006d40b00ff61a087a5aaba6a5dbc40c4507711c443d,75f1ce68483c299cb02d2df19f0c901e752bc4b458f1b1d0d1de846e51ebde23,commcanary-wheel=954c9fe0ef908a448b5343c91e7d58e8785fc20a7fd029b699ca0e252614304d;environment-lock=d4b8b2dc177cb09cea84a5b5a51c99d4510a3270fe70286d2133382fbc4abd8b;param-patch-contract=182942ecf6ed3c0ea267b1660a19be8601c16768640dd6ef3f112601a0b26f34;rostam-catalog=9eeaf8158be866f01a9925b0152abebfcfbc2ea59f830e56556eefdcddaf781b,python -m experiments.rostam.analyze verify --run-directory experiments/rostam/results/core-20260713-r6 --selection-id primary --verdict-sha256 479323107464068dcd682f802686082715d7b9b050789a1a940f890cf2b2de77 --output-directory experiments/rostam/results/publications/core-20260713-r6-primary --archive-descriptor experiments/rostam/results/archives/core-20260713-r6-primary-479323107464068dcd682f802686082715d7b9b050789a1a940f890cf2b2de77.raw-archive-descriptor.json --raw-archive experiments/rostam/results/archives/core-20260713-r6-primary-479323107464068dcd682f802686082715d7b9b050789a1a940f890cf2b2de77.raw.tar.gz --baseline-config nccl-2.19.3-default --candidate-config nccl-2.20.5-default --median-threshold-pct 8.0 --median-absolute-threshold-us 1.0
measurement,COMPLETE,false,,core-20260713-r6,5b9f1e3e013e3ee0a8b9c00ede1d5c512f495a184ff6b8ea061312f8f40ea2bd,primary,07f5cc1d4df5bcc7d400bb7aa050bc0a83a60485b8870db5272571d0321a3230,479323107464068dcd682f802686082715d7b9b050789a1a940f890cf2b2de77,c-trace-build-nccl-2.20.5-tree-l-r000004-2c8e3cfb84f7b061,2c8e3cfb84f7b0612a5681f4bfae868a0f917e9cd02facff3b53f4d84a2bc3c8,a-000001,66669290b6915990501e886182ac26fa3b168068986f3c2fba1e3eb763b4e216,nccl-2.20.5-tree-ll,trace-build,4,61754112.497903,1,commcanary.rostam.physical.capture-measurement.v1,commcanary.rostam.physical.capture-producer.v1,7cee10bbe5a0e0b0b958d42a77132b403f5fa18f14fc28d787c03000737a6b6f,0911bbab808a3999b09b0a51a74c38db3ebf82a0,false,,cd6dfc0fdec3604ee547e9316b1e0edbafefce26a6087c3f59e047e43ff7eccc,373bde186b08464a0c18c055183eae413540031913ed8791536fff20751f522c,75576599f1386d502a4597b27218cdb307bf40f03883e6743f5010c6996e8c1b,commcanary-wheel=954c9fe0ef908a448b5343c91e7d58e8785fc20a7fd029b699ca0e252614304d;environment-lock=d4b8b2dc177cb09cea84a5b5a51c99d4510a3270fe70286d2133382fbc4abd8b;param-patch-contract=182942ecf6ed3c0ea267b1660a19be8601c16768640dd6ef3f112601a0b26f34;rostam-catalog=9eeaf8158be866f01a9925b0152abebfcfbc2ea59f830e56556eefdcddaf781b,python -m experiments.rostam.analyze verify --run-directory experiments/rostam/results/core-20260713-r6 --selection-id primary --verdict-sha256 479323107464068dcd682f802686082715d7b9b050789a1a940f890cf2b2de77 --output-directory experiments/rostam/results/publications/core-20260713-r6-primary --archive-descriptor experiments/rostam/results/archives/core-20260713-r6-primary-479323107464068dcd682f802686082715d7b9b050789a1a940f890cf2b2de77.raw-archive-descriptor.json --raw-archive experiments/rostam/results/archives/core-20260713-r6-primary-479323107464068dcd682f802686082715d7b9b050789a1a940f890cf2b2de77.raw.tar.gz --baseline-config nccl-2.19.3-default --candidate-config nccl-2.20.5-default --median-threshold-pct 8.0 --median-absolute-threshold-us 1.0
measurement,COMPLETE,false,,core-20260713-r6,5b9f1e3e013e3ee0a8b9c00ede1d5c512f495a184ff6b8ea061312f8f40ea2bd,primary,07f5cc1d4df5bcc7d400bb7aa050bc0a83a60485b8870db5272571d0321a3230,479323107464068dcd682f802686082715d7b9b050789a1a940f890cf2b2de77,c-trace-build-nccl-2.20.5-tree-l-r000004-692cb94fd23458eb,692cb94fd23458eb7a722167c806db1b3180cec0c33380bc7a79928378677067,a-000001,eaf3215381ef8a5fec6a3935592b3aa0ca6aff66982fe74b5e2209b7871c639f,nccl-2.20.5-tree-ll128,trace-build,4,61098449.212499,1,commcanary.rostam.physical.capture-measurement.v1,commcanary.rostam.physical.capture-producer.v1,5d162061965542e87567bb09a7406599f1fc7444c6849ff331875ffc3254eeca,0911bbab808a3999b09b0a51a74c38db3ebf82a0,false,,cd6dfc0fdec3604ee547e9316b1e0edbafefce26a6087c3f59e047e43ff7eccc,c34896db8fac648d8b99975983b32f3aad27034cd49e06567351284e727233a6,4ac52926e1567396f48e47d7379354f29e1dfcf698a4a995fe22ae30a3d2e258,commcanary-wheel=954c9fe0ef908a448b5343c91e7d58e8785fc20a7fd029b699ca0e252614304d;environment-lock=d4b8b2dc177cb09cea84a5b5a51c99d4510a3270fe70286d2133382fbc4abd8b;param-patch-contract=182942ecf6ed3c0ea267b1660a19be8601c16768640dd6ef3f112601a0b26f34;rostam-catalog=9eeaf8158be866f01a9925b0152abebfcfbc2ea59f830e56556eefdcddaf781b,python -m experiments.rostam.analyze verify --run-directory experiments/rostam/results/core-20260713-r6 --selection-id primary --verdict-sha256 479323107464068dcd682f802686082715d7b9b050789a1a940f890cf2b2de77 --output-directory experiments/rostam/results/publications/core-20260713-r6-primary --archive-descriptor experiments/rostam/results/archives/core-20260713-r6-primary-479323107464068dcd682f802686082715d7b9b050789a1a940f890cf2b2de77.raw-archive-descriptor.json --raw-archive experiments/rostam/results/archives/core-20260713-r6-primary-479323107464068dcd682f802686082715d7b9b050789a1a940f890cf2b2de77.raw.tar.gz --baseline-config nccl-2.19.3-default --candidate-config nccl-2.20.5-default --median-threshold-pct 8.0 --median-absolute-threshold-us 1.0
measurement,COMPLETE,false,,core-20260713-r6,5b9f1e3e013e3ee0a8b9c00ede1d5c512f495a184ff6b8ea061312f8f40ea2bd,primary,07f5cc1d4df5bcc7d400bb7aa050bc0a83a60485b8870db5272571d0321a3230,479323107464068dcd682f802686082715d7b9b050789a1a940f890cf2b2de77,c-trace-build-nccl-2.20.5-tree-s-r000000-642055a5c3f4ec32,642055a5c3f4ec32a58b2e946807029dbc51d77ba1c0823fc24733683ac1e4dc,a-000001,77a178832f2f4a74d6624d08472ccc55e51e993338d796c17bf6e875703cb41e,nccl-2.20.5-tree-simple,trace-build,0,60294861.512259,1,commcanary.rostam.physical.capture-measurement.v1,commcanary.rostam.physical.capture-producer.v1,05d75fe2f948e1e3343a21cb61cb47fcc21de0d1d4711773dba8bccc4f9da3ba,0911bbab808a3999b09b0a51a74c38db3ebf82a0,false,,cd6dfc0fdec3604ee547e9316b1e0edbafefce26a6087c3f59e047e43ff7eccc,a6e65af7b017edd3bffe681cb591c15b976436574d4ab0057d799b92b9bd3bf2,45be3034390380d9522208e45fd2023e29a5ad85ae10596c823529668fd11a69,commcanary-wheel=954c9fe0ef908a448b5343c91e7d58e8785fc20a7fd029b699ca0e252614304d;environment-lock=d4b8b2dc177cb09cea84a5b5a51c99d4510a3270fe70286d2133382fbc4abd8b;param-patch-contract=182942ecf6ed3c0ea267b1660a19be8601c16768640dd6ef3f112601a0b26f34;rostam-catalog=9eeaf8158be866f01a9925b0152abebfcfbc2ea59f830e56556eefdcddaf781b,python -m experiments.rostam.analyze verify --run-directory experiments/rostam/results/core-20260713-r6 --selection-id primary --verdict-sha256 479323107464068dcd682f802686082715d7b9b050789a1a940f890cf2b2de77 --output-directory experiments/rostam/results/publications/core-20260713-r6-primary --archive-descriptor experiments/rostam/results/archives/core-20260713-r6-primary-479323107464068dcd682f802686082715d7b9b050789a1a940f890cf2b2de77.raw-archive-descriptor.json --raw-archive experiments/rostam/results/archives/core-20260713-r6-primary-479323107464068dcd682f802686082715d7b9b050789a1a940f890cf2b2de77.raw.tar.gz --baseline-config nccl-2.19.3-default --candidate-config nccl-2.20.5-default --median-threshold-pct 8.0 --median-absolute-threshold-us 1.0
measurement,COMPLETE,false,,core-20260713-r6,5b9f1e3e013e3ee0a8b9c00ede1d5c512f495a184ff6b8ea061312f8f40ea2bd,primary,07f5cc1d4df5bcc7d400bb7aa050bc0a83a60485b8870db5272571d0321a3230,479323107464068dcd682f802686082715d7b9b050789a1a940f890cf2b2de77,c-trace-build-nccl-2.20.5-tree-s-r000001-b9a42d4d796d5b76,b9a42d4d796d5b765b752a7a6050acd152a4121f7d258c1e40aa6958cd61cb75,a-000001,d43290fd063616a56638a3a87f8ac8e11928bc140ded6ccceab6a71c987b0b06,nccl-2.20.5-tree-simple,trace-build,1,62292558.916844,1,commcanary.rostam.physical.capture-measurement.v1,commcanary.rostam.physical.capture-producer.v1,41f1811e65f54ee6ab646c6a77d124aae9cffe2e3e1cd2beb34875832ca794c7,0911bbab808a3999b09b0a51a74c38db3ebf82a0,false,,cd6dfc0fdec3604ee547e9316b1e0edbafefce26a6087c3f59e047e43ff7eccc,76a88bf5f577c3990d2f7eddcc7d7957e2000d3165cbf40bcfd3f434a548cb04,aadd81761979705ce295f6038a39eab76edf6ef7c502ef79a209374eadca0555,commcanary-wheel=954c9fe0ef908a448b5343c91e7d58e8785fc20a7fd029b699ca0e252614304d;environment-lock=d4b8b2dc177cb09cea84a5b5a51c99d4510a3270fe70286d2133382fbc4abd8b;param-patch-contract=182942ecf6ed3c0ea267b1660a19be8601c16768640dd6ef3f112601a0b26f34;rostam-catalog=9eeaf8158be866f01a9925b0152abebfcfbc2ea59f830e56556eefdcddaf781b,python -m experiments.rostam.analyze verify --run-directory experiments/rostam/results/core-20260713-r6 --selection-id primary --verdict-sha256 479323107464068dcd682f802686082715d7b9b050789a1a940f890cf2b2de77 --output-directory experiments/rostam/results/publications/core-20260713-r6-primary --archive-descriptor experiments/rostam/results/archives/core-20260713-r6-primary-479323107464068dcd682f802686082715d7b9b050789a1a940f890cf2b2de77.raw-archive-descriptor.json --raw-archive experiments/rostam/results/archives/core-20260713-r6-primary-479323107464068dcd682f802686082715d7b9b050789a1a940f890cf2b2de77.raw.tar.gz --baseline-config nccl-2.19.3-default --candidate-config nccl-2.20.5-default --median-threshold-pct 8.0 --median-absolute-threshold-us 1.0
measurement,COMPLETE,false,,core-20260713-r6,5b9f1e3e013e3ee0a8b9c00ede1d5c512f495a184ff6b8ea061312f8f40ea2bd,primary,07f5cc1d4df5bcc7d400bb7aa050bc0a83a60485b8870db5272571d0321a3230,479323107464068dcd682f802686082715d7b9b050789a1a940f890cf2b2de77,c-trace-build-nccl-2.20.5-tree-s-r000002-58ae2e3d555de0a9,58ae2e3d555de0a9a857561dbc010874f623bb70db8b356f0ac6fc76284f6cdc,a-000001,f03a7c3647d2ff4de9d0a3b4ada405023a0d277f958c78647058f6209e189c21,nccl-2.20.5-tree-simple,trace-build,2,60304458.979517,1,commcanary.rostam.physical.capture-measurement.v1,commcanary.rostam.physical.capture-producer.v1,5b266def9a8ba29ace5c0f44bb1ba0412a34fb188d8408977b8e58b14a96b135,0911bbab808a3999b09b0a51a74c38db3ebf82a0,false,,cd6dfc0fdec3604ee547e9316b1e0edbafefce26a6087c3f59e047e43ff7eccc,bd0047e7639ba3be782e0de4eb8adf772d70d489d5fdfb40a8766ffca4ec35f9,bd15d59d3e45de3d5ee9811916c7675fc6f50fdb614b2406d3f5a804454f5e50,commcanary-wheel=954c9fe0ef908a448b5343c91e7d58e8785fc20a7fd029b699ca0e252614304d;environment-lock=d4b8b2dc177cb09cea84a5b5a51c99d4510a3270fe70286d2133382fbc4abd8b;param-patch-contract=182942ecf6ed3c0ea267b1660a19be8601c16768640dd6ef3f112601a0b26f34;rostam-catalog=9eeaf8158be866f01a9925b0152abebfcfbc2ea59f830e56556eefdcddaf781b,python -m experiments.rostam.analyze verify --run-directory experiments/rostam/results/core-20260713-r6 --selection-id primary --verdict-sha256 479323107464068dcd682f802686082715d7b9b050789a1a940f890cf2b2de77 --output-directory experiments/rostam/results/publications/core-20260713-r6-primary --archive-descriptor experiments/rostam/results/archives/core-20260713-r6-primary-479323107464068dcd682f802686082715d7b9b050789a1a940f890cf2b2de77.raw-archive-descriptor.json --raw-archive experiments/rostam/results/archives/core-20260713-r6-primary-479323107464068dcd682f802686082715d7b9b050789a1a940f890cf2b2de77.raw.tar.gz --baseline-config nccl-2.19.3-default --candidate-config nccl-2.20.5-default --median-threshold-pct 8.0 --median-absolute-threshold-us 1.0
measurement,COMPLETE,false,,core-20260713-r6,5b9f1e3e013e3ee0a8b9c00ede1d5c512f495a184ff6b8ea061312f8f40ea2bd,primary,07f5cc1d4df5bcc7d400bb7aa050bc0a83a60485b8870db5272571d0321a3230,479323107464068dcd682f802686082715d7b9b050789a1a940f890cf2b2de77,c-trace-build-nccl-2.20.5-tree-s-r000003-2351f25091599117,2351f2509159911716c424697c22ec0ae607d30f808c701b8e717b36947ab23a,a-000001,1f458e1824402112b12083988ea31cf4d3ee0086d8a8cc619bca6a8aa871dc67,nccl-2.20.5-tree-simple,trace-build,3,61822420.679964,1,commcanary.rostam.physical.capture-measurement.v1,commcanary.rostam.physical.capture-producer.v1,413d99fcc9b0e26c3d3ef9e21ca650316d0d52b825d8f038389d669b9e6c4f56,0911bbab808a3999b09b0a51a74c38db3ebf82a0,false,,cd6dfc0fdec3604ee547e9316b1e0edbafefce26a6087c3f59e047e43ff7eccc,90abfb9aedf5769393582f895558b39570fb496fd01f94aeee959b2bcfd341a0,e6992517381c4112670c82131a48055c34365a45c2d0e871a1a64d07b7dadbe2,commcanary-wheel=954c9fe0ef908a448b5343c91e7d58e8785fc20a7fd029b699ca0e252614304d;environment-lock=d4b8b2dc177cb09cea84a5b5a51c99d4510a3270fe70286d2133382fbc4abd8b;param-patch-contract=182942ecf6ed3c0ea267b1660a19be8601c16768640dd6ef3f112601a0b26f34;rostam-catalog=9eeaf8158be866f01a9925b0152abebfcfbc2ea59f830e56556eefdcddaf781b,python -m experiments.rostam.analyze verify --run-directory experiments/rostam/results/core-20260713-r6 --selection-id primary --verdict-sha256 479323107464068dcd682f802686082715d7b9b050789a1a940f890cf2b2de77 --output-directory experiments/rostam/results/publications/core-20260713-r6-primary --archive-descriptor experiments/rostam/results/archives/core-20260713-r6-primary-479323107464068dcd682f802686082715d7b9b050789a1a940f890cf2b2de77.raw-archive-descriptor.json --raw-archive experiments/rostam/results/archives/core-20260713-r6-primary-479323107464068dcd682f802686082715d7b9b050789a1a940f890cf2b2de77.raw.tar.gz --baseline-config nccl-2.19.3-default --candidate-config nccl-2.20.5-default --median-threshold-pct 8.0 --median-absolute-threshold-us 1.0
measurement,COMPLETE,false,,core-20260713-r6,5b9f1e3e013e3ee0a8b9c00ede1d5c512f495a184ff6b8ea061312f8f40ea2bd,primary,07f5cc1d4df5bcc7d400bb7aa050bc0a83a60485b8870db5272571d0321a3230,479323107464068dcd682f802686082715d7b9b050789a1a940f890cf2b2de77,c-trace-build-nccl-2.20.5-tree-s-r000004-52dde7a27482bed0,52dde7a27482bed05e6b92bad39d5c4aa68bfaa39174bd34025fe8104264ed01,a-000001,88f35781b3534693e897350a1d4d86ef16284b1b24f45a4f0623a5eb89df92bf,nccl-2.20.5-tree-simple,trace-build,4,61249157.753773,1,commcanary.rostam.physical.capture-measurement.v1,commcanary.rostam.physical.capture-producer.v1,c161c877d15e82b7ace560a9fba4b5fd0a95b4a91f86f3bc0562e889382445c8,0911bbab808a3999b09b0a51a74c38db3ebf82a0,false,,cd6dfc0fdec3604ee547e9316b1e0edbafefce26a6087c3f59e047e43ff7eccc,26425c5e21e92507eae4a6e1b534714ffdf0e71969799a16d151ddcdb6a45f21,25bc6306834e15427adc3643b926a025b280592bb1d7ee9476355a3f1f575dc6,commcanary-wheel=954c9fe0ef908a448b5343c91e7d58e8785fc20a7fd029b699ca0e252614304d;environment-lock=d4b8b2dc177cb09cea84a5b5a51c99d4510a3270fe70286d2133382fbc4abd8b;param-patch-contract=182942ecf6ed3c0ea267b1660a19be8601c16768640dd6ef3f112601a0b26f34;rostam-catalog=9eeaf8158be866f01a9925b0152abebfcfbc2ea59f830e56556eefdcddaf781b,python -m experiments.rostam.analyze verify --run-directory experiments/rostam/results/core-20260713-r6 --selection-id primary --verdict-sha256 479323107464068dcd682f802686082715d7b9b050789a1a940f890cf2b2de77 --output-directory experiments/rostam/results/publications/core-20260713-r6-primary --archive-descriptor experiments/rostam/results/archives/core-20260713-r6-primary-479323107464068dcd682f802686082715d7b9b050789a1a940f890cf2b2de77.raw-archive-descriptor.json --raw-archive experiments/rostam/results/archives/core-20260713-r6-primary-479323107464068dcd682f802686082715d7b9b050789a1a940f890cf2b2de77.raw.tar.gz --baseline-config nccl-2.19.3-default --candidate-config nccl-2.20.5-default --median-threshold-pct 8.0 --median-absolute-threshold-us 1.0
