record_kind,completeness,allow_incomplete,issue_codes,run_id,manifest_sha256,selection_id,selection_sha256,verdict_sha256,cell_id,cell_identity_sha256,attempt_id,attempt_record_sha256,configuration_id,workload_id,repetition,value_us,sample_count,measurement_schema,producer_schema,measurement_artifact_sha256,repository_commit,repository_dirty,repository_patch_sha256,source_archive_sha256,environment_sha256,execution_identity_sha256,input_hashes,regeneration_command
campaign,COMPLETE,false,,core-20260724-r7,3bd321ec960c2bce0e6c0ff9aba8bb2be89cb19bdb99011a838cbd79068835b8,primary,d01db822c8e909fe2dbfac157bf62eeeb370a3eef45168f4eb1ff5023fbd4e3a,46d8012b3594c18c96ee1a3f1e063ceeaf5642068c6a6aa895e655bcfb257bdd,,,,,,,,,,,,,2855275288e67a1a2d0bbefff0740841fdf0ecf0,false,,8c5f30748596f665cca0bde76d4637074ffff3fa077387dd12b993cf98d2cee6,,,commcanary-wheel=954c9fe0ef908a448b5343c91e7d58e8785fc20a7fd029b699ca0e252614304d;environment-lock=d4b8b2dc177cb09cea84a5b5a51c99d4510a3270fe70286d2133382fbc4abd8b;param-patch-contract=182942ecf6ed3c0ea267b1660a19be8601c16768640dd6ef3f112601a0b26f34;rostam-catalog=a4926ec9b012724b926fbc583b865bb083b7ad6526fee9ffc3e95129717195b8,python -m experiments.rostam.analyze verify --run-directory experiments/rostam/results/core-20260724-r7 --selection-id primary --verdict-sha256 46d8012b3594c18c96ee1a3f1e063ceeaf5642068c6a6aa895e655bcfb257bdd --output-directory experiments/rostam/results/publications/trusted-join-core-shared-overlap-primary --join-evidence experiments/rostam/results/shared-replay-20260720-r2 primary b6cd1aae4cfb2de020a840f941031d4a910d0d47d4c83aee1c09e0f5f6bc98db --join-evidence experiments/rostam/results/overlap-20260724-r1 primary 5b153d0452df5033261d81f01db74211a0cb87015694b25190d8aa69650507fd --baseline-config nccl-2.19.3-default --candidate-config nccl-2.20.5-default --median-threshold-pct 8.0 --median-absolute-threshold-us 1.0
campaign,COMPLETE,false,,shared-replay-20260720-r2,a402a4ec73ea3a182ab6bd5ec92e896600b16510dc4c1621c6defe9382ee149c,primary,a1e876861f7f9a315cb00a11a67414e6125078a68306c0b07a4a5d9f14b98d64,b6cd1aae4cfb2de020a840f941031d4a910d0d47d4c83aee1c09e0f5f6bc98db,,,,,,,,,,,,,2855275288e67a1a2d0bbefff0740841fdf0ecf0,false,,8c5f30748596f665cca0bde76d4637074ffff3fa077387dd12b993cf98d2cee6,,,commcanary-wheel=954c9fe0ef908a448b5343c91e7d58e8785fc20a7fd029b699ca0e252614304d;environment-lock=d4b8b2dc177cb09cea84a5b5a51c99d4510a3270fe70286d2133382fbc4abd8b;param-patch-contract=182942ecf6ed3c0ea267b1660a19be8601c16768640dd6ef3f112601a0b26f34;rostam-catalog=a4926ec9b012724b926fbc583b865bb083b7ad6526fee9ffc3e95129717195b8;shared-param-trace=3fd42fd79a1520df1f47125a1555699998a4cb76b7f0b40263ff01b2d05329bc,python -m experiments.rostam.analyze verify --run-directory experiments/rostam/results/core-20260724-r7 --selection-id primary --verdict-sha256 46d8012b3594c18c96ee1a3f1e063ceeaf5642068c6a6aa895e655bcfb257bdd --output-directory experiments/rostam/results/publications/trusted-join-core-shared-overlap-primary --join-evidence experiments/rostam/results/shared-replay-20260720-r2 primary b6cd1aae4cfb2de020a840f941031d4a910d0d47d4c83aee1c09e0f5f6bc98db --join-evidence experiments/rostam/results/overlap-20260724-r1 primary 5b153d0452df5033261d81f01db74211a0cb87015694b25190d8aa69650507fd --baseline-config nccl-2.19.3-default --candidate-config nccl-2.20.5-default --median-threshold-pct 8.0 --median-absolute-threshold-us 1.0
campaign,COMPLETE,false,,overlap-20260724-r1,5d5eb9f4822e14f86023106742efdd48823b20b6a7cb866c3370367aced31d17,primary,e012e40613f57db8dc38d519dd85b85864f99dd3f95724b8cf0f7c62996239d9,5b153d0452df5033261d81f01db74211a0cb87015694b25190d8aa69650507fd,,,,,,,,,,,,,2855275288e67a1a2d0bbefff0740841fdf0ecf0,false,,8c5f30748596f665cca0bde76d4637074ffff3fa077387dd12b993cf98d2cee6,,,commcanary-wheel=954c9fe0ef908a448b5343c91e7d58e8785fc20a7fd029b699ca0e252614304d;environment-lock=d4b8b2dc177cb09cea84a5b5a51c99d4510a3270fe70286d2133382fbc4abd8b;gemm-calibration=cc4952da314e43f9885fd24dd85afa97440b0007edb2b0d6773d96f2b2deeecf;param-patch-contract=182942ecf6ed3c0ea267b1660a19be8601c16768640dd6ef3f112601a0b26f34;rostam-catalog=a4926ec9b012724b926fbc583b865bb083b7ad6526fee9ffc3e95129717195b8,python -m experiments.rostam.analyze verify --run-directory experiments/rostam/results/core-20260724-r7 --selection-id primary --verdict-sha256 46d8012b3594c18c96ee1a3f1e063ceeaf5642068c6a6aa895e655bcfb257bdd --output-directory experiments/rostam/results/publications/trusted-join-core-shared-overlap-primary --join-evidence experiments/rostam/results/shared-replay-20260720-r2 primary b6cd1aae4cfb2de020a840f941031d4a910d0d47d4c83aee1c09e0f5f6bc98db --join-evidence experiments/rostam/results/overlap-20260724-r1 primary 5b153d0452df5033261d81f01db74211a0cb87015694b25190d8aa69650507fd --baseline-config nccl-2.19.3-default --candidate-config nccl-2.20.5-default --median-threshold-pct 8.0 --median-absolute-threshold-us 1.0
measurement,COMPLETE,false,,core-20260724-r7,3bd321ec960c2bce0e6c0ff9aba8bb2be89cb19bdb99011a838cbd79068835b8,primary,d01db822c8e909fe2dbfac157bf62eeeb370a3eef45168f4eb1ff5023fbd4e3a,46d8012b3594c18c96ee1a3f1e063ceeaf5642068c6a6aa895e655bcfb257bdd,c-canary-param-nccl-2.19.3-defaul-r000000-9cf35fea71dc8b52,9cf35fea71dc8b52da8e8dad229ef398ba744b05a1c62378e38f5cccdf068ee0,a-000001,5a9c81b5b6395a1578583cd6b459094ef5eea08028c3e87082411635d888d362,nccl-2.19.3-default,canary-param,0,245.275000,8192,commcanary.rostam.physical.param-measurement.v1,commcanary.rostam.physical.param-producer.v1,88a3f07c3a3f002418ea571cb94533a7a2123fa15a341e4524c291c0762d5cfb,2855275288e67a1a2d0bbefff0740841fdf0ecf0,false,,8c5f30748596f665cca0bde76d4637074ffff3fa077387dd12b993cf98d2cee6,cc21deddd8d38b6a9a5604d0ab7c47635066abebd1a0a8c9990e7f1c87588f8f,c5124deee1669c00b0c99cc2c4e6b98fc678ce4fe453c701584785621c954723,commcanary-wheel=954c9fe0ef908a448b5343c91e7d58e8785fc20a7fd029b699ca0e252614304d;environment-lock=d4b8b2dc177cb09cea84a5b5a51c99d4510a3270fe70286d2133382fbc4abd8b;param-patch-contract=182942ecf6ed3c0ea267b1660a19be8601c16768640dd6ef3f112601a0b26f34;rostam-catalog=a4926ec9b012724b926fbc583b865bb083b7ad6526fee9ffc3e95129717195b8,python -m experiments.rostam.analyze verify --run-directory experiments/rostam/results/core-20260724-r7 --selection-id primary --verdict-sha256 46d8012b3594c18c96ee1a3f1e063ceeaf5642068c6a6aa895e655bcfb257bdd --output-directory experiments/rostam/results/publications/trusted-join-core-shared-overlap-primary --join-evidence experiments/rostam/results/shared-replay-20260720-r2 primary b6cd1aae4cfb2de020a840f941031d4a910d0d47d4c83aee1c09e0f5f6bc98db --join-evidence experiments/rostam/results/overlap-20260724-r1 primary 5b153d0452df5033261d81f01db74211a0cb87015694b25190d8aa69650507fd --baseline-config nccl-2.19.3-default --candidate-config nccl-2.20.5-default --median-threshold-pct 8.0 --median-absolute-threshold-us 1.0
measurement,COMPLETE,false,,core-20260724-r7,3bd321ec960c2bce0e6c0ff9aba8bb2be89cb19bdb99011a838cbd79068835b8,primary,d01db822c8e909fe2dbfac157bf62eeeb370a3eef45168f4eb1ff5023fbd4e3a,46d8012b3594c18c96ee1a3f1e063ceeaf5642068c6a6aa895e655bcfb257bdd,c-canary-param-nccl-2.19.3-defaul-r000001-e7d364c85b2e483e,e7d364c85b2e483e06eca1f4a0d430190ec939fcf5a668ac9e257d2e202b939d,a-000001,cb878e16e88cb5bfcb4a7527dad023a26d6c45f7759db9342368938386d04eda,nccl-2.19.3-default,canary-param,1,241.095000,8192,commcanary.rostam.physical.param-measurement.v1,commcanary.rostam.physical.param-producer.v1,1085dd2878ea662cca36d23c3b1742665390764a507187f1469cd9ec7a4ecc46,2855275288e67a1a2d0bbefff0740841fdf0ecf0,false,,8c5f30748596f665cca0bde76d4637074ffff3fa077387dd12b993cf98d2cee6,22cc03072f09824fcad31bc891a1de2363df3bd0a7c0f84fecfaca717e66bf7f,ff27a4b03f2d3e6a269f8cc39403de22f59c4ff39aaeac72209b15d8cf982cef,commcanary-wheel=954c9fe0ef908a448b5343c91e7d58e8785fc20a7fd029b699ca0e252614304d;environment-lock=d4b8b2dc177cb09cea84a5b5a51c99d4510a3270fe70286d2133382fbc4abd8b;param-patch-contract=182942ecf6ed3c0ea267b1660a19be8601c16768640dd6ef3f112601a0b26f34;rostam-catalog=a4926ec9b012724b926fbc583b865bb083b7ad6526fee9ffc3e95129717195b8,python -m experiments.rostam.analyze verify --run-directory experiments/rostam/results/core-20260724-r7 --selection-id primary --verdict-sha256 46d8012b3594c18c96ee1a3f1e063ceeaf5642068c6a6aa895e655bcfb257bdd --output-directory experiments/rostam/results/publications/trusted-join-core-shared-overlap-primary --join-evidence experiments/rostam/results/shared-replay-20260720-r2 primary b6cd1aae4cfb2de020a840f941031d4a910d0d47d4c83aee1c09e0f5f6bc98db --join-evidence experiments/rostam/results/overlap-20260724-r1 primary 5b153d0452df5033261d81f01db74211a0cb87015694b25190d8aa69650507fd --baseline-config nccl-2.19.3-default --candidate-config nccl-2.20.5-default --median-threshold-pct 8.0 --median-absolute-threshold-us 1.0
measurement,COMPLETE,false,,core-20260724-r7,3bd321ec960c2bce0e6c0ff9aba8bb2be89cb19bdb99011a838cbd79068835b8,primary,d01db822c8e909fe2dbfac157bf62eeeb370a3eef45168f4eb1ff5023fbd4e3a,46d8012b3594c18c96ee1a3f1e063ceeaf5642068c6a6aa895e655bcfb257bdd,c-canary-param-nccl-2.19.3-defaul-r000002-13120a6e54c603bb,13120a6e54c603bba65b54f869e06aeae9ae4aaf590b3e6407bad38d6ff76dbd,a-000001,79055703594a775ed7c98321964190cad53fcb01b86059a20578a1ce3b2fc8b0,nccl-2.19.3-default,canary-param,2,241.450000,8192,commcanary.rostam.physical.param-measurement.v1,commcanary.rostam.physical.param-producer.v1,df60bba04dbf4745a795e8c0cc6536dcf48d341bd1314198963d1bf755794e18,2855275288e67a1a2d0bbefff0740841fdf0ecf0,false,,8c5f30748596f665cca0bde76d4637074ffff3fa077387dd12b993cf98d2cee6,5686179033ba1122ecda3ff0489d779be22eefb9784a0cfc14052616488f75b0,f66d1e355dda1371e69bfb3c2f4b23b3280f237f9014c3dd2124454212268824,commcanary-wheel=954c9fe0ef908a448b5343c91e7d58e8785fc20a7fd029b699ca0e252614304d;environment-lock=d4b8b2dc177cb09cea84a5b5a51c99d4510a3270fe70286d2133382fbc4abd8b;param-patch-contract=182942ecf6ed3c0ea267b1660a19be8601c16768640dd6ef3f112601a0b26f34;rostam-catalog=a4926ec9b012724b926fbc583b865bb083b7ad6526fee9ffc3e95129717195b8,python -m experiments.rostam.analyze verify --run-directory experiments/rostam/results/core-20260724-r7 --selection-id primary --verdict-sha256 46d8012b3594c18c96ee1a3f1e063ceeaf5642068c6a6aa895e655bcfb257bdd --output-directory experiments/rostam/results/publications/trusted-join-core-shared-overlap-primary --join-evidence experiments/rostam/results/shared-replay-20260720-r2 primary b6cd1aae4cfb2de020a840f941031d4a910d0d47d4c83aee1c09e0f5f6bc98db --join-evidence experiments/rostam/results/overlap-20260724-r1 primary 5b153d0452df5033261d81f01db74211a0cb87015694b25190d8aa69650507fd --baseline-config nccl-2.19.3-default --candidate-config nccl-2.20.5-default --median-threshold-pct 8.0 --median-absolute-threshold-us 1.0
measurement,COMPLETE,false,,core-20260724-r7,3bd321ec960c2bce0e6c0ff9aba8bb2be89cb19bdb99011a838cbd79068835b8,primary,d01db822c8e909fe2dbfac157bf62eeeb370a3eef45168f4eb1ff5023fbd4e3a,46d8012b3594c18c96ee1a3f1e063ceeaf5642068c6a6aa895e655bcfb257bdd,c-canary-param-nccl-2.19.3-defaul-r000003-03333c651355622d,03333c651355622df7eac2ab3026ef487faf81b2301f3608c1bffacfe21ded5c,a-000001,041cd8b1e24eecc650daf987c7135897168f6cbc28945c4a14de88d5ffe7c000,nccl-2.19.3-default,canary-param,3,241.280000,8192,commcanary.rostam.physical.param-measurement.v1,commcanary.rostam.physical.param-producer.v1,091bee85b58c09b6b214a668caebe90998e23cc0b8c141531cb24a2b20abe606,2855275288e67a1a2d0bbefff0740841fdf0ecf0,false,,8c5f30748596f665cca0bde76d4637074ffff3fa077387dd12b993cf98d2cee6,49d5ff1eb73d8b5d1057cf5555395bfc35c8c7039439b9a5104138621c39a9ee,bf7e3291c6f293f4a4a2d8b721a74d2d9e80a99173d9338029dff494e9cadec5,commcanary-wheel=954c9fe0ef908a448b5343c91e7d58e8785fc20a7fd029b699ca0e252614304d;environment-lock=d4b8b2dc177cb09cea84a5b5a51c99d4510a3270fe70286d2133382fbc4abd8b;param-patch-contract=182942ecf6ed3c0ea267b1660a19be8601c16768640dd6ef3f112601a0b26f34;rostam-catalog=a4926ec9b012724b926fbc583b865bb083b7ad6526fee9ffc3e95129717195b8,python -m experiments.rostam.analyze verify --run-directory experiments/rostam/results/core-20260724-r7 --selection-id primary --verdict-sha256 46d8012b3594c18c96ee1a3f1e063ceeaf5642068c6a6aa895e655bcfb257bdd --output-directory experiments/rostam/results/publications/trusted-join-core-shared-overlap-primary --join-evidence experiments/rostam/results/shared-replay-20260720-r2 primary b6cd1aae4cfb2de020a840f941031d4a910d0d47d4c83aee1c09e0f5f6bc98db --join-evidence experiments/rostam/results/overlap-20260724-r1 primary 5b153d0452df5033261d81f01db74211a0cb87015694b25190d8aa69650507fd --baseline-config nccl-2.19.3-default --candidate-config nccl-2.20.5-default --median-threshold-pct 8.0 --median-absolute-threshold-us 1.0
measurement,COMPLETE,false,,core-20260724-r7,3bd321ec960c2bce0e6c0ff9aba8bb2be89cb19bdb99011a838cbd79068835b8,primary,d01db822c8e909fe2dbfac157bf62eeeb370a3eef45168f4eb1ff5023fbd4e3a,46d8012b3594c18c96ee1a3f1e063ceeaf5642068c6a6aa895e655bcfb257bdd,c-canary-param-nccl-2.19.3-defaul-r000004-426a801506729c9d,426a801506729c9d48e543f916a83ef11d3d1eba3c2b3404eacf81cfcbb182f4,a-000001,acbaab354e86a4b29249c813a63e3aa13b52acb5a7d0c7944f6e2e09c230d4df,nccl-2.19.3-default,canary-param,4,242.105000,8192,commcanary.rostam.physical.param-measurement.v1,commcanary.rostam.physical.param-producer.v1,db354f223887d9a4d5dcfe06e91741050de6056dcb4309a660eb75f3e4c5db1f,2855275288e67a1a2d0bbefff0740841fdf0ecf0,false,,8c5f30748596f665cca0bde76d4637074ffff3fa077387dd12b993cf98d2cee6,9c42aecc4702ae24ce404087a728fb454807359d7e52b896391c6cf2226a3dce,19c4057fa39c62ef2aab3713c04e3f86e0253c2e7c2eddc310cdb39f4faa3baf,commcanary-wheel=954c9fe0ef908a448b5343c91e7d58e8785fc20a7fd029b699ca0e252614304d;environment-lock=d4b8b2dc177cb09cea84a5b5a51c99d4510a3270fe70286d2133382fbc4abd8b;param-patch-contract=182942ecf6ed3c0ea267b1660a19be8601c16768640dd6ef3f112601a0b26f34;rostam-catalog=a4926ec9b012724b926fbc583b865bb083b7ad6526fee9ffc3e95129717195b8,python -m experiments.rostam.analyze verify --run-directory experiments/rostam/results/core-20260724-r7 --selection-id primary --verdict-sha256 46d8012b3594c18c96ee1a3f1e063ceeaf5642068c6a6aa895e655bcfb257bdd --output-directory experiments/rostam/results/publications/trusted-join-core-shared-overlap-primary --join-evidence experiments/rostam/results/shared-replay-20260720-r2 primary b6cd1aae4cfb2de020a840f941031d4a910d0d47d4c83aee1c09e0f5f6bc98db --join-evidence experiments/rostam/results/overlap-20260724-r1 primary 5b153d0452df5033261d81f01db74211a0cb87015694b25190d8aa69650507fd --baseline-config nccl-2.19.3-default --candidate-config nccl-2.20.5-default --median-threshold-pct 8.0 --median-absolute-threshold-us 1.0
measurement,COMPLETE,false,,core-20260724-r7,3bd321ec960c2bce0e6c0ff9aba8bb2be89cb19bdb99011a838cbd79068835b8,primary,d01db822c8e909fe2dbfac157bf62eeeb370a3eef45168f4eb1ff5023fbd4e3a,46d8012b3594c18c96ee1a3f1e063ceeaf5642068c6a6aa895e655bcfb257bdd,c-canary-param-nccl-2.20.5-defaul-r000000-9ab71d431a6505d4,9ab71d431a6505d4301b2026d6c153662dfb8eb3fc69d155231e081c88371be1,a-000001,5aab1159b36a07630278423c5e20f18bad201177c7c85604086fa5570f6d2fd3,nccl-2.20.5-default,canary-param,0,243.235000,8192,commcanary.rostam.physical.param-measurement.v1,commcanary.rostam.physical.param-producer.v1,7317ea3fce441aaf9858ea63e5651a9a944f5d94112b2464745f0dea06a7f6ea,2855275288e67a1a2d0bbefff0740841fdf0ecf0,false,,8c5f30748596f665cca0bde76d4637074ffff3fa077387dd12b993cf98d2cee6,7338e4677236eb1bcd4972ed3f9be176c66f9141d5d41a902c50937857a049f4,c23c01e8988f36ffa8c5363ab1148ed5d160f421b3b3edf3be2bfe7406153e18,commcanary-wheel=954c9fe0ef908a448b5343c91e7d58e8785fc20a7fd029b699ca0e252614304d;environment-lock=d4b8b2dc177cb09cea84a5b5a51c99d4510a3270fe70286d2133382fbc4abd8b;param-patch-contract=182942ecf6ed3c0ea267b1660a19be8601c16768640dd6ef3f112601a0b26f34;rostam-catalog=a4926ec9b012724b926fbc583b865bb083b7ad6526fee9ffc3e95129717195b8,python -m experiments.rostam.analyze verify --run-directory experiments/rostam/results/core-20260724-r7 --selection-id primary --verdict-sha256 46d8012b3594c18c96ee1a3f1e063ceeaf5642068c6a6aa895e655bcfb257bdd --output-directory experiments/rostam/results/publications/trusted-join-core-shared-overlap-primary --join-evidence experiments/rostam/results/shared-replay-20260720-r2 primary b6cd1aae4cfb2de020a840f941031d4a910d0d47d4c83aee1c09e0f5f6bc98db --join-evidence experiments/rostam/results/overlap-20260724-r1 primary 5b153d0452df5033261d81f01db74211a0cb87015694b25190d8aa69650507fd --baseline-config nccl-2.19.3-default --candidate-config nccl-2.20.5-default --median-threshold-pct 8.0 --median-absolute-threshold-us 1.0
measurement,COMPLETE,false,,core-20260724-r7,3bd321ec960c2bce0e6c0ff9aba8bb2be89cb19bdb99011a838cbd79068835b8,primary,d01db822c8e909fe2dbfac157bf62eeeb370a3eef45168f4eb1ff5023fbd4e3a,46d8012b3594c18c96ee1a3f1e063ceeaf5642068c6a6aa895e655bcfb257bdd,c-canary-param-nccl-2.20.5-defaul-r000001-18fed7cdd4378739,18fed7cdd43787390b63bc9d4eeab834bfef9c3ec983937c1a1e458e3feff17d,a-000001,451bd5a09066d6d50e648ddfc1317dc9c6ead40d5dac4c8f890bba78f2428325,nccl-2.20.5-default,canary-param,1,244.580000,8192,commcanary.rostam.physical.param-measurement.v1,commcanary.rostam.physical.param-producer.v1,b2aec00a85b33e6b951ab0257ab1671c98a5fe38c1423be4f3470baff120c72e,2855275288e67a1a2d0bbefff0740841fdf0ecf0,false,,8c5f30748596f665cca0bde76d4637074ffff3fa077387dd12b993cf98d2cee6,7da2df261ae7ab989413dfc29ad080a5c608e5a7327763ce772bbd62d00045cf,17b03ffb9b15b97626afd2f71b470e6c20cf23f501e519fc0b8e795a0a3bd47d,commcanary-wheel=954c9fe0ef908a448b5343c91e7d58e8785fc20a7fd029b699ca0e252614304d;environment-lock=d4b8b2dc177cb09cea84a5b5a51c99d4510a3270fe70286d2133382fbc4abd8b;param-patch-contract=182942ecf6ed3c0ea267b1660a19be8601c16768640dd6ef3f112601a0b26f34;rostam-catalog=a4926ec9b012724b926fbc583b865bb083b7ad6526fee9ffc3e95129717195b8,python -m experiments.rostam.analyze verify --run-directory experiments/rostam/results/core-20260724-r7 --selection-id primary --verdict-sha256 46d8012b3594c18c96ee1a3f1e063ceeaf5642068c6a6aa895e655bcfb257bdd --output-directory experiments/rostam/results/publications/trusted-join-core-shared-overlap-primary --join-evidence experiments/rostam/results/shared-replay-20260720-r2 primary b6cd1aae4cfb2de020a840f941031d4a910d0d47d4c83aee1c09e0f5f6bc98db --join-evidence experiments/rostam/results/overlap-20260724-r1 primary 5b153d0452df5033261d81f01db74211a0cb87015694b25190d8aa69650507fd --baseline-config nccl-2.19.3-default --candidate-config nccl-2.20.5-default --median-threshold-pct 8.0 --median-absolute-threshold-us 1.0
measurement,COMPLETE,false,,core-20260724-r7,3bd321ec960c2bce0e6c0ff9aba8bb2be89cb19bdb99011a838cbd79068835b8,primary,d01db822c8e909fe2dbfac157bf62eeeb370a3eef45168f4eb1ff5023fbd4e3a,46d8012b3594c18c96ee1a3f1e063ceeaf5642068c6a6aa895e655bcfb257bdd,c-canary-param-nccl-2.20.5-defaul-r000002-10ebec374dcf8284,10ebec374dcf828421c85ab2c44bc294defc92741cf0f9ac0eae629a731f2146,a-000001,1e7953688f6be5b257543592b0d187657ec1ca7d50c2c2cdb163ddd930d6444b,nccl-2.20.5-default,canary-param,2,243.040000,8192,commcanary.rostam.physical.param-measurement.v1,commcanary.rostam.physical.param-producer.v1,c7b8e19ec51956463978d644049c197170b1ad5f57f383709be56577eb0b616f,2855275288e67a1a2d0bbefff0740841fdf0ecf0,false,,8c5f30748596f665cca0bde76d4637074ffff3fa077387dd12b993cf98d2cee6,91ee3a6b66929b84050380af7da725e3b6af63589af4fea11a2e063fec5e2aa2,41029391f16cf56147fa76c1c631ba9d21f1837912943291de200f6598aaf235,commcanary-wheel=954c9fe0ef908a448b5343c91e7d58e8785fc20a7fd029b699ca0e252614304d;environment-lock=d4b8b2dc177cb09cea84a5b5a51c99d4510a3270fe70286d2133382fbc4abd8b;param-patch-contract=182942ecf6ed3c0ea267b1660a19be8601c16768640dd6ef3f112601a0b26f34;rostam-catalog=a4926ec9b012724b926fbc583b865bb083b7ad6526fee9ffc3e95129717195b8,python -m experiments.rostam.analyze verify --run-directory experiments/rostam/results/core-20260724-r7 --selection-id primary --verdict-sha256 46d8012b3594c18c96ee1a3f1e063ceeaf5642068c6a6aa895e655bcfb257bdd --output-directory experiments/rostam/results/publications/trusted-join-core-shared-overlap-primary --join-evidence experiments/rostam/results/shared-replay-20260720-r2 primary b6cd1aae4cfb2de020a840f941031d4a910d0d47d4c83aee1c09e0f5f6bc98db --join-evidence experiments/rostam/results/overlap-20260724-r1 primary 5b153d0452df5033261d81f01db74211a0cb87015694b25190d8aa69650507fd --baseline-config nccl-2.19.3-default --candidate-config nccl-2.20.5-default --median-threshold-pct 8.0 --median-absolute-threshold-us 1.0
measurement,COMPLETE,false,,core-20260724-r7,3bd321ec960c2bce0e6c0ff9aba8bb2be89cb19bdb99011a838cbd79068835b8,primary,d01db822c8e909fe2dbfac157bf62eeeb370a3eef45168f4eb1ff5023fbd4e3a,46d8012b3594c18c96ee1a3f1e063ceeaf5642068c6a6aa895e655bcfb257bdd,c-canary-param-nccl-2.20.5-defaul-r000003-392a4bc99c0f7216,392a4bc99c0f7216f440c1ed00d690ce0e23654ea2da6e17bf186b1cb7dbad1b,a-000001,0fa11c50d3da7f841d226e001f41a37579f474800894359e1de538022f61fca1,nccl-2.20.5-default,canary-param,3,247.730000,8192,commcanary.rostam.physical.param-measurement.v1,commcanary.rostam.physical.param-producer.v1,b6a4a78797133eacb1e28b3ae1381d7249b56f3dfb28dce0f9c9dff798b2ad9b,2855275288e67a1a2d0bbefff0740841fdf0ecf0,false,,8c5f30748596f665cca0bde76d4637074ffff3fa077387dd12b993cf98d2cee6,9890070bd983850b2816715622a08109bd44a3d8db67f1323c7bc694d14b7e87,d0d10671533b9c9175fcbc04b38a6bd3d94a0b4431ef123f407b72137333b2a5,commcanary-wheel=954c9fe0ef908a448b5343c91e7d58e8785fc20a7fd029b699ca0e252614304d;environment-lock=d4b8b2dc177cb09cea84a5b5a51c99d4510a3270fe70286d2133382fbc4abd8b;param-patch-contract=182942ecf6ed3c0ea267b1660a19be8601c16768640dd6ef3f112601a0b26f34;rostam-catalog=a4926ec9b012724b926fbc583b865bb083b7ad6526fee9ffc3e95129717195b8,python -m experiments.rostam.analyze verify --run-directory experiments/rostam/results/core-20260724-r7 --selection-id primary --verdict-sha256 46d8012b3594c18c96ee1a3f1e063ceeaf5642068c6a6aa895e655bcfb257bdd --output-directory experiments/rostam/results/publications/trusted-join-core-shared-overlap-primary --join-evidence experiments/rostam/results/shared-replay-20260720-r2 primary b6cd1aae4cfb2de020a840f941031d4a910d0d47d4c83aee1c09e0f5f6bc98db --join-evidence experiments/rostam/results/overlap-20260724-r1 primary 5b153d0452df5033261d81f01db74211a0cb87015694b25190d8aa69650507fd --baseline-config nccl-2.19.3-default --candidate-config nccl-2.20.5-default --median-threshold-pct 8.0 --median-absolute-threshold-us 1.0
measurement,COMPLETE,false,,core-20260724-r7,3bd321ec960c2bce0e6c0ff9aba8bb2be89cb19bdb99011a838cbd79068835b8,primary,d01db822c8e909fe2dbfac157bf62eeeb370a3eef45168f4eb1ff5023fbd4e3a,46d8012b3594c18c96ee1a3f1e063ceeaf5642068c6a6aa895e655bcfb257bdd,c-canary-param-nccl-2.20.5-defaul-r000004-334db0bba632ba5b,334db0bba632ba5badec30b0b02fee4928cddfcb42e9bdb4c34b1cf5cbf53fc3,a-000001,8637e59615993570e3dfc48d5a0c9a07890fe932ad40a22c2232ad214f3d9c65,nccl-2.20.5-default,canary-param,4,244.645000,8192,commcanary.rostam.physical.param-measurement.v1,commcanary.rostam.physical.param-producer.v1,930c81274ed756b8fb934488d9f213d4411c2ea47097f403f821a50cc9604273,2855275288e67a1a2d0bbefff0740841fdf0ecf0,false,,8c5f30748596f665cca0bde76d4637074ffff3fa077387dd12b993cf98d2cee6,76710d4daef0ca7d500374ecf3b66b6bc526b934f2e54ddc441c945567a93b47,a1bacee713e686935d2c7ee198c89ab296296a5246342cf0bbafe7892cc98944,commcanary-wheel=954c9fe0ef908a448b5343c91e7d58e8785fc20a7fd029b699ca0e252614304d;environment-lock=d4b8b2dc177cb09cea84a5b5a51c99d4510a3270fe70286d2133382fbc4abd8b;param-patch-contract=182942ecf6ed3c0ea267b1660a19be8601c16768640dd6ef3f112601a0b26f34;rostam-catalog=a4926ec9b012724b926fbc583b865bb083b7ad6526fee9ffc3e95129717195b8,python -m experiments.rostam.analyze verify --run-directory experiments/rostam/results/core-20260724-r7 --selection-id primary --verdict-sha256 46d8012b3594c18c96ee1a3f1e063ceeaf5642068c6a6aa895e655bcfb257bdd --output-directory experiments/rostam/results/publications/trusted-join-core-shared-overlap-primary --join-evidence experiments/rostam/results/shared-replay-20260720-r2 primary b6cd1aae4cfb2de020a840f941031d4a910d0d47d4c83aee1c09e0f5f6bc98db --join-evidence experiments/rostam/results/overlap-20260724-r1 primary 5b153d0452df5033261d81f01db74211a0cb87015694b25190d8aa69650507fd --baseline-config nccl-2.19.3-default --candidate-config nccl-2.20.5-default --median-threshold-pct 8.0 --median-absolute-threshold-us 1.0
measurement,COMPLETE,false,,core-20260724-r7,3bd321ec960c2bce0e6c0ff9aba8bb2be89cb19bdb99011a838cbd79068835b8,primary,d01db822c8e909fe2dbfac157bf62eeeb370a3eef45168f4eb1ff5023fbd4e3a,46d8012b3594c18c96ee1a3f1e063ceeaf5642068c6a6aa895e655bcfb257bdd,c-canary-param-nccl-2.20.5-ring-l-r000000-464a772e6147d7b0,464a772e6147d7b0f2904f1ac678e0b4fee68e25335ddf9c5c7729acfd85e0fd,a-000001,328dfdc1b604dc6d3fb929c29e3b0ef4d8aa95aa6f2a2b909c031f5e983eedc6,nccl-2.20.5-ring-ll128,canary-param,0,241.800000,8192,commcanary.rostam.physical.param-measurement.v1,commcanary.rostam.physical.param-producer.v1,1606705218376c67f329a46e2089d1e4b92b8d6d0105457f5cfe6be317cfdd01,2855275288e67a1a2d0bbefff0740841fdf0ecf0,false,,8c5f30748596f665cca0bde76d4637074ffff3fa077387dd12b993cf98d2cee6,be0f7fbb1694228910339a4184c427251b7ea7f281501ad1b146eb26c282d134,7ff3a15361cca46ddd3ef12d5f8138a53710fa2000e740d9912a0c59d7dd6a88,commcanary-wheel=954c9fe0ef908a448b5343c91e7d58e8785fc20a7fd029b699ca0e252614304d;environment-lock=d4b8b2dc177cb09cea84a5b5a51c99d4510a3270fe70286d2133382fbc4abd8b;param-patch-contract=182942ecf6ed3c0ea267b1660a19be8601c16768640dd6ef3f112601a0b26f34;rostam-catalog=a4926ec9b012724b926fbc583b865bb083b7ad6526fee9ffc3e95129717195b8,python -m experiments.rostam.analyze verify --run-directory experiments/rostam/results/core-20260724-r7 --selection-id primary --verdict-sha256 46d8012b3594c18c96ee1a3f1e063ceeaf5642068c6a6aa895e655bcfb257bdd --output-directory experiments/rostam/results/publications/trusted-join-core-shared-overlap-primary --join-evidence experiments/rostam/results/shared-replay-20260720-r2 primary b6cd1aae4cfb2de020a840f941031d4a910d0d47d4c83aee1c09e0f5f6bc98db --join-evidence experiments/rostam/results/overlap-20260724-r1 primary 5b153d0452df5033261d81f01db74211a0cb87015694b25190d8aa69650507fd --baseline-config nccl-2.19.3-default --candidate-config nccl-2.20.5-default --median-threshold-pct 8.0 --median-absolute-threshold-us 1.0
measurement,COMPLETE,false,,core-20260724-r7,3bd321ec960c2bce0e6c0ff9aba8bb2be89cb19bdb99011a838cbd79068835b8,primary,d01db822c8e909fe2dbfac157bf62eeeb370a3eef45168f4eb1ff5023fbd4e3a,46d8012b3594c18c96ee1a3f1e063ceeaf5642068c6a6aa895e655bcfb257bdd,c-canary-param-nccl-2.20.5-ring-l-r000000-c59575349d93b247,c59575349d93b247abef022ee9d4b82a0cf19cc1f0b501d949b05fc26a530007,a-000001,9b57f42380e518acb7625f5373149bf7df2a9e7588f49f8c41b07dacd491bb52,nccl-2.20.5-ring-ll,canary-param,0,222.820000,8192,commcanary.rostam.physical.param-measurement.v1,commcanary.rostam.physical.param-producer.v1,1a765330e840f2314d511d4f042969a7eef45ee992621b1d79b7723882aba8df,2855275288e67a1a2d0bbefff0740841fdf0ecf0,false,,8c5f30748596f665cca0bde76d4637074ffff3fa077387dd12b993cf98d2cee6,2363352964d97b4448dbe2088a94f46cb6bd33d595043a80db3466ddd922329a,e13f26a87747fa94be46a1f79005a648f78f1df9271c9d284fbaeeaaea3f7eea,commcanary-wheel=954c9fe0ef908a448b5343c91e7d58e8785fc20a7fd029b699ca0e252614304d;environment-lock=d4b8b2dc177cb09cea84a5b5a51c99d4510a3270fe70286d2133382fbc4abd8b;param-patch-contract=182942ecf6ed3c0ea267b1660a19be8601c16768640dd6ef3f112601a0b26f34;rostam-catalog=a4926ec9b012724b926fbc583b865bb083b7ad6526fee9ffc3e95129717195b8,python -m experiments.rostam.analyze verify --run-directory experiments/rostam/results/core-20260724-r7 --selection-id primary --verdict-sha256 46d8012b3594c18c96ee1a3f1e063ceeaf5642068c6a6aa895e655bcfb257bdd --output-directory experiments/rostam/results/publications/trusted-join-core-shared-overlap-primary --join-evidence experiments/rostam/results/shared-replay-20260720-r2 primary b6cd1aae4cfb2de020a840f941031d4a910d0d47d4c83aee1c09e0f5f6bc98db --join-evidence experiments/rostam/results/overlap-20260724-r1 primary 5b153d0452df5033261d81f01db74211a0cb87015694b25190d8aa69650507fd --baseline-config nccl-2.19.3-default --candidate-config nccl-2.20.5-default --median-threshold-pct 8.0 --median-absolute-threshold-us 1.0
measurement,COMPLETE,false,,core-20260724-r7,3bd321ec960c2bce0e6c0ff9aba8bb2be89cb19bdb99011a838cbd79068835b8,primary,d01db822c8e909fe2dbfac157bf62eeeb370a3eef45168f4eb1ff5023fbd4e3a,46d8012b3594c18c96ee1a3f1e063ceeaf5642068c6a6aa895e655bcfb257bdd,c-canary-param-nccl-2.20.5-ring-l-r000001-3a27a2b4f490b726,3a27a2b4f490b7263c6ba151d0fd1fa76bcf6046419a1c2801a96bfe885f35f4,a-000001,48045d2c212617d99d886fcd3ff30d33ec0a2e660f4d17fcd08b3b05c36edfd2,nccl-2.20.5-ring-ll128,canary-param,1,239.060000,8192,commcanary.rostam.physical.param-measurement.v1,commcanary.rostam.physical.param-producer.v1,56140ac1e0c0ca2f91a2fadcac0ecc0ccc50a0a210d87508d7f4f22848391c8c,2855275288e67a1a2d0bbefff0740841fdf0ecf0,false,,8c5f30748596f665cca0bde76d4637074ffff3fa077387dd12b993cf98d2cee6,3b18c145bfca84c7227138f1ad2f7a6549c496c94766ebf43b51de4b44ab0fdc,87c81fb860ae33a18831cb281a29f9c2e75c14cf6235e51ccc046a566cbd7604,commcanary-wheel=954c9fe0ef908a448b5343c91e7d58e8785fc20a7fd029b699ca0e252614304d;environment-lock=d4b8b2dc177cb09cea84a5b5a51c99d4510a3270fe70286d2133382fbc4abd8b;param-patch-contract=182942ecf6ed3c0ea267b1660a19be8601c16768640dd6ef3f112601a0b26f34;rostam-catalog=a4926ec9b012724b926fbc583b865bb083b7ad6526fee9ffc3e95129717195b8,python -m experiments.rostam.analyze verify --run-directory experiments/rostam/results/core-20260724-r7 --selection-id primary --verdict-sha256 46d8012b3594c18c96ee1a3f1e063ceeaf5642068c6a6aa895e655bcfb257bdd --output-directory experiments/rostam/results/publications/trusted-join-core-shared-overlap-primary --join-evidence experiments/rostam/results/shared-replay-20260720-r2 primary b6cd1aae4cfb2de020a840f941031d4a910d0d47d4c83aee1c09e0f5f6bc98db --join-evidence experiments/rostam/results/overlap-20260724-r1 primary 5b153d0452df5033261d81f01db74211a0cb87015694b25190d8aa69650507fd --baseline-config nccl-2.19.3-default --candidate-config nccl-2.20.5-default --median-threshold-pct 8.0 --median-absolute-threshold-us 1.0
measurement,COMPLETE,false,,core-20260724-r7,3bd321ec960c2bce0e6c0ff9aba8bb2be89cb19bdb99011a838cbd79068835b8,primary,d01db822c8e909fe2dbfac157bf62eeeb370a3eef45168f4eb1ff5023fbd4e3a,46d8012b3594c18c96ee1a3f1e063ceeaf5642068c6a6aa895e655bcfb257bdd,c-canary-param-nccl-2.20.5-ring-l-r000001-9403ae574558019e,9403ae574558019ed6d0e87d1e7b465f09ff2d0f547a2a5278c23ad55e70f2e7,a-000001,67977938fc5c3dae0d433808f0d7b926e18be1cef93079b3209af4dc4bca5507,nccl-2.20.5-ring-ll,canary-param,1,222.955000,8192,commcanary.rostam.physical.param-measurement.v1,commcanary.rostam.physical.param-producer.v1,a813913cd7dcd79c9c05e892987b57617775d83801fbb09444544b09c1494899,2855275288e67a1a2d0bbefff0740841fdf0ecf0,false,,8c5f30748596f665cca0bde76d4637074ffff3fa077387dd12b993cf98d2cee6,67b4978f1b3cd90d7ee7886ee293f372f226866d0d649bda6f776e746de1abc1,bf854e3f8bc58f64c0d1e5e798b80d3af5ad11c931f97492824e4ead7e928394,commcanary-wheel=954c9fe0ef908a448b5343c91e7d58e8785fc20a7fd029b699ca0e252614304d;environment-lock=d4b8b2dc177cb09cea84a5b5a51c99d4510a3270fe70286d2133382fbc4abd8b;param-patch-contract=182942ecf6ed3c0ea267b1660a19be8601c16768640dd6ef3f112601a0b26f34;rostam-catalog=a4926ec9b012724b926fbc583b865bb083b7ad6526fee9ffc3e95129717195b8,python -m experiments.rostam.analyze verify --run-directory experiments/rostam/results/core-20260724-r7 --selection-id primary --verdict-sha256 46d8012b3594c18c96ee1a3f1e063ceeaf5642068c6a6aa895e655bcfb257bdd --output-directory experiments/rostam/results/publications/trusted-join-core-shared-overlap-primary --join-evidence experiments/rostam/results/shared-replay-20260720-r2 primary b6cd1aae4cfb2de020a840f941031d4a910d0d47d4c83aee1c09e0f5f6bc98db --join-evidence experiments/rostam/results/overlap-20260724-r1 primary 5b153d0452df5033261d81f01db74211a0cb87015694b25190d8aa69650507fd --baseline-config nccl-2.19.3-default --candidate-config nccl-2.20.5-default --median-threshold-pct 8.0 --median-absolute-threshold-us 1.0
measurement,COMPLETE,false,,core-20260724-r7,3bd321ec960c2bce0e6c0ff9aba8bb2be89cb19bdb99011a838cbd79068835b8,primary,d01db822c8e909fe2dbfac157bf62eeeb370a3eef45168f4eb1ff5023fbd4e3a,46d8012b3594c18c96ee1a3f1e063ceeaf5642068c6a6aa895e655bcfb257bdd,c-canary-param-nccl-2.20.5-ring-l-r000002-4e80423c51f9ff79,4e80423c51f9ff798869723a2f1e877087266549f6b26d5d46d021c8ce8a5f4c,a-000001,224452276ebb5227dc404c8f245b558a2dd5a2727e6d851220e2e3bd0a41da8a,nccl-2.20.5-ring-ll128,canary-param,2,242.195000,8192,commcanary.rostam.physical.param-measurement.v1,commcanary.rostam.physical.param-producer.v1,fd4c8ec0424d473314b2a357a666b577ca766c5b8777319a5eebf645478b1ac1,2855275288e67a1a2d0bbefff0740841fdf0ecf0,false,,8c5f30748596f665cca0bde76d4637074ffff3fa077387dd12b993cf98d2cee6,e714d437a2d6242b8e40ef57e67ad23b8ab0ea937c418136cdaa7ba21275904b,3490b170cc68338922b8efbce86aee8d3028d59072380c4cc76ff3bb84d782d0,commcanary-wheel=954c9fe0ef908a448b5343c91e7d58e8785fc20a7fd029b699ca0e252614304d;environment-lock=d4b8b2dc177cb09cea84a5b5a51c99d4510a3270fe70286d2133382fbc4abd8b;param-patch-contract=182942ecf6ed3c0ea267b1660a19be8601c16768640dd6ef3f112601a0b26f34;rostam-catalog=a4926ec9b012724b926fbc583b865bb083b7ad6526fee9ffc3e95129717195b8,python -m experiments.rostam.analyze verify --run-directory experiments/rostam/results/core-20260724-r7 --selection-id primary --verdict-sha256 46d8012b3594c18c96ee1a3f1e063ceeaf5642068c6a6aa895e655bcfb257bdd --output-directory experiments/rostam/results/publications/trusted-join-core-shared-overlap-primary --join-evidence experiments/rostam/results/shared-replay-20260720-r2 primary b6cd1aae4cfb2de020a840f941031d4a910d0d47d4c83aee1c09e0f5f6bc98db --join-evidence experiments/rostam/results/overlap-20260724-r1 primary 5b153d0452df5033261d81f01db74211a0cb87015694b25190d8aa69650507fd --baseline-config nccl-2.19.3-default --candidate-config nccl-2.20.5-default --median-threshold-pct 8.0 --median-absolute-threshold-us 1.0
measurement,COMPLETE,false,,core-20260724-r7,3bd321ec960c2bce0e6c0ff9aba8bb2be89cb19bdb99011a838cbd79068835b8,primary,d01db822c8e909fe2dbfac157bf62eeeb370a3eef45168f4eb1ff5023fbd4e3a,46d8012b3594c18c96ee1a3f1e063ceeaf5642068c6a6aa895e655bcfb257bdd,c-canary-param-nccl-2.20.5-ring-l-r000002-ccf9852f0a6bde02,ccf9852f0a6bde025ddfb5f581bba4ffab0466cbf4a91f21bda14002c0287a47,a-000001,c040db9be409db27669d4c8030a342f7ee6531e879e37c5f3378663ba203bfac,nccl-2.20.5-ring-ll,canary-param,2,224.960000,8192,commcanary.rostam.physical.param-measurement.v1,commcanary.rostam.physical.param-producer.v1,045d32ad138ae1814cfc3f2314893aac879d2dd9480675957bcde4b9a292b5cb,2855275288e67a1a2d0bbefff0740841fdf0ecf0,false,,8c5f30748596f665cca0bde76d4637074ffff3fa077387dd12b993cf98d2cee6,fa10d23118ba863dbdbc7d71079d4c099b44759e53bb4c9ad417cb720b96329f,c96574be11f91c5b14feb7556bbb77cc457a2ed3f45241fc28fac62348b0b5ba,commcanary-wheel=954c9fe0ef908a448b5343c91e7d58e8785fc20a7fd029b699ca0e252614304d;environment-lock=d4b8b2dc177cb09cea84a5b5a51c99d4510a3270fe70286d2133382fbc4abd8b;param-patch-contract=182942ecf6ed3c0ea267b1660a19be8601c16768640dd6ef3f112601a0b26f34;rostam-catalog=a4926ec9b012724b926fbc583b865bb083b7ad6526fee9ffc3e95129717195b8,python -m experiments.rostam.analyze verify --run-directory experiments/rostam/results/core-20260724-r7 --selection-id primary --verdict-sha256 46d8012b3594c18c96ee1a3f1e063ceeaf5642068c6a6aa895e655bcfb257bdd --output-directory experiments/rostam/results/publications/trusted-join-core-shared-overlap-primary --join-evidence experiments/rostam/results/shared-replay-20260720-r2 primary b6cd1aae4cfb2de020a840f941031d4a910d0d47d4c83aee1c09e0f5f6bc98db --join-evidence experiments/rostam/results/overlap-20260724-r1 primary 5b153d0452df5033261d81f01db74211a0cb87015694b25190d8aa69650507fd --baseline-config nccl-2.19.3-default --candidate-config nccl-2.20.5-default --median-threshold-pct 8.0 --median-absolute-threshold-us 1.0
measurement,COMPLETE,false,,core-20260724-r7,3bd321ec960c2bce0e6c0ff9aba8bb2be89cb19bdb99011a838cbd79068835b8,primary,d01db822c8e909fe2dbfac157bf62eeeb370a3eef45168f4eb1ff5023fbd4e3a,46d8012b3594c18c96ee1a3f1e063ceeaf5642068c6a6aa895e655bcfb257bdd,c-canary-param-nccl-2.20.5-ring-l-r000003-378927690ec83e33,378927690ec83e33559ef02ede70b95cad5d98d3eae072d224255cc89a951c36,a-000001,8b640cbb4558611aa4da24e6e24f1c625e38e64266cc6104d1fb85bab8a5055f,nccl-2.20.5-ring-ll,canary-param,3,225.390000,8192,commcanary.rostam.physical.param-measurement.v1,commcanary.rostam.physical.param-producer.v1,745842c462d886788c19b839c0779dbd82cfb78db48cb64ab587cae4caf81f98,2855275288e67a1a2d0bbefff0740841fdf0ecf0,false,,8c5f30748596f665cca0bde76d4637074ffff3fa077387dd12b993cf98d2cee6,16894096f6d501a7f6c1a61576da71c2b6d54155a187080b81326d59fca62117,3c735c2b2aae516c3ea07813cbe43f207234d542e3151361e28d8c058b44e6e3,commcanary-wheel=954c9fe0ef908a448b5343c91e7d58e8785fc20a7fd029b699ca0e252614304d;environment-lock=d4b8b2dc177cb09cea84a5b5a51c99d4510a3270fe70286d2133382fbc4abd8b;param-patch-contract=182942ecf6ed3c0ea267b1660a19be8601c16768640dd6ef3f112601a0b26f34;rostam-catalog=a4926ec9b012724b926fbc583b865bb083b7ad6526fee9ffc3e95129717195b8,python -m experiments.rostam.analyze verify --run-directory experiments/rostam/results/core-20260724-r7 --selection-id primary --verdict-sha256 46d8012b3594c18c96ee1a3f1e063ceeaf5642068c6a6aa895e655bcfb257bdd --output-directory experiments/rostam/results/publications/trusted-join-core-shared-overlap-primary --join-evidence experiments/rostam/results/shared-replay-20260720-r2 primary b6cd1aae4cfb2de020a840f941031d4a910d0d47d4c83aee1c09e0f5f6bc98db --join-evidence experiments/rostam/results/overlap-20260724-r1 primary 5b153d0452df5033261d81f01db74211a0cb87015694b25190d8aa69650507fd --baseline-config nccl-2.19.3-default --candidate-config nccl-2.20.5-default --median-threshold-pct 8.0 --median-absolute-threshold-us 1.0
measurement,COMPLETE,false,,core-20260724-r7,3bd321ec960c2bce0e6c0ff9aba8bb2be89cb19bdb99011a838cbd79068835b8,primary,d01db822c8e909fe2dbfac157bf62eeeb370a3eef45168f4eb1ff5023fbd4e3a,46d8012b3594c18c96ee1a3f1e063ceeaf5642068c6a6aa895e655bcfb257bdd,c-canary-param-nccl-2.20.5-ring-l-r000003-8943b4c7de0a1196,8943b4c7de0a1196a1bf93f4e101eb9c4ade8093eb75eca94689ee13162866de,a-000001,66d0505492c962971e1f14ecb6b2cc689aa665c2d43e83674852192b7d39e05d,nccl-2.20.5-ring-ll128,canary-param,3,236.790000,8192,commcanary.rostam.physical.param-measurement.v1,commcanary.rostam.physical.param-producer.v1,f23df08982c59a7c8509d7d2dcee4dd2113a56e3f2ed0f1dac1be8ba6948ab41,2855275288e67a1a2d0bbefff0740841fdf0ecf0,false,,8c5f30748596f665cca0bde76d4637074ffff3fa077387dd12b993cf98d2cee6,7e7d3462d5d6cc3267adb1d90846e6a53086e2e93bd0ec4b6ecf7f414ff0b917,491a8bb1698a508e763881775b268581bb1a16a2bef07f02bef0e93a019ed770,commcanary-wheel=954c9fe0ef908a448b5343c91e7d58e8785fc20a7fd029b699ca0e252614304d;environment-lock=d4b8b2dc177cb09cea84a5b5a51c99d4510a3270fe70286d2133382fbc4abd8b;param-patch-contract=182942ecf6ed3c0ea267b1660a19be8601c16768640dd6ef3f112601a0b26f34;rostam-catalog=a4926ec9b012724b926fbc583b865bb083b7ad6526fee9ffc3e95129717195b8,python -m experiments.rostam.analyze verify --run-directory experiments/rostam/results/core-20260724-r7 --selection-id primary --verdict-sha256 46d8012b3594c18c96ee1a3f1e063ceeaf5642068c6a6aa895e655bcfb257bdd --output-directory experiments/rostam/results/publications/trusted-join-core-shared-overlap-primary --join-evidence experiments/rostam/results/shared-replay-20260720-r2 primary b6cd1aae4cfb2de020a840f941031d4a910d0d47d4c83aee1c09e0f5f6bc98db --join-evidence experiments/rostam/results/overlap-20260724-r1 primary 5b153d0452df5033261d81f01db74211a0cb87015694b25190d8aa69650507fd --baseline-config nccl-2.19.3-default --candidate-config nccl-2.20.5-default --median-threshold-pct 8.0 --median-absolute-threshold-us 1.0
measurement,COMPLETE,false,,core-20260724-r7,3bd321ec960c2bce0e6c0ff9aba8bb2be89cb19bdb99011a838cbd79068835b8,primary,d01db822c8e909fe2dbfac157bf62eeeb370a3eef45168f4eb1ff5023fbd4e3a,46d8012b3594c18c96ee1a3f1e063ceeaf5642068c6a6aa895e655bcfb257bdd,c-canary-param-nccl-2.20.5-ring-l-r000004-406a17189136337f,406a17189136337f2341dc72d513a3001e0ff8ad25f1d3641dfc3b248e1487ad,a-000001,53cf1aac5c31cdc1f9c6cda214d7e27920e950af6aed50a06da86843acb9179a,nccl-2.20.5-ring-ll128,canary-param,4,246.460000,8192,commcanary.rostam.physical.param-measurement.v1,commcanary.rostam.physical.param-producer.v1,da00892c3964654d054531a909955478d00ff63cb7f40080e9282db806455b78,2855275288e67a1a2d0bbefff0740841fdf0ecf0,false,,8c5f30748596f665cca0bde76d4637074ffff3fa077387dd12b993cf98d2cee6,28285afb1e1cbb8762fd765d76183b10e46c7f738eb5783bdbe52777ec6db4d2,d336c90bb452f13808138c3ae8dd754ad9c7302c42e2524b864767d46b6611cf,commcanary-wheel=954c9fe0ef908a448b5343c91e7d58e8785fc20a7fd029b699ca0e252614304d;environment-lock=d4b8b2dc177cb09cea84a5b5a51c99d4510a3270fe70286d2133382fbc4abd8b;param-patch-contract=182942ecf6ed3c0ea267b1660a19be8601c16768640dd6ef3f112601a0b26f34;rostam-catalog=a4926ec9b012724b926fbc583b865bb083b7ad6526fee9ffc3e95129717195b8,python -m experiments.rostam.analyze verify --run-directory experiments/rostam/results/core-20260724-r7 --selection-id primary --verdict-sha256 46d8012b3594c18c96ee1a3f1e063ceeaf5642068c6a6aa895e655bcfb257bdd --output-directory experiments/rostam/results/publications/trusted-join-core-shared-overlap-primary --join-evidence experiments/rostam/results/shared-replay-20260720-r2 primary b6cd1aae4cfb2de020a840f941031d4a910d0d47d4c83aee1c09e0f5f6bc98db --join-evidence experiments/rostam/results/overlap-20260724-r1 primary 5b153d0452df5033261d81f01db74211a0cb87015694b25190d8aa69650507fd --baseline-config nccl-2.19.3-default --candidate-config nccl-2.20.5-default --median-threshold-pct 8.0 --median-absolute-threshold-us 1.0
measurement,COMPLETE,false,,core-20260724-r7,3bd321ec960c2bce0e6c0ff9aba8bb2be89cb19bdb99011a838cbd79068835b8,primary,d01db822c8e909fe2dbfac157bf62eeeb370a3eef45168f4eb1ff5023fbd4e3a,46d8012b3594c18c96ee1a3f1e063ceeaf5642068c6a6aa895e655bcfb257bdd,c-canary-param-nccl-2.20.5-ring-l-r000004-5502a9574b73ffc7,5502a9574b73ffc7f2e8eaf9f2bd8a300613bb775ad46dae217e713e353a2fb3,a-000001,01bc0c668bdddb0bfd8d1492587095957651af6ef5eedbcdb67c50373cb9e82a,nccl-2.20.5-ring-ll,canary-param,4,224.570000,8192,commcanary.rostam.physical.param-measurement.v1,commcanary.rostam.physical.param-producer.v1,dc15e5cf2f0a6dca4aa6b311e23608ce1c9c921e56695225e2e3fa5c4f5dcaf2,2855275288e67a1a2d0bbefff0740841fdf0ecf0,false,,8c5f30748596f665cca0bde76d4637074ffff3fa077387dd12b993cf98d2cee6,0958b5e6e9590c718d2f90c0c378dea65a48d053149bab479698bea5b9aeb2bd,f5a594a1806e14c76dc60470a8e2d386fce44724bb321a8214e8ee4fe7dcd665,commcanary-wheel=954c9fe0ef908a448b5343c91e7d58e8785fc20a7fd029b699ca0e252614304d;environment-lock=d4b8b2dc177cb09cea84a5b5a51c99d4510a3270fe70286d2133382fbc4abd8b;param-patch-contract=182942ecf6ed3c0ea267b1660a19be8601c16768640dd6ef3f112601a0b26f34;rostam-catalog=a4926ec9b012724b926fbc583b865bb083b7ad6526fee9ffc3e95129717195b8,python -m experiments.rostam.analyze verify --run-directory experiments/rostam/results/core-20260724-r7 --selection-id primary --verdict-sha256 46d8012b3594c18c96ee1a3f1e063ceeaf5642068c6a6aa895e655bcfb257bdd --output-directory experiments/rostam/results/publications/trusted-join-core-shared-overlap-primary --join-evidence experiments/rostam/results/shared-replay-20260720-r2 primary b6cd1aae4cfb2de020a840f941031d4a910d0d47d4c83aee1c09e0f5f6bc98db --join-evidence experiments/rostam/results/overlap-20260724-r1 primary 5b153d0452df5033261d81f01db74211a0cb87015694b25190d8aa69650507fd --baseline-config nccl-2.19.3-default --candidate-config nccl-2.20.5-default --median-threshold-pct 8.0 --median-absolute-threshold-us 1.0
measurement,COMPLETE,false,,core-20260724-r7,3bd321ec960c2bce0e6c0ff9aba8bb2be89cb19bdb99011a838cbd79068835b8,primary,d01db822c8e909fe2dbfac157bf62eeeb370a3eef45168f4eb1ff5023fbd4e3a,46d8012b3594c18c96ee1a3f1e063ceeaf5642068c6a6aa895e655bcfb257bdd,c-canary-param-nccl-2.20.5-ring-s-r000000-7d5da9187e1e7d66,7d5da9187e1e7d6644e2bb45128a9e489e3711db299aeedff1e5d45fbe2b3345,a-000001,afe57f52af2c0f6c43ec3014c34e02abd48ba71f23107b16abc8332a8a7a6a70,nccl-2.20.5-ring-simple,canary-param,0,277.070000,8192,commcanary.rostam.physical.param-measurement.v1,commcanary.rostam.physical.param-producer.v1,9246624462b9ca5f6e25f1dda37fc4327faa984d608e0b9bdcd8fac03bc4e827,2855275288e67a1a2d0bbefff0740841fdf0ecf0,false,,8c5f30748596f665cca0bde76d4637074ffff3fa077387dd12b993cf98d2cee6,a8a858796d67da845d3664780caed3b7706b7bc043003dd73c67889a25659c2d,f7f31ca5cb60363fb54f68940c8656afe0af44bcb2ddaca067abb0656c74b177,commcanary-wheel=954c9fe0ef908a448b5343c91e7d58e8785fc20a7fd029b699ca0e252614304d;environment-lock=d4b8b2dc177cb09cea84a5b5a51c99d4510a3270fe70286d2133382fbc4abd8b;param-patch-contract=182942ecf6ed3c0ea267b1660a19be8601c16768640dd6ef3f112601a0b26f34;rostam-catalog=a4926ec9b012724b926fbc583b865bb083b7ad6526fee9ffc3e95129717195b8,python -m experiments.rostam.analyze verify --run-directory experiments/rostam/results/core-20260724-r7 --selection-id primary --verdict-sha256 46d8012b3594c18c96ee1a3f1e063ceeaf5642068c6a6aa895e655bcfb257bdd --output-directory experiments/rostam/results/publications/trusted-join-core-shared-overlap-primary --join-evidence experiments/rostam/results/shared-replay-20260720-r2 primary b6cd1aae4cfb2de020a840f941031d4a910d0d47d4c83aee1c09e0f5f6bc98db --join-evidence experiments/rostam/results/overlap-20260724-r1 primary 5b153d0452df5033261d81f01db74211a0cb87015694b25190d8aa69650507fd --baseline-config nccl-2.19.3-default --candidate-config nccl-2.20.5-default --median-threshold-pct 8.0 --median-absolute-threshold-us 1.0
measurement,COMPLETE,false,,core-20260724-r7,3bd321ec960c2bce0e6c0ff9aba8bb2be89cb19bdb99011a838cbd79068835b8,primary,d01db822c8e909fe2dbfac157bf62eeeb370a3eef45168f4eb1ff5023fbd4e3a,46d8012b3594c18c96ee1a3f1e063ceeaf5642068c6a6aa895e655bcfb257bdd,c-canary-param-nccl-2.20.5-ring-s-r000001-de1675dcfd87ecfe,de1675dcfd87ecfe2cc256a409bc329107f10e085896ec4caeca944a703c6b70,a-000001,0d7eec69148037b23a5bf42fda2a2b4d941066fc55ebb717954753bf8c11adfe,nccl-2.20.5-ring-simple,canary-param,1,282.510000,8192,commcanary.rostam.physical.param-measurement.v1,commcanary.rostam.physical.param-producer.v1,9057d120ff94940b51b651ba15c2e237b543fd208930a06b3fa9fb90e85dbfd4,2855275288e67a1a2d0bbefff0740841fdf0ecf0,false,,8c5f30748596f665cca0bde76d4637074ffff3fa077387dd12b993cf98d2cee6,da95b0ac6589fe50ffb972cfced14f90df5a70526b347db24505d276e23e6c41,80b599f9b9c839db8a5a6dd82fc10daf57afd9b3181471e0c20a3267e949eb73,commcanary-wheel=954c9fe0ef908a448b5343c91e7d58e8785fc20a7fd029b699ca0e252614304d;environment-lock=d4b8b2dc177cb09cea84a5b5a51c99d4510a3270fe70286d2133382fbc4abd8b;param-patch-contract=182942ecf6ed3c0ea267b1660a19be8601c16768640dd6ef3f112601a0b26f34;rostam-catalog=a4926ec9b012724b926fbc583b865bb083b7ad6526fee9ffc3e95129717195b8,python -m experiments.rostam.analyze verify --run-directory experiments/rostam/results/core-20260724-r7 --selection-id primary --verdict-sha256 46d8012b3594c18c96ee1a3f1e063ceeaf5642068c6a6aa895e655bcfb257bdd --output-directory experiments/rostam/results/publications/trusted-join-core-shared-overlap-primary --join-evidence experiments/rostam/results/shared-replay-20260720-r2 primary b6cd1aae4cfb2de020a840f941031d4a910d0d47d4c83aee1c09e0f5f6bc98db --join-evidence experiments/rostam/results/overlap-20260724-r1 primary 5b153d0452df5033261d81f01db74211a0cb87015694b25190d8aa69650507fd --baseline-config nccl-2.19.3-default --candidate-config nccl-2.20.5-default --median-threshold-pct 8.0 --median-absolute-threshold-us 1.0
measurement,COMPLETE,false,,core-20260724-r7,3bd321ec960c2bce0e6c0ff9aba8bb2be89cb19bdb99011a838cbd79068835b8,primary,d01db822c8e909fe2dbfac157bf62eeeb370a3eef45168f4eb1ff5023fbd4e3a,46d8012b3594c18c96ee1a3f1e063ceeaf5642068c6a6aa895e655bcfb257bdd,c-canary-param-nccl-2.20.5-ring-s-r000002-5b9803e79b53fe1f,5b9803e79b53fe1f133c7823b8f9c78a02a59fe07fd5719e311cbc2cd181ec58,a-000001,fbebd8534b4eea24435f728b89a9ab847336a447d97c3138bbc26619c7b7d4ee,nccl-2.20.5-ring-simple,canary-param,2,277.450000,8192,commcanary.rostam.physical.param-measurement.v1,commcanary.rostam.physical.param-producer.v1,ce80f0bff472c3b4cceee2e06df527957ae493950569afe97ff7f977879f72e1,2855275288e67a1a2d0bbefff0740841fdf0ecf0,false,,8c5f30748596f665cca0bde76d4637074ffff3fa077387dd12b993cf98d2cee6,efa58070ac1d71d0944f999cfdd1c91e7c9ef681c0e9dfef3e3ac0d3ed9a6bbf,37571976a773a1b5a57969b9ad4c530b5f2eea77554ad746af7afe5b6d98ff41,commcanary-wheel=954c9fe0ef908a448b5343c91e7d58e8785fc20a7fd029b699ca0e252614304d;environment-lock=d4b8b2dc177cb09cea84a5b5a51c99d4510a3270fe70286d2133382fbc4abd8b;param-patch-contract=182942ecf6ed3c0ea267b1660a19be8601c16768640dd6ef3f112601a0b26f34;rostam-catalog=a4926ec9b012724b926fbc583b865bb083b7ad6526fee9ffc3e95129717195b8,python -m experiments.rostam.analyze verify --run-directory experiments/rostam/results/core-20260724-r7 --selection-id primary --verdict-sha256 46d8012b3594c18c96ee1a3f1e063ceeaf5642068c6a6aa895e655bcfb257bdd --output-directory experiments/rostam/results/publications/trusted-join-core-shared-overlap-primary --join-evidence experiments/rostam/results/shared-replay-20260720-r2 primary b6cd1aae4cfb2de020a840f941031d4a910d0d47d4c83aee1c09e0f5f6bc98db --join-evidence experiments/rostam/results/overlap-20260724-r1 primary 5b153d0452df5033261d81f01db74211a0cb87015694b25190d8aa69650507fd --baseline-config nccl-2.19.3-default --candidate-config nccl-2.20.5-default --median-threshold-pct 8.0 --median-absolute-threshold-us 1.0
measurement,COMPLETE,false,,core-20260724-r7,3bd321ec960c2bce0e6c0ff9aba8bb2be89cb19bdb99011a838cbd79068835b8,primary,d01db822c8e909fe2dbfac157bf62eeeb370a3eef45168f4eb1ff5023fbd4e3a,46d8012b3594c18c96ee1a3f1e063ceeaf5642068c6a6aa895e655bcfb257bdd,c-canary-param-nccl-2.20.5-ring-s-r000003-4c1d88f1ac21f7f8,4c1d88f1ac21f7f8f962deb5a1da4a414d432a5b13c68adac4cb4c3a71c41e47,a-000001,3c6d362fc4286207b9f3465f2ee8ddef18110903165b7cac7864a39f29d2645d,nccl-2.20.5-ring-simple,canary-param,3,280.900000,8192,commcanary.rostam.physical.param-measurement.v1,commcanary.rostam.physical.param-producer.v1,1a5e310bd4bf6220f65388bbb92e6108bc9384249a274c530ae05042cca56a90,2855275288e67a1a2d0bbefff0740841fdf0ecf0,false,,8c5f30748596f665cca0bde76d4637074ffff3fa077387dd12b993cf98d2cee6,9fd5f97b17dd2d597924308a77ce3607a5f00802ffa155ca5aef67b84f88b695,e5a34064d241f3aafde99d63c908d87d31c12fe70de8ce2d37245764d7c626f5,commcanary-wheel=954c9fe0ef908a448b5343c91e7d58e8785fc20a7fd029b699ca0e252614304d;environment-lock=d4b8b2dc177cb09cea84a5b5a51c99d4510a3270fe70286d2133382fbc4abd8b;param-patch-contract=182942ecf6ed3c0ea267b1660a19be8601c16768640dd6ef3f112601a0b26f34;rostam-catalog=a4926ec9b012724b926fbc583b865bb083b7ad6526fee9ffc3e95129717195b8,python -m experiments.rostam.analyze verify --run-directory experiments/rostam/results/core-20260724-r7 --selection-id primary --verdict-sha256 46d8012b3594c18c96ee1a3f1e063ceeaf5642068c6a6aa895e655bcfb257bdd --output-directory experiments/rostam/results/publications/trusted-join-core-shared-overlap-primary --join-evidence experiments/rostam/results/shared-replay-20260720-r2 primary b6cd1aae4cfb2de020a840f941031d4a910d0d47d4c83aee1c09e0f5f6bc98db --join-evidence experiments/rostam/results/overlap-20260724-r1 primary 5b153d0452df5033261d81f01db74211a0cb87015694b25190d8aa69650507fd --baseline-config nccl-2.19.3-default --candidate-config nccl-2.20.5-default --median-threshold-pct 8.0 --median-absolute-threshold-us 1.0
measurement,COMPLETE,false,,core-20260724-r7,3bd321ec960c2bce0e6c0ff9aba8bb2be89cb19bdb99011a838cbd79068835b8,primary,d01db822c8e909fe2dbfac157bf62eeeb370a3eef45168f4eb1ff5023fbd4e3a,46d8012b3594c18c96ee1a3f1e063ceeaf5642068c6a6aa895e655bcfb257bdd,c-canary-param-nccl-2.20.5-ring-s-r000004-47ab9d6b1a7562c8,47ab9d6b1a7562c8dd5a265a5e244bde47702036ba5915437a669f88933b7cf6,a-000001,a68aafe09b10d81e79ef8c442185e302023fa389dfa4745cebd39f70c67a9b0c,nccl-2.20.5-ring-simple,canary-param,4,277.870000,8192,commcanary.rostam.physical.param-measurement.v1,commcanary.rostam.physical.param-producer.v1,00078811dccf12f3b7ecce5e5000bb15e7498b793940ab8b8247ab53cebe4ae8,2855275288e67a1a2d0bbefff0740841fdf0ecf0,false,,8c5f30748596f665cca0bde76d4637074ffff3fa077387dd12b993cf98d2cee6,dc4e17aae423be826f5402e842807d167ffb2774e8a31e73de3d779c958f081f,3a682126657b164dab57cf23fd6e947618e3259a005b46fb089dbb920dcd5d90,commcanary-wheel=954c9fe0ef908a448b5343c91e7d58e8785fc20a7fd029b699ca0e252614304d;environment-lock=d4b8b2dc177cb09cea84a5b5a51c99d4510a3270fe70286d2133382fbc4abd8b;param-patch-contract=182942ecf6ed3c0ea267b1660a19be8601c16768640dd6ef3f112601a0b26f34;rostam-catalog=a4926ec9b012724b926fbc583b865bb083b7ad6526fee9ffc3e95129717195b8,python -m experiments.rostam.analyze verify --run-directory experiments/rostam/results/core-20260724-r7 --selection-id primary --verdict-sha256 46d8012b3594c18c96ee1a3f1e063ceeaf5642068c6a6aa895e655bcfb257bdd --output-directory experiments/rostam/results/publications/trusted-join-core-shared-overlap-primary --join-evidence experiments/rostam/results/shared-replay-20260720-r2 primary b6cd1aae4cfb2de020a840f941031d4a910d0d47d4c83aee1c09e0f5f6bc98db --join-evidence experiments/rostam/results/overlap-20260724-r1 primary 5b153d0452df5033261d81f01db74211a0cb87015694b25190d8aa69650507fd --baseline-config nccl-2.19.3-default --candidate-config nccl-2.20.5-default --median-threshold-pct 8.0 --median-absolute-threshold-us 1.0
measurement,COMPLETE,false,,core-20260724-r7,3bd321ec960c2bce0e6c0ff9aba8bb2be89cb19bdb99011a838cbd79068835b8,primary,d01db822c8e909fe2dbfac157bf62eeeb370a3eef45168f4eb1ff5023fbd4e3a,46d8012b3594c18c96ee1a3f1e063ceeaf5642068c6a6aa895e655bcfb257bdd,c-canary-param-nccl-2.20.5-tree-l-r000000-76dce5b2210fdd9a,76dce5b2210fdd9af867c7dcd4dc940d2c6e93eee4af8cb63748d581e0889a56,a-000001,dad3fd5d26bde909dbd4db2925627793510ba687c28a9e0303b39fd0004ae69b,nccl-2.20.5-tree-ll,canary-param,0,232.960000,8192,commcanary.rostam.physical.param-measurement.v1,commcanary.rostam.physical.param-producer.v1,5db95214d6c523c01948de0dfb763394dc24afd4bba7db336d96217b93566c6f,2855275288e67a1a2d0bbefff0740841fdf0ecf0,false,,8c5f30748596f665cca0bde76d4637074ffff3fa077387dd12b993cf98d2cee6,4e0be1b9a7b37b9991b974bf4c97ff349bbdbf05e5663d29fdd14e34ec60a385,3de6303e5400361394b8a56261d6074dbaa16da23e1fb0f35ffe99fc42c39dcf,commcanary-wheel=954c9fe0ef908a448b5343c91e7d58e8785fc20a7fd029b699ca0e252614304d;environment-lock=d4b8b2dc177cb09cea84a5b5a51c99d4510a3270fe70286d2133382fbc4abd8b;param-patch-contract=182942ecf6ed3c0ea267b1660a19be8601c16768640dd6ef3f112601a0b26f34;rostam-catalog=a4926ec9b012724b926fbc583b865bb083b7ad6526fee9ffc3e95129717195b8,python -m experiments.rostam.analyze verify --run-directory experiments/rostam/results/core-20260724-r7 --selection-id primary --verdict-sha256 46d8012b3594c18c96ee1a3f1e063ceeaf5642068c6a6aa895e655bcfb257bdd --output-directory experiments/rostam/results/publications/trusted-join-core-shared-overlap-primary --join-evidence experiments/rostam/results/shared-replay-20260720-r2 primary b6cd1aae4cfb2de020a840f941031d4a910d0d47d4c83aee1c09e0f5f6bc98db --join-evidence experiments/rostam/results/overlap-20260724-r1 primary 5b153d0452df5033261d81f01db74211a0cb87015694b25190d8aa69650507fd --baseline-config nccl-2.19.3-default --candidate-config nccl-2.20.5-default --median-threshold-pct 8.0 --median-absolute-threshold-us 1.0
measurement,COMPLETE,false,,core-20260724-r7,3bd321ec960c2bce0e6c0ff9aba8bb2be89cb19bdb99011a838cbd79068835b8,primary,d01db822c8e909fe2dbfac157bf62eeeb370a3eef45168f4eb1ff5023fbd4e3a,46d8012b3594c18c96ee1a3f1e063ceeaf5642068c6a6aa895e655bcfb257bdd,c-canary-param-nccl-2.20.5-tree-l-r000000-c5fb95f67457b94f,c5fb95f67457b94f4cee4ae8160735b9c05890da4a35048290c947685e30d21d,a-000001,bab8b1d47fb1d49fdb088ed1d0f339e9ab7e83445753a5029b6fea990dc6f567,nccl-2.20.5-tree-ll128,canary-param,0,278.860000,8192,commcanary.rostam.physical.param-measurement.v1,commcanary.rostam.physical.param-producer.v1,37d2a1f02e637e60549ddd4eb6df80338f3527a254e9b27ea5bbb386e790a799,2855275288e67a1a2d0bbefff0740841fdf0ecf0,false,,8c5f30748596f665cca0bde76d4637074ffff3fa077387dd12b993cf98d2cee6,d7b9ce962a4e604e8934006cc773bf937c36ae9aaf293f3edaa95488d96f794e,54fef90a88dbb8a0b4b5b5d25474759e6f8977e118ad52270bfb770ce553cb7b,commcanary-wheel=954c9fe0ef908a448b5343c91e7d58e8785fc20a7fd029b699ca0e252614304d;environment-lock=d4b8b2dc177cb09cea84a5b5a51c99d4510a3270fe70286d2133382fbc4abd8b;param-patch-contract=182942ecf6ed3c0ea267b1660a19be8601c16768640dd6ef3f112601a0b26f34;rostam-catalog=a4926ec9b012724b926fbc583b865bb083b7ad6526fee9ffc3e95129717195b8,python -m experiments.rostam.analyze verify --run-directory experiments/rostam/results/core-20260724-r7 --selection-id primary --verdict-sha256 46d8012b3594c18c96ee1a3f1e063ceeaf5642068c6a6aa895e655bcfb257bdd --output-directory experiments/rostam/results/publications/trusted-join-core-shared-overlap-primary --join-evidence experiments/rostam/results/shared-replay-20260720-r2 primary b6cd1aae4cfb2de020a840f941031d4a910d0d47d4c83aee1c09e0f5f6bc98db --join-evidence experiments/rostam/results/overlap-20260724-r1 primary 5b153d0452df5033261d81f01db74211a0cb87015694b25190d8aa69650507fd --baseline-config nccl-2.19.3-default --candidate-config nccl-2.20.5-default --median-threshold-pct 8.0 --median-absolute-threshold-us 1.0
measurement,COMPLETE,false,,core-20260724-r7,3bd321ec960c2bce0e6c0ff9aba8bb2be89cb19bdb99011a838cbd79068835b8,primary,d01db822c8e909fe2dbfac157bf62eeeb370a3eef45168f4eb1ff5023fbd4e3a,46d8012b3594c18c96ee1a3f1e063ceeaf5642068c6a6aa895e655bcfb257bdd,c-canary-param-nccl-2.20.5-tree-l-r000001-0842f8b903eec68e,0842f8b903eec68e7acefe86fbf35fac6f5ff83541e86a6b3dbb93e4e11b7aad,a-000001,e8b22110ccac40b87a0f77c38464050dc5c05d41c0148a065fda7bfbc9168956,nccl-2.20.5-tree-ll128,canary-param,1,272.160000,8192,commcanary.rostam.physical.param-measurement.v1,commcanary.rostam.physical.param-producer.v1,6242382e1d40ec8c861261ce50645a36b4cac79132f4012a3ef4215f0253fd83,2855275288e67a1a2d0bbefff0740841fdf0ecf0,false,,8c5f30748596f665cca0bde76d4637074ffff3fa077387dd12b993cf98d2cee6,3e3a231864b41b18b567853bff1ae1892ce3e2bb26850a94b4e2e094e5975af5,71b5ed2d26418540d494655d8997286edc28508d79fe99576820d21815ebac37,commcanary-wheel=954c9fe0ef908a448b5343c91e7d58e8785fc20a7fd029b699ca0e252614304d;environment-lock=d4b8b2dc177cb09cea84a5b5a51c99d4510a3270fe70286d2133382fbc4abd8b;param-patch-contract=182942ecf6ed3c0ea267b1660a19be8601c16768640dd6ef3f112601a0b26f34;rostam-catalog=a4926ec9b012724b926fbc583b865bb083b7ad6526fee9ffc3e95129717195b8,python -m experiments.rostam.analyze verify --run-directory experiments/rostam/results/core-20260724-r7 --selection-id primary --verdict-sha256 46d8012b3594c18c96ee1a3f1e063ceeaf5642068c6a6aa895e655bcfb257bdd --output-directory experiments/rostam/results/publications/trusted-join-core-shared-overlap-primary --join-evidence experiments/rostam/results/shared-replay-20260720-r2 primary b6cd1aae4cfb2de020a840f941031d4a910d0d47d4c83aee1c09e0f5f6bc98db --join-evidence experiments/rostam/results/overlap-20260724-r1 primary 5b153d0452df5033261d81f01db74211a0cb87015694b25190d8aa69650507fd --baseline-config nccl-2.19.3-default --candidate-config nccl-2.20.5-default --median-threshold-pct 8.0 --median-absolute-threshold-us 1.0
measurement,COMPLETE,false,,core-20260724-r7,3bd321ec960c2bce0e6c0ff9aba8bb2be89cb19bdb99011a838cbd79068835b8,primary,d01db822c8e909fe2dbfac157bf62eeeb370a3eef45168f4eb1ff5023fbd4e3a,46d8012b3594c18c96ee1a3f1e063ceeaf5642068c6a6aa895e655bcfb257bdd,c-canary-param-nccl-2.20.5-tree-l-r000001-a8c20b0b140e9056,a8c20b0b140e9056fdda4d9704f82628e556af4238d12764176bea613f423314,a-000001,012e5a69751cd498b9978a5bc3e412764725c7f01e3bf9e991772cdf22025ca8,nccl-2.20.5-tree-ll,canary-param,1,232.540000,8192,commcanary.rostam.physical.param-measurement.v1,commcanary.rostam.physical.param-producer.v1,d2ea312cd12adf9e2f050b439095d6a0a0016332f65ea2cb0f100f2bf092505f,2855275288e67a1a2d0bbefff0740841fdf0ecf0,false,,8c5f30748596f665cca0bde76d4637074ffff3fa077387dd12b993cf98d2cee6,640b671f443727fdae58a3cc37a3b16fe8975a0226607f3902853d4da97f11c2,8ce418c8fb965443d76b15b1638b65ecc63b3e55e50f02ca57963cb685bb635c,commcanary-wheel=954c9fe0ef908a448b5343c91e7d58e8785fc20a7fd029b699ca0e252614304d;environment-lock=d4b8b2dc177cb09cea84a5b5a51c99d4510a3270fe70286d2133382fbc4abd8b;param-patch-contract=182942ecf6ed3c0ea267b1660a19be8601c16768640dd6ef3f112601a0b26f34;rostam-catalog=a4926ec9b012724b926fbc583b865bb083b7ad6526fee9ffc3e95129717195b8,python -m experiments.rostam.analyze verify --run-directory experiments/rostam/results/core-20260724-r7 --selection-id primary --verdict-sha256 46d8012b3594c18c96ee1a3f1e063ceeaf5642068c6a6aa895e655bcfb257bdd --output-directory experiments/rostam/results/publications/trusted-join-core-shared-overlap-primary --join-evidence experiments/rostam/results/shared-replay-20260720-r2 primary b6cd1aae4cfb2de020a840f941031d4a910d0d47d4c83aee1c09e0f5f6bc98db --join-evidence experiments/rostam/results/overlap-20260724-r1 primary 5b153d0452df5033261d81f01db74211a0cb87015694b25190d8aa69650507fd --baseline-config nccl-2.19.3-default --candidate-config nccl-2.20.5-default --median-threshold-pct 8.0 --median-absolute-threshold-us 1.0
measurement,COMPLETE,false,,core-20260724-r7,3bd321ec960c2bce0e6c0ff9aba8bb2be89cb19bdb99011a838cbd79068835b8,primary,d01db822c8e909fe2dbfac157bf62eeeb370a3eef45168f4eb1ff5023fbd4e3a,46d8012b3594c18c96ee1a3f1e063ceeaf5642068c6a6aa895e655bcfb257bdd,c-canary-param-nccl-2.20.5-tree-l-r000002-bd4bf6f75428fcfe,bd4bf6f75428fcfe884fffba83565fd6b44fc5db49e4f915f94c6f3f25a0bc13,a-000001,589df3d74ed9a500beb7d98ccdb7b989f3aefc6023a0313b24988fcaac011da4,nccl-2.20.5-tree-ll,canary-param,2,235.005000,8192,commcanary.rostam.physical.param-measurement.v1,commcanary.rostam.physical.param-producer.v1,40cd8466c9f0d96fcde2179e1e2c7019bb0e27d84d2e7b250f26bac190542c52,2855275288e67a1a2d0bbefff0740841fdf0ecf0,false,,8c5f30748596f665cca0bde76d4637074ffff3fa077387dd12b993cf98d2cee6,8a5779f39b6e6c7ad0e13e053b81204f90d6cf692b6ff087f435879d73329bda,b62880ea4073577e792e7ac1b5a32c65b7943e5325bf4c773b386ed98a86976c,commcanary-wheel=954c9fe0ef908a448b5343c91e7d58e8785fc20a7fd029b699ca0e252614304d;environment-lock=d4b8b2dc177cb09cea84a5b5a51c99d4510a3270fe70286d2133382fbc4abd8b;param-patch-contract=182942ecf6ed3c0ea267b1660a19be8601c16768640dd6ef3f112601a0b26f34;rostam-catalog=a4926ec9b012724b926fbc583b865bb083b7ad6526fee9ffc3e95129717195b8,python -m experiments.rostam.analyze verify --run-directory experiments/rostam/results/core-20260724-r7 --selection-id primary --verdict-sha256 46d8012b3594c18c96ee1a3f1e063ceeaf5642068c6a6aa895e655bcfb257bdd --output-directory experiments/rostam/results/publications/trusted-join-core-shared-overlap-primary --join-evidence experiments/rostam/results/shared-replay-20260720-r2 primary b6cd1aae4cfb2de020a840f941031d4a910d0d47d4c83aee1c09e0f5f6bc98db --join-evidence experiments/rostam/results/overlap-20260724-r1 primary 5b153d0452df5033261d81f01db74211a0cb87015694b25190d8aa69650507fd --baseline-config nccl-2.19.3-default --candidate-config nccl-2.20.5-default --median-threshold-pct 8.0 --median-absolute-threshold-us 1.0
measurement,COMPLETE,false,,core-20260724-r7,3bd321ec960c2bce0e6c0ff9aba8bb2be89cb19bdb99011a838cbd79068835b8,primary,d01db822c8e909fe2dbfac157bf62eeeb370a3eef45168f4eb1ff5023fbd4e3a,46d8012b3594c18c96ee1a3f1e063ceeaf5642068c6a6aa895e655bcfb257bdd,c-canary-param-nccl-2.20.5-tree-l-r000002-fceb446ccfb412e4,fceb446ccfb412e4438e573bd1b3733a925907267ff4f0690300b070c8a65bc0,a-000001,9acaaa18c41337d143144e683271000521e2a2a57e6fbc498e8ef9b0191b5a95,nccl-2.20.5-tree-ll128,canary-param,2,258.185000,8192,commcanary.rostam.physical.param-measurement.v1,commcanary.rostam.physical.param-producer.v1,ba1f568075a6e32f9993023365c76e13bce10096e7197534d128cde9eb1aa295,2855275288e67a1a2d0bbefff0740841fdf0ecf0,false,,8c5f30748596f665cca0bde76d4637074ffff3fa077387dd12b993cf98d2cee6,959ea612e46e73ff9904cb7e17fdbf0d64f642e8354459b07a6016c7ec2af143,f68c7638ec4a9bfa87184c9b5f1bcbf2b4903aee40a64316671b795910da09c1,commcanary-wheel=954c9fe0ef908a448b5343c91e7d58e8785fc20a7fd029b699ca0e252614304d;environment-lock=d4b8b2dc177cb09cea84a5b5a51c99d4510a3270fe70286d2133382fbc4abd8b;param-patch-contract=182942ecf6ed3c0ea267b1660a19be8601c16768640dd6ef3f112601a0b26f34;rostam-catalog=a4926ec9b012724b926fbc583b865bb083b7ad6526fee9ffc3e95129717195b8,python -m experiments.rostam.analyze verify --run-directory experiments/rostam/results/core-20260724-r7 --selection-id primary --verdict-sha256 46d8012b3594c18c96ee1a3f1e063ceeaf5642068c6a6aa895e655bcfb257bdd --output-directory experiments/rostam/results/publications/trusted-join-core-shared-overlap-primary --join-evidence experiments/rostam/results/shared-replay-20260720-r2 primary b6cd1aae4cfb2de020a840f941031d4a910d0d47d4c83aee1c09e0f5f6bc98db --join-evidence experiments/rostam/results/overlap-20260724-r1 primary 5b153d0452df5033261d81f01db74211a0cb87015694b25190d8aa69650507fd --baseline-config nccl-2.19.3-default --candidate-config nccl-2.20.5-default --median-threshold-pct 8.0 --median-absolute-threshold-us 1.0
measurement,COMPLETE,false,,core-20260724-r7,3bd321ec960c2bce0e6c0ff9aba8bb2be89cb19bdb99011a838cbd79068835b8,primary,d01db822c8e909fe2dbfac157bf62eeeb370a3eef45168f4eb1ff5023fbd4e3a,46d8012b3594c18c96ee1a3f1e063ceeaf5642068c6a6aa895e655bcfb257bdd,c-canary-param-nccl-2.20.5-tree-l-r000003-496c78dfd797c0e1,496c78dfd797c0e1507a19f578e5602f032ce3d5ffe1d6f7857e87d0efb819e4,a-000001,39260e8469e226774795f078c0dfe1ccb82f745b559062ad9ae64500ac50d099,nccl-2.20.5-tree-ll128,canary-param,3,279.135000,8192,commcanary.rostam.physical.param-measurement.v1,commcanary.rostam.physical.param-producer.v1,4edfc65d75aa40ec83c00b24671150f5053210413853f1d0586869e5ebfdd550,2855275288e67a1a2d0bbefff0740841fdf0ecf0,false,,8c5f30748596f665cca0bde76d4637074ffff3fa077387dd12b993cf98d2cee6,40c2c9a2a13b3206ef69d1e85d29ac71ca105d98e19bd3146e174cc1bb94178b,6a4258f48eb1a3adf8020197a01f1930877991e22f89b496667ebc108a50a751,commcanary-wheel=954c9fe0ef908a448b5343c91e7d58e8785fc20a7fd029b699ca0e252614304d;environment-lock=d4b8b2dc177cb09cea84a5b5a51c99d4510a3270fe70286d2133382fbc4abd8b;param-patch-contract=182942ecf6ed3c0ea267b1660a19be8601c16768640dd6ef3f112601a0b26f34;rostam-catalog=a4926ec9b012724b926fbc583b865bb083b7ad6526fee9ffc3e95129717195b8,python -m experiments.rostam.analyze verify --run-directory experiments/rostam/results/core-20260724-r7 --selection-id primary --verdict-sha256 46d8012b3594c18c96ee1a3f1e063ceeaf5642068c6a6aa895e655bcfb257bdd --output-directory experiments/rostam/results/publications/trusted-join-core-shared-overlap-primary --join-evidence experiments/rostam/results/shared-replay-20260720-r2 primary b6cd1aae4cfb2de020a840f941031d4a910d0d47d4c83aee1c09e0f5f6bc98db --join-evidence experiments/rostam/results/overlap-20260724-r1 primary 5b153d0452df5033261d81f01db74211a0cb87015694b25190d8aa69650507fd --baseline-config nccl-2.19.3-default --candidate-config nccl-2.20.5-default --median-threshold-pct 8.0 --median-absolute-threshold-us 1.0
measurement,COMPLETE,false,,core-20260724-r7,3bd321ec960c2bce0e6c0ff9aba8bb2be89cb19bdb99011a838cbd79068835b8,primary,d01db822c8e909fe2dbfac157bf62eeeb370a3eef45168f4eb1ff5023fbd4e3a,46d8012b3594c18c96ee1a3f1e063ceeaf5642068c6a6aa895e655bcfb257bdd,c-canary-param-nccl-2.20.5-tree-l-r000003-f0e4ef4f23e40629,f0e4ef4f23e406293d8631b213fd296a815082fa85c72b5044bf786f0c311251,a-000001,c9d7285aa222ca2280eda3a6a8dbeb5ca459b2aaade25ad19a48f5aeb879c5c8,nccl-2.20.5-tree-ll,canary-param,3,233.155000,8192,commcanary.rostam.physical.param-measurement.v1,commcanary.rostam.physical.param-producer.v1,947b5e12688e3754c5a3aa2dc93d31e548b8a9a72945a5aae86c064c9719bd36,2855275288e67a1a2d0bbefff0740841fdf0ecf0,false,,8c5f30748596f665cca0bde76d4637074ffff3fa077387dd12b993cf98d2cee6,629a0a2c9cf49b5ea781f8bc15a668c94cbc96be838dde6f62434561090c6d40,40dec94aafd0a06ad8a22a8545ded6f55a3ec054a95ba1896a7844fda8ffeaf8,commcanary-wheel=954c9fe0ef908a448b5343c91e7d58e8785fc20a7fd029b699ca0e252614304d;environment-lock=d4b8b2dc177cb09cea84a5b5a51c99d4510a3270fe70286d2133382fbc4abd8b;param-patch-contract=182942ecf6ed3c0ea267b1660a19be8601c16768640dd6ef3f112601a0b26f34;rostam-catalog=a4926ec9b012724b926fbc583b865bb083b7ad6526fee9ffc3e95129717195b8,python -m experiments.rostam.analyze verify --run-directory experiments/rostam/results/core-20260724-r7 --selection-id primary --verdict-sha256 46d8012b3594c18c96ee1a3f1e063ceeaf5642068c6a6aa895e655bcfb257bdd --output-directory experiments/rostam/results/publications/trusted-join-core-shared-overlap-primary --join-evidence experiments/rostam/results/shared-replay-20260720-r2 primary b6cd1aae4cfb2de020a840f941031d4a910d0d47d4c83aee1c09e0f5f6bc98db --join-evidence experiments/rostam/results/overlap-20260724-r1 primary 5b153d0452df5033261d81f01db74211a0cb87015694b25190d8aa69650507fd --baseline-config nccl-2.19.3-default --candidate-config nccl-2.20.5-default --median-threshold-pct 8.0 --median-absolute-threshold-us 1.0
measurement,COMPLETE,false,,core-20260724-r7,3bd321ec960c2bce0e6c0ff9aba8bb2be89cb19bdb99011a838cbd79068835b8,primary,d01db822c8e909fe2dbfac157bf62eeeb370a3eef45168f4eb1ff5023fbd4e3a,46d8012b3594c18c96ee1a3f1e063ceeaf5642068c6a6aa895e655bcfb257bdd,c-canary-param-nccl-2.20.5-tree-l-r000004-ba6250ccc262b0ac,ba6250ccc262b0ac9980f3bf9f8f4a35665469c97de3ea3b136a2d1b27d9edde,a-000001,f437db5e2cffe03d49e93fb9a2c7568de8abca5142bd43e1a2cb6a663495e8c3,nccl-2.20.5-tree-ll128,canary-param,4,277.755000,8192,commcanary.rostam.physical.param-measurement.v1,commcanary.rostam.physical.param-producer.v1,e2384a216016b7ffea42c536e75babc201728071c21a79cf697541b3aca0d0a7,2855275288e67a1a2d0bbefff0740841fdf0ecf0,false,,8c5f30748596f665cca0bde76d4637074ffff3fa077387dd12b993cf98d2cee6,81ca42dba3976bf118f23e17242774c94715b5b9ab0c64e292ce26902c3e8f0d,af25d43a9c6c95b895870810c1ce5f0e31d982d5c2c35e9fe9ff2bc68ed9936d,commcanary-wheel=954c9fe0ef908a448b5343c91e7d58e8785fc20a7fd029b699ca0e252614304d;environment-lock=d4b8b2dc177cb09cea84a5b5a51c99d4510a3270fe70286d2133382fbc4abd8b;param-patch-contract=182942ecf6ed3c0ea267b1660a19be8601c16768640dd6ef3f112601a0b26f34;rostam-catalog=a4926ec9b012724b926fbc583b865bb083b7ad6526fee9ffc3e95129717195b8,python -m experiments.rostam.analyze verify --run-directory experiments/rostam/results/core-20260724-r7 --selection-id primary --verdict-sha256 46d8012b3594c18c96ee1a3f1e063ceeaf5642068c6a6aa895e655bcfb257bdd --output-directory experiments/rostam/results/publications/trusted-join-core-shared-overlap-primary --join-evidence experiments/rostam/results/shared-replay-20260720-r2 primary b6cd1aae4cfb2de020a840f941031d4a910d0d47d4c83aee1c09e0f5f6bc98db --join-evidence experiments/rostam/results/overlap-20260724-r1 primary 5b153d0452df5033261d81f01db74211a0cb87015694b25190d8aa69650507fd --baseline-config nccl-2.19.3-default --candidate-config nccl-2.20.5-default --median-threshold-pct 8.0 --median-absolute-threshold-us 1.0
measurement,COMPLETE,false,,core-20260724-r7,3bd321ec960c2bce0e6c0ff9aba8bb2be89cb19bdb99011a838cbd79068835b8,primary,d01db822c8e909fe2dbfac157bf62eeeb370a3eef45168f4eb1ff5023fbd4e3a,46d8012b3594c18c96ee1a3f1e063ceeaf5642068c6a6aa895e655bcfb257bdd,c-canary-param-nccl-2.20.5-tree-l-r000004-ce99350de720898a,ce99350de720898affc1f5fd5c20384b6eb72d542c564d7a8da57556eefc4b09,a-000001,6a2c738f34013f580ae91c22a18357f33f066dfecef528d3a6042aab1ca3f2a1,nccl-2.20.5-tree-ll,canary-param,4,234.535000,8192,commcanary.rostam.physical.param-measurement.v1,commcanary.rostam.physical.param-producer.v1,cd2821f302574e55bc0a7f0c6f8b8331aac80d55aa17c9e0d1ae01367d1bcbca,2855275288e67a1a2d0bbefff0740841fdf0ecf0,false,,8c5f30748596f665cca0bde76d4637074ffff3fa077387dd12b993cf98d2cee6,15bac4f5f39e0c7944d8f273497e81c09f23e6c925411a468b2f8336160ee8df,466a06a68f6104fc9ddf33ae35c3a6ea86d5775cc6a160c3cb48c4e01bccdb10,commcanary-wheel=954c9fe0ef908a448b5343c91e7d58e8785fc20a7fd029b699ca0e252614304d;environment-lock=d4b8b2dc177cb09cea84a5b5a51c99d4510a3270fe70286d2133382fbc4abd8b;param-patch-contract=182942ecf6ed3c0ea267b1660a19be8601c16768640dd6ef3f112601a0b26f34;rostam-catalog=a4926ec9b012724b926fbc583b865bb083b7ad6526fee9ffc3e95129717195b8,python -m experiments.rostam.analyze verify --run-directory experiments/rostam/results/core-20260724-r7 --selection-id primary --verdict-sha256 46d8012b3594c18c96ee1a3f1e063ceeaf5642068c6a6aa895e655bcfb257bdd --output-directory experiments/rostam/results/publications/trusted-join-core-shared-overlap-primary --join-evidence experiments/rostam/results/shared-replay-20260720-r2 primary b6cd1aae4cfb2de020a840f941031d4a910d0d47d4c83aee1c09e0f5f6bc98db --join-evidence experiments/rostam/results/overlap-20260724-r1 primary 5b153d0452df5033261d81f01db74211a0cb87015694b25190d8aa69650507fd --baseline-config nccl-2.19.3-default --candidate-config nccl-2.20.5-default --median-threshold-pct 8.0 --median-absolute-threshold-us 1.0
measurement,COMPLETE,false,,core-20260724-r7,3bd321ec960c2bce0e6c0ff9aba8bb2be89cb19bdb99011a838cbd79068835b8,primary,d01db822c8e909fe2dbfac157bf62eeeb370a3eef45168f4eb1ff5023fbd4e3a,46d8012b3594c18c96ee1a3f1e063ceeaf5642068c6a6aa895e655bcfb257bdd,c-canary-param-nccl-2.20.5-tree-s-r000000-84482d9d94cac2a3,84482d9d94cac2a3a093ed5325f935446ca474510e4d06f087081ea92ca90110,a-000001,a0eb7d9fd299fb0cdd5e73796985ac3ba28e25cf3c4d393acc958607ba25d3df,nccl-2.20.5-tree-simple,canary-param,0,288.610000,8192,commcanary.rostam.physical.param-measurement.v1,commcanary.rostam.physical.param-producer.v1,00ff52d341085405a7f3ee7b598ae5acaa7c121cc4059cfa1331d95f7d287805,2855275288e67a1a2d0bbefff0740841fdf0ecf0,false,,8c5f30748596f665cca0bde76d4637074ffff3fa077387dd12b993cf98d2cee6,2062438abe282189d47a8b8e4f4797c79bac37c39c46d08feff87da9409ec26a,917ed348ef8a00a4ab7167ee1ac3e14f9714521b7e8aa6a83870efc57f9d73e4,commcanary-wheel=954c9fe0ef908a448b5343c91e7d58e8785fc20a7fd029b699ca0e252614304d;environment-lock=d4b8b2dc177cb09cea84a5b5a51c99d4510a3270fe70286d2133382fbc4abd8b;param-patch-contract=182942ecf6ed3c0ea267b1660a19be8601c16768640dd6ef3f112601a0b26f34;rostam-catalog=a4926ec9b012724b926fbc583b865bb083b7ad6526fee9ffc3e95129717195b8,python -m experiments.rostam.analyze verify --run-directory experiments/rostam/results/core-20260724-r7 --selection-id primary --verdict-sha256 46d8012b3594c18c96ee1a3f1e063ceeaf5642068c6a6aa895e655bcfb257bdd --output-directory experiments/rostam/results/publications/trusted-join-core-shared-overlap-primary --join-evidence experiments/rostam/results/shared-replay-20260720-r2 primary b6cd1aae4cfb2de020a840f941031d4a910d0d47d4c83aee1c09e0f5f6bc98db --join-evidence experiments/rostam/results/overlap-20260724-r1 primary 5b153d0452df5033261d81f01db74211a0cb87015694b25190d8aa69650507fd --baseline-config nccl-2.19.3-default --candidate-config nccl-2.20.5-default --median-threshold-pct 8.0 --median-absolute-threshold-us 1.0
measurement,COMPLETE,false,,core-20260724-r7,3bd321ec960c2bce0e6c0ff9aba8bb2be89cb19bdb99011a838cbd79068835b8,primary,d01db822c8e909fe2dbfac157bf62eeeb370a3eef45168f4eb1ff5023fbd4e3a,46d8012b3594c18c96ee1a3f1e063ceeaf5642068c6a6aa895e655bcfb257bdd,c-canary-param-nccl-2.20.5-tree-s-r000001-c8406384e28f8f2d,c8406384e28f8f2d4b12f87916a41078eca852edce8b098022f5a2d0a64edab8,a-000001,4c9a2ea06a4a01e5af3966dc2ce1d62b8d5829309698a77f08c8e3246d39ccb5,nccl-2.20.5-tree-simple,canary-param,1,287.475000,8192,commcanary.rostam.physical.param-measurement.v1,commcanary.rostam.physical.param-producer.v1,f600f4086c95a66bb2e8f7cb8e2a842aebbf94d3dea21986a5629ba46c19eab9,2855275288e67a1a2d0bbefff0740841fdf0ecf0,false,,8c5f30748596f665cca0bde76d4637074ffff3fa077387dd12b993cf98d2cee6,5c63cc34d443ae0422d22a67de2224a573de83e4ec0a7c8b119f026203348064,9ac0416a48d8972909bbae46503a4006e6ae0d5d149b673193ae6e81138e29d8,commcanary-wheel=954c9fe0ef908a448b5343c91e7d58e8785fc20a7fd029b699ca0e252614304d;environment-lock=d4b8b2dc177cb09cea84a5b5a51c99d4510a3270fe70286d2133382fbc4abd8b;param-patch-contract=182942ecf6ed3c0ea267b1660a19be8601c16768640dd6ef3f112601a0b26f34;rostam-catalog=a4926ec9b012724b926fbc583b865bb083b7ad6526fee9ffc3e95129717195b8,python -m experiments.rostam.analyze verify --run-directory experiments/rostam/results/core-20260724-r7 --selection-id primary --verdict-sha256 46d8012b3594c18c96ee1a3f1e063ceeaf5642068c6a6aa895e655bcfb257bdd --output-directory experiments/rostam/results/publications/trusted-join-core-shared-overlap-primary --join-evidence experiments/rostam/results/shared-replay-20260720-r2 primary b6cd1aae4cfb2de020a840f941031d4a910d0d47d4c83aee1c09e0f5f6bc98db --join-evidence experiments/rostam/results/overlap-20260724-r1 primary 5b153d0452df5033261d81f01db74211a0cb87015694b25190d8aa69650507fd --baseline-config nccl-2.19.3-default --candidate-config nccl-2.20.5-default --median-threshold-pct 8.0 --median-absolute-threshold-us 1.0
measurement,COMPLETE,false,,core-20260724-r7,3bd321ec960c2bce0e6c0ff9aba8bb2be89cb19bdb99011a838cbd79068835b8,primary,d01db822c8e909fe2dbfac157bf62eeeb370a3eef45168f4eb1ff5023fbd4e3a,46d8012b3594c18c96ee1a3f1e063ceeaf5642068c6a6aa895e655bcfb257bdd,c-canary-param-nccl-2.20.5-tree-s-r000002-779020b0795ac3ac,779020b0795ac3acc982dfb69189969d056671f4b9fac33c27030e7a66a29fe6,a-000001,70a6226c60b4e2d7eea9c9f5d36e6b6291cc21ae64592bb6f37e5d042346d49b,nccl-2.20.5-tree-simple,canary-param,2,297.170000,8192,commcanary.rostam.physical.param-measurement.v1,commcanary.rostam.physical.param-producer.v1,e742b68847b10f9169417f6189e651e1dcc2df5845d811d0e8b2a4e3a89f0c21,2855275288e67a1a2d0bbefff0740841fdf0ecf0,false,,8c5f30748596f665cca0bde76d4637074ffff3fa077387dd12b993cf98d2cee6,a4b540654f02c83f3c883c4b24e27599350a3ba59b60e1edc24cda7325ac1f37,e7e775f7d850fe16700b7863d8fab41aa43061893e4dc8e2f29e3834f266f66d,commcanary-wheel=954c9fe0ef908a448b5343c91e7d58e8785fc20a7fd029b699ca0e252614304d;environment-lock=d4b8b2dc177cb09cea84a5b5a51c99d4510a3270fe70286d2133382fbc4abd8b;param-patch-contract=182942ecf6ed3c0ea267b1660a19be8601c16768640dd6ef3f112601a0b26f34;rostam-catalog=a4926ec9b012724b926fbc583b865bb083b7ad6526fee9ffc3e95129717195b8,python -m experiments.rostam.analyze verify --run-directory experiments/rostam/results/core-20260724-r7 --selection-id primary --verdict-sha256 46d8012b3594c18c96ee1a3f1e063ceeaf5642068c6a6aa895e655bcfb257bdd --output-directory experiments/rostam/results/publications/trusted-join-core-shared-overlap-primary --join-evidence experiments/rostam/results/shared-replay-20260720-r2 primary b6cd1aae4cfb2de020a840f941031d4a910d0d47d4c83aee1c09e0f5f6bc98db --join-evidence experiments/rostam/results/overlap-20260724-r1 primary 5b153d0452df5033261d81f01db74211a0cb87015694b25190d8aa69650507fd --baseline-config nccl-2.19.3-default --candidate-config nccl-2.20.5-default --median-threshold-pct 8.0 --median-absolute-threshold-us 1.0
measurement,COMPLETE,false,,core-20260724-r7,3bd321ec960c2bce0e6c0ff9aba8bb2be89cb19bdb99011a838cbd79068835b8,primary,d01db822c8e909fe2dbfac157bf62eeeb370a3eef45168f4eb1ff5023fbd4e3a,46d8012b3594c18c96ee1a3f1e063ceeaf5642068c6a6aa895e655bcfb257bdd,c-canary-param-nccl-2.20.5-tree-s-r000003-93368db2f6bbd4db,93368db2f6bbd4dbcc7e94d63e11c3757bd48216509a1938c5a1f3cb45d4c7eb,a-000001,4c488a8118184a76976c34dc21089dc25d4500a389702e20981b3ed5944d4e20,nccl-2.20.5-tree-simple,canary-param,3,294.620000,8192,commcanary.rostam.physical.param-measurement.v1,commcanary.rostam.physical.param-producer.v1,d170a3e38ce8a9e2d8276acdf330c400218271621ed31513659dfbea9f9657ed,2855275288e67a1a2d0bbefff0740841fdf0ecf0,false,,8c5f30748596f665cca0bde76d4637074ffff3fa077387dd12b993cf98d2cee6,e5d82eb1057590f94673776341c8ccf9637eec9ca530feaf53301a2f18ace866,7c3b569a0df189ed51c57a85d45883600a8190cbb6423932aa2fbc036dcd33ac,commcanary-wheel=954c9fe0ef908a448b5343c91e7d58e8785fc20a7fd029b699ca0e252614304d;environment-lock=d4b8b2dc177cb09cea84a5b5a51c99d4510a3270fe70286d2133382fbc4abd8b;param-patch-contract=182942ecf6ed3c0ea267b1660a19be8601c16768640dd6ef3f112601a0b26f34;rostam-catalog=a4926ec9b012724b926fbc583b865bb083b7ad6526fee9ffc3e95129717195b8,python -m experiments.rostam.analyze verify --run-directory experiments/rostam/results/core-20260724-r7 --selection-id primary --verdict-sha256 46d8012b3594c18c96ee1a3f1e063ceeaf5642068c6a6aa895e655bcfb257bdd --output-directory experiments/rostam/results/publications/trusted-join-core-shared-overlap-primary --join-evidence experiments/rostam/results/shared-replay-20260720-r2 primary b6cd1aae4cfb2de020a840f941031d4a910d0d47d4c83aee1c09e0f5f6bc98db --join-evidence experiments/rostam/results/overlap-20260724-r1 primary 5b153d0452df5033261d81f01db74211a0cb87015694b25190d8aa69650507fd --baseline-config nccl-2.19.3-default --candidate-config nccl-2.20.5-default --median-threshold-pct 8.0 --median-absolute-threshold-us 1.0
measurement,COMPLETE,false,,core-20260724-r7,3bd321ec960c2bce0e6c0ff9aba8bb2be89cb19bdb99011a838cbd79068835b8,primary,d01db822c8e909fe2dbfac157bf62eeeb370a3eef45168f4eb1ff5023fbd4e3a,46d8012b3594c18c96ee1a3f1e063ceeaf5642068c6a6aa895e655bcfb257bdd,c-canary-param-nccl-2.20.5-tree-s-r000004-b3cfeeef61303c7a,b3cfeeef61303c7ae598ae6805410f46df5833fbab63ac3f385864e6dda58e1d,a-000001,52e8932c5a24c177386ba8af32db9571b94a38bbc632ce749619fa9d270615c1,nccl-2.20.5-tree-simple,canary-param,4,300.380000,8192,commcanary.rostam.physical.param-measurement.v1,commcanary.rostam.physical.param-producer.v1,e8b8f11c9f130fd201a6fb39bb680213fc12f1c722073364f942438ca6829121,2855275288e67a1a2d0bbefff0740841fdf0ecf0,false,,8c5f30748596f665cca0bde76d4637074ffff3fa077387dd12b993cf98d2cee6,fe267119362ed23dcae9d16d3f41c7b44ab2d028cebbfc61ff495c87502d3cb6,fe6024d8dd9c531ce999ba22ade579a9f15207b4fd606b88771d5e0ea03d20fa,commcanary-wheel=954c9fe0ef908a448b5343c91e7d58e8785fc20a7fd029b699ca0e252614304d;environment-lock=d4b8b2dc177cb09cea84a5b5a51c99d4510a3270fe70286d2133382fbc4abd8b;param-patch-contract=182942ecf6ed3c0ea267b1660a19be8601c16768640dd6ef3f112601a0b26f34;rostam-catalog=a4926ec9b012724b926fbc583b865bb083b7ad6526fee9ffc3e95129717195b8,python -m experiments.rostam.analyze verify --run-directory experiments/rostam/results/core-20260724-r7 --selection-id primary --verdict-sha256 46d8012b3594c18c96ee1a3f1e063ceeaf5642068c6a6aa895e655bcfb257bdd --output-directory experiments/rostam/results/publications/trusted-join-core-shared-overlap-primary --join-evidence experiments/rostam/results/shared-replay-20260720-r2 primary b6cd1aae4cfb2de020a840f941031d4a910d0d47d4c83aee1c09e0f5f6bc98db --join-evidence experiments/rostam/results/overlap-20260724-r1 primary 5b153d0452df5033261d81f01db74211a0cb87015694b25190d8aa69650507fd --baseline-config nccl-2.19.3-default --candidate-config nccl-2.20.5-default --median-threshold-pct 8.0 --median-absolute-threshold-us 1.0
measurement,COMPLETE,false,,core-20260724-r7,3bd321ec960c2bce0e6c0ff9aba8bb2be89cb19bdb99011a838cbd79068835b8,primary,d01db822c8e909fe2dbfac157bf62eeeb370a3eef45168f4eb1ff5023fbd4e3a,46d8012b3594c18c96ee1a3f1e063ceeaf5642068c6a6aa895e655bcfb257bdd,c-full-nccl-2.19.3-defaul-r000000-f64736a35c26748a,f64736a35c26748aace642a53b5dbf476cf35b12d06d5edff68245bcb2641076,a-000001,3d2489d745e098f9523e2b27fad481cad0a2111824db3b3afe8bc2f40b4b5677,nccl-2.19.3-default,full,0,8233.984000,256,commcanary.rostam.physical.full-measurement.v1,commcanary.rostam.physical.full-producer.v1,ef783c843f6a8c1d1fdab6b59ec41f5ec5e4fb68660930904d3e0d0e0a2fe806,2855275288e67a1a2d0bbefff0740841fdf0ecf0,false,,8c5f30748596f665cca0bde76d4637074ffff3fa077387dd12b993cf98d2cee6,f2cd90435cbcabb27616105d54d15a11925aafe64ae86916729d0c1497dc0cab,06e967f18d8369aa79534076f1b44c77c747eff77162dba16696d8fa5deb1e81,commcanary-wheel=954c9fe0ef908a448b5343c91e7d58e8785fc20a7fd029b699ca0e252614304d;environment-lock=d4b8b2dc177cb09cea84a5b5a51c99d4510a3270fe70286d2133382fbc4abd8b;param-patch-contract=182942ecf6ed3c0ea267b1660a19be8601c16768640dd6ef3f112601a0b26f34;rostam-catalog=a4926ec9b012724b926fbc583b865bb083b7ad6526fee9ffc3e95129717195b8,python -m experiments.rostam.analyze verify --run-directory experiments/rostam/results/core-20260724-r7 --selection-id primary --verdict-sha256 46d8012b3594c18c96ee1a3f1e063ceeaf5642068c6a6aa895e655bcfb257bdd --output-directory experiments/rostam/results/publications/trusted-join-core-shared-overlap-primary --join-evidence experiments/rostam/results/shared-replay-20260720-r2 primary b6cd1aae4cfb2de020a840f941031d4a910d0d47d4c83aee1c09e0f5f6bc98db --join-evidence experiments/rostam/results/overlap-20260724-r1 primary 5b153d0452df5033261d81f01db74211a0cb87015694b25190d8aa69650507fd --baseline-config nccl-2.19.3-default --candidate-config nccl-2.20.5-default --median-threshold-pct 8.0 --median-absolute-threshold-us 1.0
measurement,COMPLETE,false,,core-20260724-r7,3bd321ec960c2bce0e6c0ff9aba8bb2be89cb19bdb99011a838cbd79068835b8,primary,d01db822c8e909fe2dbfac157bf62eeeb370a3eef45168f4eb1ff5023fbd4e3a,46d8012b3594c18c96ee1a3f1e063ceeaf5642068c6a6aa895e655bcfb257bdd,c-full-nccl-2.19.3-defaul-r000001-d8cb887dca605c1d,d8cb887dca605c1d07d8d7066a9bdd5a294bd61d53596b64f4851ed20b7153b4,a-000001,3da239d77a95b1b8a9104acfad275c15955d3fa339ab2bd2e021398b9690dbc9,nccl-2.19.3-default,full,1,8240.128000,256,commcanary.rostam.physical.full-measurement.v1,commcanary.rostam.physical.full-producer.v1,f65d568735e0d6296f3f2fc6788bde74aa6d54def96dc145bc0a7c8dd4f45102,2855275288e67a1a2d0bbefff0740841fdf0ecf0,false,,8c5f30748596f665cca0bde76d4637074ffff3fa077387dd12b993cf98d2cee6,a524e5b5f9a66e6d8199c54d1fc09c0b47d48b7badf07ee3ae4d510d6a85c187,ee2edfd0f2d837a5e3990d19cc720ab8c0d3ee169c50de9500050ca0540b8e17,commcanary-wheel=954c9fe0ef908a448b5343c91e7d58e8785fc20a7fd029b699ca0e252614304d;environment-lock=d4b8b2dc177cb09cea84a5b5a51c99d4510a3270fe70286d2133382fbc4abd8b;param-patch-contract=182942ecf6ed3c0ea267b1660a19be8601c16768640dd6ef3f112601a0b26f34;rostam-catalog=a4926ec9b012724b926fbc583b865bb083b7ad6526fee9ffc3e95129717195b8,python -m experiments.rostam.analyze verify --run-directory experiments/rostam/results/core-20260724-r7 --selection-id primary --verdict-sha256 46d8012b3594c18c96ee1a3f1e063ceeaf5642068c6a6aa895e655bcfb257bdd --output-directory experiments/rostam/results/publications/trusted-join-core-shared-overlap-primary --join-evidence experiments/rostam/results/shared-replay-20260720-r2 primary b6cd1aae4cfb2de020a840f941031d4a910d0d47d4c83aee1c09e0f5f6bc98db --join-evidence experiments/rostam/results/overlap-20260724-r1 primary 5b153d0452df5033261d81f01db74211a0cb87015694b25190d8aa69650507fd --baseline-config nccl-2.19.3-default --candidate-config nccl-2.20.5-default --median-threshold-pct 8.0 --median-absolute-threshold-us 1.0
measurement,COMPLETE,false,,core-20260724-r7,3bd321ec960c2bce0e6c0ff9aba8bb2be89cb19bdb99011a838cbd79068835b8,primary,d01db822c8e909fe2dbfac157bf62eeeb370a3eef45168f4eb1ff5023fbd4e3a,46d8012b3594c18c96ee1a3f1e063ceeaf5642068c6a6aa895e655bcfb257bdd,c-full-nccl-2.19.3-defaul-r000002-aa9ab7739261e86c,aa9ab7739261e86c47bde762a76504f5a977bf630223aa812199a6fa8e178a5c,a-000001,60bb178e2b90b4698dcba35c1368771906c1b9bdc62bc47e2339abfc0080372d,nccl-2.19.3-default,full,2,8226.816000,256,commcanary.rostam.physical.full-measurement.v1,commcanary.rostam.physical.full-producer.v1,4a6ea770c6651aab716b080a6dc57756c06ac203aebd3ce7e0e6ec0bab5ab82c,2855275288e67a1a2d0bbefff0740841fdf0ecf0,false,,8c5f30748596f665cca0bde76d4637074ffff3fa077387dd12b993cf98d2cee6,d9dd91f60276f095c201c22a62165ae30eea402028702ff67aec2aa9eb2b9b98,d6d3f27d3b2c5627165bdddc1e2094fe9b7e3f8bf78f5c53002085a792bab983,commcanary-wheel=954c9fe0ef908a448b5343c91e7d58e8785fc20a7fd029b699ca0e252614304d;environment-lock=d4b8b2dc177cb09cea84a5b5a51c99d4510a3270fe70286d2133382fbc4abd8b;param-patch-contract=182942ecf6ed3c0ea267b1660a19be8601c16768640dd6ef3f112601a0b26f34;rostam-catalog=a4926ec9b012724b926fbc583b865bb083b7ad6526fee9ffc3e95129717195b8,python -m experiments.rostam.analyze verify --run-directory experiments/rostam/results/core-20260724-r7 --selection-id primary --verdict-sha256 46d8012b3594c18c96ee1a3f1e063ceeaf5642068c6a6aa895e655bcfb257bdd --output-directory experiments/rostam/results/publications/trusted-join-core-shared-overlap-primary --join-evidence experiments/rostam/results/shared-replay-20260720-r2 primary b6cd1aae4cfb2de020a840f941031d4a910d0d47d4c83aee1c09e0f5f6bc98db --join-evidence experiments/rostam/results/overlap-20260724-r1 primary 5b153d0452df5033261d81f01db74211a0cb87015694b25190d8aa69650507fd --baseline-config nccl-2.19.3-default --candidate-config nccl-2.20.5-default --median-threshold-pct 8.0 --median-absolute-threshold-us 1.0
measurement,COMPLETE,false,,core-20260724-r7,3bd321ec960c2bce0e6c0ff9aba8bb2be89cb19bdb99011a838cbd79068835b8,primary,d01db822c8e909fe2dbfac157bf62eeeb370a3eef45168f4eb1ff5023fbd4e3a,46d8012b3594c18c96ee1a3f1e063ceeaf5642068c6a6aa895e655bcfb257bdd,c-full-nccl-2.19.3-defaul-r000003-2b8205d8525c2e58,2b8205d8525c2e58204f34e546cb64cd6f511efa3dcb482770d0923685dbf53d,a-000001,9a451db4ad59c1c2270808fbfbe79770683b6ed9044fcfc0e7f1f9bebc066f1e,nccl-2.19.3-default,full,3,8240.640000,256,commcanary.rostam.physical.full-measurement.v1,commcanary.rostam.physical.full-producer.v1,2aba95d1cd52dd707ce845149de0611982a75f6abc4d81f45c0f3404d68b2d2b,2855275288e67a1a2d0bbefff0740841fdf0ecf0,false,,8c5f30748596f665cca0bde76d4637074ffff3fa077387dd12b993cf98d2cee6,e46369490d3370191ca89ff48566ec3be825dd40957f79ffea6bca8085e509e6,fda5519b0a27c3f5aaa397b64ddffb026b4057106723e3401ef946a31685671c,commcanary-wheel=954c9fe0ef908a448b5343c91e7d58e8785fc20a7fd029b699ca0e252614304d;environment-lock=d4b8b2dc177cb09cea84a5b5a51c99d4510a3270fe70286d2133382fbc4abd8b;param-patch-contract=182942ecf6ed3c0ea267b1660a19be8601c16768640dd6ef3f112601a0b26f34;rostam-catalog=a4926ec9b012724b926fbc583b865bb083b7ad6526fee9ffc3e95129717195b8,python -m experiments.rostam.analyze verify --run-directory experiments/rostam/results/core-20260724-r7 --selection-id primary --verdict-sha256 46d8012b3594c18c96ee1a3f1e063ceeaf5642068c6a6aa895e655bcfb257bdd --output-directory experiments/rostam/results/publications/trusted-join-core-shared-overlap-primary --join-evidence experiments/rostam/results/shared-replay-20260720-r2 primary b6cd1aae4cfb2de020a840f941031d4a910d0d47d4c83aee1c09e0f5f6bc98db --join-evidence experiments/rostam/results/overlap-20260724-r1 primary 5b153d0452df5033261d81f01db74211a0cb87015694b25190d8aa69650507fd --baseline-config nccl-2.19.3-default --candidate-config nccl-2.20.5-default --median-threshold-pct 8.0 --median-absolute-threshold-us 1.0
measurement,COMPLETE,false,,core-20260724-r7,3bd321ec960c2bce0e6c0ff9aba8bb2be89cb19bdb99011a838cbd79068835b8,primary,d01db822c8e909fe2dbfac157bf62eeeb370a3eef45168f4eb1ff5023fbd4e3a,46d8012b3594c18c96ee1a3f1e063ceeaf5642068c6a6aa895e655bcfb257bdd,c-full-nccl-2.19.3-defaul-r000004-8f8c19bf2373c83d,8f8c19bf2373c83d9ebcd82b512fb7cb002f4c74ac5f51076a3dbe4c2131e862,a-000001,c2ef97cbba65dc77cc05c2c4d8e303be5602299f1046cdb1218f1b631e5e0acf,nccl-2.19.3-default,full,4,8243.712000,256,commcanary.rostam.physical.full-measurement.v1,commcanary.rostam.physical.full-producer.v1,351bca5f7a94af4546cbd2d0e772aef9029897283116d9aeb7e1d21be469d7b0,2855275288e67a1a2d0bbefff0740841fdf0ecf0,false,,8c5f30748596f665cca0bde76d4637074ffff3fa077387dd12b993cf98d2cee6,aa84f1fef6abff48aa7d645440e0419e44dd50ac945be403a3d39eb2d830ef14,f524b6439d71764c2180d059843d92c554a5bd3d67ec76cc6d9275445edd71b0,commcanary-wheel=954c9fe0ef908a448b5343c91e7d58e8785fc20a7fd029b699ca0e252614304d;environment-lock=d4b8b2dc177cb09cea84a5b5a51c99d4510a3270fe70286d2133382fbc4abd8b;param-patch-contract=182942ecf6ed3c0ea267b1660a19be8601c16768640dd6ef3f112601a0b26f34;rostam-catalog=a4926ec9b012724b926fbc583b865bb083b7ad6526fee9ffc3e95129717195b8,python -m experiments.rostam.analyze verify --run-directory experiments/rostam/results/core-20260724-r7 --selection-id primary --verdict-sha256 46d8012b3594c18c96ee1a3f1e063ceeaf5642068c6a6aa895e655bcfb257bdd --output-directory experiments/rostam/results/publications/trusted-join-core-shared-overlap-primary --join-evidence experiments/rostam/results/shared-replay-20260720-r2 primary b6cd1aae4cfb2de020a840f941031d4a910d0d47d4c83aee1c09e0f5f6bc98db --join-evidence experiments/rostam/results/overlap-20260724-r1 primary 5b153d0452df5033261d81f01db74211a0cb87015694b25190d8aa69650507fd --baseline-config nccl-2.19.3-default --candidate-config nccl-2.20.5-default --median-threshold-pct 8.0 --median-absolute-threshold-us 1.0
measurement,COMPLETE,false,,core-20260724-r7,3bd321ec960c2bce0e6c0ff9aba8bb2be89cb19bdb99011a838cbd79068835b8,primary,d01db822c8e909fe2dbfac157bf62eeeb370a3eef45168f4eb1ff5023fbd4e3a,46d8012b3594c18c96ee1a3f1e063ceeaf5642068c6a6aa895e655bcfb257bdd,c-full-nccl-2.20.5-defaul-r000000-9c7d5842a5ed86af,9c7d5842a5ed86affeee62353d9971f0d731d638b9886d7cfa9310178f3d498b,a-000001,82176589cbf926c9c45c011f899f86255987fc23da52086e4516edb68d34b24e,nccl-2.20.5-default,full,0,8230.912000,256,commcanary.rostam.physical.full-measurement.v1,commcanary.rostam.physical.full-producer.v1,38936be7763770512847fa16e373dbeac305938940e761fcd45015349080b32e,2855275288e67a1a2d0bbefff0740841fdf0ecf0,false,,8c5f30748596f665cca0bde76d4637074ffff3fa077387dd12b993cf98d2cee6,03ca29649db354523b8549cca0f2a9ca842e988766354cbc093755fe31b6ad70,b238048ba021c4fcee009156e84b4445edcf777ef71a5705b4270d22b3e44ffb,commcanary-wheel=954c9fe0ef908a448b5343c91e7d58e8785fc20a7fd029b699ca0e252614304d;environment-lock=d4b8b2dc177cb09cea84a5b5a51c99d4510a3270fe70286d2133382fbc4abd8b;param-patch-contract=182942ecf6ed3c0ea267b1660a19be8601c16768640dd6ef3f112601a0b26f34;rostam-catalog=a4926ec9b012724b926fbc583b865bb083b7ad6526fee9ffc3e95129717195b8,python -m experiments.rostam.analyze verify --run-directory experiments/rostam/results/core-20260724-r7 --selection-id primary --verdict-sha256 46d8012b3594c18c96ee1a3f1e063ceeaf5642068c6a6aa895e655bcfb257bdd --output-directory experiments/rostam/results/publications/trusted-join-core-shared-overlap-primary --join-evidence experiments/rostam/results/shared-replay-20260720-r2 primary b6cd1aae4cfb2de020a840f941031d4a910d0d47d4c83aee1c09e0f5f6bc98db --join-evidence experiments/rostam/results/overlap-20260724-r1 primary 5b153d0452df5033261d81f01db74211a0cb87015694b25190d8aa69650507fd --baseline-config nccl-2.19.3-default --candidate-config nccl-2.20.5-default --median-threshold-pct 8.0 --median-absolute-threshold-us 1.0
measurement,COMPLETE,false,,core-20260724-r7,3bd321ec960c2bce0e6c0ff9aba8bb2be89cb19bdb99011a838cbd79068835b8,primary,d01db822c8e909fe2dbfac157bf62eeeb370a3eef45168f4eb1ff5023fbd4e3a,46d8012b3594c18c96ee1a3f1e063ceeaf5642068c6a6aa895e655bcfb257bdd,c-full-nccl-2.20.5-defaul-r000001-3bf54898d06e1288,3bf54898d06e12888ec5150c5074ce6f68025569ae0e721f8f96a40eb8cb863f,a-000001,e0543365824782f65a81d09c3a8834a4952725c1ffc96b042574fab3f107b577,nccl-2.20.5-default,full,1,8225.280000,256,commcanary.rostam.physical.full-measurement.v1,commcanary.rostam.physical.full-producer.v1,6728f506d320edad929c63a4c62824215504bafbbf5f3abc36feb1357ae892c9,2855275288e67a1a2d0bbefff0740841fdf0ecf0,false,,8c5f30748596f665cca0bde76d4637074ffff3fa077387dd12b993cf98d2cee6,f50bcfa17ad158e242949a3876ff14399a8371ee6a81ab08f36868fa6915c6ee,e1a486d733295351c5166bb53509270ccb2d4d5dac5d0f11faeefa98cc3a6913,commcanary-wheel=954c9fe0ef908a448b5343c91e7d58e8785fc20a7fd029b699ca0e252614304d;environment-lock=d4b8b2dc177cb09cea84a5b5a51c99d4510a3270fe70286d2133382fbc4abd8b;param-patch-contract=182942ecf6ed3c0ea267b1660a19be8601c16768640dd6ef3f112601a0b26f34;rostam-catalog=a4926ec9b012724b926fbc583b865bb083b7ad6526fee9ffc3e95129717195b8,python -m experiments.rostam.analyze verify --run-directory experiments/rostam/results/core-20260724-r7 --selection-id primary --verdict-sha256 46d8012b3594c18c96ee1a3f1e063ceeaf5642068c6a6aa895e655bcfb257bdd --output-directory experiments/rostam/results/publications/trusted-join-core-shared-overlap-primary --join-evidence experiments/rostam/results/shared-replay-20260720-r2 primary b6cd1aae4cfb2de020a840f941031d4a910d0d47d4c83aee1c09e0f5f6bc98db --join-evidence experiments/rostam/results/overlap-20260724-r1 primary 5b153d0452df5033261d81f01db74211a0cb87015694b25190d8aa69650507fd --baseline-config nccl-2.19.3-default --candidate-config nccl-2.20.5-default --median-threshold-pct 8.0 --median-absolute-threshold-us 1.0
measurement,COMPLETE,false,,core-20260724-r7,3bd321ec960c2bce0e6c0ff9aba8bb2be89cb19bdb99011a838cbd79068835b8,primary,d01db822c8e909fe2dbfac157bf62eeeb370a3eef45168f4eb1ff5023fbd4e3a,46d8012b3594c18c96ee1a3f1e063ceeaf5642068c6a6aa895e655bcfb257bdd,c-full-nccl-2.20.5-defaul-r000002-698a8a0612c7bae2,698a8a0612c7bae29bc6b8be892352c3e7a0316d0804b81c0556b90d4d45169c,a-000001,8755a75c59c694fe5e959b34c0e17e16efa04067ca237c1c9efd59a4d732bd25,nccl-2.20.5-default,full,2,8226.816000,256,commcanary.rostam.physical.full-measurement.v1,commcanary.rostam.physical.full-producer.v1,ded171ea1564cd576981d7bc363096072d1b1a5d3d3a9e0e3a53303fb37aee39,2855275288e67a1a2d0bbefff0740841fdf0ecf0,false,,8c5f30748596f665cca0bde76d4637074ffff3fa077387dd12b993cf98d2cee6,09d1085531f1967bac960645bbcecf0aaf1d475b26fd5f4225728f72081a0188,05d617851f4aaf3d49beadd36ce85ed136cfe5546b04c405c1d2d66a555b01d6,commcanary-wheel=954c9fe0ef908a448b5343c91e7d58e8785fc20a7fd029b699ca0e252614304d;environment-lock=d4b8b2dc177cb09cea84a5b5a51c99d4510a3270fe70286d2133382fbc4abd8b;param-patch-contract=182942ecf6ed3c0ea267b1660a19be8601c16768640dd6ef3f112601a0b26f34;rostam-catalog=a4926ec9b012724b926fbc583b865bb083b7ad6526fee9ffc3e95129717195b8,python -m experiments.rostam.analyze verify --run-directory experiments/rostam/results/core-20260724-r7 --selection-id primary --verdict-sha256 46d8012b3594c18c96ee1a3f1e063ceeaf5642068c6a6aa895e655bcfb257bdd --output-directory experiments/rostam/results/publications/trusted-join-core-shared-overlap-primary --join-evidence experiments/rostam/results/shared-replay-20260720-r2 primary b6cd1aae4cfb2de020a840f941031d4a910d0d47d4c83aee1c09e0f5f6bc98db --join-evidence experiments/rostam/results/overlap-20260724-r1 primary 5b153d0452df5033261d81f01db74211a0cb87015694b25190d8aa69650507fd --baseline-config nccl-2.19.3-default --candidate-config nccl-2.20.5-default --median-threshold-pct 8.0 --median-absolute-threshold-us 1.0
measurement,COMPLETE,false,,core-20260724-r7,3bd321ec960c2bce0e6c0ff9aba8bb2be89cb19bdb99011a838cbd79068835b8,primary,d01db822c8e909fe2dbfac157bf62eeeb370a3eef45168f4eb1ff5023fbd4e3a,46d8012b3594c18c96ee1a3f1e063ceeaf5642068c6a6aa895e655bcfb257bdd,c-full-nccl-2.20.5-defaul-r000003-c5a4072e08dd865f,c5a4072e08dd865fdcba0139d169a96509782969fd8c4dd4b3bf291fefa7641e,a-000001,3e196a247510ceaee3f2b9f68abe562f6efcd9d18480f969efa9b203973b11b6,nccl-2.20.5-default,full,3,8252.416000,256,commcanary.rostam.physical.full-measurement.v1,commcanary.rostam.physical.full-producer.v1,8f3b1f38595bd4b75a1c658d826ef151eeada7707cbd67fa1c5ecd97a3e88aac,2855275288e67a1a2d0bbefff0740841fdf0ecf0,false,,8c5f30748596f665cca0bde76d4637074ffff3fa077387dd12b993cf98d2cee6,5c39a10bf663ca51f713ba512295504b315d2fb37975bf34d44516ac73be8a35,ec39ca5cfeee8c813c9c690aa63177b3f799420779b9a739479693173b27be7c,commcanary-wheel=954c9fe0ef908a448b5343c91e7d58e8785fc20a7fd029b699ca0e252614304d;environment-lock=d4b8b2dc177cb09cea84a5b5a51c99d4510a3270fe70286d2133382fbc4abd8b;param-patch-contract=182942ecf6ed3c0ea267b1660a19be8601c16768640dd6ef3f112601a0b26f34;rostam-catalog=a4926ec9b012724b926fbc583b865bb083b7ad6526fee9ffc3e95129717195b8,python -m experiments.rostam.analyze verify --run-directory experiments/rostam/results/core-20260724-r7 --selection-id primary --verdict-sha256 46d8012b3594c18c96ee1a3f1e063ceeaf5642068c6a6aa895e655bcfb257bdd --output-directory experiments/rostam/results/publications/trusted-join-core-shared-overlap-primary --join-evidence experiments/rostam/results/shared-replay-20260720-r2 primary b6cd1aae4cfb2de020a840f941031d4a910d0d47d4c83aee1c09e0f5f6bc98db --join-evidence experiments/rostam/results/overlap-20260724-r1 primary 5b153d0452df5033261d81f01db74211a0cb87015694b25190d8aa69650507fd --baseline-config nccl-2.19.3-default --candidate-config nccl-2.20.5-default --median-threshold-pct 8.0 --median-absolute-threshold-us 1.0
measurement,COMPLETE,false,,core-20260724-r7,3bd321ec960c2bce0e6c0ff9aba8bb2be89cb19bdb99011a838cbd79068835b8,primary,d01db822c8e909fe2dbfac157bf62eeeb370a3eef45168f4eb1ff5023fbd4e3a,46d8012b3594c18c96ee1a3f1e063ceeaf5642068c6a6aa895e655bcfb257bdd,c-full-nccl-2.20.5-defaul-r000004-47a9e14ab629ba9b,47a9e14ab629ba9bfddb47689c7568a93d1ff22b096bdf0d0a2cd7932af33483,a-000001,57e84a2752c73f10db8abc513e1c7986f2bed71b453ab37e6813bf6662733aef,nccl-2.20.5-default,full,4,8284.160000,256,commcanary.rostam.physical.full-measurement.v1,commcanary.rostam.physical.full-producer.v1,19bdcffd17f5c01640672504581ba155fb9db8acfdb6a38c8fad533b5ea7a7df,2855275288e67a1a2d0bbefff0740841fdf0ecf0,false,,8c5f30748596f665cca0bde76d4637074ffff3fa077387dd12b993cf98d2cee6,7365bb7b3766693397441998a2f6d909ca79ff9465e2b6f77b1c4519a582478f,5969c7f11f245319f1b96b28a70db858a0acdfeaf9f250d5acd8f2b65f56e1d7,commcanary-wheel=954c9fe0ef908a448b5343c91e7d58e8785fc20a7fd029b699ca0e252614304d;environment-lock=d4b8b2dc177cb09cea84a5b5a51c99d4510a3270fe70286d2133382fbc4abd8b;param-patch-contract=182942ecf6ed3c0ea267b1660a19be8601c16768640dd6ef3f112601a0b26f34;rostam-catalog=a4926ec9b012724b926fbc583b865bb083b7ad6526fee9ffc3e95129717195b8,python -m experiments.rostam.analyze verify --run-directory experiments/rostam/results/core-20260724-r7 --selection-id primary --verdict-sha256 46d8012b3594c18c96ee1a3f1e063ceeaf5642068c6a6aa895e655bcfb257bdd --output-directory experiments/rostam/results/publications/trusted-join-core-shared-overlap-primary --join-evidence experiments/rostam/results/shared-replay-20260720-r2 primary b6cd1aae4cfb2de020a840f941031d4a910d0d47d4c83aee1c09e0f5f6bc98db --join-evidence experiments/rostam/results/overlap-20260724-r1 primary 5b153d0452df5033261d81f01db74211a0cb87015694b25190d8aa69650507fd --baseline-config nccl-2.19.3-default --candidate-config nccl-2.20.5-default --median-threshold-pct 8.0 --median-absolute-threshold-us 1.0
measurement,COMPLETE,false,,core-20260724-r7,3bd321ec960c2bce0e6c0ff9aba8bb2be89cb19bdb99011a838cbd79068835b8,primary,d01db822c8e909fe2dbfac157bf62eeeb370a3eef45168f4eb1ff5023fbd4e3a,46d8012b3594c18c96ee1a3f1e063ceeaf5642068c6a6aa895e655bcfb257bdd,c-full-nccl-2.20.5-ring-l-r000000-17ef2b0abde825fd,17ef2b0abde825fd7f27185d2b3d11b1b5115a950d465c878e1157804d9eb5a0,a-000001,99855ac836e46d03ea6dd1811c482c76d58208f8e789b4ced5139a9c8e49442f,nccl-2.20.5-ring-ll,full,0,8387.584000,256,commcanary.rostam.physical.full-measurement.v1,commcanary.rostam.physical.full-producer.v1,8cefd9ae5ba480802bce03fe71a2e9a9b1b30c11e8d671deae09ac8f9f1b1f5d,2855275288e67a1a2d0bbefff0740841fdf0ecf0,false,,8c5f30748596f665cca0bde76d4637074ffff3fa077387dd12b993cf98d2cee6,038487978769d0712573921a60d85e11493d174ee79168fec34ea6fa02ec9d1a,0cde1a4f0bb032f4b10aebcdd6a5ded33a53ca8894e5d82a654c967bbc10a424,commcanary-wheel=954c9fe0ef908a448b5343c91e7d58e8785fc20a7fd029b699ca0e252614304d;environment-lock=d4b8b2dc177cb09cea84a5b5a51c99d4510a3270fe70286d2133382fbc4abd8b;param-patch-contract=182942ecf6ed3c0ea267b1660a19be8601c16768640dd6ef3f112601a0b26f34;rostam-catalog=a4926ec9b012724b926fbc583b865bb083b7ad6526fee9ffc3e95129717195b8,python -m experiments.rostam.analyze verify --run-directory experiments/rostam/results/core-20260724-r7 --selection-id primary --verdict-sha256 46d8012b3594c18c96ee1a3f1e063ceeaf5642068c6a6aa895e655bcfb257bdd --output-directory experiments/rostam/results/publications/trusted-join-core-shared-overlap-primary --join-evidence experiments/rostam/results/shared-replay-20260720-r2 primary b6cd1aae4cfb2de020a840f941031d4a910d0d47d4c83aee1c09e0f5f6bc98db --join-evidence experiments/rostam/results/overlap-20260724-r1 primary 5b153d0452df5033261d81f01db74211a0cb87015694b25190d8aa69650507fd --baseline-config nccl-2.19.3-default --candidate-config nccl-2.20.5-default --median-threshold-pct 8.0 --median-absolute-threshold-us 1.0
measurement,COMPLETE,false,,core-20260724-r7,3bd321ec960c2bce0e6c0ff9aba8bb2be89cb19bdb99011a838cbd79068835b8,primary,d01db822c8e909fe2dbfac157bf62eeeb370a3eef45168f4eb1ff5023fbd4e3a,46d8012b3594c18c96ee1a3f1e063ceeaf5642068c6a6aa895e655bcfb257bdd,c-full-nccl-2.20.5-ring-l-r000000-ca7b094fc517f69b,ca7b094fc517f69ba0580d76789387f8c5a845e2ac0ea0400a4bcf130d030502,a-000001,8c8d52e2bd8020f2bcce1029878bc68f297f979e29ca1ee712232d0384ac8487,nccl-2.20.5-ring-ll128,full,0,8181.760000,256,commcanary.rostam.physical.full-measurement.v1,commcanary.rostam.physical.full-producer.v1,87b4c73398f4786dbfd67ffc56c823a5539db6c092f1f45c76c94e6a42a688cc,2855275288e67a1a2d0bbefff0740841fdf0ecf0,false,,8c5f30748596f665cca0bde76d4637074ffff3fa077387dd12b993cf98d2cee6,abc7d5ac9d0f664eba5f3e63c6e3d75416201b848e04e029a4569c2f65b17700,647b81024814e74b7edfcbb940d932da083b05c82b8ee6d4ef5b46b0f765507f,commcanary-wheel=954c9fe0ef908a448b5343c91e7d58e8785fc20a7fd029b699ca0e252614304d;environment-lock=d4b8b2dc177cb09cea84a5b5a51c99d4510a3270fe70286d2133382fbc4abd8b;param-patch-contract=182942ecf6ed3c0ea267b1660a19be8601c16768640dd6ef3f112601a0b26f34;rostam-catalog=a4926ec9b012724b926fbc583b865bb083b7ad6526fee9ffc3e95129717195b8,python -m experiments.rostam.analyze verify --run-directory experiments/rostam/results/core-20260724-r7 --selection-id primary --verdict-sha256 46d8012b3594c18c96ee1a3f1e063ceeaf5642068c6a6aa895e655bcfb257bdd --output-directory experiments/rostam/results/publications/trusted-join-core-shared-overlap-primary --join-evidence experiments/rostam/results/shared-replay-20260720-r2 primary b6cd1aae4cfb2de020a840f941031d4a910d0d47d4c83aee1c09e0f5f6bc98db --join-evidence experiments/rostam/results/overlap-20260724-r1 primary 5b153d0452df5033261d81f01db74211a0cb87015694b25190d8aa69650507fd --baseline-config nccl-2.19.3-default --candidate-config nccl-2.20.5-default --median-threshold-pct 8.0 --median-absolute-threshold-us 1.0
measurement,COMPLETE,false,,core-20260724-r7,3bd321ec960c2bce0e6c0ff9aba8bb2be89cb19bdb99011a838cbd79068835b8,primary,d01db822c8e909fe2dbfac157bf62eeeb370a3eef45168f4eb1ff5023fbd4e3a,46d8012b3594c18c96ee1a3f1e063ceeaf5642068c6a6aa895e655bcfb257bdd,c-full-nccl-2.20.5-ring-l-r000001-3a34e846c4cc6cec,3a34e846c4cc6ceca51760c9e2481146a7259ef219a24f0a923a2cd0163a3c20,a-000001,d262602d561023f48eec665fb298110be9d4e643aee414b9bbc39ce2491291d5,nccl-2.20.5-ring-ll,full,1,8462.848000,256,commcanary.rostam.physical.full-measurement.v1,commcanary.rostam.physical.full-producer.v1,8ac1b434af8b9a24bf2b5b0022dbe5c803295bda626c2f6787f2ba27fda5bd40,2855275288e67a1a2d0bbefff0740841fdf0ecf0,false,,8c5f30748596f665cca0bde76d4637074ffff3fa077387dd12b993cf98d2cee6,55f0c01134124fbe7af19725cc4dc279878d77e18278d648ea50f579191b383b,ce6211b50b5dd742784f20a5e60b34328d5524b1a9cc9391abab1248f969ce23,commcanary-wheel=954c9fe0ef908a448b5343c91e7d58e8785fc20a7fd029b699ca0e252614304d;environment-lock=d4b8b2dc177cb09cea84a5b5a51c99d4510a3270fe70286d2133382fbc4abd8b;param-patch-contract=182942ecf6ed3c0ea267b1660a19be8601c16768640dd6ef3f112601a0b26f34;rostam-catalog=a4926ec9b012724b926fbc583b865bb083b7ad6526fee9ffc3e95129717195b8,python -m experiments.rostam.analyze verify --run-directory experiments/rostam/results/core-20260724-r7 --selection-id primary --verdict-sha256 46d8012b3594c18c96ee1a3f1e063ceeaf5642068c6a6aa895e655bcfb257bdd --output-directory experiments/rostam/results/publications/trusted-join-core-shared-overlap-primary --join-evidence experiments/rostam/results/shared-replay-20260720-r2 primary b6cd1aae4cfb2de020a840f941031d4a910d0d47d4c83aee1c09e0f5f6bc98db --join-evidence experiments/rostam/results/overlap-20260724-r1 primary 5b153d0452df5033261d81f01db74211a0cb87015694b25190d8aa69650507fd --baseline-config nccl-2.19.3-default --candidate-config nccl-2.20.5-default --median-threshold-pct 8.0 --median-absolute-threshold-us 1.0
measurement,COMPLETE,false,,core-20260724-r7,3bd321ec960c2bce0e6c0ff9aba8bb2be89cb19bdb99011a838cbd79068835b8,primary,d01db822c8e909fe2dbfac157bf62eeeb370a3eef45168f4eb1ff5023fbd4e3a,46d8012b3594c18c96ee1a3f1e063ceeaf5642068c6a6aa895e655bcfb257bdd,c-full-nccl-2.20.5-ring-l-r000001-5f2365a48864eb85,5f2365a48864eb85c270cf0ab0d60ed54639ef5e05a57091f72f4051db9cb836,a-000001,3cec790fa09d950fe4c53c72562ff4fc2a197e86ddec2b8cd5411ec23aef8dec,nccl-2.20.5-ring-ll128,full,1,8190.976000,256,commcanary.rostam.physical.full-measurement.v1,commcanary.rostam.physical.full-producer.v1,4497ed4daef20d5ac7b6fa0e9c2ee32b9e632f21e00775d67af74799684fbf32,2855275288e67a1a2d0bbefff0740841fdf0ecf0,false,,8c5f30748596f665cca0bde76d4637074ffff3fa077387dd12b993cf98d2cee6,22d2957754a5f65686ed820ee14d6ff42fa53c696cc5dc12a8a67b7edecb7f32,6dcdaa5ab0ade08805c5c1fe3e3116901a8992e1013ce69d44de59ea7c9a78db,commcanary-wheel=954c9fe0ef908a448b5343c91e7d58e8785fc20a7fd029b699ca0e252614304d;environment-lock=d4b8b2dc177cb09cea84a5b5a51c99d4510a3270fe70286d2133382fbc4abd8b;param-patch-contract=182942ecf6ed3c0ea267b1660a19be8601c16768640dd6ef3f112601a0b26f34;rostam-catalog=a4926ec9b012724b926fbc583b865bb083b7ad6526fee9ffc3e95129717195b8,python -m experiments.rostam.analyze verify --run-directory experiments/rostam/results/core-20260724-r7 --selection-id primary --verdict-sha256 46d8012b3594c18c96ee1a3f1e063ceeaf5642068c6a6aa895e655bcfb257bdd --output-directory experiments/rostam/results/publications/trusted-join-core-shared-overlap-primary --join-evidence experiments/rostam/results/shared-replay-20260720-r2 primary b6cd1aae4cfb2de020a840f941031d4a910d0d47d4c83aee1c09e0f5f6bc98db --join-evidence experiments/rostam/results/overlap-20260724-r1 primary 5b153d0452df5033261d81f01db74211a0cb87015694b25190d8aa69650507fd --baseline-config nccl-2.19.3-default --candidate-config nccl-2.20.5-default --median-threshold-pct 8.0 --median-absolute-threshold-us 1.0
measurement,COMPLETE,false,,core-20260724-r7,3bd321ec960c2bce0e6c0ff9aba8bb2be89cb19bdb99011a838cbd79068835b8,primary,d01db822c8e909fe2dbfac157bf62eeeb370a3eef45168f4eb1ff5023fbd4e3a,46d8012b3594c18c96ee1a3f1e063ceeaf5642068c6a6aa895e655bcfb257bdd,c-full-nccl-2.20.5-ring-l-r000002-55bd7b8b3bf00e91,55bd7b8b3bf00e91d84a7543b02154ba14bbddc1b093648700d2321aa1d43efe,a-000001,815beaca42260c3979ec04dbc14cf0110f30952ac2e74b6f5ffd838f0f3256b9,nccl-2.20.5-ring-ll,full,2,8570.880000,256,commcanary.rostam.physical.full-measurement.v1,commcanary.rostam.physical.full-producer.v1,858b35ec77bb76150813170d8c17dee724fc70f34eadfa51abad67176eb294a2,2855275288e67a1a2d0bbefff0740841fdf0ecf0,false,,8c5f30748596f665cca0bde76d4637074ffff3fa077387dd12b993cf98d2cee6,994f20d00fdc5684abac74b97c157d69d04ae47b6789f8d3c920779997cf366f,e2fe52d2bd77dbdb6ed00d76e7716ac1b13dde70d86c6fc7069bd8cdc596a736,commcanary-wheel=954c9fe0ef908a448b5343c91e7d58e8785fc20a7fd029b699ca0e252614304d;environment-lock=d4b8b2dc177cb09cea84a5b5a51c99d4510a3270fe70286d2133382fbc4abd8b;param-patch-contract=182942ecf6ed3c0ea267b1660a19be8601c16768640dd6ef3f112601a0b26f34;rostam-catalog=a4926ec9b012724b926fbc583b865bb083b7ad6526fee9ffc3e95129717195b8,python -m experiments.rostam.analyze verify --run-directory experiments/rostam/results/core-20260724-r7 --selection-id primary --verdict-sha256 46d8012b3594c18c96ee1a3f1e063ceeaf5642068c6a6aa895e655bcfb257bdd --output-directory experiments/rostam/results/publications/trusted-join-core-shared-overlap-primary --join-evidence experiments/rostam/results/shared-replay-20260720-r2 primary b6cd1aae4cfb2de020a840f941031d4a910d0d47d4c83aee1c09e0f5f6bc98db --join-evidence experiments/rostam/results/overlap-20260724-r1 primary 5b153d0452df5033261d81f01db74211a0cb87015694b25190d8aa69650507fd --baseline-config nccl-2.19.3-default --candidate-config nccl-2.20.5-default --median-threshold-pct 8.0 --median-absolute-threshold-us 1.0
measurement,COMPLETE,false,,core-20260724-r7,3bd321ec960c2bce0e6c0ff9aba8bb2be89cb19bdb99011a838cbd79068835b8,primary,d01db822c8e909fe2dbfac157bf62eeeb370a3eef45168f4eb1ff5023fbd4e3a,46d8012b3594c18c96ee1a3f1e063ceeaf5642068c6a6aa895e655bcfb257bdd,c-full-nccl-2.20.5-ring-l-r000002-d890318a63b4016f,d890318a63b4016fee117fadd8a52e4afcbbc0c29ff80e7253408c7b48662b74,a-000001,dfe7132f1432db8a880bd7d05fb3f9dfc750e3ef06d84f3d104cd507cb0e0f4d,nccl-2.20.5-ring-ll128,full,2,8218.624000,256,commcanary.rostam.physical.full-measurement.v1,commcanary.rostam.physical.full-producer.v1,39201c2152dd34f16af411fcad5778894e37cc4f0a0b72543e6b42ab81c52870,2855275288e67a1a2d0bbefff0740841fdf0ecf0,false,,8c5f30748596f665cca0bde76d4637074ffff3fa077387dd12b993cf98d2cee6,f9e007b9a28b8fdfc34bc2f0ad6b9fe0e43fd21dc3ee9a6a69e502892b3e3b8e,4979ce46ce410758c231628bb695859a172442fe1149fa7e81c253e1717c1df6,commcanary-wheel=954c9fe0ef908a448b5343c91e7d58e8785fc20a7fd029b699ca0e252614304d;environment-lock=d4b8b2dc177cb09cea84a5b5a51c99d4510a3270fe70286d2133382fbc4abd8b;param-patch-contract=182942ecf6ed3c0ea267b1660a19be8601c16768640dd6ef3f112601a0b26f34;rostam-catalog=a4926ec9b012724b926fbc583b865bb083b7ad6526fee9ffc3e95129717195b8,python -m experiments.rostam.analyze verify --run-directory experiments/rostam/results/core-20260724-r7 --selection-id primary --verdict-sha256 46d8012b3594c18c96ee1a3f1e063ceeaf5642068c6a6aa895e655bcfb257bdd --output-directory experiments/rostam/results/publications/trusted-join-core-shared-overlap-primary --join-evidence experiments/rostam/results/shared-replay-20260720-r2 primary b6cd1aae4cfb2de020a840f941031d4a910d0d47d4c83aee1c09e0f5f6bc98db --join-evidence experiments/rostam/results/overlap-20260724-r1 primary 5b153d0452df5033261d81f01db74211a0cb87015694b25190d8aa69650507fd --baseline-config nccl-2.19.3-default --candidate-config nccl-2.20.5-default --median-threshold-pct 8.0 --median-absolute-threshold-us 1.0
measurement,COMPLETE,false,,core-20260724-r7,3bd321ec960c2bce0e6c0ff9aba8bb2be89cb19bdb99011a838cbd79068835b8,primary,d01db822c8e909fe2dbfac157bf62eeeb370a3eef45168f4eb1ff5023fbd4e3a,46d8012b3594c18c96ee1a3f1e063ceeaf5642068c6a6aa895e655bcfb257bdd,c-full-nccl-2.20.5-ring-l-r000003-214856cd5bf88bf9,214856cd5bf88bf96b1d88c935fc295d48bcc01228c2f8c4f08c55eacf1ebe2f,a-000001,18b80007f799206aae27d377d08acbce654fd771228b531c7562f37905a6f9e9,nccl-2.20.5-ring-ll128,full,3,8203.264000,256,commcanary.rostam.physical.full-measurement.v1,commcanary.rostam.physical.full-producer.v1,317c5ce2e562db9b95ccb1dec74387f610aea8de5c615ef62408ef7593ba3a34,2855275288e67a1a2d0bbefff0740841fdf0ecf0,false,,8c5f30748596f665cca0bde76d4637074ffff3fa077387dd12b993cf98d2cee6,5bdb3abf39d39ca8ae4d58360b7f7fa72b08bcf9bc7ec3f3f7cc1a05579dace2,d05779a1d2627b48afe8470c407924d2dc2b3f9454865a657071c18c848afb06,commcanary-wheel=954c9fe0ef908a448b5343c91e7d58e8785fc20a7fd029b699ca0e252614304d;environment-lock=d4b8b2dc177cb09cea84a5b5a51c99d4510a3270fe70286d2133382fbc4abd8b;param-patch-contract=182942ecf6ed3c0ea267b1660a19be8601c16768640dd6ef3f112601a0b26f34;rostam-catalog=a4926ec9b012724b926fbc583b865bb083b7ad6526fee9ffc3e95129717195b8,python -m experiments.rostam.analyze verify --run-directory experiments/rostam/results/core-20260724-r7 --selection-id primary --verdict-sha256 46d8012b3594c18c96ee1a3f1e063ceeaf5642068c6a6aa895e655bcfb257bdd --output-directory experiments/rostam/results/publications/trusted-join-core-shared-overlap-primary --join-evidence experiments/rostam/results/shared-replay-20260720-r2 primary b6cd1aae4cfb2de020a840f941031d4a910d0d47d4c83aee1c09e0f5f6bc98db --join-evidence experiments/rostam/results/overlap-20260724-r1 primary 5b153d0452df5033261d81f01db74211a0cb87015694b25190d8aa69650507fd --baseline-config nccl-2.19.3-default --candidate-config nccl-2.20.5-default --median-threshold-pct 8.0 --median-absolute-threshold-us 1.0
measurement,COMPLETE,false,,core-20260724-r7,3bd321ec960c2bce0e6c0ff9aba8bb2be89cb19bdb99011a838cbd79068835b8,primary,d01db822c8e909fe2dbfac157bf62eeeb370a3eef45168f4eb1ff5023fbd4e3a,46d8012b3594c18c96ee1a3f1e063ceeaf5642068c6a6aa895e655bcfb257bdd,c-full-nccl-2.20.5-ring-l-r000003-8bc6f8a79f3881a0,8bc6f8a79f3881a0dd72f6f7b763f94b23259de0b3def629f067c2fe01dc7ce2,a-000001,839cbf6d7f076318caaed7bd091c3567909b749c4080727896adfbe645af4728,nccl-2.20.5-ring-ll,full,3,8388.608000,256,commcanary.rostam.physical.full-measurement.v1,commcanary.rostam.physical.full-producer.v1,09930a6202cc244a735660aad6d8cd361cec81a42d3733cfd3b6af7ad89b4723,2855275288e67a1a2d0bbefff0740841fdf0ecf0,false,,8c5f30748596f665cca0bde76d4637074ffff3fa077387dd12b993cf98d2cee6,b5092b6be721f616acab5dcbab848dfc5d4e0873cc4bb394dfc5dbdd95c6c283,bdc33716398b47abc5fccd4b2c3a3e1bebbfe85b0298784f302e402af1ce723c,commcanary-wheel=954c9fe0ef908a448b5343c91e7d58e8785fc20a7fd029b699ca0e252614304d;environment-lock=d4b8b2dc177cb09cea84a5b5a51c99d4510a3270fe70286d2133382fbc4abd8b;param-patch-contract=182942ecf6ed3c0ea267b1660a19be8601c16768640dd6ef3f112601a0b26f34;rostam-catalog=a4926ec9b012724b926fbc583b865bb083b7ad6526fee9ffc3e95129717195b8,python -m experiments.rostam.analyze verify --run-directory experiments/rostam/results/core-20260724-r7 --selection-id primary --verdict-sha256 46d8012b3594c18c96ee1a3f1e063ceeaf5642068c6a6aa895e655bcfb257bdd --output-directory experiments/rostam/results/publications/trusted-join-core-shared-overlap-primary --join-evidence experiments/rostam/results/shared-replay-20260720-r2 primary b6cd1aae4cfb2de020a840f941031d4a910d0d47d4c83aee1c09e0f5f6bc98db --join-evidence experiments/rostam/results/overlap-20260724-r1 primary 5b153d0452df5033261d81f01db74211a0cb87015694b25190d8aa69650507fd --baseline-config nccl-2.19.3-default --candidate-config nccl-2.20.5-default --median-threshold-pct 8.0 --median-absolute-threshold-us 1.0
measurement,COMPLETE,false,,core-20260724-r7,3bd321ec960c2bce0e6c0ff9aba8bb2be89cb19bdb99011a838cbd79068835b8,primary,d01db822c8e909fe2dbfac157bf62eeeb370a3eef45168f4eb1ff5023fbd4e3a,46d8012b3594c18c96ee1a3f1e063ceeaf5642068c6a6aa895e655bcfb257bdd,c-full-nccl-2.20.5-ring-l-r000004-100d5273c8b2d124,100d5273c8b2d124e326411471b6266210176c1becdae541b2a9c7eb93946888,a-000001,101d9e4577574a1319770dd6d49cef9cffb2a04cf1d495f464a0657dfc40cdd5,nccl-2.20.5-ring-ll128,full,4,8234.496000,256,commcanary.rostam.physical.full-measurement.v1,commcanary.rostam.physical.full-producer.v1,b155beda5a1c67b0c1c4f34ced59494748dfa434bebc3566df03d8db97927956,2855275288e67a1a2d0bbefff0740841fdf0ecf0,false,,8c5f30748596f665cca0bde76d4637074ffff3fa077387dd12b993cf98d2cee6,c612f678dfeefd42d57c075a0ea850faa63ef1ac67a539215687330226b519e4,819e78e65a4578f4736680cfe137ba47ef77b9441915b436ce2dab6f3719e34e,commcanary-wheel=954c9fe0ef908a448b5343c91e7d58e8785fc20a7fd029b699ca0e252614304d;environment-lock=d4b8b2dc177cb09cea84a5b5a51c99d4510a3270fe70286d2133382fbc4abd8b;param-patch-contract=182942ecf6ed3c0ea267b1660a19be8601c16768640dd6ef3f112601a0b26f34;rostam-catalog=a4926ec9b012724b926fbc583b865bb083b7ad6526fee9ffc3e95129717195b8,python -m experiments.rostam.analyze verify --run-directory experiments/rostam/results/core-20260724-r7 --selection-id primary --verdict-sha256 46d8012b3594c18c96ee1a3f1e063ceeaf5642068c6a6aa895e655bcfb257bdd --output-directory experiments/rostam/results/publications/trusted-join-core-shared-overlap-primary --join-evidence experiments/rostam/results/shared-replay-20260720-r2 primary b6cd1aae4cfb2de020a840f941031d4a910d0d47d4c83aee1c09e0f5f6bc98db --join-evidence experiments/rostam/results/overlap-20260724-r1 primary 5b153d0452df5033261d81f01db74211a0cb87015694b25190d8aa69650507fd --baseline-config nccl-2.19.3-default --candidate-config nccl-2.20.5-default --median-threshold-pct 8.0 --median-absolute-threshold-us 1.0
measurement,COMPLETE,false,,core-20260724-r7,3bd321ec960c2bce0e6c0ff9aba8bb2be89cb19bdb99011a838cbd79068835b8,primary,d01db822c8e909fe2dbfac157bf62eeeb370a3eef45168f4eb1ff5023fbd4e3a,46d8012b3594c18c96ee1a3f1e063ceeaf5642068c6a6aa895e655bcfb257bdd,c-full-nccl-2.20.5-ring-l-r000004-c5aa4ae4574fa38f,c5aa4ae4574fa38f78a14d5439b7010987ead11d15b52bc45955c6f70712bb34,a-000001,2d6c9c9147dd63e135510c7a7de70c3e8dc32379ef23a460694f5f4f51f33173,nccl-2.20.5-ring-ll,full,4,8541.184000,256,commcanary.rostam.physical.full-measurement.v1,commcanary.rostam.physical.full-producer.v1,5a095f103c7a65b3d9da78784b1f714975b435a2cb0fa10e82ae465671c70775,2855275288e67a1a2d0bbefff0740841fdf0ecf0,false,,8c5f30748596f665cca0bde76d4637074ffff3fa077387dd12b993cf98d2cee6,c486efa999cf205b2e99f7c01aa4e4d452523484b3bde1bbd0654f1bb618d39e,282ee81f48c2a76aff2e7f993fd7584b1e774c23089c2c8507ef213b073dc522,commcanary-wheel=954c9fe0ef908a448b5343c91e7d58e8785fc20a7fd029b699ca0e252614304d;environment-lock=d4b8b2dc177cb09cea84a5b5a51c99d4510a3270fe70286d2133382fbc4abd8b;param-patch-contract=182942ecf6ed3c0ea267b1660a19be8601c16768640dd6ef3f112601a0b26f34;rostam-catalog=a4926ec9b012724b926fbc583b865bb083b7ad6526fee9ffc3e95129717195b8,python -m experiments.rostam.analyze verify --run-directory experiments/rostam/results/core-20260724-r7 --selection-id primary --verdict-sha256 46d8012b3594c18c96ee1a3f1e063ceeaf5642068c6a6aa895e655bcfb257bdd --output-directory experiments/rostam/results/publications/trusted-join-core-shared-overlap-primary --join-evidence experiments/rostam/results/shared-replay-20260720-r2 primary b6cd1aae4cfb2de020a840f941031d4a910d0d47d4c83aee1c09e0f5f6bc98db --join-evidence experiments/rostam/results/overlap-20260724-r1 primary 5b153d0452df5033261d81f01db74211a0cb87015694b25190d8aa69650507fd --baseline-config nccl-2.19.3-default --candidate-config nccl-2.20.5-default --median-threshold-pct 8.0 --median-absolute-threshold-us 1.0
measurement,COMPLETE,false,,core-20260724-r7,3bd321ec960c2bce0e6c0ff9aba8bb2be89cb19bdb99011a838cbd79068835b8,primary,d01db822c8e909fe2dbfac157bf62eeeb370a3eef45168f4eb1ff5023fbd4e3a,46d8012b3594c18c96ee1a3f1e063ceeaf5642068c6a6aa895e655bcfb257bdd,c-full-nccl-2.20.5-ring-s-r000000-20d846086c80bf27,20d846086c80bf271851a749dca440efc5ec70b88ff1b33975c3678bf9490dfa,a-000001,9b7910f9731fc5934cf662d9b21d57232b3f9024f4074f6c169c4ae5f235e37e,nccl-2.20.5-ring-simple,full,0,8453.632000,256,commcanary.rostam.physical.full-measurement.v1,commcanary.rostam.physical.full-producer.v1,ec22450164b949b31ddf72c0afc77075559ab713606cba10649bb4132307da31,2855275288e67a1a2d0bbefff0740841fdf0ecf0,false,,8c5f30748596f665cca0bde76d4637074ffff3fa077387dd12b993cf98d2cee6,648c904eb3206c2238807cd594cb71a8bf6cee32092e57f8537f62ae78a999fb,70b53a72c2f746179a3cbe8bb661eafeab23abbbf0c3e21070668764cd30ff94,commcanary-wheel=954c9fe0ef908a448b5343c91e7d58e8785fc20a7fd029b699ca0e252614304d;environment-lock=d4b8b2dc177cb09cea84a5b5a51c99d4510a3270fe70286d2133382fbc4abd8b;param-patch-contract=182942ecf6ed3c0ea267b1660a19be8601c16768640dd6ef3f112601a0b26f34;rostam-catalog=a4926ec9b012724b926fbc583b865bb083b7ad6526fee9ffc3e95129717195b8,python -m experiments.rostam.analyze verify --run-directory experiments/rostam/results/core-20260724-r7 --selection-id primary --verdict-sha256 46d8012b3594c18c96ee1a3f1e063ceeaf5642068c6a6aa895e655bcfb257bdd --output-directory experiments/rostam/results/publications/trusted-join-core-shared-overlap-primary --join-evidence experiments/rostam/results/shared-replay-20260720-r2 primary b6cd1aae4cfb2de020a840f941031d4a910d0d47d4c83aee1c09e0f5f6bc98db --join-evidence experiments/rostam/results/overlap-20260724-r1 primary 5b153d0452df5033261d81f01db74211a0cb87015694b25190d8aa69650507fd --baseline-config nccl-2.19.3-default --candidate-config nccl-2.20.5-default --median-threshold-pct 8.0 --median-absolute-threshold-us 1.0
measurement,COMPLETE,false,,core-20260724-r7,3bd321ec960c2bce0e6c0ff9aba8bb2be89cb19bdb99011a838cbd79068835b8,primary,d01db822c8e909fe2dbfac157bf62eeeb370a3eef45168f4eb1ff5023fbd4e3a,46d8012b3594c18c96ee1a3f1e063ceeaf5642068c6a6aa895e655bcfb257bdd,c-full-nccl-2.20.5-ring-s-r000001-30a3bc4ae595daab,30a3bc4ae595daabdbde15681bb9d482b8fb41bbaa863cd6e23970e88579a02c,a-000001,03e63911d1cc71c91719a6c0ef6f584f4c9e991e290bb1f71725c27f1cdec762,nccl-2.20.5-ring-simple,full,1,8428.544000,256,commcanary.rostam.physical.full-measurement.v1,commcanary.rostam.physical.full-producer.v1,f1afab10299681557624b313a5884bfa60a72f4c94e5eae52bb2dd031ca799f8,2855275288e67a1a2d0bbefff0740841fdf0ecf0,false,,8c5f30748596f665cca0bde76d4637074ffff3fa077387dd12b993cf98d2cee6,6a0e9822d2aeed74c35d4fb5479b925de43da0d9146e3172bd3b5ea9662fdc68,a2461d04fd0cb259b3c621ea8974cb753d77924d19e8d54cfa59e59827d1fe7c,commcanary-wheel=954c9fe0ef908a448b5343c91e7d58e8785fc20a7fd029b699ca0e252614304d;environment-lock=d4b8b2dc177cb09cea84a5b5a51c99d4510a3270fe70286d2133382fbc4abd8b;param-patch-contract=182942ecf6ed3c0ea267b1660a19be8601c16768640dd6ef3f112601a0b26f34;rostam-catalog=a4926ec9b012724b926fbc583b865bb083b7ad6526fee9ffc3e95129717195b8,python -m experiments.rostam.analyze verify --run-directory experiments/rostam/results/core-20260724-r7 --selection-id primary --verdict-sha256 46d8012b3594c18c96ee1a3f1e063ceeaf5642068c6a6aa895e655bcfb257bdd --output-directory experiments/rostam/results/publications/trusted-join-core-shared-overlap-primary --join-evidence experiments/rostam/results/shared-replay-20260720-r2 primary b6cd1aae4cfb2de020a840f941031d4a910d0d47d4c83aee1c09e0f5f6bc98db --join-evidence experiments/rostam/results/overlap-20260724-r1 primary 5b153d0452df5033261d81f01db74211a0cb87015694b25190d8aa69650507fd --baseline-config nccl-2.19.3-default --candidate-config nccl-2.20.5-default --median-threshold-pct 8.0 --median-absolute-threshold-us 1.0
measurement,COMPLETE,false,,core-20260724-r7,3bd321ec960c2bce0e6c0ff9aba8bb2be89cb19bdb99011a838cbd79068835b8,primary,d01db822c8e909fe2dbfac157bf62eeeb370a3eef45168f4eb1ff5023fbd4e3a,46d8012b3594c18c96ee1a3f1e063ceeaf5642068c6a6aa895e655bcfb257bdd,c-full-nccl-2.20.5-ring-s-r000002-f2bf661480f32918,f2bf661480f32918b8120392261098fa303d8159aee1c203bd37fc561e252a0b,a-000001,0503ed8acf8919f217c12f9bedc12c0be2f170ff3f6bf23e5d9cfe2b9a257e80,nccl-2.20.5-ring-simple,full,2,8449.536000,256,commcanary.rostam.physical.full-measurement.v1,commcanary.rostam.physical.full-producer.v1,79586e83fb4ea04022ae4c792aa2f677205147b231c97e35220fbab21c5a141e,2855275288e67a1a2d0bbefff0740841fdf0ecf0,false,,8c5f30748596f665cca0bde76d4637074ffff3fa077387dd12b993cf98d2cee6,85e8a133c9f75341e271b71902707c535faa94a130220c3f163452afe27fa6e1,45f139bb747fc6be7d69474c51b3c96658421b8db7b9baa4b6fb16f5de9315da,commcanary-wheel=954c9fe0ef908a448b5343c91e7d58e8785fc20a7fd029b699ca0e252614304d;environment-lock=d4b8b2dc177cb09cea84a5b5a51c99d4510a3270fe70286d2133382fbc4abd8b;param-patch-contract=182942ecf6ed3c0ea267b1660a19be8601c16768640dd6ef3f112601a0b26f34;rostam-catalog=a4926ec9b012724b926fbc583b865bb083b7ad6526fee9ffc3e95129717195b8,python -m experiments.rostam.analyze verify --run-directory experiments/rostam/results/core-20260724-r7 --selection-id primary --verdict-sha256 46d8012b3594c18c96ee1a3f1e063ceeaf5642068c6a6aa895e655bcfb257bdd --output-directory experiments/rostam/results/publications/trusted-join-core-shared-overlap-primary --join-evidence experiments/rostam/results/shared-replay-20260720-r2 primary b6cd1aae4cfb2de020a840f941031d4a910d0d47d4c83aee1c09e0f5f6bc98db --join-evidence experiments/rostam/results/overlap-20260724-r1 primary 5b153d0452df5033261d81f01db74211a0cb87015694b25190d8aa69650507fd --baseline-config nccl-2.19.3-default --candidate-config nccl-2.20.5-default --median-threshold-pct 8.0 --median-absolute-threshold-us 1.0
measurement,COMPLETE,false,,core-20260724-r7,3bd321ec960c2bce0e6c0ff9aba8bb2be89cb19bdb99011a838cbd79068835b8,primary,d01db822c8e909fe2dbfac157bf62eeeb370a3eef45168f4eb1ff5023fbd4e3a,46d8012b3594c18c96ee1a3f1e063ceeaf5642068c6a6aa895e655bcfb257bdd,c-full-nccl-2.20.5-ring-s-r000003-8625d6321dc42559,8625d6321dc42559b513d943af9466d3761cd1b29b885c5814916eaa192cc774,a-000001,9a80831274eeef2859a4dd9dda7e4955a9e50d574ab0b138089ba1ab557e3c56,nccl-2.20.5-ring-simple,full,3,8458.752000,256,commcanary.rostam.physical.full-measurement.v1,commcanary.rostam.physical.full-producer.v1,882dc20ecc552c343b854490f7f374cf9f899f771676d85700d173bc4d2ce55b,2855275288e67a1a2d0bbefff0740841fdf0ecf0,false,,8c5f30748596f665cca0bde76d4637074ffff3fa077387dd12b993cf98d2cee6,cb6a75b98347c9962e3df5264dfc8062c5f4c41b2dd8b6303d75735c6bac6a9d,0dad42a62bfb48a8d3d9b2404ff24f9be9431020448eae5b65819dbf2b1b7bc7,commcanary-wheel=954c9fe0ef908a448b5343c91e7d58e8785fc20a7fd029b699ca0e252614304d;environment-lock=d4b8b2dc177cb09cea84a5b5a51c99d4510a3270fe70286d2133382fbc4abd8b;param-patch-contract=182942ecf6ed3c0ea267b1660a19be8601c16768640dd6ef3f112601a0b26f34;rostam-catalog=a4926ec9b012724b926fbc583b865bb083b7ad6526fee9ffc3e95129717195b8,python -m experiments.rostam.analyze verify --run-directory experiments/rostam/results/core-20260724-r7 --selection-id primary --verdict-sha256 46d8012b3594c18c96ee1a3f1e063ceeaf5642068c6a6aa895e655bcfb257bdd --output-directory experiments/rostam/results/publications/trusted-join-core-shared-overlap-primary --join-evidence experiments/rostam/results/shared-replay-20260720-r2 primary b6cd1aae4cfb2de020a840f941031d4a910d0d47d4c83aee1c09e0f5f6bc98db --join-evidence experiments/rostam/results/overlap-20260724-r1 primary 5b153d0452df5033261d81f01db74211a0cb87015694b25190d8aa69650507fd --baseline-config nccl-2.19.3-default --candidate-config nccl-2.20.5-default --median-threshold-pct 8.0 --median-absolute-threshold-us 1.0
measurement,COMPLETE,false,,core-20260724-r7,3bd321ec960c2bce0e6c0ff9aba8bb2be89cb19bdb99011a838cbd79068835b8,primary,d01db822c8e909fe2dbfac157bf62eeeb370a3eef45168f4eb1ff5023fbd4e3a,46d8012b3594c18c96ee1a3f1e063ceeaf5642068c6a6aa895e655bcfb257bdd,c-full-nccl-2.20.5-ring-s-r000004-3330aa4ff57b0a94,3330aa4ff57b0a94919e60a4ef691d7e391f3f827fdde61f4f85ab8dbb692822,a-000001,eb2144de9657122c774640057dbb224a6d383e6b0b78450f0ca81b94965311f3,nccl-2.20.5-ring-simple,full,4,8430.592000,256,commcanary.rostam.physical.full-measurement.v1,commcanary.rostam.physical.full-producer.v1,872d8f829341cf600fac472151170ad2f71e47063b1046bb26fda10860ba43d2,2855275288e67a1a2d0bbefff0740841fdf0ecf0,false,,8c5f30748596f665cca0bde76d4637074ffff3fa077387dd12b993cf98d2cee6,06426c2ca758d096d70de8ce8de41e8b35b7c3091098a9a49d6b5c5052aca77f,a99aeb9b4b9ef26d44bb8a30bd60be2f74c472020b869f9cc9d829607ebef440,commcanary-wheel=954c9fe0ef908a448b5343c91e7d58e8785fc20a7fd029b699ca0e252614304d;environment-lock=d4b8b2dc177cb09cea84a5b5a51c99d4510a3270fe70286d2133382fbc4abd8b;param-patch-contract=182942ecf6ed3c0ea267b1660a19be8601c16768640dd6ef3f112601a0b26f34;rostam-catalog=a4926ec9b012724b926fbc583b865bb083b7ad6526fee9ffc3e95129717195b8,python -m experiments.rostam.analyze verify --run-directory experiments/rostam/results/core-20260724-r7 --selection-id primary --verdict-sha256 46d8012b3594c18c96ee1a3f1e063ceeaf5642068c6a6aa895e655bcfb257bdd --output-directory experiments/rostam/results/publications/trusted-join-core-shared-overlap-primary --join-evidence experiments/rostam/results/shared-replay-20260720-r2 primary b6cd1aae4cfb2de020a840f941031d4a910d0d47d4c83aee1c09e0f5f6bc98db --join-evidence experiments/rostam/results/overlap-20260724-r1 primary 5b153d0452df5033261d81f01db74211a0cb87015694b25190d8aa69650507fd --baseline-config nccl-2.19.3-default --candidate-config nccl-2.20.5-default --median-threshold-pct 8.0 --median-absolute-threshold-us 1.0
measurement,COMPLETE,false,,core-20260724-r7,3bd321ec960c2bce0e6c0ff9aba8bb2be89cb19bdb99011a838cbd79068835b8,primary,d01db822c8e909fe2dbfac157bf62eeeb370a3eef45168f4eb1ff5023fbd4e3a,46d8012b3594c18c96ee1a3f1e063ceeaf5642068c6a6aa895e655bcfb257bdd,c-full-nccl-2.20.5-tree-l-r000000-02f456dc95b007a3,02f456dc95b007a3506c0e986df357597ec264f5bb7a525a4d398bcb5e44a985,a-000001,7213d38c66eab1a6206ec626df6b82348d1d196a5f64b56a3c99ad0da540d49d,nccl-2.20.5-tree-ll128,full,0,9039.360000,256,commcanary.rostam.physical.full-measurement.v1,commcanary.rostam.physical.full-producer.v1,1297e45f89e595c3c580274e5e4ef41f44abc3bb60419a2ec3d6f5eafdae01a4,2855275288e67a1a2d0bbefff0740841fdf0ecf0,false,,8c5f30748596f665cca0bde76d4637074ffff3fa077387dd12b993cf98d2cee6,faa3e39f9a5e54dad35671188a2a04da9d4f99318ab7c850bb5ed4d83a2df714,932e4493f2da111e03151209e40177dacf4a58a5ae15f720683705dc65daa21d,commcanary-wheel=954c9fe0ef908a448b5343c91e7d58e8785fc20a7fd029b699ca0e252614304d;environment-lock=d4b8b2dc177cb09cea84a5b5a51c99d4510a3270fe70286d2133382fbc4abd8b;param-patch-contract=182942ecf6ed3c0ea267b1660a19be8601c16768640dd6ef3f112601a0b26f34;rostam-catalog=a4926ec9b012724b926fbc583b865bb083b7ad6526fee9ffc3e95129717195b8,python -m experiments.rostam.analyze verify --run-directory experiments/rostam/results/core-20260724-r7 --selection-id primary --verdict-sha256 46d8012b3594c18c96ee1a3f1e063ceeaf5642068c6a6aa895e655bcfb257bdd --output-directory experiments/rostam/results/publications/trusted-join-core-shared-overlap-primary --join-evidence experiments/rostam/results/shared-replay-20260720-r2 primary b6cd1aae4cfb2de020a840f941031d4a910d0d47d4c83aee1c09e0f5f6bc98db --join-evidence experiments/rostam/results/overlap-20260724-r1 primary 5b153d0452df5033261d81f01db74211a0cb87015694b25190d8aa69650507fd --baseline-config nccl-2.19.3-default --candidate-config nccl-2.20.5-default --median-threshold-pct 8.0 --median-absolute-threshold-us 1.0
measurement,COMPLETE,false,,core-20260724-r7,3bd321ec960c2bce0e6c0ff9aba8bb2be89cb19bdb99011a838cbd79068835b8,primary,d01db822c8e909fe2dbfac157bf62eeeb370a3eef45168f4eb1ff5023fbd4e3a,46d8012b3594c18c96ee1a3f1e063ceeaf5642068c6a6aa895e655bcfb257bdd,c-full-nccl-2.20.5-tree-l-r000000-1f6e672e4b2ffbc2,1f6e672e4b2ffbc29f424b52ddac1509ed3229eeb39c0982027ebffbcea1eb74,a-000001,05fffc7ed05616b6554110b6bade55477022726f984e69dae9cdf89290f86542,nccl-2.20.5-tree-ll,full,0,12501.504000,256,commcanary.rostam.physical.full-measurement.v1,commcanary.rostam.physical.full-producer.v1,5b02f41312637b58d61a700f2ba6869d087944fa4d94300d23e76ab0664a5d34,2855275288e67a1a2d0bbefff0740841fdf0ecf0,false,,8c5f30748596f665cca0bde76d4637074ffff3fa077387dd12b993cf98d2cee6,e7173bdf5ccdd3a71f8db4bf88cd1ae52dbc6f8399e0caddeefdf4d9827d3545,2a8bc052f1253c0bd6bd62df5d8bad94b53f965e1579a2801a0389f12e4a2ceb,commcanary-wheel=954c9fe0ef908a448b5343c91e7d58e8785fc20a7fd029b699ca0e252614304d;environment-lock=d4b8b2dc177cb09cea84a5b5a51c99d4510a3270fe70286d2133382fbc4abd8b;param-patch-contract=182942ecf6ed3c0ea267b1660a19be8601c16768640dd6ef3f112601a0b26f34;rostam-catalog=a4926ec9b012724b926fbc583b865bb083b7ad6526fee9ffc3e95129717195b8,python -m experiments.rostam.analyze verify --run-directory experiments/rostam/results/core-20260724-r7 --selection-id primary --verdict-sha256 46d8012b3594c18c96ee1a3f1e063ceeaf5642068c6a6aa895e655bcfb257bdd --output-directory experiments/rostam/results/publications/trusted-join-core-shared-overlap-primary --join-evidence experiments/rostam/results/shared-replay-20260720-r2 primary b6cd1aae4cfb2de020a840f941031d4a910d0d47d4c83aee1c09e0f5f6bc98db --join-evidence experiments/rostam/results/overlap-20260724-r1 primary 5b153d0452df5033261d81f01db74211a0cb87015694b25190d8aa69650507fd --baseline-config nccl-2.19.3-default --candidate-config nccl-2.20.5-default --median-threshold-pct 8.0 --median-absolute-threshold-us 1.0
measurement,COMPLETE,false,,core-20260724-r7,3bd321ec960c2bce0e6c0ff9aba8bb2be89cb19bdb99011a838cbd79068835b8,primary,d01db822c8e909fe2dbfac157bf62eeeb370a3eef45168f4eb1ff5023fbd4e3a,46d8012b3594c18c96ee1a3f1e063ceeaf5642068c6a6aa895e655bcfb257bdd,c-full-nccl-2.20.5-tree-l-r000001-25069d901e7aa6fb,25069d901e7aa6fbc44e0c4e1730a9b1a36dedb405c44f8f2779acf168bb52ee,a-000001,5e6b7411bc9ae15e29491f2c1de3c72f784d206eef228cc0f3b3ee10ac1f0c91,nccl-2.20.5-tree-ll128,full,1,8981.504000,256,commcanary.rostam.physical.full-measurement.v1,commcanary.rostam.physical.full-producer.v1,5795b65931081121314115dbcb46a3207cc32b1eac9e5b3c6dbd148aa492148a,2855275288e67a1a2d0bbefff0740841fdf0ecf0,false,,8c5f30748596f665cca0bde76d4637074ffff3fa077387dd12b993cf98d2cee6,dba8518e13ad84cbd3dfc2f801f6c69e2bf34da4757f832fa559019dc5483f30,861f5860bd8a5ed4ff94012781c909e3d4438b728404d7cfb040b271b8038857,commcanary-wheel=954c9fe0ef908a448b5343c91e7d58e8785fc20a7fd029b699ca0e252614304d;environment-lock=d4b8b2dc177cb09cea84a5b5a51c99d4510a3270fe70286d2133382fbc4abd8b;param-patch-contract=182942ecf6ed3c0ea267b1660a19be8601c16768640dd6ef3f112601a0b26f34;rostam-catalog=a4926ec9b012724b926fbc583b865bb083b7ad6526fee9ffc3e95129717195b8,python -m experiments.rostam.analyze verify --run-directory experiments/rostam/results/core-20260724-r7 --selection-id primary --verdict-sha256 46d8012b3594c18c96ee1a3f1e063ceeaf5642068c6a6aa895e655bcfb257bdd --output-directory experiments/rostam/results/publications/trusted-join-core-shared-overlap-primary --join-evidence experiments/rostam/results/shared-replay-20260720-r2 primary b6cd1aae4cfb2de020a840f941031d4a910d0d47d4c83aee1c09e0f5f6bc98db --join-evidence experiments/rostam/results/overlap-20260724-r1 primary 5b153d0452df5033261d81f01db74211a0cb87015694b25190d8aa69650507fd --baseline-config nccl-2.19.3-default --candidate-config nccl-2.20.5-default --median-threshold-pct 8.0 --median-absolute-threshold-us 1.0
measurement,COMPLETE,false,,core-20260724-r7,3bd321ec960c2bce0e6c0ff9aba8bb2be89cb19bdb99011a838cbd79068835b8,primary,d01db822c8e909fe2dbfac157bf62eeeb370a3eef45168f4eb1ff5023fbd4e3a,46d8012b3594c18c96ee1a3f1e063ceeaf5642068c6a6aa895e655bcfb257bdd,c-full-nccl-2.20.5-tree-l-r000001-8e2244c764a1b029,8e2244c764a1b029139a9a06405f2e0903465c8813ef56e9412dccbf24be3d85,a-000001,ccc4b532ff10cce1955dd62b52513b9f368760349490ea83c9d0a5fe44071143,nccl-2.20.5-tree-ll,full,1,11283.456000,256,commcanary.rostam.physical.full-measurement.v1,commcanary.rostam.physical.full-producer.v1,a63cf3e0da87509e562249d42ccc0e406614bcef109684a563db433751f32e87,2855275288e67a1a2d0bbefff0740841fdf0ecf0,false,,8c5f30748596f665cca0bde76d4637074ffff3fa077387dd12b993cf98d2cee6,558d0e83377ae2b76bf24eb48d33e904fa07a398c55c23ab8755362baa29c5a8,b9f3d7576cdb0bee32bdada9afc3c7c3753519c187c3eb212ce06690183b1f56,commcanary-wheel=954c9fe0ef908a448b5343c91e7d58e8785fc20a7fd029b699ca0e252614304d;environment-lock=d4b8b2dc177cb09cea84a5b5a51c99d4510a3270fe70286d2133382fbc4abd8b;param-patch-contract=182942ecf6ed3c0ea267b1660a19be8601c16768640dd6ef3f112601a0b26f34;rostam-catalog=a4926ec9b012724b926fbc583b865bb083b7ad6526fee9ffc3e95129717195b8,python -m experiments.rostam.analyze verify --run-directory experiments/rostam/results/core-20260724-r7 --selection-id primary --verdict-sha256 46d8012b3594c18c96ee1a3f1e063ceeaf5642068c6a6aa895e655bcfb257bdd --output-directory experiments/rostam/results/publications/trusted-join-core-shared-overlap-primary --join-evidence experiments/rostam/results/shared-replay-20260720-r2 primary b6cd1aae4cfb2de020a840f941031d4a910d0d47d4c83aee1c09e0f5f6bc98db --join-evidence experiments/rostam/results/overlap-20260724-r1 primary 5b153d0452df5033261d81f01db74211a0cb87015694b25190d8aa69650507fd --baseline-config nccl-2.19.3-default --candidate-config nccl-2.20.5-default --median-threshold-pct 8.0 --median-absolute-threshold-us 1.0
measurement,COMPLETE,false,,core-20260724-r7,3bd321ec960c2bce0e6c0ff9aba8bb2be89cb19bdb99011a838cbd79068835b8,primary,d01db822c8e909fe2dbfac157bf62eeeb370a3eef45168f4eb1ff5023fbd4e3a,46d8012b3594c18c96ee1a3f1e063ceeaf5642068c6a6aa895e655bcfb257bdd,c-full-nccl-2.20.5-tree-l-r000002-63822ab21882557d,63822ab21882557d2a71e33445e34387ee953f311c4dee04521de11278543820,a-000001,91e97c049a49433c98f0915f9a1116dc57992ed1408c343d3d3d738fccbb25a5,nccl-2.20.5-tree-ll128,full,2,8997.376000,256,commcanary.rostam.physical.full-measurement.v1,commcanary.rostam.physical.full-producer.v1,af8de4fa8bc80794aeb0b5e6a8019f57fd9b7bba1f88e2aea985378b2a5d3ea9,2855275288e67a1a2d0bbefff0740841fdf0ecf0,false,,8c5f30748596f665cca0bde76d4637074ffff3fa077387dd12b993cf98d2cee6,485e4f0031afee9c7d7789d50acdb1ec7cf7839d75f9a8850a3f860aa242d69b,d5c995938df1ce5b63abdc5916741146893a6e466d032b804496f41005089f5a,commcanary-wheel=954c9fe0ef908a448b5343c91e7d58e8785fc20a7fd029b699ca0e252614304d;environment-lock=d4b8b2dc177cb09cea84a5b5a51c99d4510a3270fe70286d2133382fbc4abd8b;param-patch-contract=182942ecf6ed3c0ea267b1660a19be8601c16768640dd6ef3f112601a0b26f34;rostam-catalog=a4926ec9b012724b926fbc583b865bb083b7ad6526fee9ffc3e95129717195b8,python -m experiments.rostam.analyze verify --run-directory experiments/rostam/results/core-20260724-r7 --selection-id primary --verdict-sha256 46d8012b3594c18c96ee1a3f1e063ceeaf5642068c6a6aa895e655bcfb257bdd --output-directory experiments/rostam/results/publications/trusted-join-core-shared-overlap-primary --join-evidence experiments/rostam/results/shared-replay-20260720-r2 primary b6cd1aae4cfb2de020a840f941031d4a910d0d47d4c83aee1c09e0f5f6bc98db --join-evidence experiments/rostam/results/overlap-20260724-r1 primary 5b153d0452df5033261d81f01db74211a0cb87015694b25190d8aa69650507fd --baseline-config nccl-2.19.3-default --candidate-config nccl-2.20.5-default --median-threshold-pct 8.0 --median-absolute-threshold-us 1.0
measurement,COMPLETE,false,,core-20260724-r7,3bd321ec960c2bce0e6c0ff9aba8bb2be89cb19bdb99011a838cbd79068835b8,primary,d01db822c8e909fe2dbfac157bf62eeeb370a3eef45168f4eb1ff5023fbd4e3a,46d8012b3594c18c96ee1a3f1e063ceeaf5642068c6a6aa895e655bcfb257bdd,c-full-nccl-2.20.5-tree-l-r000002-c872cd981af32ee7,c872cd981af32ee7d946e3f3af3b4e0cd6983d2873a143e09162b7f99527afb7,a-000001,02b6352613fbe8e9e63ce24886f1a8ee5d1ef0448e63fe4a02a2e30b31f6ce8e,nccl-2.20.5-tree-ll,full,2,11680.768000,256,commcanary.rostam.physical.full-measurement.v1,commcanary.rostam.physical.full-producer.v1,04bf3c767939b91068477b139649b1e98224448add4d7c39f84ee03688a2bec0,2855275288e67a1a2d0bbefff0740841fdf0ecf0,false,,8c5f30748596f665cca0bde76d4637074ffff3fa077387dd12b993cf98d2cee6,43399e0cdfbb74b3fd6e80afe316e212ae36f48df24ba9079a949035c2890f98,3821d2425f094575da72302d6ba869ec960b5605c8e49ed39b1161af9ad4a8ff,commcanary-wheel=954c9fe0ef908a448b5343c91e7d58e8785fc20a7fd029b699ca0e252614304d;environment-lock=d4b8b2dc177cb09cea84a5b5a51c99d4510a3270fe70286d2133382fbc4abd8b;param-patch-contract=182942ecf6ed3c0ea267b1660a19be8601c16768640dd6ef3f112601a0b26f34;rostam-catalog=a4926ec9b012724b926fbc583b865bb083b7ad6526fee9ffc3e95129717195b8,python -m experiments.rostam.analyze verify --run-directory experiments/rostam/results/core-20260724-r7 --selection-id primary --verdict-sha256 46d8012b3594c18c96ee1a3f1e063ceeaf5642068c6a6aa895e655bcfb257bdd --output-directory experiments/rostam/results/publications/trusted-join-core-shared-overlap-primary --join-evidence experiments/rostam/results/shared-replay-20260720-r2 primary b6cd1aae4cfb2de020a840f941031d4a910d0d47d4c83aee1c09e0f5f6bc98db --join-evidence experiments/rostam/results/overlap-20260724-r1 primary 5b153d0452df5033261d81f01db74211a0cb87015694b25190d8aa69650507fd --baseline-config nccl-2.19.3-default --candidate-config nccl-2.20.5-default --median-threshold-pct 8.0 --median-absolute-threshold-us 1.0
measurement,COMPLETE,false,,core-20260724-r7,3bd321ec960c2bce0e6c0ff9aba8bb2be89cb19bdb99011a838cbd79068835b8,primary,d01db822c8e909fe2dbfac157bf62eeeb370a3eef45168f4eb1ff5023fbd4e3a,46d8012b3594c18c96ee1a3f1e063ceeaf5642068c6a6aa895e655bcfb257bdd,c-full-nccl-2.20.5-tree-l-r000003-2ad1ee38d3ddfbbd,2ad1ee38d3ddfbbd76ccae5cb52c1c028f55c159e3241a5ed4a35f7c63462162,a-000001,85cc06267d5548ad49e40faa159929510759c1fb8ee10702327df7019f079e8b,nccl-2.20.5-tree-ll128,full,3,8993.792000,256,commcanary.rostam.physical.full-measurement.v1,commcanary.rostam.physical.full-producer.v1,ba29eb603462eb0aaf037b6e99ec0e070a746691f41499aa7238db09447ce4b4,2855275288e67a1a2d0bbefff0740841fdf0ecf0,false,,8c5f30748596f665cca0bde76d4637074ffff3fa077387dd12b993cf98d2cee6,39a51a302632647d0b14f96f4882b64de05e3e59ae5b90bca9b3a8bcb25ca44f,c6d847e3020da8320f651f841db5deff415b2c2ec345296f95c05eb2bda143c4,commcanary-wheel=954c9fe0ef908a448b5343c91e7d58e8785fc20a7fd029b699ca0e252614304d;environment-lock=d4b8b2dc177cb09cea84a5b5a51c99d4510a3270fe70286d2133382fbc4abd8b;param-patch-contract=182942ecf6ed3c0ea267b1660a19be8601c16768640dd6ef3f112601a0b26f34;rostam-catalog=a4926ec9b012724b926fbc583b865bb083b7ad6526fee9ffc3e95129717195b8,python -m experiments.rostam.analyze verify --run-directory experiments/rostam/results/core-20260724-r7 --selection-id primary --verdict-sha256 46d8012b3594c18c96ee1a3f1e063ceeaf5642068c6a6aa895e655bcfb257bdd --output-directory experiments/rostam/results/publications/trusted-join-core-shared-overlap-primary --join-evidence experiments/rostam/results/shared-replay-20260720-r2 primary b6cd1aae4cfb2de020a840f941031d4a910d0d47d4c83aee1c09e0f5f6bc98db --join-evidence experiments/rostam/results/overlap-20260724-r1 primary 5b153d0452df5033261d81f01db74211a0cb87015694b25190d8aa69650507fd --baseline-config nccl-2.19.3-default --candidate-config nccl-2.20.5-default --median-threshold-pct 8.0 --median-absolute-threshold-us 1.0
measurement,COMPLETE,false,,core-20260724-r7,3bd321ec960c2bce0e6c0ff9aba8bb2be89cb19bdb99011a838cbd79068835b8,primary,d01db822c8e909fe2dbfac157bf62eeeb370a3eef45168f4eb1ff5023fbd4e3a,46d8012b3594c18c96ee1a3f1e063ceeaf5642068c6a6aa895e655bcfb257bdd,c-full-nccl-2.20.5-tree-l-r000003-ce8147a6eabecb10,ce8147a6eabecb107238ef9f90ddda91b9e910a12adab4e72205f9599679119d,a-000001,0a59c56b646c8c1b07d84743ed6224111178523e18dc143b740ae6f72fe3c4f1,nccl-2.20.5-tree-ll,full,3,11254.272000,256,commcanary.rostam.physical.full-measurement.v1,commcanary.rostam.physical.full-producer.v1,5ccd06b2bdfe664679e4f4ba326de8594e45e4f55c1e69046cea1c5e48d8008b,2855275288e67a1a2d0bbefff0740841fdf0ecf0,false,,8c5f30748596f665cca0bde76d4637074ffff3fa077387dd12b993cf98d2cee6,5a0331a372c19a68bda2009bdee36089bae4003d6e4e0022b7a9ce26675f2fb8,c78a74fdb979b21f4095a009c39a644dec6ff9de953f54f35c70e3bc770c4597,commcanary-wheel=954c9fe0ef908a448b5343c91e7d58e8785fc20a7fd029b699ca0e252614304d;environment-lock=d4b8b2dc177cb09cea84a5b5a51c99d4510a3270fe70286d2133382fbc4abd8b;param-patch-contract=182942ecf6ed3c0ea267b1660a19be8601c16768640dd6ef3f112601a0b26f34;rostam-catalog=a4926ec9b012724b926fbc583b865bb083b7ad6526fee9ffc3e95129717195b8,python -m experiments.rostam.analyze verify --run-directory experiments/rostam/results/core-20260724-r7 --selection-id primary --verdict-sha256 46d8012b3594c18c96ee1a3f1e063ceeaf5642068c6a6aa895e655bcfb257bdd --output-directory experiments/rostam/results/publications/trusted-join-core-shared-overlap-primary --join-evidence experiments/rostam/results/shared-replay-20260720-r2 primary b6cd1aae4cfb2de020a840f941031d4a910d0d47d4c83aee1c09e0f5f6bc98db --join-evidence experiments/rostam/results/overlap-20260724-r1 primary 5b153d0452df5033261d81f01db74211a0cb87015694b25190d8aa69650507fd --baseline-config nccl-2.19.3-default --candidate-config nccl-2.20.5-default --median-threshold-pct 8.0 --median-absolute-threshold-us 1.0
measurement,COMPLETE,false,,core-20260724-r7,3bd321ec960c2bce0e6c0ff9aba8bb2be89cb19bdb99011a838cbd79068835b8,primary,d01db822c8e909fe2dbfac157bf62eeeb370a3eef45168f4eb1ff5023fbd4e3a,46d8012b3594c18c96ee1a3f1e063ceeaf5642068c6a6aa895e655bcfb257bdd,c-full-nccl-2.20.5-tree-l-r000004-2ea92db8ef7f3fc6,2ea92db8ef7f3fc6488e09bc5279720585d4bdbb5ad4ebfdb7f66b2e63c0e36a,a-000001,7fd6e43f7b7d2495232a212666d4174cf4d8410828eca0be2ea838db405773d5,nccl-2.20.5-tree-ll128,full,4,8994.816000,256,commcanary.rostam.physical.full-measurement.v1,commcanary.rostam.physical.full-producer.v1,9d2df465cf52570b601de119b645057f0a8468d5c6ea246487ab0c9ae543fbd5,2855275288e67a1a2d0bbefff0740841fdf0ecf0,false,,8c5f30748596f665cca0bde76d4637074ffff3fa077387dd12b993cf98d2cee6,ca38606cef35ef85686ab75993aba6d9173e4461de6aebb7ef31c695c24e8179,6ad23596c792936f102b8d7a08d978b6c0ac589afab527578edc9b9d3706d155,commcanary-wheel=954c9fe0ef908a448b5343c91e7d58e8785fc20a7fd029b699ca0e252614304d;environment-lock=d4b8b2dc177cb09cea84a5b5a51c99d4510a3270fe70286d2133382fbc4abd8b;param-patch-contract=182942ecf6ed3c0ea267b1660a19be8601c16768640dd6ef3f112601a0b26f34;rostam-catalog=a4926ec9b012724b926fbc583b865bb083b7ad6526fee9ffc3e95129717195b8,python -m experiments.rostam.analyze verify --run-directory experiments/rostam/results/core-20260724-r7 --selection-id primary --verdict-sha256 46d8012b3594c18c96ee1a3f1e063ceeaf5642068c6a6aa895e655bcfb257bdd --output-directory experiments/rostam/results/publications/trusted-join-core-shared-overlap-primary --join-evidence experiments/rostam/results/shared-replay-20260720-r2 primary b6cd1aae4cfb2de020a840f941031d4a910d0d47d4c83aee1c09e0f5f6bc98db --join-evidence experiments/rostam/results/overlap-20260724-r1 primary 5b153d0452df5033261d81f01db74211a0cb87015694b25190d8aa69650507fd --baseline-config nccl-2.19.3-default --candidate-config nccl-2.20.5-default --median-threshold-pct 8.0 --median-absolute-threshold-us 1.0
measurement,COMPLETE,false,,core-20260724-r7,3bd321ec960c2bce0e6c0ff9aba8bb2be89cb19bdb99011a838cbd79068835b8,primary,d01db822c8e909fe2dbfac157bf62eeeb370a3eef45168f4eb1ff5023fbd4e3a,46d8012b3594c18c96ee1a3f1e063ceeaf5642068c6a6aa895e655bcfb257bdd,c-full-nccl-2.20.5-tree-l-r000004-bc8e217f180f0735,bc8e217f180f07353216ab222dadbfc793bb48a1858215eb93e389760345e5b4,a-000001,05f35e60c59c63f83c0e9d30e1cf2fd8199f9332ddcdb1e2c54c7cdfa156448c,nccl-2.20.5-tree-ll,full,4,11345.408000,256,commcanary.rostam.physical.full-measurement.v1,commcanary.rostam.physical.full-producer.v1,fdb4c6c068a5bfc02020a4381c2607df27b07258f00643e57bacd3f36123b4b9,2855275288e67a1a2d0bbefff0740841fdf0ecf0,false,,8c5f30748596f665cca0bde76d4637074ffff3fa077387dd12b993cf98d2cee6,8b4aac4f35e1238d5fcd9e8aba7900f58e22f5d8eb155b6ebe97bf8564b29c32,3dbb860381c9133f5858a1fc1cc043819e79c365ad2445d86c6e657f987ca1c8,commcanary-wheel=954c9fe0ef908a448b5343c91e7d58e8785fc20a7fd029b699ca0e252614304d;environment-lock=d4b8b2dc177cb09cea84a5b5a51c99d4510a3270fe70286d2133382fbc4abd8b;param-patch-contract=182942ecf6ed3c0ea267b1660a19be8601c16768640dd6ef3f112601a0b26f34;rostam-catalog=a4926ec9b012724b926fbc583b865bb083b7ad6526fee9ffc3e95129717195b8,python -m experiments.rostam.analyze verify --run-directory experiments/rostam/results/core-20260724-r7 --selection-id primary --verdict-sha256 46d8012b3594c18c96ee1a3f1e063ceeaf5642068c6a6aa895e655bcfb257bdd --output-directory experiments/rostam/results/publications/trusted-join-core-shared-overlap-primary --join-evidence experiments/rostam/results/shared-replay-20260720-r2 primary b6cd1aae4cfb2de020a840f941031d4a910d0d47d4c83aee1c09e0f5f6bc98db --join-evidence experiments/rostam/results/overlap-20260724-r1 primary 5b153d0452df5033261d81f01db74211a0cb87015694b25190d8aa69650507fd --baseline-config nccl-2.19.3-default --candidate-config nccl-2.20.5-default --median-threshold-pct 8.0 --median-absolute-threshold-us 1.0
measurement,COMPLETE,false,,core-20260724-r7,3bd321ec960c2bce0e6c0ff9aba8bb2be89cb19bdb99011a838cbd79068835b8,primary,d01db822c8e909fe2dbfac157bf62eeeb370a3eef45168f4eb1ff5023fbd4e3a,46d8012b3594c18c96ee1a3f1e063ceeaf5642068c6a6aa895e655bcfb257bdd,c-full-nccl-2.20.5-tree-s-r000000-d4de60c5e91d5447,d4de60c5e91d54474bd559fec8ce63611e88eca64f7f2486d79274dd1da058e2,a-000001,1c73e89a2c1b80ce02a1202c5c82a009ab33cc16d5ad8b503d63b45222ff9a5a,nccl-2.20.5-tree-simple,full,0,9765.888000,256,commcanary.rostam.physical.full-measurement.v1,commcanary.rostam.physical.full-producer.v1,d201396b4be2fec04082d3a61f460304d95b62803f2d36453e221f25298bf18a,2855275288e67a1a2d0bbefff0740841fdf0ecf0,false,,8c5f30748596f665cca0bde76d4637074ffff3fa077387dd12b993cf98d2cee6,8afd11cc53af1e05607cef3712bf6bdde54823153db141204c80ef5b1ca191b1,ffcce160a7645da9c2ea8abda272a1a970c0681d4755fc351e790c5472a25540,commcanary-wheel=954c9fe0ef908a448b5343c91e7d58e8785fc20a7fd029b699ca0e252614304d;environment-lock=d4b8b2dc177cb09cea84a5b5a51c99d4510a3270fe70286d2133382fbc4abd8b;param-patch-contract=182942ecf6ed3c0ea267b1660a19be8601c16768640dd6ef3f112601a0b26f34;rostam-catalog=a4926ec9b012724b926fbc583b865bb083b7ad6526fee9ffc3e95129717195b8,python -m experiments.rostam.analyze verify --run-directory experiments/rostam/results/core-20260724-r7 --selection-id primary --verdict-sha256 46d8012b3594c18c96ee1a3f1e063ceeaf5642068c6a6aa895e655bcfb257bdd --output-directory experiments/rostam/results/publications/trusted-join-core-shared-overlap-primary --join-evidence experiments/rostam/results/shared-replay-20260720-r2 primary b6cd1aae4cfb2de020a840f941031d4a910d0d47d4c83aee1c09e0f5f6bc98db --join-evidence experiments/rostam/results/overlap-20260724-r1 primary 5b153d0452df5033261d81f01db74211a0cb87015694b25190d8aa69650507fd --baseline-config nccl-2.19.3-default --candidate-config nccl-2.20.5-default --median-threshold-pct 8.0 --median-absolute-threshold-us 1.0
measurement,COMPLETE,false,,core-20260724-r7,3bd321ec960c2bce0e6c0ff9aba8bb2be89cb19bdb99011a838cbd79068835b8,primary,d01db822c8e909fe2dbfac157bf62eeeb370a3eef45168f4eb1ff5023fbd4e3a,46d8012b3594c18c96ee1a3f1e063ceeaf5642068c6a6aa895e655bcfb257bdd,c-full-nccl-2.20.5-tree-s-r000001-1d66b02cc12c0ae9,1d66b02cc12c0ae9db183fea99d68922bc3fc7eeb6324854fe8720bb52aea35b,a-000001,6d6c311e8d71b25985c420bdabeb9174822a80da99ed3e27295612aff6903f0d,nccl-2.20.5-tree-simple,full,1,9766.912000,256,commcanary.rostam.physical.full-measurement.v1,commcanary.rostam.physical.full-producer.v1,47aba71788171f5a8a2f01b27c7c86209c315810ff09689cf69299ba7616bb38,2855275288e67a1a2d0bbefff0740841fdf0ecf0,false,,8c5f30748596f665cca0bde76d4637074ffff3fa077387dd12b993cf98d2cee6,ef4c26d6458a1ffee8f9dbbb85bf3a7bda31f21563cd00ed3089ab8b0219d84c,28fbd8b656ccb58299ff17a8494c03333a155d3074b8a4b09c256514633b9081,commcanary-wheel=954c9fe0ef908a448b5343c91e7d58e8785fc20a7fd029b699ca0e252614304d;environment-lock=d4b8b2dc177cb09cea84a5b5a51c99d4510a3270fe70286d2133382fbc4abd8b;param-patch-contract=182942ecf6ed3c0ea267b1660a19be8601c16768640dd6ef3f112601a0b26f34;rostam-catalog=a4926ec9b012724b926fbc583b865bb083b7ad6526fee9ffc3e95129717195b8,python -m experiments.rostam.analyze verify --run-directory experiments/rostam/results/core-20260724-r7 --selection-id primary --verdict-sha256 46d8012b3594c18c96ee1a3f1e063ceeaf5642068c6a6aa895e655bcfb257bdd --output-directory experiments/rostam/results/publications/trusted-join-core-shared-overlap-primary --join-evidence experiments/rostam/results/shared-replay-20260720-r2 primary b6cd1aae4cfb2de020a840f941031d4a910d0d47d4c83aee1c09e0f5f6bc98db --join-evidence experiments/rostam/results/overlap-20260724-r1 primary 5b153d0452df5033261d81f01db74211a0cb87015694b25190d8aa69650507fd --baseline-config nccl-2.19.3-default --candidate-config nccl-2.20.5-default --median-threshold-pct 8.0 --median-absolute-threshold-us 1.0
measurement,COMPLETE,false,,core-20260724-r7,3bd321ec960c2bce0e6c0ff9aba8bb2be89cb19bdb99011a838cbd79068835b8,primary,d01db822c8e909fe2dbfac157bf62eeeb370a3eef45168f4eb1ff5023fbd4e3a,46d8012b3594c18c96ee1a3f1e063ceeaf5642068c6a6aa895e655bcfb257bdd,c-full-nccl-2.20.5-tree-s-r000002-b4a16ec5fe7479aa,b4a16ec5fe7479aaab3077548cbbb0976e12fe01a3a1758bb5d69bf2f27f2e3a,a-000001,df0be5e052ef63d394ceb30ce39b19341c0ba6a1ab370b759e787001044c7ce0,nccl-2.20.5-tree-simple,full,2,9773.056000,256,commcanary.rostam.physical.full-measurement.v1,commcanary.rostam.physical.full-producer.v1,2b759da1cca08beea4bb637b6c019d1898d38d9da136d58d670e64a0be80e92c,2855275288e67a1a2d0bbefff0740841fdf0ecf0,false,,8c5f30748596f665cca0bde76d4637074ffff3fa077387dd12b993cf98d2cee6,0e17155ce884fd0c7a5e6f2962dd761c7d98dfe3cc02a06b5b0d4c6134d2ba02,217e472f49298d0ffc04a60692410c6defc059d3686aca3da219917f061b120c,commcanary-wheel=954c9fe0ef908a448b5343c91e7d58e8785fc20a7fd029b699ca0e252614304d;environment-lock=d4b8b2dc177cb09cea84a5b5a51c99d4510a3270fe70286d2133382fbc4abd8b;param-patch-contract=182942ecf6ed3c0ea267b1660a19be8601c16768640dd6ef3f112601a0b26f34;rostam-catalog=a4926ec9b012724b926fbc583b865bb083b7ad6526fee9ffc3e95129717195b8,python -m experiments.rostam.analyze verify --run-directory experiments/rostam/results/core-20260724-r7 --selection-id primary --verdict-sha256 46d8012b3594c18c96ee1a3f1e063ceeaf5642068c6a6aa895e655bcfb257bdd --output-directory experiments/rostam/results/publications/trusted-join-core-shared-overlap-primary --join-evidence experiments/rostam/results/shared-replay-20260720-r2 primary b6cd1aae4cfb2de020a840f941031d4a910d0d47d4c83aee1c09e0f5f6bc98db --join-evidence experiments/rostam/results/overlap-20260724-r1 primary 5b153d0452df5033261d81f01db74211a0cb87015694b25190d8aa69650507fd --baseline-config nccl-2.19.3-default --candidate-config nccl-2.20.5-default --median-threshold-pct 8.0 --median-absolute-threshold-us 1.0
measurement,COMPLETE,false,,core-20260724-r7,3bd321ec960c2bce0e6c0ff9aba8bb2be89cb19bdb99011a838cbd79068835b8,primary,d01db822c8e909fe2dbfac157bf62eeeb370a3eef45168f4eb1ff5023fbd4e3a,46d8012b3594c18c96ee1a3f1e063ceeaf5642068c6a6aa895e655bcfb257bdd,c-full-nccl-2.20.5-tree-s-r000003-45406f57ac43002a,45406f57ac43002ac9c3cd3c25a017a4c8764590f52e755398dc7228abf1d168,a-000001,91e08f7a75c2336a628469a2b305ab426a0c66c576abd4eff7df96379e61658a,nccl-2.20.5-tree-simple,full,3,9760.256000,256,commcanary.rostam.physical.full-measurement.v1,commcanary.rostam.physical.full-producer.v1,c96b0d47e19e4df235aefda9cb374fce38d426bdf412267e4bedff49a506d30c,2855275288e67a1a2d0bbefff0740841fdf0ecf0,false,,8c5f30748596f665cca0bde76d4637074ffff3fa077387dd12b993cf98d2cee6,2dc04b416e63bd21b69cbe365b8e373bd5ae8ec924e31a4accf43d6b42317d18,b81fd697567900c866c52b01fac9ac30f457274dc1aceae3fa8cf017d447deb9,commcanary-wheel=954c9fe0ef908a448b5343c91e7d58e8785fc20a7fd029b699ca0e252614304d;environment-lock=d4b8b2dc177cb09cea84a5b5a51c99d4510a3270fe70286d2133382fbc4abd8b;param-patch-contract=182942ecf6ed3c0ea267b1660a19be8601c16768640dd6ef3f112601a0b26f34;rostam-catalog=a4926ec9b012724b926fbc583b865bb083b7ad6526fee9ffc3e95129717195b8,python -m experiments.rostam.analyze verify --run-directory experiments/rostam/results/core-20260724-r7 --selection-id primary --verdict-sha256 46d8012b3594c18c96ee1a3f1e063ceeaf5642068c6a6aa895e655bcfb257bdd --output-directory experiments/rostam/results/publications/trusted-join-core-shared-overlap-primary --join-evidence experiments/rostam/results/shared-replay-20260720-r2 primary b6cd1aae4cfb2de020a840f941031d4a910d0d47d4c83aee1c09e0f5f6bc98db --join-evidence experiments/rostam/results/overlap-20260724-r1 primary 5b153d0452df5033261d81f01db74211a0cb87015694b25190d8aa69650507fd --baseline-config nccl-2.19.3-default --candidate-config nccl-2.20.5-default --median-threshold-pct 8.0 --median-absolute-threshold-us 1.0
measurement,COMPLETE,false,,core-20260724-r7,3bd321ec960c2bce0e6c0ff9aba8bb2be89cb19bdb99011a838cbd79068835b8,primary,d01db822c8e909fe2dbfac157bf62eeeb370a3eef45168f4eb1ff5023fbd4e3a,46d8012b3594c18c96ee1a3f1e063ceeaf5642068c6a6aa895e655bcfb257bdd,c-full-nccl-2.20.5-tree-s-r000004-2ad14155384497da,2ad14155384497da6e198ab70fa246cf1daf999128d4153ab505d408e156de42,a-000001,07d57724a9e45410f857fbb59365a1aff7a00aea0fb16fb69e4f9677ddbc958b,nccl-2.20.5-tree-simple,full,4,9748.480000,256,commcanary.rostam.physical.full-measurement.v1,commcanary.rostam.physical.full-producer.v1,0a51ec18ff2c4163c8f4df42ab0147e47c51a3d29f6ab0918c50201925910a97,2855275288e67a1a2d0bbefff0740841fdf0ecf0,false,,8c5f30748596f665cca0bde76d4637074ffff3fa077387dd12b993cf98d2cee6,c34345d9b591fdbba53816eb3fc975443ba5f06c54c9db36166f588c787b321a,5bba83a7fe1c7d33b4bd2b7a4b044dbfd7d0825ec79e3fe8992f55f3028c77c7,commcanary-wheel=954c9fe0ef908a448b5343c91e7d58e8785fc20a7fd029b699ca0e252614304d;environment-lock=d4b8b2dc177cb09cea84a5b5a51c99d4510a3270fe70286d2133382fbc4abd8b;param-patch-contract=182942ecf6ed3c0ea267b1660a19be8601c16768640dd6ef3f112601a0b26f34;rostam-catalog=a4926ec9b012724b926fbc583b865bb083b7ad6526fee9ffc3e95129717195b8,python -m experiments.rostam.analyze verify --run-directory experiments/rostam/results/core-20260724-r7 --selection-id primary --verdict-sha256 46d8012b3594c18c96ee1a3f1e063ceeaf5642068c6a6aa895e655bcfb257bdd --output-directory experiments/rostam/results/publications/trusted-join-core-shared-overlap-primary --join-evidence experiments/rostam/results/shared-replay-20260720-r2 primary b6cd1aae4cfb2de020a840f941031d4a910d0d47d4c83aee1c09e0f5f6bc98db --join-evidence experiments/rostam/results/overlap-20260724-r1 primary 5b153d0452df5033261d81f01db74211a0cb87015694b25190d8aa69650507fd --baseline-config nccl-2.19.3-default --candidate-config nccl-2.20.5-default --median-threshold-pct 8.0 --median-absolute-threshold-us 1.0
measurement,COMPLETE,false,,core-20260724-r7,3bd321ec960c2bce0e6c0ff9aba8bb2be89cb19bdb99011a838cbd79068835b8,primary,d01db822c8e909fe2dbfac157bf62eeeb370a3eef45168f4eb1ff5023fbd4e3a,46d8012b3594c18c96ee1a3f1e063ceeaf5642068c6a6aa895e655bcfb257bdd,c-micro-nccl-2.19.3-defaul-r000000-e4fe58d7e9da6702,e4fe58d7e9da67023571c209998cb7fb4e6b893c964b345b5be29a3f7f5b761c,a-000001,82c1f5f839b6ec009dc22df17f0a27016aa994f456cf13d598ab2f62b7cf2d16,nccl-2.19.3-default,micro,0,132.096000,200,commcanary.rostam.physical.micro-measurement.v1,commcanary.rostam.physical.micro-producer.v1,6760906e9461a9e7a53413dd00d6b9b48c90a6f0cf3cfcb78f7223ce413baaba,2855275288e67a1a2d0bbefff0740841fdf0ecf0,false,,8c5f30748596f665cca0bde76d4637074ffff3fa077387dd12b993cf98d2cee6,49b97c1834a9907d349bf3e896149e6f3db80b0c92270451d1ac2166e58477a0,93afea53f9688568c9133129b2d171ea4e57642ca270d3f3d23afda09c7e33b6,commcanary-wheel=954c9fe0ef908a448b5343c91e7d58e8785fc20a7fd029b699ca0e252614304d;environment-lock=d4b8b2dc177cb09cea84a5b5a51c99d4510a3270fe70286d2133382fbc4abd8b;param-patch-contract=182942ecf6ed3c0ea267b1660a19be8601c16768640dd6ef3f112601a0b26f34;rostam-catalog=a4926ec9b012724b926fbc583b865bb083b7ad6526fee9ffc3e95129717195b8,python -m experiments.rostam.analyze verify --run-directory experiments/rostam/results/core-20260724-r7 --selection-id primary --verdict-sha256 46d8012b3594c18c96ee1a3f1e063ceeaf5642068c6a6aa895e655bcfb257bdd --output-directory experiments/rostam/results/publications/trusted-join-core-shared-overlap-primary --join-evidence experiments/rostam/results/shared-replay-20260720-r2 primary b6cd1aae4cfb2de020a840f941031d4a910d0d47d4c83aee1c09e0f5f6bc98db --join-evidence experiments/rostam/results/overlap-20260724-r1 primary 5b153d0452df5033261d81f01db74211a0cb87015694b25190d8aa69650507fd --baseline-config nccl-2.19.3-default --candidate-config nccl-2.20.5-default --median-threshold-pct 8.0 --median-absolute-threshold-us 1.0
measurement,COMPLETE,false,,core-20260724-r7,3bd321ec960c2bce0e6c0ff9aba8bb2be89cb19bdb99011a838cbd79068835b8,primary,d01db822c8e909fe2dbfac157bf62eeeb370a3eef45168f4eb1ff5023fbd4e3a,46d8012b3594c18c96ee1a3f1e063ceeaf5642068c6a6aa895e655bcfb257bdd,c-micro-nccl-2.19.3-defaul-r000001-ed054f107306a8f2,ed054f107306a8f28a9b31c03dda4b90570d368f6e7ab8755992791ebcf371f1,a-000001,675890959810529bb94551625b2019d815a66c3a250ef6e5b168d5cd4c1adb8a,nccl-2.19.3-default,micro,1,133.120000,200,commcanary.rostam.physical.micro-measurement.v1,commcanary.rostam.physical.micro-producer.v1,866e930f60b16c6ff81fde6a8ba2da1ce0df98560b96e79b33f375605da95778,2855275288e67a1a2d0bbefff0740841fdf0ecf0,false,,8c5f30748596f665cca0bde76d4637074ffff3fa077387dd12b993cf98d2cee6,40963edc112ac06ff136e9e6e2fd7a955a2c684763b1b88fcc60b36d75edc504,17efadef93bb7c4d298166e9f6b680562d30cbe27861fc1ad9d903eb64ea2127,commcanary-wheel=954c9fe0ef908a448b5343c91e7d58e8785fc20a7fd029b699ca0e252614304d;environment-lock=d4b8b2dc177cb09cea84a5b5a51c99d4510a3270fe70286d2133382fbc4abd8b;param-patch-contract=182942ecf6ed3c0ea267b1660a19be8601c16768640dd6ef3f112601a0b26f34;rostam-catalog=a4926ec9b012724b926fbc583b865bb083b7ad6526fee9ffc3e95129717195b8,python -m experiments.rostam.analyze verify --run-directory experiments/rostam/results/core-20260724-r7 --selection-id primary --verdict-sha256 46d8012b3594c18c96ee1a3f1e063ceeaf5642068c6a6aa895e655bcfb257bdd --output-directory experiments/rostam/results/publications/trusted-join-core-shared-overlap-primary --join-evidence experiments/rostam/results/shared-replay-20260720-r2 primary b6cd1aae4cfb2de020a840f941031d4a910d0d47d4c83aee1c09e0f5f6bc98db --join-evidence experiments/rostam/results/overlap-20260724-r1 primary 5b153d0452df5033261d81f01db74211a0cb87015694b25190d8aa69650507fd --baseline-config nccl-2.19.3-default --candidate-config nccl-2.20.5-default --median-threshold-pct 8.0 --median-absolute-threshold-us 1.0
measurement,COMPLETE,false,,core-20260724-r7,3bd321ec960c2bce0e6c0ff9aba8bb2be89cb19bdb99011a838cbd79068835b8,primary,d01db822c8e909fe2dbfac157bf62eeeb370a3eef45168f4eb1ff5023fbd4e3a,46d8012b3594c18c96ee1a3f1e063ceeaf5642068c6a6aa895e655bcfb257bdd,c-micro-nccl-2.19.3-defaul-r000002-0b43c6fc4c140fa7,0b43c6fc4c140fa7dc4198181f0f383ad6aab094f4185e29c4e85bd84ff11a0a,a-000001,6f436e5470a6bc6a98413075806f6f13a358c4ccc7672b1c4b0f75f464363ab8,nccl-2.19.3-default,micro,2,131.072000,200,commcanary.rostam.physical.micro-measurement.v1,commcanary.rostam.physical.micro-producer.v1,2bb59822d929cc056ea59505968597c077360a52ed4d5bfdbf1b39b1861d4309,2855275288e67a1a2d0bbefff0740841fdf0ecf0,false,,8c5f30748596f665cca0bde76d4637074ffff3fa077387dd12b993cf98d2cee6,d38de8364a4a5d0c25dd031da5578d6091b1272db307c0dc99ad34eab05fd571,9b334633749052ccf6ac82fb622cea54e2717bb7e4a3dd64a6e5b67d9575c77f,commcanary-wheel=954c9fe0ef908a448b5343c91e7d58e8785fc20a7fd029b699ca0e252614304d;environment-lock=d4b8b2dc177cb09cea84a5b5a51c99d4510a3270fe70286d2133382fbc4abd8b;param-patch-contract=182942ecf6ed3c0ea267b1660a19be8601c16768640dd6ef3f112601a0b26f34;rostam-catalog=a4926ec9b012724b926fbc583b865bb083b7ad6526fee9ffc3e95129717195b8,python -m experiments.rostam.analyze verify --run-directory experiments/rostam/results/core-20260724-r7 --selection-id primary --verdict-sha256 46d8012b3594c18c96ee1a3f1e063ceeaf5642068c6a6aa895e655bcfb257bdd --output-directory experiments/rostam/results/publications/trusted-join-core-shared-overlap-primary --join-evidence experiments/rostam/results/shared-replay-20260720-r2 primary b6cd1aae4cfb2de020a840f941031d4a910d0d47d4c83aee1c09e0f5f6bc98db --join-evidence experiments/rostam/results/overlap-20260724-r1 primary 5b153d0452df5033261d81f01db74211a0cb87015694b25190d8aa69650507fd --baseline-config nccl-2.19.3-default --candidate-config nccl-2.20.5-default --median-threshold-pct 8.0 --median-absolute-threshold-us 1.0
measurement,COMPLETE,false,,core-20260724-r7,3bd321ec960c2bce0e6c0ff9aba8bb2be89cb19bdb99011a838cbd79068835b8,primary,d01db822c8e909fe2dbfac157bf62eeeb370a3eef45168f4eb1ff5023fbd4e3a,46d8012b3594c18c96ee1a3f1e063ceeaf5642068c6a6aa895e655bcfb257bdd,c-micro-nccl-2.19.3-defaul-r000003-65cd11301065700a,65cd11301065700a7f89bd352daf3ea5dad08d1cf0e4b07d2ae6e46408bda8a2,a-000001,16e0dabfafc7843edea0b879008d220c68323239d7c0768726be42eab9d4005e,nccl-2.19.3-default,micro,3,131.072000,200,commcanary.rostam.physical.micro-measurement.v1,commcanary.rostam.physical.micro-producer.v1,2480498ce2c3789f1cbcbbe62b28abfeba17cbebabe4825c82f329c62d9cab51,2855275288e67a1a2d0bbefff0740841fdf0ecf0,false,,8c5f30748596f665cca0bde76d4637074ffff3fa077387dd12b993cf98d2cee6,b0e046adb2875d719fce2d80706e71e8a13d02574091087626fc34d7c2e5305e,e7bf022d782f0d8bb8b54b4a34ab4f4776aa7e9ffc4079489637de4dbf629e16,commcanary-wheel=954c9fe0ef908a448b5343c91e7d58e8785fc20a7fd029b699ca0e252614304d;environment-lock=d4b8b2dc177cb09cea84a5b5a51c99d4510a3270fe70286d2133382fbc4abd8b;param-patch-contract=182942ecf6ed3c0ea267b1660a19be8601c16768640dd6ef3f112601a0b26f34;rostam-catalog=a4926ec9b012724b926fbc583b865bb083b7ad6526fee9ffc3e95129717195b8,python -m experiments.rostam.analyze verify --run-directory experiments/rostam/results/core-20260724-r7 --selection-id primary --verdict-sha256 46d8012b3594c18c96ee1a3f1e063ceeaf5642068c6a6aa895e655bcfb257bdd --output-directory experiments/rostam/results/publications/trusted-join-core-shared-overlap-primary --join-evidence experiments/rostam/results/shared-replay-20260720-r2 primary b6cd1aae4cfb2de020a840f941031d4a910d0d47d4c83aee1c09e0f5f6bc98db --join-evidence experiments/rostam/results/overlap-20260724-r1 primary 5b153d0452df5033261d81f01db74211a0cb87015694b25190d8aa69650507fd --baseline-config nccl-2.19.3-default --candidate-config nccl-2.20.5-default --median-threshold-pct 8.0 --median-absolute-threshold-us 1.0
measurement,COMPLETE,false,,core-20260724-r7,3bd321ec960c2bce0e6c0ff9aba8bb2be89cb19bdb99011a838cbd79068835b8,primary,d01db822c8e909fe2dbfac157bf62eeeb370a3eef45168f4eb1ff5023fbd4e3a,46d8012b3594c18c96ee1a3f1e063ceeaf5642068c6a6aa895e655bcfb257bdd,c-micro-nccl-2.19.3-defaul-r000004-f8fc4185864f384d,f8fc4185864f384d780c99dd083d857d3c76e6df2819c951f097fee37bfababe,a-000001,b8a676d0023beb7d3580ca34b58fb9d1aa3f6f3beedc922d9aae8460f592d231,nccl-2.19.3-default,micro,4,131.072000,200,commcanary.rostam.physical.micro-measurement.v1,commcanary.rostam.physical.micro-producer.v1,a457dfc6d21fd34c2333e69e18097f1d5d2b2530a9f5af16897053ab64d33abb,2855275288e67a1a2d0bbefff0740841fdf0ecf0,false,,8c5f30748596f665cca0bde76d4637074ffff3fa077387dd12b993cf98d2cee6,875a86c74cad3387f36997de75c002ab28bc77c47d2d28610631b1745b1f4757,ba8bdcfbed6b1b34fc3b1281cf8993a9d856b3be278f3f0d83cbcc4f8de2a27e,commcanary-wheel=954c9fe0ef908a448b5343c91e7d58e8785fc20a7fd029b699ca0e252614304d;environment-lock=d4b8b2dc177cb09cea84a5b5a51c99d4510a3270fe70286d2133382fbc4abd8b;param-patch-contract=182942ecf6ed3c0ea267b1660a19be8601c16768640dd6ef3f112601a0b26f34;rostam-catalog=a4926ec9b012724b926fbc583b865bb083b7ad6526fee9ffc3e95129717195b8,python -m experiments.rostam.analyze verify --run-directory experiments/rostam/results/core-20260724-r7 --selection-id primary --verdict-sha256 46d8012b3594c18c96ee1a3f1e063ceeaf5642068c6a6aa895e655bcfb257bdd --output-directory experiments/rostam/results/publications/trusted-join-core-shared-overlap-primary --join-evidence experiments/rostam/results/shared-replay-20260720-r2 primary b6cd1aae4cfb2de020a840f941031d4a910d0d47d4c83aee1c09e0f5f6bc98db --join-evidence experiments/rostam/results/overlap-20260724-r1 primary 5b153d0452df5033261d81f01db74211a0cb87015694b25190d8aa69650507fd --baseline-config nccl-2.19.3-default --candidate-config nccl-2.20.5-default --median-threshold-pct 8.0 --median-absolute-threshold-us 1.0
measurement,COMPLETE,false,,core-20260724-r7,3bd321ec960c2bce0e6c0ff9aba8bb2be89cb19bdb99011a838cbd79068835b8,primary,d01db822c8e909fe2dbfac157bf62eeeb370a3eef45168f4eb1ff5023fbd4e3a,46d8012b3594c18c96ee1a3f1e063ceeaf5642068c6a6aa895e655bcfb257bdd,c-micro-nccl-2.20.5-defaul-r000000-4b4e6dc6d0ab3521,4b4e6dc6d0ab3521880dc4116e44335e9fdc5246246e0ea5c0d4acec80887c2b,a-000001,ea898cf8195378a12be2df4d4abd3dad8bc28ac000de3843d938cf3ac64acf2c,nccl-2.20.5-default,micro,0,130.048000,200,commcanary.rostam.physical.micro-measurement.v1,commcanary.rostam.physical.micro-producer.v1,bdf3d32d08a8a026cb7f4d7a37cc9d27b80a8c8a981c7478942b090447c6a20c,2855275288e67a1a2d0bbefff0740841fdf0ecf0,false,,8c5f30748596f665cca0bde76d4637074ffff3fa077387dd12b993cf98d2cee6,1557e92974cdfec8c552e3cbf6a9fe26fe3b4c9a17f139926cf02611bdfeeea2,047f3e710e4da6837cba429344508bf9936c4bff6aea5160ae07e0d4a1522c2a,commcanary-wheel=954c9fe0ef908a448b5343c91e7d58e8785fc20a7fd029b699ca0e252614304d;environment-lock=d4b8b2dc177cb09cea84a5b5a51c99d4510a3270fe70286d2133382fbc4abd8b;param-patch-contract=182942ecf6ed3c0ea267b1660a19be8601c16768640dd6ef3f112601a0b26f34;rostam-catalog=a4926ec9b012724b926fbc583b865bb083b7ad6526fee9ffc3e95129717195b8,python -m experiments.rostam.analyze verify --run-directory experiments/rostam/results/core-20260724-r7 --selection-id primary --verdict-sha256 46d8012b3594c18c96ee1a3f1e063ceeaf5642068c6a6aa895e655bcfb257bdd --output-directory experiments/rostam/results/publications/trusted-join-core-shared-overlap-primary --join-evidence experiments/rostam/results/shared-replay-20260720-r2 primary b6cd1aae4cfb2de020a840f941031d4a910d0d47d4c83aee1c09e0f5f6bc98db --join-evidence experiments/rostam/results/overlap-20260724-r1 primary 5b153d0452df5033261d81f01db74211a0cb87015694b25190d8aa69650507fd --baseline-config nccl-2.19.3-default --candidate-config nccl-2.20.5-default --median-threshold-pct 8.0 --median-absolute-threshold-us 1.0
measurement,COMPLETE,false,,core-20260724-r7,3bd321ec960c2bce0e6c0ff9aba8bb2be89cb19bdb99011a838cbd79068835b8,primary,d01db822c8e909fe2dbfac157bf62eeeb370a3eef45168f4eb1ff5023fbd4e3a,46d8012b3594c18c96ee1a3f1e063ceeaf5642068c6a6aa895e655bcfb257bdd,c-micro-nccl-2.20.5-defaul-r000001-714bdad932a8c903,714bdad932a8c90329f146badd2773ca9999b7078276336cc4434efcafcc6c42,a-000001,5b302d7e282022127e63e47f0402ccc061a3181781d11ba4d3456d0190b6aea4,nccl-2.20.5-default,micro,1,131.072000,200,commcanary.rostam.physical.micro-measurement.v1,commcanary.rostam.physical.micro-producer.v1,91edaa0f5a48ab2f62ca34eda7063d8a163a0b7230195d095799416e01df4479,2855275288e67a1a2d0bbefff0740841fdf0ecf0,false,,8c5f30748596f665cca0bde76d4637074ffff3fa077387dd12b993cf98d2cee6,490d2634705dd4c7e8a82486ec34cce56df20072217ffa2e6a718fe4126ce3da,33b1c598c47e6039015b2cb00c9c03385dd929e88c904d44d233798fc0687599,commcanary-wheel=954c9fe0ef908a448b5343c91e7d58e8785fc20a7fd029b699ca0e252614304d;environment-lock=d4b8b2dc177cb09cea84a5b5a51c99d4510a3270fe70286d2133382fbc4abd8b;param-patch-contract=182942ecf6ed3c0ea267b1660a19be8601c16768640dd6ef3f112601a0b26f34;rostam-catalog=a4926ec9b012724b926fbc583b865bb083b7ad6526fee9ffc3e95129717195b8,python -m experiments.rostam.analyze verify --run-directory experiments/rostam/results/core-20260724-r7 --selection-id primary --verdict-sha256 46d8012b3594c18c96ee1a3f1e063ceeaf5642068c6a6aa895e655bcfb257bdd --output-directory experiments/rostam/results/publications/trusted-join-core-shared-overlap-primary --join-evidence experiments/rostam/results/shared-replay-20260720-r2 primary b6cd1aae4cfb2de020a840f941031d4a910d0d47d4c83aee1c09e0f5f6bc98db --join-evidence experiments/rostam/results/overlap-20260724-r1 primary 5b153d0452df5033261d81f01db74211a0cb87015694b25190d8aa69650507fd --baseline-config nccl-2.19.3-default --candidate-config nccl-2.20.5-default --median-threshold-pct 8.0 --median-absolute-threshold-us 1.0
measurement,COMPLETE,false,,core-20260724-r7,3bd321ec960c2bce0e6c0ff9aba8bb2be89cb19bdb99011a838cbd79068835b8,primary,d01db822c8e909fe2dbfac157bf62eeeb370a3eef45168f4eb1ff5023fbd4e3a,46d8012b3594c18c96ee1a3f1e063ceeaf5642068c6a6aa895e655bcfb257bdd,c-micro-nccl-2.20.5-defaul-r000002-4ee5ff283e40312c,4ee5ff283e40312ca0c60e7d330664f4769a208b8f1c2a982d91997cf35491b4,a-000001,64723ce920cf8b703e140507024965c01035c6e91a1e2592f32b829a2805ee8d,nccl-2.20.5-default,micro,2,131.584000,200,commcanary.rostam.physical.micro-measurement.v1,commcanary.rostam.physical.micro-producer.v1,8cccc804c0e532587628bb805a28c0fc567afacda17b677d94c66fa82057b124,2855275288e67a1a2d0bbefff0740841fdf0ecf0,false,,8c5f30748596f665cca0bde76d4637074ffff3fa077387dd12b993cf98d2cee6,85ab6df5dad5d17a4a4f5cb949ae0105ce5ee5d884efa52e360799f9595b7e21,adffecb5132a5bc88339fdd6d39fd2b6252f304903b424ceca15e1a8dc45f008,commcanary-wheel=954c9fe0ef908a448b5343c91e7d58e8785fc20a7fd029b699ca0e252614304d;environment-lock=d4b8b2dc177cb09cea84a5b5a51c99d4510a3270fe70286d2133382fbc4abd8b;param-patch-contract=182942ecf6ed3c0ea267b1660a19be8601c16768640dd6ef3f112601a0b26f34;rostam-catalog=a4926ec9b012724b926fbc583b865bb083b7ad6526fee9ffc3e95129717195b8,python -m experiments.rostam.analyze verify --run-directory experiments/rostam/results/core-20260724-r7 --selection-id primary --verdict-sha256 46d8012b3594c18c96ee1a3f1e063ceeaf5642068c6a6aa895e655bcfb257bdd --output-directory experiments/rostam/results/publications/trusted-join-core-shared-overlap-primary --join-evidence experiments/rostam/results/shared-replay-20260720-r2 primary b6cd1aae4cfb2de020a840f941031d4a910d0d47d4c83aee1c09e0f5f6bc98db --join-evidence experiments/rostam/results/overlap-20260724-r1 primary 5b153d0452df5033261d81f01db74211a0cb87015694b25190d8aa69650507fd --baseline-config nccl-2.19.3-default --candidate-config nccl-2.20.5-default --median-threshold-pct 8.0 --median-absolute-threshold-us 1.0
measurement,COMPLETE,false,,core-20260724-r7,3bd321ec960c2bce0e6c0ff9aba8bb2be89cb19bdb99011a838cbd79068835b8,primary,d01db822c8e909fe2dbfac157bf62eeeb370a3eef45168f4eb1ff5023fbd4e3a,46d8012b3594c18c96ee1a3f1e063ceeaf5642068c6a6aa895e655bcfb257bdd,c-micro-nccl-2.20.5-defaul-r000003-a5c2cfde53a55728,a5c2cfde53a55728cedfe380029607e35d5ad47e820f49406e3bb1a9f61dbb45,a-000001,eb640aa3eb5bb8ea4c65eee56077e41cd0cd57ac3eafc7af089d06bad05d7393,nccl-2.20.5-default,micro,3,129.536000,200,commcanary.rostam.physical.micro-measurement.v1,commcanary.rostam.physical.micro-producer.v1,45bb55bc4f905b84ad9f2c3e84de31982fd11f4b3f6fd370a1e908a39f4b40af,2855275288e67a1a2d0bbefff0740841fdf0ecf0,false,,8c5f30748596f665cca0bde76d4637074ffff3fa077387dd12b993cf98d2cee6,8ed67fd91812a2df60df7b2106174f5e62432f685aa8c750bfa4b6cba0b6222f,d458a987c2d4016ee4924f17e0f1177ff144a221ccc08a7ddb61733ec3a506ea,commcanary-wheel=954c9fe0ef908a448b5343c91e7d58e8785fc20a7fd029b699ca0e252614304d;environment-lock=d4b8b2dc177cb09cea84a5b5a51c99d4510a3270fe70286d2133382fbc4abd8b;param-patch-contract=182942ecf6ed3c0ea267b1660a19be8601c16768640dd6ef3f112601a0b26f34;rostam-catalog=a4926ec9b012724b926fbc583b865bb083b7ad6526fee9ffc3e95129717195b8,python -m experiments.rostam.analyze verify --run-directory experiments/rostam/results/core-20260724-r7 --selection-id primary --verdict-sha256 46d8012b3594c18c96ee1a3f1e063ceeaf5642068c6a6aa895e655bcfb257bdd --output-directory experiments/rostam/results/publications/trusted-join-core-shared-overlap-primary --join-evidence experiments/rostam/results/shared-replay-20260720-r2 primary b6cd1aae4cfb2de020a840f941031d4a910d0d47d4c83aee1c09e0f5f6bc98db --join-evidence experiments/rostam/results/overlap-20260724-r1 primary 5b153d0452df5033261d81f01db74211a0cb87015694b25190d8aa69650507fd --baseline-config nccl-2.19.3-default --candidate-config nccl-2.20.5-default --median-threshold-pct 8.0 --median-absolute-threshold-us 1.0
measurement,COMPLETE,false,,core-20260724-r7,3bd321ec960c2bce0e6c0ff9aba8bb2be89cb19bdb99011a838cbd79068835b8,primary,d01db822c8e909fe2dbfac157bf62eeeb370a3eef45168f4eb1ff5023fbd4e3a,46d8012b3594c18c96ee1a3f1e063ceeaf5642068c6a6aa895e655bcfb257bdd,c-micro-nccl-2.20.5-defaul-r000004-5401c07cfd137062,5401c07cfd137062bec9eddd69036c8ca0e88486a78b1d80372ebaafd78072ed,a-000001,cccf27d5a0d8dba777485db03a79c164dd7012725d0b73bddda22c9382176d8f,nccl-2.20.5-default,micro,4,131.072000,200,commcanary.rostam.physical.micro-measurement.v1,commcanary.rostam.physical.micro-producer.v1,a508c0aae732ef22a588b0909f9ce17b08ef97e94986e6773086a218cb0a65b9,2855275288e67a1a2d0bbefff0740841fdf0ecf0,false,,8c5f30748596f665cca0bde76d4637074ffff3fa077387dd12b993cf98d2cee6,3ab0fd5dae93f7bc78d1159ae76240aaa3a90331601a1f064eefefe0ceffa0f1,0f213ff10f63c04a9a86e6ca282cbfefdc4502ff184f711384400d8c06054244,commcanary-wheel=954c9fe0ef908a448b5343c91e7d58e8785fc20a7fd029b699ca0e252614304d;environment-lock=d4b8b2dc177cb09cea84a5b5a51c99d4510a3270fe70286d2133382fbc4abd8b;param-patch-contract=182942ecf6ed3c0ea267b1660a19be8601c16768640dd6ef3f112601a0b26f34;rostam-catalog=a4926ec9b012724b926fbc583b865bb083b7ad6526fee9ffc3e95129717195b8,python -m experiments.rostam.analyze verify --run-directory experiments/rostam/results/core-20260724-r7 --selection-id primary --verdict-sha256 46d8012b3594c18c96ee1a3f1e063ceeaf5642068c6a6aa895e655bcfb257bdd --output-directory experiments/rostam/results/publications/trusted-join-core-shared-overlap-primary --join-evidence experiments/rostam/results/shared-replay-20260720-r2 primary b6cd1aae4cfb2de020a840f941031d4a910d0d47d4c83aee1c09e0f5f6bc98db --join-evidence experiments/rostam/results/overlap-20260724-r1 primary 5b153d0452df5033261d81f01db74211a0cb87015694b25190d8aa69650507fd --baseline-config nccl-2.19.3-default --candidate-config nccl-2.20.5-default --median-threshold-pct 8.0 --median-absolute-threshold-us 1.0
measurement,COMPLETE,false,,core-20260724-r7,3bd321ec960c2bce0e6c0ff9aba8bb2be89cb19bdb99011a838cbd79068835b8,primary,d01db822c8e909fe2dbfac157bf62eeeb370a3eef45168f4eb1ff5023fbd4e3a,46d8012b3594c18c96ee1a3f1e063ceeaf5642068c6a6aa895e655bcfb257bdd,c-micro-nccl-2.20.5-ring-l-r000000-20e075f5c9d407d3,20e075f5c9d407d347d7ac4b2ba7008c316f0add53f4fcd1a77cce1ac51f3fab,a-000001,c0a0c81e23347d32bf4d3479c13bdfa4256f73489edb37bfeca77ed3be0ea044,nccl-2.20.5-ring-ll128,micro,0,109.568000,200,commcanary.rostam.physical.micro-measurement.v1,commcanary.rostam.physical.micro-producer.v1,81c05014105b613a61f6c0942145cfa6ec91403e3aa02808feb28e544eb1dd42,2855275288e67a1a2d0bbefff0740841fdf0ecf0,false,,8c5f30748596f665cca0bde76d4637074ffff3fa077387dd12b993cf98d2cee6,baa5642db25f32e411dd746216bf3d07efbea37aa134b607ae326f80f7b154b7,1aba0cc3ef7f363caaf2722d27a7541d49fc2c79d9828f6ff24ae9c0f6119bed,commcanary-wheel=954c9fe0ef908a448b5343c91e7d58e8785fc20a7fd029b699ca0e252614304d;environment-lock=d4b8b2dc177cb09cea84a5b5a51c99d4510a3270fe70286d2133382fbc4abd8b;param-patch-contract=182942ecf6ed3c0ea267b1660a19be8601c16768640dd6ef3f112601a0b26f34;rostam-catalog=a4926ec9b012724b926fbc583b865bb083b7ad6526fee9ffc3e95129717195b8,python -m experiments.rostam.analyze verify --run-directory experiments/rostam/results/core-20260724-r7 --selection-id primary --verdict-sha256 46d8012b3594c18c96ee1a3f1e063ceeaf5642068c6a6aa895e655bcfb257bdd --output-directory experiments/rostam/results/publications/trusted-join-core-shared-overlap-primary --join-evidence experiments/rostam/results/shared-replay-20260720-r2 primary b6cd1aae4cfb2de020a840f941031d4a910d0d47d4c83aee1c09e0f5f6bc98db --join-evidence experiments/rostam/results/overlap-20260724-r1 primary 5b153d0452df5033261d81f01db74211a0cb87015694b25190d8aa69650507fd --baseline-config nccl-2.19.3-default --candidate-config nccl-2.20.5-default --median-threshold-pct 8.0 --median-absolute-threshold-us 1.0
measurement,COMPLETE,false,,core-20260724-r7,3bd321ec960c2bce0e6c0ff9aba8bb2be89cb19bdb99011a838cbd79068835b8,primary,d01db822c8e909fe2dbfac157bf62eeeb370a3eef45168f4eb1ff5023fbd4e3a,46d8012b3594c18c96ee1a3f1e063ceeaf5642068c6a6aa895e655bcfb257bdd,c-micro-nccl-2.20.5-ring-l-r000000-bc8831d53f071e39,bc8831d53f071e3973867f57907b39528893bdfc33bc76ac0dd7f46405e5173d,a-000001,2e412347c1d4235260e3c644d9498c177e6ee55dafdabacfa59c9df7bbf524f6,nccl-2.20.5-ring-ll,micro,0,109.056000,200,commcanary.rostam.physical.micro-measurement.v1,commcanary.rostam.physical.micro-producer.v1,83b41a0228994d6e69da36ba7125fbaee9e135b0a16751bf8c9953e734642dac,2855275288e67a1a2d0bbefff0740841fdf0ecf0,false,,8c5f30748596f665cca0bde76d4637074ffff3fa077387dd12b993cf98d2cee6,958ec11d22f99ee098756a079bb0361f93059e50d326bf94ebf5b02da3bdb186,d0e94f2ac419f15b12e1de18acd16c0b65999c8c8a16d8a186ff2d792dfc5d83,commcanary-wheel=954c9fe0ef908a448b5343c91e7d58e8785fc20a7fd029b699ca0e252614304d;environment-lock=d4b8b2dc177cb09cea84a5b5a51c99d4510a3270fe70286d2133382fbc4abd8b;param-patch-contract=182942ecf6ed3c0ea267b1660a19be8601c16768640dd6ef3f112601a0b26f34;rostam-catalog=a4926ec9b012724b926fbc583b865bb083b7ad6526fee9ffc3e95129717195b8,python -m experiments.rostam.analyze verify --run-directory experiments/rostam/results/core-20260724-r7 --selection-id primary --verdict-sha256 46d8012b3594c18c96ee1a3f1e063ceeaf5642068c6a6aa895e655bcfb257bdd --output-directory experiments/rostam/results/publications/trusted-join-core-shared-overlap-primary --join-evidence experiments/rostam/results/shared-replay-20260720-r2 primary b6cd1aae4cfb2de020a840f941031d4a910d0d47d4c83aee1c09e0f5f6bc98db --join-evidence experiments/rostam/results/overlap-20260724-r1 primary 5b153d0452df5033261d81f01db74211a0cb87015694b25190d8aa69650507fd --baseline-config nccl-2.19.3-default --candidate-config nccl-2.20.5-default --median-threshold-pct 8.0 --median-absolute-threshold-us 1.0
measurement,COMPLETE,false,,core-20260724-r7,3bd321ec960c2bce0e6c0ff9aba8bb2be89cb19bdb99011a838cbd79068835b8,primary,d01db822c8e909fe2dbfac157bf62eeeb370a3eef45168f4eb1ff5023fbd4e3a,46d8012b3594c18c96ee1a3f1e063ceeaf5642068c6a6aa895e655bcfb257bdd,c-micro-nccl-2.20.5-ring-l-r000001-78356deeb7891b72,78356deeb7891b7290b34a25a9e952ed857511d79029f1ab6349bd675a58f8db,a-000001,a57faca3f2a9fe6f2f17a66134bfe9abf91bd578db3726778aeb57b3f59a710f,nccl-2.20.5-ring-ll,micro,1,104.448000,200,commcanary.rostam.physical.micro-measurement.v1,commcanary.rostam.physical.micro-producer.v1,3d47da9dd3a06d292214e3ea1cf899a7626d0f9803217492e4885791891e01da,2855275288e67a1a2d0bbefff0740841fdf0ecf0,false,,8c5f30748596f665cca0bde76d4637074ffff3fa077387dd12b993cf98d2cee6,6c5d3109fa9f61b972aab647bf443aff45b88ede41b7664712a3c329e301e75d,d979efbde9dbece02b906e18da25d64ff634080b6935ce42a45b1b06d1dba90d,commcanary-wheel=954c9fe0ef908a448b5343c91e7d58e8785fc20a7fd029b699ca0e252614304d;environment-lock=d4b8b2dc177cb09cea84a5b5a51c99d4510a3270fe70286d2133382fbc4abd8b;param-patch-contract=182942ecf6ed3c0ea267b1660a19be8601c16768640dd6ef3f112601a0b26f34;rostam-catalog=a4926ec9b012724b926fbc583b865bb083b7ad6526fee9ffc3e95129717195b8,python -m experiments.rostam.analyze verify --run-directory experiments/rostam/results/core-20260724-r7 --selection-id primary --verdict-sha256 46d8012b3594c18c96ee1a3f1e063ceeaf5642068c6a6aa895e655bcfb257bdd --output-directory experiments/rostam/results/publications/trusted-join-core-shared-overlap-primary --join-evidence experiments/rostam/results/shared-replay-20260720-r2 primary b6cd1aae4cfb2de020a840f941031d4a910d0d47d4c83aee1c09e0f5f6bc98db --join-evidence experiments/rostam/results/overlap-20260724-r1 primary 5b153d0452df5033261d81f01db74211a0cb87015694b25190d8aa69650507fd --baseline-config nccl-2.19.3-default --candidate-config nccl-2.20.5-default --median-threshold-pct 8.0 --median-absolute-threshold-us 1.0
measurement,COMPLETE,false,,core-20260724-r7,3bd321ec960c2bce0e6c0ff9aba8bb2be89cb19bdb99011a838cbd79068835b8,primary,d01db822c8e909fe2dbfac157bf62eeeb370a3eef45168f4eb1ff5023fbd4e3a,46d8012b3594c18c96ee1a3f1e063ceeaf5642068c6a6aa895e655bcfb257bdd,c-micro-nccl-2.20.5-ring-l-r000001-ac025854b56fa8e7,ac025854b56fa8e71c492c05b3ca7876b0931eb02407ef648d56fe964e1c216d,a-000001,5c86d4b9c231960e832e677e9add092b4f95e14c800319d308c34bbb9ca2f527,nccl-2.20.5-ring-ll128,micro,1,110.080000,200,commcanary.rostam.physical.micro-measurement.v1,commcanary.rostam.physical.micro-producer.v1,ff0e15e327544665b075d6ebc102eb97508aa520131ee59140366c86cb191d4e,2855275288e67a1a2d0bbefff0740841fdf0ecf0,false,,8c5f30748596f665cca0bde76d4637074ffff3fa077387dd12b993cf98d2cee6,8057036d6b1f4706e595eb813cef37c2a8d512fcbe02bc7ef7ef6696a09c8cfa,128b2c978df734f752a0811b1754bd9427cb29f88e7f455ee6b12a95147b1d70,commcanary-wheel=954c9fe0ef908a448b5343c91e7d58e8785fc20a7fd029b699ca0e252614304d;environment-lock=d4b8b2dc177cb09cea84a5b5a51c99d4510a3270fe70286d2133382fbc4abd8b;param-patch-contract=182942ecf6ed3c0ea267b1660a19be8601c16768640dd6ef3f112601a0b26f34;rostam-catalog=a4926ec9b012724b926fbc583b865bb083b7ad6526fee9ffc3e95129717195b8,python -m experiments.rostam.analyze verify --run-directory experiments/rostam/results/core-20260724-r7 --selection-id primary --verdict-sha256 46d8012b3594c18c96ee1a3f1e063ceeaf5642068c6a6aa895e655bcfb257bdd --output-directory experiments/rostam/results/publications/trusted-join-core-shared-overlap-primary --join-evidence experiments/rostam/results/shared-replay-20260720-r2 primary b6cd1aae4cfb2de020a840f941031d4a910d0d47d4c83aee1c09e0f5f6bc98db --join-evidence experiments/rostam/results/overlap-20260724-r1 primary 5b153d0452df5033261d81f01db74211a0cb87015694b25190d8aa69650507fd --baseline-config nccl-2.19.3-default --candidate-config nccl-2.20.5-default --median-threshold-pct 8.0 --median-absolute-threshold-us 1.0
measurement,COMPLETE,false,,core-20260724-r7,3bd321ec960c2bce0e6c0ff9aba8bb2be89cb19bdb99011a838cbd79068835b8,primary,d01db822c8e909fe2dbfac157bf62eeeb370a3eef45168f4eb1ff5023fbd4e3a,46d8012b3594c18c96ee1a3f1e063ceeaf5642068c6a6aa895e655bcfb257bdd,c-micro-nccl-2.20.5-ring-l-r000002-836cd8f6e50fcbc0,836cd8f6e50fcbc0640bbef87b9ea46723242ce1c57203c5154c1f66ff55171e,a-000001,e5fea8d356c03dacc256c34e335bb7e213ecce4866fb65df5b57f6a7e6258240,nccl-2.20.5-ring-ll,micro,2,104.960000,200,commcanary.rostam.physical.micro-measurement.v1,commcanary.rostam.physical.micro-producer.v1,428f163d3566bfea5d6d5fe5ef4eddde69b62dab3961950104d6d00796cf3668,2855275288e67a1a2d0bbefff0740841fdf0ecf0,false,,8c5f30748596f665cca0bde76d4637074ffff3fa077387dd12b993cf98d2cee6,c2eec4fa2756e62b02508a37117539c74184c8a41ea123d553a92a17e8c7788d,576b91def5f5c84138e7ea819893e8b7c55729727651c049f2e16287a675aab1,commcanary-wheel=954c9fe0ef908a448b5343c91e7d58e8785fc20a7fd029b699ca0e252614304d;environment-lock=d4b8b2dc177cb09cea84a5b5a51c99d4510a3270fe70286d2133382fbc4abd8b;param-patch-contract=182942ecf6ed3c0ea267b1660a19be8601c16768640dd6ef3f112601a0b26f34;rostam-catalog=a4926ec9b012724b926fbc583b865bb083b7ad6526fee9ffc3e95129717195b8,python -m experiments.rostam.analyze verify --run-directory experiments/rostam/results/core-20260724-r7 --selection-id primary --verdict-sha256 46d8012b3594c18c96ee1a3f1e063ceeaf5642068c6a6aa895e655bcfb257bdd --output-directory experiments/rostam/results/publications/trusted-join-core-shared-overlap-primary --join-evidence experiments/rostam/results/shared-replay-20260720-r2 primary b6cd1aae4cfb2de020a840f941031d4a910d0d47d4c83aee1c09e0f5f6bc98db --join-evidence experiments/rostam/results/overlap-20260724-r1 primary 5b153d0452df5033261d81f01db74211a0cb87015694b25190d8aa69650507fd --baseline-config nccl-2.19.3-default --candidate-config nccl-2.20.5-default --median-threshold-pct 8.0 --median-absolute-threshold-us 1.0
measurement,COMPLETE,false,,core-20260724-r7,3bd321ec960c2bce0e6c0ff9aba8bb2be89cb19bdb99011a838cbd79068835b8,primary,d01db822c8e909fe2dbfac157bf62eeeb370a3eef45168f4eb1ff5023fbd4e3a,46d8012b3594c18c96ee1a3f1e063ceeaf5642068c6a6aa895e655bcfb257bdd,c-micro-nccl-2.20.5-ring-l-r000002-d83c7163ba493c36,d83c7163ba493c36cf2a981fdcdacd24122ac2909e6167056a7ed4248542c75a,a-000001,591d9a7003103ab1e06e7a42dc192cf77e844df5e2edd79600c24bc95cdddf80,nccl-2.20.5-ring-ll128,micro,2,111.616000,200,commcanary.rostam.physical.micro-measurement.v1,commcanary.rostam.physical.micro-producer.v1,4e1d3286463d07274564210f4146686fc018da078f0daacb1f6654dfd7cdf1c3,2855275288e67a1a2d0bbefff0740841fdf0ecf0,false,,8c5f30748596f665cca0bde76d4637074ffff3fa077387dd12b993cf98d2cee6,fd5f4022fe292abcd548e4c6828feb4fd7bae37f30eda27f49635433286692d5,dfa6d215ef180c751204479097f25e269864bf79d4397790b0a2318ad0dd6229,commcanary-wheel=954c9fe0ef908a448b5343c91e7d58e8785fc20a7fd029b699ca0e252614304d;environment-lock=d4b8b2dc177cb09cea84a5b5a51c99d4510a3270fe70286d2133382fbc4abd8b;param-patch-contract=182942ecf6ed3c0ea267b1660a19be8601c16768640dd6ef3f112601a0b26f34;rostam-catalog=a4926ec9b012724b926fbc583b865bb083b7ad6526fee9ffc3e95129717195b8,python -m experiments.rostam.analyze verify --run-directory experiments/rostam/results/core-20260724-r7 --selection-id primary --verdict-sha256 46d8012b3594c18c96ee1a3f1e063ceeaf5642068c6a6aa895e655bcfb257bdd --output-directory experiments/rostam/results/publications/trusted-join-core-shared-overlap-primary --join-evidence experiments/rostam/results/shared-replay-20260720-r2 primary b6cd1aae4cfb2de020a840f941031d4a910d0d47d4c83aee1c09e0f5f6bc98db --join-evidence experiments/rostam/results/overlap-20260724-r1 primary 5b153d0452df5033261d81f01db74211a0cb87015694b25190d8aa69650507fd --baseline-config nccl-2.19.3-default --candidate-config nccl-2.20.5-default --median-threshold-pct 8.0 --median-absolute-threshold-us 1.0
measurement,COMPLETE,false,,core-20260724-r7,3bd321ec960c2bce0e6c0ff9aba8bb2be89cb19bdb99011a838cbd79068835b8,primary,d01db822c8e909fe2dbfac157bf62eeeb370a3eef45168f4eb1ff5023fbd4e3a,46d8012b3594c18c96ee1a3f1e063ceeaf5642068c6a6aa895e655bcfb257bdd,c-micro-nccl-2.20.5-ring-l-r000003-4ac6965caecb6aa1,4ac6965caecb6aa14a30f81c78fbb5c49e6025b87242c8d7598b166c3850feab,a-000001,257689ac4b528c88cff37d6895c96802fa9863ba3058ab3b574e1b2a75a8cef1,nccl-2.20.5-ring-ll,micro,3,107.520000,200,commcanary.rostam.physical.micro-measurement.v1,commcanary.rostam.physical.micro-producer.v1,58357d2804170dd81cbb8fcbc134dde06087a3eded291b9db938886acacf2970,2855275288e67a1a2d0bbefff0740841fdf0ecf0,false,,8c5f30748596f665cca0bde76d4637074ffff3fa077387dd12b993cf98d2cee6,0922cba98929e1a3cc479539da210936b01aac541d6e22af5ebd3d0434c7ac4e,12520e5d82658857c92ad0528bdbb6a1840b10605176534ed43b1a7a83be665d,commcanary-wheel=954c9fe0ef908a448b5343c91e7d58e8785fc20a7fd029b699ca0e252614304d;environment-lock=d4b8b2dc177cb09cea84a5b5a51c99d4510a3270fe70286d2133382fbc4abd8b;param-patch-contract=182942ecf6ed3c0ea267b1660a19be8601c16768640dd6ef3f112601a0b26f34;rostam-catalog=a4926ec9b012724b926fbc583b865bb083b7ad6526fee9ffc3e95129717195b8,python -m experiments.rostam.analyze verify --run-directory experiments/rostam/results/core-20260724-r7 --selection-id primary --verdict-sha256 46d8012b3594c18c96ee1a3f1e063ceeaf5642068c6a6aa895e655bcfb257bdd --output-directory experiments/rostam/results/publications/trusted-join-core-shared-overlap-primary --join-evidence experiments/rostam/results/shared-replay-20260720-r2 primary b6cd1aae4cfb2de020a840f941031d4a910d0d47d4c83aee1c09e0f5f6bc98db --join-evidence experiments/rostam/results/overlap-20260724-r1 primary 5b153d0452df5033261d81f01db74211a0cb87015694b25190d8aa69650507fd --baseline-config nccl-2.19.3-default --candidate-config nccl-2.20.5-default --median-threshold-pct 8.0 --median-absolute-threshold-us 1.0
measurement,COMPLETE,false,,core-20260724-r7,3bd321ec960c2bce0e6c0ff9aba8bb2be89cb19bdb99011a838cbd79068835b8,primary,d01db822c8e909fe2dbfac157bf62eeeb370a3eef45168f4eb1ff5023fbd4e3a,46d8012b3594c18c96ee1a3f1e063ceeaf5642068c6a6aa895e655bcfb257bdd,c-micro-nccl-2.20.5-ring-l-r000003-f21d6941c120720a,f21d6941c120720a81c0bf1ad8b968a22d42293893fed2af5e15f7c93bda826f,a-000001,e3d81cb9c094210519cd446e25180f215f51a061e1f96818c5af11b7754369fb,nccl-2.20.5-ring-ll128,micro,3,111.616000,200,commcanary.rostam.physical.micro-measurement.v1,commcanary.rostam.physical.micro-producer.v1,2bc0164bb0a77571189c8ab98d2ddd2fc15cf3b68429070b9801a34ae1e5e1ac,2855275288e67a1a2d0bbefff0740841fdf0ecf0,false,,8c5f30748596f665cca0bde76d4637074ffff3fa077387dd12b993cf98d2cee6,394fe444ef5454a88199a821233d6a04ea41c77d7d0a8891df2c1e40c36bb5fd,71d561604c93501567ca4a34f6aac5ba6cc155aca730e4704a51ab3e43b3ddb5,commcanary-wheel=954c9fe0ef908a448b5343c91e7d58e8785fc20a7fd029b699ca0e252614304d;environment-lock=d4b8b2dc177cb09cea84a5b5a51c99d4510a3270fe70286d2133382fbc4abd8b;param-patch-contract=182942ecf6ed3c0ea267b1660a19be8601c16768640dd6ef3f112601a0b26f34;rostam-catalog=a4926ec9b012724b926fbc583b865bb083b7ad6526fee9ffc3e95129717195b8,python -m experiments.rostam.analyze verify --run-directory experiments/rostam/results/core-20260724-r7 --selection-id primary --verdict-sha256 46d8012b3594c18c96ee1a3f1e063ceeaf5642068c6a6aa895e655bcfb257bdd --output-directory experiments/rostam/results/publications/trusted-join-core-shared-overlap-primary --join-evidence experiments/rostam/results/shared-replay-20260720-r2 primary b6cd1aae4cfb2de020a840f941031d4a910d0d47d4c83aee1c09e0f5f6bc98db --join-evidence experiments/rostam/results/overlap-20260724-r1 primary 5b153d0452df5033261d81f01db74211a0cb87015694b25190d8aa69650507fd --baseline-config nccl-2.19.3-default --candidate-config nccl-2.20.5-default --median-threshold-pct 8.0 --median-absolute-threshold-us 1.0
measurement,COMPLETE,false,,core-20260724-r7,3bd321ec960c2bce0e6c0ff9aba8bb2be89cb19bdb99011a838cbd79068835b8,primary,d01db822c8e909fe2dbfac157bf62eeeb370a3eef45168f4eb1ff5023fbd4e3a,46d8012b3594c18c96ee1a3f1e063ceeaf5642068c6a6aa895e655bcfb257bdd,c-micro-nccl-2.20.5-ring-l-r000004-6bb6e1dbaff07744,6bb6e1dbaff07744ddd7b83948b626a593b58ec2013e70dc2cbec82a59bd06ec,a-000001,6b9fe791a35167be968dab3cafdc3acf5f0ee6ab02d1b16fa078e244304e9dcd,nccl-2.20.5-ring-ll128,micro,4,109.568000,200,commcanary.rostam.physical.micro-measurement.v1,commcanary.rostam.physical.micro-producer.v1,d55aefa4a2e61cbcae091f5f05157e7da5643181a21dc673a9cd38b823be1f4a,2855275288e67a1a2d0bbefff0740841fdf0ecf0,false,,8c5f30748596f665cca0bde76d4637074ffff3fa077387dd12b993cf98d2cee6,a62f0351f0178b9d208eb1c64491dc0529b99637b5c9d9a723d37b4e211dbed5,12837072a8ed79eea3e881962da6f3062fb87c74282f50ca8f521ad3fd2a09b7,commcanary-wheel=954c9fe0ef908a448b5343c91e7d58e8785fc20a7fd029b699ca0e252614304d;environment-lock=d4b8b2dc177cb09cea84a5b5a51c99d4510a3270fe70286d2133382fbc4abd8b;param-patch-contract=182942ecf6ed3c0ea267b1660a19be8601c16768640dd6ef3f112601a0b26f34;rostam-catalog=a4926ec9b012724b926fbc583b865bb083b7ad6526fee9ffc3e95129717195b8,python -m experiments.rostam.analyze verify --run-directory experiments/rostam/results/core-20260724-r7 --selection-id primary --verdict-sha256 46d8012b3594c18c96ee1a3f1e063ceeaf5642068c6a6aa895e655bcfb257bdd --output-directory experiments/rostam/results/publications/trusted-join-core-shared-overlap-primary --join-evidence experiments/rostam/results/shared-replay-20260720-r2 primary b6cd1aae4cfb2de020a840f941031d4a910d0d47d4c83aee1c09e0f5f6bc98db --join-evidence experiments/rostam/results/overlap-20260724-r1 primary 5b153d0452df5033261d81f01db74211a0cb87015694b25190d8aa69650507fd --baseline-config nccl-2.19.3-default --candidate-config nccl-2.20.5-default --median-threshold-pct 8.0 --median-absolute-threshold-us 1.0
measurement,COMPLETE,false,,core-20260724-r7,3bd321ec960c2bce0e6c0ff9aba8bb2be89cb19bdb99011a838cbd79068835b8,primary,d01db822c8e909fe2dbfac157bf62eeeb370a3eef45168f4eb1ff5023fbd4e3a,46d8012b3594c18c96ee1a3f1e063ceeaf5642068c6a6aa895e655bcfb257bdd,c-micro-nccl-2.20.5-ring-l-r000004-e532f64691b11488,e532f64691b11488667d6a846f3be1caf8a516719f6b5cd99b0e56a0810d9167,a-000001,e47b3ee6bae28b7b656eba06f407dcf57ca55cf5190824a2cb35c640b35a492e,nccl-2.20.5-ring-ll,micro,4,104.960000,200,commcanary.rostam.physical.micro-measurement.v1,commcanary.rostam.physical.micro-producer.v1,269e8ed66c60e51514ef83d7c5a6bbf149053da42a6b5f7ed71d5e1544039b92,2855275288e67a1a2d0bbefff0740841fdf0ecf0,false,,8c5f30748596f665cca0bde76d4637074ffff3fa077387dd12b993cf98d2cee6,6d851e024a669da76cc819209e1c1bacf4dcb38d13e6349433237f3157e745da,83cb4cbbf86ff02229445aa6a73a83881a0794ce3845b7e960468bb5c0793201,commcanary-wheel=954c9fe0ef908a448b5343c91e7d58e8785fc20a7fd029b699ca0e252614304d;environment-lock=d4b8b2dc177cb09cea84a5b5a51c99d4510a3270fe70286d2133382fbc4abd8b;param-patch-contract=182942ecf6ed3c0ea267b1660a19be8601c16768640dd6ef3f112601a0b26f34;rostam-catalog=a4926ec9b012724b926fbc583b865bb083b7ad6526fee9ffc3e95129717195b8,python -m experiments.rostam.analyze verify --run-directory experiments/rostam/results/core-20260724-r7 --selection-id primary --verdict-sha256 46d8012b3594c18c96ee1a3f1e063ceeaf5642068c6a6aa895e655bcfb257bdd --output-directory experiments/rostam/results/publications/trusted-join-core-shared-overlap-primary --join-evidence experiments/rostam/results/shared-replay-20260720-r2 primary b6cd1aae4cfb2de020a840f941031d4a910d0d47d4c83aee1c09e0f5f6bc98db --join-evidence experiments/rostam/results/overlap-20260724-r1 primary 5b153d0452df5033261d81f01db74211a0cb87015694b25190d8aa69650507fd --baseline-config nccl-2.19.3-default --candidate-config nccl-2.20.5-default --median-threshold-pct 8.0 --median-absolute-threshold-us 1.0
measurement,COMPLETE,false,,core-20260724-r7,3bd321ec960c2bce0e6c0ff9aba8bb2be89cb19bdb99011a838cbd79068835b8,primary,d01db822c8e909fe2dbfac157bf62eeeb370a3eef45168f4eb1ff5023fbd4e3a,46d8012b3594c18c96ee1a3f1e063ceeaf5642068c6a6aa895e655bcfb257bdd,c-micro-nccl-2.20.5-ring-s-r000000-60b9a3564ebe2a89,60b9a3564ebe2a892f43a65308602a4086407cbe17386bf6073f60c46177df66,a-000001,c948d4a799e5ebd88c49e9d4042e6d24fc9bd37a658729ee57bd103ddfcb50ad,nccl-2.20.5-ring-simple,micro,0,131.072000,200,commcanary.rostam.physical.micro-measurement.v1,commcanary.rostam.physical.micro-producer.v1,028ea27fa4f066ab1f2f2cc20281854cf8fceea7e4beee032032161f19485fb1,2855275288e67a1a2d0bbefff0740841fdf0ecf0,false,,8c5f30748596f665cca0bde76d4637074ffff3fa077387dd12b993cf98d2cee6,d2c6fb41c51f3ce38bb292d0a2b79bf30d205ddcb34ecd35caac97657067f375,570fd48d350fbf1faf4239b735705bcaaff8b7372229f319a3d5023ca91f80ac,commcanary-wheel=954c9fe0ef908a448b5343c91e7d58e8785fc20a7fd029b699ca0e252614304d;environment-lock=d4b8b2dc177cb09cea84a5b5a51c99d4510a3270fe70286d2133382fbc4abd8b;param-patch-contract=182942ecf6ed3c0ea267b1660a19be8601c16768640dd6ef3f112601a0b26f34;rostam-catalog=a4926ec9b012724b926fbc583b865bb083b7ad6526fee9ffc3e95129717195b8,python -m experiments.rostam.analyze verify --run-directory experiments/rostam/results/core-20260724-r7 --selection-id primary --verdict-sha256 46d8012b3594c18c96ee1a3f1e063ceeaf5642068c6a6aa895e655bcfb257bdd --output-directory experiments/rostam/results/publications/trusted-join-core-shared-overlap-primary --join-evidence experiments/rostam/results/shared-replay-20260720-r2 primary b6cd1aae4cfb2de020a840f941031d4a910d0d47d4c83aee1c09e0f5f6bc98db --join-evidence experiments/rostam/results/overlap-20260724-r1 primary 5b153d0452df5033261d81f01db74211a0cb87015694b25190d8aa69650507fd --baseline-config nccl-2.19.3-default --candidate-config nccl-2.20.5-default --median-threshold-pct 8.0 --median-absolute-threshold-us 1.0
measurement,COMPLETE,false,,core-20260724-r7,3bd321ec960c2bce0e6c0ff9aba8bb2be89cb19bdb99011a838cbd79068835b8,primary,d01db822c8e909fe2dbfac157bf62eeeb370a3eef45168f4eb1ff5023fbd4e3a,46d8012b3594c18c96ee1a3f1e063ceeaf5642068c6a6aa895e655bcfb257bdd,c-micro-nccl-2.20.5-ring-s-r000001-3e8fc94f513a5f5e,3e8fc94f513a5f5eb6d1067adc16bd26d371ed00b169bee326faa6d15ff103cd,a-000001,fd66ae475d307c95fc95aaecab1ef3cd194954f365a2f1407e6a5021a0c5bfbe,nccl-2.20.5-ring-simple,micro,1,130.048000,200,commcanary.rostam.physical.micro-measurement.v1,commcanary.rostam.physical.micro-producer.v1,c956dcc528bbdadfcce60438c60114661718118a4fd4913584129d8772ee0ae2,2855275288e67a1a2d0bbefff0740841fdf0ecf0,false,,8c5f30748596f665cca0bde76d4637074ffff3fa077387dd12b993cf98d2cee6,d68d13f18efa64fe6945c6c67a508c3e96b4719d54f0da72c399ec37d405c530,5df53bcac8cd8d293799aaa2db3f1b665f328e3cf4b589314eb881cdc95ecb68,commcanary-wheel=954c9fe0ef908a448b5343c91e7d58e8785fc20a7fd029b699ca0e252614304d;environment-lock=d4b8b2dc177cb09cea84a5b5a51c99d4510a3270fe70286d2133382fbc4abd8b;param-patch-contract=182942ecf6ed3c0ea267b1660a19be8601c16768640dd6ef3f112601a0b26f34;rostam-catalog=a4926ec9b012724b926fbc583b865bb083b7ad6526fee9ffc3e95129717195b8,python -m experiments.rostam.analyze verify --run-directory experiments/rostam/results/core-20260724-r7 --selection-id primary --verdict-sha256 46d8012b3594c18c96ee1a3f1e063ceeaf5642068c6a6aa895e655bcfb257bdd --output-directory experiments/rostam/results/publications/trusted-join-core-shared-overlap-primary --join-evidence experiments/rostam/results/shared-replay-20260720-r2 primary b6cd1aae4cfb2de020a840f941031d4a910d0d47d4c83aee1c09e0f5f6bc98db --join-evidence experiments/rostam/results/overlap-20260724-r1 primary 5b153d0452df5033261d81f01db74211a0cb87015694b25190d8aa69650507fd --baseline-config nccl-2.19.3-default --candidate-config nccl-2.20.5-default --median-threshold-pct 8.0 --median-absolute-threshold-us 1.0
measurement,COMPLETE,false,,core-20260724-r7,3bd321ec960c2bce0e6c0ff9aba8bb2be89cb19bdb99011a838cbd79068835b8,primary,d01db822c8e909fe2dbfac157bf62eeeb370a3eef45168f4eb1ff5023fbd4e3a,46d8012b3594c18c96ee1a3f1e063ceeaf5642068c6a6aa895e655bcfb257bdd,c-micro-nccl-2.20.5-ring-s-r000002-56cec0aa581b96f6,56cec0aa581b96f66bcdf20c3f4c152f0e641e64c1de6d6831864e4378015f9c,a-000001,12ca4b89819e299ac88c967b4fe9a2b2d230f0ee5854b53c655036228b5ed54d,nccl-2.20.5-ring-simple,micro,2,131.584000,200,commcanary.rostam.physical.micro-measurement.v1,commcanary.rostam.physical.micro-producer.v1,c5d9b953f7b10495bc5bd9a40fccbe4586bcea18b2ebc983785e5e363e7b19ee,2855275288e67a1a2d0bbefff0740841fdf0ecf0,false,,8c5f30748596f665cca0bde76d4637074ffff3fa077387dd12b993cf98d2cee6,2c93f972e236a1ef03c9455da88960c9a7db2d6064562c55583a949eedbc5f52,250d03e1826f309203b55ce0899448e0850f02c87e9e72678f001c64f8bce693,commcanary-wheel=954c9fe0ef908a448b5343c91e7d58e8785fc20a7fd029b699ca0e252614304d;environment-lock=d4b8b2dc177cb09cea84a5b5a51c99d4510a3270fe70286d2133382fbc4abd8b;param-patch-contract=182942ecf6ed3c0ea267b1660a19be8601c16768640dd6ef3f112601a0b26f34;rostam-catalog=a4926ec9b012724b926fbc583b865bb083b7ad6526fee9ffc3e95129717195b8,python -m experiments.rostam.analyze verify --run-directory experiments/rostam/results/core-20260724-r7 --selection-id primary --verdict-sha256 46d8012b3594c18c96ee1a3f1e063ceeaf5642068c6a6aa895e655bcfb257bdd --output-directory experiments/rostam/results/publications/trusted-join-core-shared-overlap-primary --join-evidence experiments/rostam/results/shared-replay-20260720-r2 primary b6cd1aae4cfb2de020a840f941031d4a910d0d47d4c83aee1c09e0f5f6bc98db --join-evidence experiments/rostam/results/overlap-20260724-r1 primary 5b153d0452df5033261d81f01db74211a0cb87015694b25190d8aa69650507fd --baseline-config nccl-2.19.3-default --candidate-config nccl-2.20.5-default --median-threshold-pct 8.0 --median-absolute-threshold-us 1.0
measurement,COMPLETE,false,,core-20260724-r7,3bd321ec960c2bce0e6c0ff9aba8bb2be89cb19bdb99011a838cbd79068835b8,primary,d01db822c8e909fe2dbfac157bf62eeeb370a3eef45168f4eb1ff5023fbd4e3a,46d8012b3594c18c96ee1a3f1e063ceeaf5642068c6a6aa895e655bcfb257bdd,c-micro-nccl-2.20.5-ring-s-r000003-c657021bf9f6e9d1,c657021bf9f6e9d1c17d41c7760b8fb8bb4ae1dc0790306d1dd26ab2641ec3b9,a-000001,f80c2be0e707db8245d6949d8880962b9e1d6a94bf098d16a9d1a3e96381a31d,nccl-2.20.5-ring-simple,micro,3,128.000000,200,commcanary.rostam.physical.micro-measurement.v1,commcanary.rostam.physical.micro-producer.v1,95da890417ce1120b4682d8d9d7213dcf6118e96f8fdc1b3424083c19516022a,2855275288e67a1a2d0bbefff0740841fdf0ecf0,false,,8c5f30748596f665cca0bde76d4637074ffff3fa077387dd12b993cf98d2cee6,3ec2098cb353be6d8c212538b5da4d95ec006ce443c80464c3597287b46858a8,42725189e3e74ddeb1ce4c0598bf897a6f5cb5222a4dff2c053910640d027b38,commcanary-wheel=954c9fe0ef908a448b5343c91e7d58e8785fc20a7fd029b699ca0e252614304d;environment-lock=d4b8b2dc177cb09cea84a5b5a51c99d4510a3270fe70286d2133382fbc4abd8b;param-patch-contract=182942ecf6ed3c0ea267b1660a19be8601c16768640dd6ef3f112601a0b26f34;rostam-catalog=a4926ec9b012724b926fbc583b865bb083b7ad6526fee9ffc3e95129717195b8,python -m experiments.rostam.analyze verify --run-directory experiments/rostam/results/core-20260724-r7 --selection-id primary --verdict-sha256 46d8012b3594c18c96ee1a3f1e063ceeaf5642068c6a6aa895e655bcfb257bdd --output-directory experiments/rostam/results/publications/trusted-join-core-shared-overlap-primary --join-evidence experiments/rostam/results/shared-replay-20260720-r2 primary b6cd1aae4cfb2de020a840f941031d4a910d0d47d4c83aee1c09e0f5f6bc98db --join-evidence experiments/rostam/results/overlap-20260724-r1 primary 5b153d0452df5033261d81f01db74211a0cb87015694b25190d8aa69650507fd --baseline-config nccl-2.19.3-default --candidate-config nccl-2.20.5-default --median-threshold-pct 8.0 --median-absolute-threshold-us 1.0
measurement,COMPLETE,false,,core-20260724-r7,3bd321ec960c2bce0e6c0ff9aba8bb2be89cb19bdb99011a838cbd79068835b8,primary,d01db822c8e909fe2dbfac157bf62eeeb370a3eef45168f4eb1ff5023fbd4e3a,46d8012b3594c18c96ee1a3f1e063ceeaf5642068c6a6aa895e655bcfb257bdd,c-micro-nccl-2.20.5-ring-s-r000004-14f20f2e2efa8bf5,14f20f2e2efa8bf56e48bbc66eb27dfb8893fc1cb006345949395b2375cb2aa3,a-000001,5f6358eafb691c2ef7ebf64aca305a2e191cac3705ddd427b57b440ded036c52,nccl-2.20.5-ring-simple,micro,4,131.072000,200,commcanary.rostam.physical.micro-measurement.v1,commcanary.rostam.physical.micro-producer.v1,c546c351b83e773708d0eb4ba804485cdc8a264f82dcc2a8c911fc58b6e84455,2855275288e67a1a2d0bbefff0740841fdf0ecf0,false,,8c5f30748596f665cca0bde76d4637074ffff3fa077387dd12b993cf98d2cee6,e9f515d744170eb04fd74edde1ed8d1a00c0862a42614e6509e35b156c52fdc7,0f2617bedd90fdb80ba78bd7c9142e399bbd0d38e1c2fe55404770e8636c1d88,commcanary-wheel=954c9fe0ef908a448b5343c91e7d58e8785fc20a7fd029b699ca0e252614304d;environment-lock=d4b8b2dc177cb09cea84a5b5a51c99d4510a3270fe70286d2133382fbc4abd8b;param-patch-contract=182942ecf6ed3c0ea267b1660a19be8601c16768640dd6ef3f112601a0b26f34;rostam-catalog=a4926ec9b012724b926fbc583b865bb083b7ad6526fee9ffc3e95129717195b8,python -m experiments.rostam.analyze verify --run-directory experiments/rostam/results/core-20260724-r7 --selection-id primary --verdict-sha256 46d8012b3594c18c96ee1a3f1e063ceeaf5642068c6a6aa895e655bcfb257bdd --output-directory experiments/rostam/results/publications/trusted-join-core-shared-overlap-primary --join-evidence experiments/rostam/results/shared-replay-20260720-r2 primary b6cd1aae4cfb2de020a840f941031d4a910d0d47d4c83aee1c09e0f5f6bc98db --join-evidence experiments/rostam/results/overlap-20260724-r1 primary 5b153d0452df5033261d81f01db74211a0cb87015694b25190d8aa69650507fd --baseline-config nccl-2.19.3-default --candidate-config nccl-2.20.5-default --median-threshold-pct 8.0 --median-absolute-threshold-us 1.0
measurement,COMPLETE,false,,core-20260724-r7,3bd321ec960c2bce0e6c0ff9aba8bb2be89cb19bdb99011a838cbd79068835b8,primary,d01db822c8e909fe2dbfac157bf62eeeb370a3eef45168f4eb1ff5023fbd4e3a,46d8012b3594c18c96ee1a3f1e063ceeaf5642068c6a6aa895e655bcfb257bdd,c-micro-nccl-2.20.5-tree-l-r000000-6ebd17eaec317cce,6ebd17eaec317cce960c629f9a5a14fe1aae30aa8ee1fddd1b9b094967bd2eae,a-000001,73efb90ceea776fabf15194529b9cc7f38c6034facd496369cbeaee3f9d5d4c3,nccl-2.20.5-tree-ll,micro,0,152.576000,200,commcanary.rostam.physical.micro-measurement.v1,commcanary.rostam.physical.micro-producer.v1,4823a28f75069d4563066e6a2012d792456289b0075d689bb7f83e816091fb67,2855275288e67a1a2d0bbefff0740841fdf0ecf0,false,,8c5f30748596f665cca0bde76d4637074ffff3fa077387dd12b993cf98d2cee6,8c774273f2889c1d4667b4a7233b1d8eff185dbdf4546c178d5e0a6922181eda,303d39a27e2af52e1c4f8ceb5fed451f36ea8bae8755ea1e6d11c13e48b25133,commcanary-wheel=954c9fe0ef908a448b5343c91e7d58e8785fc20a7fd029b699ca0e252614304d;environment-lock=d4b8b2dc177cb09cea84a5b5a51c99d4510a3270fe70286d2133382fbc4abd8b;param-patch-contract=182942ecf6ed3c0ea267b1660a19be8601c16768640dd6ef3f112601a0b26f34;rostam-catalog=a4926ec9b012724b926fbc583b865bb083b7ad6526fee9ffc3e95129717195b8,python -m experiments.rostam.analyze verify --run-directory experiments/rostam/results/core-20260724-r7 --selection-id primary --verdict-sha256 46d8012b3594c18c96ee1a3f1e063ceeaf5642068c6a6aa895e655bcfb257bdd --output-directory experiments/rostam/results/publications/trusted-join-core-shared-overlap-primary --join-evidence experiments/rostam/results/shared-replay-20260720-r2 primary b6cd1aae4cfb2de020a840f941031d4a910d0d47d4c83aee1c09e0f5f6bc98db --join-evidence experiments/rostam/results/overlap-20260724-r1 primary 5b153d0452df5033261d81f01db74211a0cb87015694b25190d8aa69650507fd --baseline-config nccl-2.19.3-default --candidate-config nccl-2.20.5-default --median-threshold-pct 8.0 --median-absolute-threshold-us 1.0
measurement,COMPLETE,false,,core-20260724-r7,3bd321ec960c2bce0e6c0ff9aba8bb2be89cb19bdb99011a838cbd79068835b8,primary,d01db822c8e909fe2dbfac157bf62eeeb370a3eef45168f4eb1ff5023fbd4e3a,46d8012b3594c18c96ee1a3f1e063ceeaf5642068c6a6aa895e655bcfb257bdd,c-micro-nccl-2.20.5-tree-l-r000000-aa02a9b08b02af7e,aa02a9b08b02af7ebd13a8ccd73dff75e147f303b1343fa4c8a33550126b1baa,a-000001,88dd948bf1f022061afc13df9d0ed777dcc1b37ef63374f70246289cf8897ce0,nccl-2.20.5-tree-ll128,micro,0,155.648000,200,commcanary.rostam.physical.micro-measurement.v1,commcanary.rostam.physical.micro-producer.v1,56baec1d08918ad89a79b81900acb641dad80c6da2640c064ba9a9e96424667d,2855275288e67a1a2d0bbefff0740841fdf0ecf0,false,,8c5f30748596f665cca0bde76d4637074ffff3fa077387dd12b993cf98d2cee6,b11e4004f816c0fbe62a5d3a0c11033ce8428b7b2a1dc49ab22064f86b1d20fe,8f3e800eecd9bcb4121c8ea435666b4601936f16e129a606faf0f716f7e9273c,commcanary-wheel=954c9fe0ef908a448b5343c91e7d58e8785fc20a7fd029b699ca0e252614304d;environment-lock=d4b8b2dc177cb09cea84a5b5a51c99d4510a3270fe70286d2133382fbc4abd8b;param-patch-contract=182942ecf6ed3c0ea267b1660a19be8601c16768640dd6ef3f112601a0b26f34;rostam-catalog=a4926ec9b012724b926fbc583b865bb083b7ad6526fee9ffc3e95129717195b8,python -m experiments.rostam.analyze verify --run-directory experiments/rostam/results/core-20260724-r7 --selection-id primary --verdict-sha256 46d8012b3594c18c96ee1a3f1e063ceeaf5642068c6a6aa895e655bcfb257bdd --output-directory experiments/rostam/results/publications/trusted-join-core-shared-overlap-primary --join-evidence experiments/rostam/results/shared-replay-20260720-r2 primary b6cd1aae4cfb2de020a840f941031d4a910d0d47d4c83aee1c09e0f5f6bc98db --join-evidence experiments/rostam/results/overlap-20260724-r1 primary 5b153d0452df5033261d81f01db74211a0cb87015694b25190d8aa69650507fd --baseline-config nccl-2.19.3-default --candidate-config nccl-2.20.5-default --median-threshold-pct 8.0 --median-absolute-threshold-us 1.0
measurement,COMPLETE,false,,core-20260724-r7,3bd321ec960c2bce0e6c0ff9aba8bb2be89cb19bdb99011a838cbd79068835b8,primary,d01db822c8e909fe2dbfac157bf62eeeb370a3eef45168f4eb1ff5023fbd4e3a,46d8012b3594c18c96ee1a3f1e063ceeaf5642068c6a6aa895e655bcfb257bdd,c-micro-nccl-2.20.5-tree-l-r000001-080cb9585619249e,080cb9585619249e59999f56cc7c7c105ea4a7028c15fc6282f2b100a584ee4b,a-000001,ec0b44835f4bc795509853a5656a5c4bc8880081fb91d13b844f41eed29a78c3,nccl-2.20.5-tree-ll,micro,1,148.480000,200,commcanary.rostam.physical.micro-measurement.v1,commcanary.rostam.physical.micro-producer.v1,8b833a8e1b28bee74d1b45c1369f96d3461608f2d62a9f5c03c001d6f4aa2d4d,2855275288e67a1a2d0bbefff0740841fdf0ecf0,false,,8c5f30748596f665cca0bde76d4637074ffff3fa077387dd12b993cf98d2cee6,6c1eb4bc0586fe5e011039d66e5700d9b7919c7b1d933bc5ada2bb7ece94301e,207e169430ecd48dfb6f0f0aa41833f64e6a34ac2d7796f2a7804903ba190407,commcanary-wheel=954c9fe0ef908a448b5343c91e7d58e8785fc20a7fd029b699ca0e252614304d;environment-lock=d4b8b2dc177cb09cea84a5b5a51c99d4510a3270fe70286d2133382fbc4abd8b;param-patch-contract=182942ecf6ed3c0ea267b1660a19be8601c16768640dd6ef3f112601a0b26f34;rostam-catalog=a4926ec9b012724b926fbc583b865bb083b7ad6526fee9ffc3e95129717195b8,python -m experiments.rostam.analyze verify --run-directory experiments/rostam/results/core-20260724-r7 --selection-id primary --verdict-sha256 46d8012b3594c18c96ee1a3f1e063ceeaf5642068c6a6aa895e655bcfb257bdd --output-directory experiments/rostam/results/publications/trusted-join-core-shared-overlap-primary --join-evidence experiments/rostam/results/shared-replay-20260720-r2 primary b6cd1aae4cfb2de020a840f941031d4a910d0d47d4c83aee1c09e0f5f6bc98db --join-evidence experiments/rostam/results/overlap-20260724-r1 primary 5b153d0452df5033261d81f01db74211a0cb87015694b25190d8aa69650507fd --baseline-config nccl-2.19.3-default --candidate-config nccl-2.20.5-default --median-threshold-pct 8.0 --median-absolute-threshold-us 1.0
measurement,COMPLETE,false,,core-20260724-r7,3bd321ec960c2bce0e6c0ff9aba8bb2be89cb19bdb99011a838cbd79068835b8,primary,d01db822c8e909fe2dbfac157bf62eeeb370a3eef45168f4eb1ff5023fbd4e3a,46d8012b3594c18c96ee1a3f1e063ceeaf5642068c6a6aa895e655bcfb257bdd,c-micro-nccl-2.20.5-tree-l-r000001-4794620e7f3f4090,4794620e7f3f40900a092e3b3077817df666ec20d7b9dc10e02f78f9e03f1af7,a-000001,4a350aadbe251a53de183169418dbd4272a7d8834961479838f379914bf5e951,nccl-2.20.5-tree-ll128,micro,1,154.624000,200,commcanary.rostam.physical.micro-measurement.v1,commcanary.rostam.physical.micro-producer.v1,0662027923064fbb7d9c45a7e412a1a9b4915c6b42003d03d1ee4c756fadc628,2855275288e67a1a2d0bbefff0740841fdf0ecf0,false,,8c5f30748596f665cca0bde76d4637074ffff3fa077387dd12b993cf98d2cee6,5403e4fb2785b94e90a2b19aced2e2345cb7f7b83a781d85522f80667e9af2e9,5fbf419a10d397e51fd36c068d8dc58f08d627670ff0875045cb4f77e9478fe7,commcanary-wheel=954c9fe0ef908a448b5343c91e7d58e8785fc20a7fd029b699ca0e252614304d;environment-lock=d4b8b2dc177cb09cea84a5b5a51c99d4510a3270fe70286d2133382fbc4abd8b;param-patch-contract=182942ecf6ed3c0ea267b1660a19be8601c16768640dd6ef3f112601a0b26f34;rostam-catalog=a4926ec9b012724b926fbc583b865bb083b7ad6526fee9ffc3e95129717195b8,python -m experiments.rostam.analyze verify --run-directory experiments/rostam/results/core-20260724-r7 --selection-id primary --verdict-sha256 46d8012b3594c18c96ee1a3f1e063ceeaf5642068c6a6aa895e655bcfb257bdd --output-directory experiments/rostam/results/publications/trusted-join-core-shared-overlap-primary --join-evidence experiments/rostam/results/shared-replay-20260720-r2 primary b6cd1aae4cfb2de020a840f941031d4a910d0d47d4c83aee1c09e0f5f6bc98db --join-evidence experiments/rostam/results/overlap-20260724-r1 primary 5b153d0452df5033261d81f01db74211a0cb87015694b25190d8aa69650507fd --baseline-config nccl-2.19.3-default --candidate-config nccl-2.20.5-default --median-threshold-pct 8.0 --median-absolute-threshold-us 1.0
measurement,COMPLETE,false,,core-20260724-r7,3bd321ec960c2bce0e6c0ff9aba8bb2be89cb19bdb99011a838cbd79068835b8,primary,d01db822c8e909fe2dbfac157bf62eeeb370a3eef45168f4eb1ff5023fbd4e3a,46d8012b3594c18c96ee1a3f1e063ceeaf5642068c6a6aa895e655bcfb257bdd,c-micro-nccl-2.20.5-tree-l-r000002-912b57e7cf4e011a,912b57e7cf4e011a14a5833a19910d773509c317dbc4177d87f79d6fa22bc6f8,a-000001,e94c5127679ee89508ef9018fbf02cffe41f7b4a4508d98dc6b5ad2ac2c0ad0d,nccl-2.20.5-tree-ll128,micro,2,157.184000,200,commcanary.rostam.physical.micro-measurement.v1,commcanary.rostam.physical.micro-producer.v1,e08d751eed332ef0f5576edac236e7491d31ea26c7cde3eccfa0e39cd68faf27,2855275288e67a1a2d0bbefff0740841fdf0ecf0,false,,8c5f30748596f665cca0bde76d4637074ffff3fa077387dd12b993cf98d2cee6,219f8fedd4bacd66d0e7b5fe75947e9a214db508f68b2757d6837c5d4903cef6,33b60d939a3c0a07a4316c469977746ac6d3150fe6ee390fa09079b95abd965d,commcanary-wheel=954c9fe0ef908a448b5343c91e7d58e8785fc20a7fd029b699ca0e252614304d;environment-lock=d4b8b2dc177cb09cea84a5b5a51c99d4510a3270fe70286d2133382fbc4abd8b;param-patch-contract=182942ecf6ed3c0ea267b1660a19be8601c16768640dd6ef3f112601a0b26f34;rostam-catalog=a4926ec9b012724b926fbc583b865bb083b7ad6526fee9ffc3e95129717195b8,python -m experiments.rostam.analyze verify --run-directory experiments/rostam/results/core-20260724-r7 --selection-id primary --verdict-sha256 46d8012b3594c18c96ee1a3f1e063ceeaf5642068c6a6aa895e655bcfb257bdd --output-directory experiments/rostam/results/publications/trusted-join-core-shared-overlap-primary --join-evidence experiments/rostam/results/shared-replay-20260720-r2 primary b6cd1aae4cfb2de020a840f941031d4a910d0d47d4c83aee1c09e0f5f6bc98db --join-evidence experiments/rostam/results/overlap-20260724-r1 primary 5b153d0452df5033261d81f01db74211a0cb87015694b25190d8aa69650507fd --baseline-config nccl-2.19.3-default --candidate-config nccl-2.20.5-default --median-threshold-pct 8.0 --median-absolute-threshold-us 1.0
measurement,COMPLETE,false,,core-20260724-r7,3bd321ec960c2bce0e6c0ff9aba8bb2be89cb19bdb99011a838cbd79068835b8,primary,d01db822c8e909fe2dbfac157bf62eeeb370a3eef45168f4eb1ff5023fbd4e3a,46d8012b3594c18c96ee1a3f1e063ceeaf5642068c6a6aa895e655bcfb257bdd,c-micro-nccl-2.20.5-tree-l-r000002-f23482921a82cf77,f23482921a82cf770f1d8fd6825c5a4eade8c0d8f8cdc6a74d2ea7c070f90fe2,a-000001,13ca1fc324a189b024399e9db47e4a536a4a7867e93e2b05bd703e9c830d3d47,nccl-2.20.5-tree-ll,micro,2,151.552000,200,commcanary.rostam.physical.micro-measurement.v1,commcanary.rostam.physical.micro-producer.v1,02b934e80c3c4b5512b9a3bdbbaa862590952a457a0718810c16a0af798393d7,2855275288e67a1a2d0bbefff0740841fdf0ecf0,false,,8c5f30748596f665cca0bde76d4637074ffff3fa077387dd12b993cf98d2cee6,c6f0dfceb30439893e7d0ccc6b9614b628afbefed061e5098bf2f1eb7d6a44d7,264e65189a4ffd5c92806768b62cd2452c757eba9cf81782c5bad866ef03d77b,commcanary-wheel=954c9fe0ef908a448b5343c91e7d58e8785fc20a7fd029b699ca0e252614304d;environment-lock=d4b8b2dc177cb09cea84a5b5a51c99d4510a3270fe70286d2133382fbc4abd8b;param-patch-contract=182942ecf6ed3c0ea267b1660a19be8601c16768640dd6ef3f112601a0b26f34;rostam-catalog=a4926ec9b012724b926fbc583b865bb083b7ad6526fee9ffc3e95129717195b8,python -m experiments.rostam.analyze verify --run-directory experiments/rostam/results/core-20260724-r7 --selection-id primary --verdict-sha256 46d8012b3594c18c96ee1a3f1e063ceeaf5642068c6a6aa895e655bcfb257bdd --output-directory experiments/rostam/results/publications/trusted-join-core-shared-overlap-primary --join-evidence experiments/rostam/results/shared-replay-20260720-r2 primary b6cd1aae4cfb2de020a840f941031d4a910d0d47d4c83aee1c09e0f5f6bc98db --join-evidence experiments/rostam/results/overlap-20260724-r1 primary 5b153d0452df5033261d81f01db74211a0cb87015694b25190d8aa69650507fd --baseline-config nccl-2.19.3-default --candidate-config nccl-2.20.5-default --median-threshold-pct 8.0 --median-absolute-threshold-us 1.0
measurement,COMPLETE,false,,core-20260724-r7,3bd321ec960c2bce0e6c0ff9aba8bb2be89cb19bdb99011a838cbd79068835b8,primary,d01db822c8e909fe2dbfac157bf62eeeb370a3eef45168f4eb1ff5023fbd4e3a,46d8012b3594c18c96ee1a3f1e063ceeaf5642068c6a6aa895e655bcfb257bdd,c-micro-nccl-2.20.5-tree-l-r000003-3cd6af218a1a92d3,3cd6af218a1a92d3985ae1e19f1b34a94bbe1d145816bc2069c351df5ab8b670,a-000001,aa4849c0e283ceee51124bd7bca389aa0bc0ebf6ef3cd9abd8fa63346bb90f37,nccl-2.20.5-tree-ll,micro,3,148.480000,200,commcanary.rostam.physical.micro-measurement.v1,commcanary.rostam.physical.micro-producer.v1,83efc342e034547c6d6e7ec1ebdf9f06b8687147908c36c12f66fe4ab672b047,2855275288e67a1a2d0bbefff0740841fdf0ecf0,false,,8c5f30748596f665cca0bde76d4637074ffff3fa077387dd12b993cf98d2cee6,263820204749b23af96e45b1209103c1fa0188deaf8ca1eb38ae88067fc6b5ab,25ef17a39bf630768c68a605d39a000b495c67c0ca63e0e0e01f033d8b48c6a5,commcanary-wheel=954c9fe0ef908a448b5343c91e7d58e8785fc20a7fd029b699ca0e252614304d;environment-lock=d4b8b2dc177cb09cea84a5b5a51c99d4510a3270fe70286d2133382fbc4abd8b;param-patch-contract=182942ecf6ed3c0ea267b1660a19be8601c16768640dd6ef3f112601a0b26f34;rostam-catalog=a4926ec9b012724b926fbc583b865bb083b7ad6526fee9ffc3e95129717195b8,python -m experiments.rostam.analyze verify --run-directory experiments/rostam/results/core-20260724-r7 --selection-id primary --verdict-sha256 46d8012b3594c18c96ee1a3f1e063ceeaf5642068c6a6aa895e655bcfb257bdd --output-directory experiments/rostam/results/publications/trusted-join-core-shared-overlap-primary --join-evidence experiments/rostam/results/shared-replay-20260720-r2 primary b6cd1aae4cfb2de020a840f941031d4a910d0d47d4c83aee1c09e0f5f6bc98db --join-evidence experiments/rostam/results/overlap-20260724-r1 primary 5b153d0452df5033261d81f01db74211a0cb87015694b25190d8aa69650507fd --baseline-config nccl-2.19.3-default --candidate-config nccl-2.20.5-default --median-threshold-pct 8.0 --median-absolute-threshold-us 1.0
measurement,COMPLETE,false,,core-20260724-r7,3bd321ec960c2bce0e6c0ff9aba8bb2be89cb19bdb99011a838cbd79068835b8,primary,d01db822c8e909fe2dbfac157bf62eeeb370a3eef45168f4eb1ff5023fbd4e3a,46d8012b3594c18c96ee1a3f1e063ceeaf5642068c6a6aa895e655bcfb257bdd,c-micro-nccl-2.20.5-tree-l-r000003-c6815dee8044b10f,c6815dee8044b10f7999df21b6e0babecdff988180f2a7b37ecb0008578e16ff,a-000001,f5cd79b50f14a5dce019034e65b719e21ade7560eb5fe6ab0fad123d45d3bdf3,nccl-2.20.5-tree-ll128,micro,3,153.600000,200,commcanary.rostam.physical.micro-measurement.v1,commcanary.rostam.physical.micro-producer.v1,4f0ab2b2f7006f5f8b0b5ea5b3cb476cdcad3b5fd169828f6820a7c048973c36,2855275288e67a1a2d0bbefff0740841fdf0ecf0,false,,8c5f30748596f665cca0bde76d4637074ffff3fa077387dd12b993cf98d2cee6,dffdf7ec3b114610372d960d6ad28064e61eb92b3d1be859428c0606770dcbd7,d0c712c7bb96e82b1944880457feaa481812039f413657eca335b0743fdae727,commcanary-wheel=954c9fe0ef908a448b5343c91e7d58e8785fc20a7fd029b699ca0e252614304d;environment-lock=d4b8b2dc177cb09cea84a5b5a51c99d4510a3270fe70286d2133382fbc4abd8b;param-patch-contract=182942ecf6ed3c0ea267b1660a19be8601c16768640dd6ef3f112601a0b26f34;rostam-catalog=a4926ec9b012724b926fbc583b865bb083b7ad6526fee9ffc3e95129717195b8,python -m experiments.rostam.analyze verify --run-directory experiments/rostam/results/core-20260724-r7 --selection-id primary --verdict-sha256 46d8012b3594c18c96ee1a3f1e063ceeaf5642068c6a6aa895e655bcfb257bdd --output-directory experiments/rostam/results/publications/trusted-join-core-shared-overlap-primary --join-evidence experiments/rostam/results/shared-replay-20260720-r2 primary b6cd1aae4cfb2de020a840f941031d4a910d0d47d4c83aee1c09e0f5f6bc98db --join-evidence experiments/rostam/results/overlap-20260724-r1 primary 5b153d0452df5033261d81f01db74211a0cb87015694b25190d8aa69650507fd --baseline-config nccl-2.19.3-default --candidate-config nccl-2.20.5-default --median-threshold-pct 8.0 --median-absolute-threshold-us 1.0
measurement,COMPLETE,false,,core-20260724-r7,3bd321ec960c2bce0e6c0ff9aba8bb2be89cb19bdb99011a838cbd79068835b8,primary,d01db822c8e909fe2dbfac157bf62eeeb370a3eef45168f4eb1ff5023fbd4e3a,46d8012b3594c18c96ee1a3f1e063ceeaf5642068c6a6aa895e655bcfb257bdd,c-micro-nccl-2.20.5-tree-l-r000004-15301715350293e8,15301715350293e839947e6568cd23ead5a41df7e79807b2b7f63384378ab0af,a-000001,018efc66715edc54e3cedeeb5ec6e4417db533c82fa2c6b41508ef090e2876fc,nccl-2.20.5-tree-ll128,micro,4,156.672000,200,commcanary.rostam.physical.micro-measurement.v1,commcanary.rostam.physical.micro-producer.v1,803fbc2a0082807d20f91afa20848dc96d9ee8bc777942a8964f6c3b394156a6,2855275288e67a1a2d0bbefff0740841fdf0ecf0,false,,8c5f30748596f665cca0bde76d4637074ffff3fa077387dd12b993cf98d2cee6,9d75e1fb68c3415e1d484a2016bccce3694976c590bb788a9dfd0cdd87e5a107,8c1c249ddbed832af63fde2b8f444ac4c1fc9ee07f5367728606c1adb626be6a,commcanary-wheel=954c9fe0ef908a448b5343c91e7d58e8785fc20a7fd029b699ca0e252614304d;environment-lock=d4b8b2dc177cb09cea84a5b5a51c99d4510a3270fe70286d2133382fbc4abd8b;param-patch-contract=182942ecf6ed3c0ea267b1660a19be8601c16768640dd6ef3f112601a0b26f34;rostam-catalog=a4926ec9b012724b926fbc583b865bb083b7ad6526fee9ffc3e95129717195b8,python -m experiments.rostam.analyze verify --run-directory experiments/rostam/results/core-20260724-r7 --selection-id primary --verdict-sha256 46d8012b3594c18c96ee1a3f1e063ceeaf5642068c6a6aa895e655bcfb257bdd --output-directory experiments/rostam/results/publications/trusted-join-core-shared-overlap-primary --join-evidence experiments/rostam/results/shared-replay-20260720-r2 primary b6cd1aae4cfb2de020a840f941031d4a910d0d47d4c83aee1c09e0f5f6bc98db --join-evidence experiments/rostam/results/overlap-20260724-r1 primary 5b153d0452df5033261d81f01db74211a0cb87015694b25190d8aa69650507fd --baseline-config nccl-2.19.3-default --candidate-config nccl-2.20.5-default --median-threshold-pct 8.0 --median-absolute-threshold-us 1.0
measurement,COMPLETE,false,,core-20260724-r7,3bd321ec960c2bce0e6c0ff9aba8bb2be89cb19bdb99011a838cbd79068835b8,primary,d01db822c8e909fe2dbfac157bf62eeeb370a3eef45168f4eb1ff5023fbd4e3a,46d8012b3594c18c96ee1a3f1e063ceeaf5642068c6a6aa895e655bcfb257bdd,c-micro-nccl-2.20.5-tree-l-r000004-966d468eae7b19b5,966d468eae7b19b5e25c970fcc5e7aa251b9df4db95fb4aaf3d48b0d7d639e48,a-000001,8906056082dd003b1a0c986797932942574f96a7c4eb6b8d78300a997438cb2b,nccl-2.20.5-tree-ll,micro,4,150.528000,200,commcanary.rostam.physical.micro-measurement.v1,commcanary.rostam.physical.micro-producer.v1,1988b609189251b658837f83ef471004e060ab9c55963c0aa76f1a8519b23001,2855275288e67a1a2d0bbefff0740841fdf0ecf0,false,,8c5f30748596f665cca0bde76d4637074ffff3fa077387dd12b993cf98d2cee6,f8f13f62614e223b66afeb1645d6976e5a88fc0d81197c142ea3535228b95940,07e22f4a8de6ff9e22a0a81588969f8125e0eb816b097fbf8ed526d9c4fbe1b1,commcanary-wheel=954c9fe0ef908a448b5343c91e7d58e8785fc20a7fd029b699ca0e252614304d;environment-lock=d4b8b2dc177cb09cea84a5b5a51c99d4510a3270fe70286d2133382fbc4abd8b;param-patch-contract=182942ecf6ed3c0ea267b1660a19be8601c16768640dd6ef3f112601a0b26f34;rostam-catalog=a4926ec9b012724b926fbc583b865bb083b7ad6526fee9ffc3e95129717195b8,python -m experiments.rostam.analyze verify --run-directory experiments/rostam/results/core-20260724-r7 --selection-id primary --verdict-sha256 46d8012b3594c18c96ee1a3f1e063ceeaf5642068c6a6aa895e655bcfb257bdd --output-directory experiments/rostam/results/publications/trusted-join-core-shared-overlap-primary --join-evidence experiments/rostam/results/shared-replay-20260720-r2 primary b6cd1aae4cfb2de020a840f941031d4a910d0d47d4c83aee1c09e0f5f6bc98db --join-evidence experiments/rostam/results/overlap-20260724-r1 primary 5b153d0452df5033261d81f01db74211a0cb87015694b25190d8aa69650507fd --baseline-config nccl-2.19.3-default --candidate-config nccl-2.20.5-default --median-threshold-pct 8.0 --median-absolute-threshold-us 1.0
measurement,COMPLETE,false,,core-20260724-r7,3bd321ec960c2bce0e6c0ff9aba8bb2be89cb19bdb99011a838cbd79068835b8,primary,d01db822c8e909fe2dbfac157bf62eeeb370a3eef45168f4eb1ff5023fbd4e3a,46d8012b3594c18c96ee1a3f1e063ceeaf5642068c6a6aa895e655bcfb257bdd,c-micro-nccl-2.20.5-tree-s-r000000-0b8164034c07b7e8,0b8164034c07b7e8629ec48682a98a184052e6533d1a15a0bc6980fb783dbc66,a-000001,49bd80137fdc24b4abe1ea139e72cfe236ebe04e3df8d4b42d0b733ccd68b10c,nccl-2.20.5-tree-simple,micro,0,206.848000,200,commcanary.rostam.physical.micro-measurement.v1,commcanary.rostam.physical.micro-producer.v1,98d3864e9b712e99368f1157301cb3c632b276fba1e62fb9e5e5302ccfaa33df,2855275288e67a1a2d0bbefff0740841fdf0ecf0,false,,8c5f30748596f665cca0bde76d4637074ffff3fa077387dd12b993cf98d2cee6,025ca1677ad5cf15ea062e70ab5c2a807cea14163580a418bd729cdcadbb3505,d7d3fa23860ca9a0da3d426563d2cc967f51b9729b7de2015e88f49cce1e4004,commcanary-wheel=954c9fe0ef908a448b5343c91e7d58e8785fc20a7fd029b699ca0e252614304d;environment-lock=d4b8b2dc177cb09cea84a5b5a51c99d4510a3270fe70286d2133382fbc4abd8b;param-patch-contract=182942ecf6ed3c0ea267b1660a19be8601c16768640dd6ef3f112601a0b26f34;rostam-catalog=a4926ec9b012724b926fbc583b865bb083b7ad6526fee9ffc3e95129717195b8,python -m experiments.rostam.analyze verify --run-directory experiments/rostam/results/core-20260724-r7 --selection-id primary --verdict-sha256 46d8012b3594c18c96ee1a3f1e063ceeaf5642068c6a6aa895e655bcfb257bdd --output-directory experiments/rostam/results/publications/trusted-join-core-shared-overlap-primary --join-evidence experiments/rostam/results/shared-replay-20260720-r2 primary b6cd1aae4cfb2de020a840f941031d4a910d0d47d4c83aee1c09e0f5f6bc98db --join-evidence experiments/rostam/results/overlap-20260724-r1 primary 5b153d0452df5033261d81f01db74211a0cb87015694b25190d8aa69650507fd --baseline-config nccl-2.19.3-default --candidate-config nccl-2.20.5-default --median-threshold-pct 8.0 --median-absolute-threshold-us 1.0
measurement,COMPLETE,false,,core-20260724-r7,3bd321ec960c2bce0e6c0ff9aba8bb2be89cb19bdb99011a838cbd79068835b8,primary,d01db822c8e909fe2dbfac157bf62eeeb370a3eef45168f4eb1ff5023fbd4e3a,46d8012b3594c18c96ee1a3f1e063ceeaf5642068c6a6aa895e655bcfb257bdd,c-micro-nccl-2.20.5-tree-s-r000001-6f20739e2fef17b6,6f20739e2fef17b61444a0ef70bd7c6746a0d79f8d089c077610e71961cdd676,a-000001,c4fccd5ebebbc75a33e3d5baa7051dedcd6412364e6c88c4dc9268029984eaad,nccl-2.20.5-tree-simple,micro,1,198.656000,200,commcanary.rostam.physical.micro-measurement.v1,commcanary.rostam.physical.micro-producer.v1,7b523a6f73e70f480f9a2c156f9222f11bc713fb5a5f7a49f40bc77df0612184,2855275288e67a1a2d0bbefff0740841fdf0ecf0,false,,8c5f30748596f665cca0bde76d4637074ffff3fa077387dd12b993cf98d2cee6,bec473ea1a1903834d64816236141c704e4d749030197a07dfcb1f23fcd124de,ec20676ae23c47b0616f9fa7a7672747f07c6c32642728738e3e9d57dfa3d8a1,commcanary-wheel=954c9fe0ef908a448b5343c91e7d58e8785fc20a7fd029b699ca0e252614304d;environment-lock=d4b8b2dc177cb09cea84a5b5a51c99d4510a3270fe70286d2133382fbc4abd8b;param-patch-contract=182942ecf6ed3c0ea267b1660a19be8601c16768640dd6ef3f112601a0b26f34;rostam-catalog=a4926ec9b012724b926fbc583b865bb083b7ad6526fee9ffc3e95129717195b8,python -m experiments.rostam.analyze verify --run-directory experiments/rostam/results/core-20260724-r7 --selection-id primary --verdict-sha256 46d8012b3594c18c96ee1a3f1e063ceeaf5642068c6a6aa895e655bcfb257bdd --output-directory experiments/rostam/results/publications/trusted-join-core-shared-overlap-primary --join-evidence experiments/rostam/results/shared-replay-20260720-r2 primary b6cd1aae4cfb2de020a840f941031d4a910d0d47d4c83aee1c09e0f5f6bc98db --join-evidence experiments/rostam/results/overlap-20260724-r1 primary 5b153d0452df5033261d81f01db74211a0cb87015694b25190d8aa69650507fd --baseline-config nccl-2.19.3-default --candidate-config nccl-2.20.5-default --median-threshold-pct 8.0 --median-absolute-threshold-us 1.0
measurement,COMPLETE,false,,core-20260724-r7,3bd321ec960c2bce0e6c0ff9aba8bb2be89cb19bdb99011a838cbd79068835b8,primary,d01db822c8e909fe2dbfac157bf62eeeb370a3eef45168f4eb1ff5023fbd4e3a,46d8012b3594c18c96ee1a3f1e063ceeaf5642068c6a6aa895e655bcfb257bdd,c-micro-nccl-2.20.5-tree-s-r000002-abde9a845011a0a3,abde9a845011a0a3218be80b22cb5ebe7a6131d3b275c48235fa882ac0fad6a4,a-000001,59522ceb279d0f4fd78dff0e81df0f7bc67b05e145aa317d9103916945c9de4c,nccl-2.20.5-tree-simple,micro,2,200.704000,200,commcanary.rostam.physical.micro-measurement.v1,commcanary.rostam.physical.micro-producer.v1,8c838e07dab23195d9b856d9d2166d27777fa72f4bd82392984eac7b97a29978,2855275288e67a1a2d0bbefff0740841fdf0ecf0,false,,8c5f30748596f665cca0bde76d4637074ffff3fa077387dd12b993cf98d2cee6,256581fa7f9d44eb6032fb554a5bdf09a9b694bf6b5305afcdd916b6240e845b,cb64b66dd540c35ae5aff286bece17d0f18aa880e065102941f1fef6b2d1fbf4,commcanary-wheel=954c9fe0ef908a448b5343c91e7d58e8785fc20a7fd029b699ca0e252614304d;environment-lock=d4b8b2dc177cb09cea84a5b5a51c99d4510a3270fe70286d2133382fbc4abd8b;param-patch-contract=182942ecf6ed3c0ea267b1660a19be8601c16768640dd6ef3f112601a0b26f34;rostam-catalog=a4926ec9b012724b926fbc583b865bb083b7ad6526fee9ffc3e95129717195b8,python -m experiments.rostam.analyze verify --run-directory experiments/rostam/results/core-20260724-r7 --selection-id primary --verdict-sha256 46d8012b3594c18c96ee1a3f1e063ceeaf5642068c6a6aa895e655bcfb257bdd --output-directory experiments/rostam/results/publications/trusted-join-core-shared-overlap-primary --join-evidence experiments/rostam/results/shared-replay-20260720-r2 primary b6cd1aae4cfb2de020a840f941031d4a910d0d47d4c83aee1c09e0f5f6bc98db --join-evidence experiments/rostam/results/overlap-20260724-r1 primary 5b153d0452df5033261d81f01db74211a0cb87015694b25190d8aa69650507fd --baseline-config nccl-2.19.3-default --candidate-config nccl-2.20.5-default --median-threshold-pct 8.0 --median-absolute-threshold-us 1.0
measurement,COMPLETE,false,,core-20260724-r7,3bd321ec960c2bce0e6c0ff9aba8bb2be89cb19bdb99011a838cbd79068835b8,primary,d01db822c8e909fe2dbfac157bf62eeeb370a3eef45168f4eb1ff5023fbd4e3a,46d8012b3594c18c96ee1a3f1e063ceeaf5642068c6a6aa895e655bcfb257bdd,c-micro-nccl-2.20.5-tree-s-r000003-d4c2236cf8e9f1c8,d4c2236cf8e9f1c8b232c17346d941fce495460864e86ee087900d739d5a3e15,a-000001,9b75dec8d30481fda8be0639f1046d1bb63a7f46a12d1f830b12414cec61b177,nccl-2.20.5-tree-simple,micro,3,199.680000,200,commcanary.rostam.physical.micro-measurement.v1,commcanary.rostam.physical.micro-producer.v1,b8b1c103352a1422f5a9abc9e918cd044ca75e27bdb73f9bb40fcd13c9280bac,2855275288e67a1a2d0bbefff0740841fdf0ecf0,false,,8c5f30748596f665cca0bde76d4637074ffff3fa077387dd12b993cf98d2cee6,cc746a08e0c656858746c65773142d742be42ea210255363a20b51b1624f9b55,3472025d5652ed5a532c8df5b7f4dedc0971c42002eb7d66019d2bb2b816ced5,commcanary-wheel=954c9fe0ef908a448b5343c91e7d58e8785fc20a7fd029b699ca0e252614304d;environment-lock=d4b8b2dc177cb09cea84a5b5a51c99d4510a3270fe70286d2133382fbc4abd8b;param-patch-contract=182942ecf6ed3c0ea267b1660a19be8601c16768640dd6ef3f112601a0b26f34;rostam-catalog=a4926ec9b012724b926fbc583b865bb083b7ad6526fee9ffc3e95129717195b8,python -m experiments.rostam.analyze verify --run-directory experiments/rostam/results/core-20260724-r7 --selection-id primary --verdict-sha256 46d8012b3594c18c96ee1a3f1e063ceeaf5642068c6a6aa895e655bcfb257bdd --output-directory experiments/rostam/results/publications/trusted-join-core-shared-overlap-primary --join-evidence experiments/rostam/results/shared-replay-20260720-r2 primary b6cd1aae4cfb2de020a840f941031d4a910d0d47d4c83aee1c09e0f5f6bc98db --join-evidence experiments/rostam/results/overlap-20260724-r1 primary 5b153d0452df5033261d81f01db74211a0cb87015694b25190d8aa69650507fd --baseline-config nccl-2.19.3-default --candidate-config nccl-2.20.5-default --median-threshold-pct 8.0 --median-absolute-threshold-us 1.0
measurement,COMPLETE,false,,core-20260724-r7,3bd321ec960c2bce0e6c0ff9aba8bb2be89cb19bdb99011a838cbd79068835b8,primary,d01db822c8e909fe2dbfac157bf62eeeb370a3eef45168f4eb1ff5023fbd4e3a,46d8012b3594c18c96ee1a3f1e063ceeaf5642068c6a6aa895e655bcfb257bdd,c-micro-nccl-2.20.5-tree-s-r000004-d7d8c9912ddcabc1,d7d8c9912ddcabc118225e61bfad5c1015405fc7e72ed3d5ca10f23202f00e15,a-000001,808134c5fa2656f34ee884f83a611e013e65b40d9bb3bb4306bca8f00d7fb812,nccl-2.20.5-tree-simple,micro,4,201.728000,200,commcanary.rostam.physical.micro-measurement.v1,commcanary.rostam.physical.micro-producer.v1,8eebb4b7efee966cc3118b8828b56f236be628eccb6c126e07813edf9a797bfa,2855275288e67a1a2d0bbefff0740841fdf0ecf0,false,,8c5f30748596f665cca0bde76d4637074ffff3fa077387dd12b993cf98d2cee6,cdacc1f806b3189e87ef01e46cac231cbcc850d42b0504399832efd0fcdb43e7,3fab5370d56b821513095edcfb49dfa5a62a5c733ad08fdafb9d5d31c55987c6,commcanary-wheel=954c9fe0ef908a448b5343c91e7d58e8785fc20a7fd029b699ca0e252614304d;environment-lock=d4b8b2dc177cb09cea84a5b5a51c99d4510a3270fe70286d2133382fbc4abd8b;param-patch-contract=182942ecf6ed3c0ea267b1660a19be8601c16768640dd6ef3f112601a0b26f34;rostam-catalog=a4926ec9b012724b926fbc583b865bb083b7ad6526fee9ffc3e95129717195b8,python -m experiments.rostam.analyze verify --run-directory experiments/rostam/results/core-20260724-r7 --selection-id primary --verdict-sha256 46d8012b3594c18c96ee1a3f1e063ceeaf5642068c6a6aa895e655bcfb257bdd --output-directory experiments/rostam/results/publications/trusted-join-core-shared-overlap-primary --join-evidence experiments/rostam/results/shared-replay-20260720-r2 primary b6cd1aae4cfb2de020a840f941031d4a910d0d47d4c83aee1c09e0f5f6bc98db --join-evidence experiments/rostam/results/overlap-20260724-r1 primary 5b153d0452df5033261d81f01db74211a0cb87015694b25190d8aa69650507fd --baseline-config nccl-2.19.3-default --candidate-config nccl-2.20.5-default --median-threshold-pct 8.0 --median-absolute-threshold-us 1.0
measurement,COMPLETE,false,,core-20260724-r7,3bd321ec960c2bce0e6c0ff9aba8bb2be89cb19bdb99011a838cbd79068835b8,primary,d01db822c8e909fe2dbfac157bf62eeeb370a3eef45168f4eb1ff5023fbd4e3a,46d8012b3594c18c96ee1a3f1e063ceeaf5642068c6a6aa895e655bcfb257bdd,c-trace-build-nccl-2.19.3-defaul-r000000-d1a695b20f8ff4ea,d1a695b20f8ff4ea01e4d0d6abc73ff18e03a659439408e409ae43099e675266,a-000001,9439002e02de0dd59328a63f6fc3f79ceb4d4ad182ce021b5ffdb6ec10ca01fd,nccl-2.19.3-default,trace-build,0,75784910.053015,1,commcanary.rostam.physical.capture-measurement.v1,commcanary.rostam.physical.capture-producer.v1,010a412b55f6cd1f080ef9c936f268c94598725eedc5c99b90ce488b442e6ed7,2855275288e67a1a2d0bbefff0740841fdf0ecf0,false,,8c5f30748596f665cca0bde76d4637074ffff3fa077387dd12b993cf98d2cee6,0a3daaa4b07661224dce9622b2bf5a90bb38f9299fa23391f70b72ad7bb6a062,0dacd3d14653a593b97076208f3f041e092501e05b7b51297db6670065795748,commcanary-wheel=954c9fe0ef908a448b5343c91e7d58e8785fc20a7fd029b699ca0e252614304d;environment-lock=d4b8b2dc177cb09cea84a5b5a51c99d4510a3270fe70286d2133382fbc4abd8b;param-patch-contract=182942ecf6ed3c0ea267b1660a19be8601c16768640dd6ef3f112601a0b26f34;rostam-catalog=a4926ec9b012724b926fbc583b865bb083b7ad6526fee9ffc3e95129717195b8,python -m experiments.rostam.analyze verify --run-directory experiments/rostam/results/core-20260724-r7 --selection-id primary --verdict-sha256 46d8012b3594c18c96ee1a3f1e063ceeaf5642068c6a6aa895e655bcfb257bdd --output-directory experiments/rostam/results/publications/trusted-join-core-shared-overlap-primary --join-evidence experiments/rostam/results/shared-replay-20260720-r2 primary b6cd1aae4cfb2de020a840f941031d4a910d0d47d4c83aee1c09e0f5f6bc98db --join-evidence experiments/rostam/results/overlap-20260724-r1 primary 5b153d0452df5033261d81f01db74211a0cb87015694b25190d8aa69650507fd --baseline-config nccl-2.19.3-default --candidate-config nccl-2.20.5-default --median-threshold-pct 8.0 --median-absolute-threshold-us 1.0
measurement,COMPLETE,false,,core-20260724-r7,3bd321ec960c2bce0e6c0ff9aba8bb2be89cb19bdb99011a838cbd79068835b8,primary,d01db822c8e909fe2dbfac157bf62eeeb370a3eef45168f4eb1ff5023fbd4e3a,46d8012b3594c18c96ee1a3f1e063ceeaf5642068c6a6aa895e655bcfb257bdd,c-trace-build-nccl-2.19.3-defaul-r000001-dfcbe213488203c5,dfcbe213488203c56d8e0212a6be2e9db594a2a6345b579493568d1839debaea,a-000001,bda94fe34eb6e2e8b96d7918930cc46b40ff36ee4a1face2fba6a2dfc8743713,nccl-2.19.3-default,trace-build,1,77291741.454974,1,commcanary.rostam.physical.capture-measurement.v1,commcanary.rostam.physical.capture-producer.v1,858a3a8f87da82232a6eac9828aa38315c54824cef9a485f03bd66dd95ee8c48,2855275288e67a1a2d0bbefff0740841fdf0ecf0,false,,8c5f30748596f665cca0bde76d4637074ffff3fa077387dd12b993cf98d2cee6,3f3f19bf5799706e5154f3c803c2bf62a9f80fba1c23526d37b061915698176f,c4c336550af7eb252579ee073d947da250bb1bc5bbf24981e3aa5f27f96abfb2,commcanary-wheel=954c9fe0ef908a448b5343c91e7d58e8785fc20a7fd029b699ca0e252614304d;environment-lock=d4b8b2dc177cb09cea84a5b5a51c99d4510a3270fe70286d2133382fbc4abd8b;param-patch-contract=182942ecf6ed3c0ea267b1660a19be8601c16768640dd6ef3f112601a0b26f34;rostam-catalog=a4926ec9b012724b926fbc583b865bb083b7ad6526fee9ffc3e95129717195b8,python -m experiments.rostam.analyze verify --run-directory experiments/rostam/results/core-20260724-r7 --selection-id primary --verdict-sha256 46d8012b3594c18c96ee1a3f1e063ceeaf5642068c6a6aa895e655bcfb257bdd --output-directory experiments/rostam/results/publications/trusted-join-core-shared-overlap-primary --join-evidence experiments/rostam/results/shared-replay-20260720-r2 primary b6cd1aae4cfb2de020a840f941031d4a910d0d47d4c83aee1c09e0f5f6bc98db --join-evidence experiments/rostam/results/overlap-20260724-r1 primary 5b153d0452df5033261d81f01db74211a0cb87015694b25190d8aa69650507fd --baseline-config nccl-2.19.3-default --candidate-config nccl-2.20.5-default --median-threshold-pct 8.0 --median-absolute-threshold-us 1.0
measurement,COMPLETE,false,,core-20260724-r7,3bd321ec960c2bce0e6c0ff9aba8bb2be89cb19bdb99011a838cbd79068835b8,primary,d01db822c8e909fe2dbfac157bf62eeeb370a3eef45168f4eb1ff5023fbd4e3a,46d8012b3594c18c96ee1a3f1e063ceeaf5642068c6a6aa895e655bcfb257bdd,c-trace-build-nccl-2.19.3-defaul-r000002-a0686fe67a3fe63b,a0686fe67a3fe63bf5cad7e2336e4717026a7b1282c273ee2a16c58cec15d389,a-000001,84f062c46807b2c8bb9e7412b7109b1c5d29d0389a6004145382d327d3eb0441,nccl-2.19.3-default,trace-build,2,60732245.068997,1,commcanary.rostam.physical.capture-measurement.v1,commcanary.rostam.physical.capture-producer.v1,22f5507a1eadfbc5d9e34c7070ccb939a41efaabb97b8c204aff329613ccbfd4,2855275288e67a1a2d0bbefff0740841fdf0ecf0,false,,8c5f30748596f665cca0bde76d4637074ffff3fa077387dd12b993cf98d2cee6,407ee5d0b0d7bc8364c75df8a87908f0007b88e9f2fe06aa8a327b449d9274de,a1a2f15bb16a77d5036a68f827c7a59796823968ee732a3c9d69f15923efc62b,commcanary-wheel=954c9fe0ef908a448b5343c91e7d58e8785fc20a7fd029b699ca0e252614304d;environment-lock=d4b8b2dc177cb09cea84a5b5a51c99d4510a3270fe70286d2133382fbc4abd8b;param-patch-contract=182942ecf6ed3c0ea267b1660a19be8601c16768640dd6ef3f112601a0b26f34;rostam-catalog=a4926ec9b012724b926fbc583b865bb083b7ad6526fee9ffc3e95129717195b8,python -m experiments.rostam.analyze verify --run-directory experiments/rostam/results/core-20260724-r7 --selection-id primary --verdict-sha256 46d8012b3594c18c96ee1a3f1e063ceeaf5642068c6a6aa895e655bcfb257bdd --output-directory experiments/rostam/results/publications/trusted-join-core-shared-overlap-primary --join-evidence experiments/rostam/results/shared-replay-20260720-r2 primary b6cd1aae4cfb2de020a840f941031d4a910d0d47d4c83aee1c09e0f5f6bc98db --join-evidence experiments/rostam/results/overlap-20260724-r1 primary 5b153d0452df5033261d81f01db74211a0cb87015694b25190d8aa69650507fd --baseline-config nccl-2.19.3-default --candidate-config nccl-2.20.5-default --median-threshold-pct 8.0 --median-absolute-threshold-us 1.0
measurement,COMPLETE,false,,core-20260724-r7,3bd321ec960c2bce0e6c0ff9aba8bb2be89cb19bdb99011a838cbd79068835b8,primary,d01db822c8e909fe2dbfac157bf62eeeb370a3eef45168f4eb1ff5023fbd4e3a,46d8012b3594c18c96ee1a3f1e063ceeaf5642068c6a6aa895e655bcfb257bdd,c-trace-build-nccl-2.19.3-defaul-r000003-362fe642ac8e95e9,362fe642ac8e95e93b9f46eef2eebf03488b97ce9e49d1a4ac75d0c09fa6c699,a-000001,642e6367a6e75db3f23c4361424c115240d0bd3275ef576d7425b66f34c40710,nccl-2.19.3-default,trace-build,3,60383709.360845,1,commcanary.rostam.physical.capture-measurement.v1,commcanary.rostam.physical.capture-producer.v1,4aeec26f9447a63f79292700a539fbea6442d8c8fc54fdffd30580119367d626,2855275288e67a1a2d0bbefff0740841fdf0ecf0,false,,8c5f30748596f665cca0bde76d4637074ffff3fa077387dd12b993cf98d2cee6,2a9ca7d54bf5b44c7e5551747e6766593c79ca307e020a7b25ebf2bbc4fe2cbd,3fe4e6936aa43e4108f1222f8bfd4831024b85d2a368e25cfd322e820112bffd,commcanary-wheel=954c9fe0ef908a448b5343c91e7d58e8785fc20a7fd029b699ca0e252614304d;environment-lock=d4b8b2dc177cb09cea84a5b5a51c99d4510a3270fe70286d2133382fbc4abd8b;param-patch-contract=182942ecf6ed3c0ea267b1660a19be8601c16768640dd6ef3f112601a0b26f34;rostam-catalog=a4926ec9b012724b926fbc583b865bb083b7ad6526fee9ffc3e95129717195b8,python -m experiments.rostam.analyze verify --run-directory experiments/rostam/results/core-20260724-r7 --selection-id primary --verdict-sha256 46d8012b3594c18c96ee1a3f1e063ceeaf5642068c6a6aa895e655bcfb257bdd --output-directory experiments/rostam/results/publications/trusted-join-core-shared-overlap-primary --join-evidence experiments/rostam/results/shared-replay-20260720-r2 primary b6cd1aae4cfb2de020a840f941031d4a910d0d47d4c83aee1c09e0f5f6bc98db --join-evidence experiments/rostam/results/overlap-20260724-r1 primary 5b153d0452df5033261d81f01db74211a0cb87015694b25190d8aa69650507fd --baseline-config nccl-2.19.3-default --candidate-config nccl-2.20.5-default --median-threshold-pct 8.0 --median-absolute-threshold-us 1.0
measurement,COMPLETE,false,,core-20260724-r7,3bd321ec960c2bce0e6c0ff9aba8bb2be89cb19bdb99011a838cbd79068835b8,primary,d01db822c8e909fe2dbfac157bf62eeeb370a3eef45168f4eb1ff5023fbd4e3a,46d8012b3594c18c96ee1a3f1e063ceeaf5642068c6a6aa895e655bcfb257bdd,c-trace-build-nccl-2.19.3-defaul-r000004-bf347d24ba09c8d3,bf347d24ba09c8d3166e6da71b371d590a70ad4dbfc21d0e6619edcc55a476ed,a-000001,159bbab0eac718a2d7ca1b46dfb12e3dca558d78e665b3358fbb453ee472eb9e,nccl-2.19.3-default,trace-build,4,60248672.876507,1,commcanary.rostam.physical.capture-measurement.v1,commcanary.rostam.physical.capture-producer.v1,41440c68df458dd66646e4ddf3d8cb651b11d2397c9da8837afc8454da45bc21,2855275288e67a1a2d0bbefff0740841fdf0ecf0,false,,8c5f30748596f665cca0bde76d4637074ffff3fa077387dd12b993cf98d2cee6,82a2f7bafc65105781c66a45b5ac9e0d9f078df1f3955383b7bc0c5805621ef2,c056404192c554290647b488a2c6087036eebe99ed10dc6238f33da44d488b82,commcanary-wheel=954c9fe0ef908a448b5343c91e7d58e8785fc20a7fd029b699ca0e252614304d;environment-lock=d4b8b2dc177cb09cea84a5b5a51c99d4510a3270fe70286d2133382fbc4abd8b;param-patch-contract=182942ecf6ed3c0ea267b1660a19be8601c16768640dd6ef3f112601a0b26f34;rostam-catalog=a4926ec9b012724b926fbc583b865bb083b7ad6526fee9ffc3e95129717195b8,python -m experiments.rostam.analyze verify --run-directory experiments/rostam/results/core-20260724-r7 --selection-id primary --verdict-sha256 46d8012b3594c18c96ee1a3f1e063ceeaf5642068c6a6aa895e655bcfb257bdd --output-directory experiments/rostam/results/publications/trusted-join-core-shared-overlap-primary --join-evidence experiments/rostam/results/shared-replay-20260720-r2 primary b6cd1aae4cfb2de020a840f941031d4a910d0d47d4c83aee1c09e0f5f6bc98db --join-evidence experiments/rostam/results/overlap-20260724-r1 primary 5b153d0452df5033261d81f01db74211a0cb87015694b25190d8aa69650507fd --baseline-config nccl-2.19.3-default --candidate-config nccl-2.20.5-default --median-threshold-pct 8.0 --median-absolute-threshold-us 1.0
measurement,COMPLETE,false,,core-20260724-r7,3bd321ec960c2bce0e6c0ff9aba8bb2be89cb19bdb99011a838cbd79068835b8,primary,d01db822c8e909fe2dbfac157bf62eeeb370a3eef45168f4eb1ff5023fbd4e3a,46d8012b3594c18c96ee1a3f1e063ceeaf5642068c6a6aa895e655bcfb257bdd,c-trace-build-nccl-2.20.5-defaul-r000000-44163c97446eaab9,44163c97446eaab90e4793bef87e18e04465f9f990f6f22d1e50be42418e4efc,a-000001,729d088485d3ffa05fe9f9691fe1380f467f03a4d7ffefac02fb9df34278977a,nccl-2.20.5-default,trace-build,0,75839198.693633,1,commcanary.rostam.physical.capture-measurement.v1,commcanary.rostam.physical.capture-producer.v1,64214b8e231f8c57a675adea6bbe505e89f284f9cba57c2fd6671429a12962cd,2855275288e67a1a2d0bbefff0740841fdf0ecf0,false,,8c5f30748596f665cca0bde76d4637074ffff3fa077387dd12b993cf98d2cee6,61243c0b0044960738318bc431b8ea0b1f5cec7cc0399c4cdb3c30137afc52ce,c3c52463cfd29d72469642a532b123b9bb8273d44559fb0aa2d272d3afde8dc1,commcanary-wheel=954c9fe0ef908a448b5343c91e7d58e8785fc20a7fd029b699ca0e252614304d;environment-lock=d4b8b2dc177cb09cea84a5b5a51c99d4510a3270fe70286d2133382fbc4abd8b;param-patch-contract=182942ecf6ed3c0ea267b1660a19be8601c16768640dd6ef3f112601a0b26f34;rostam-catalog=a4926ec9b012724b926fbc583b865bb083b7ad6526fee9ffc3e95129717195b8,python -m experiments.rostam.analyze verify --run-directory experiments/rostam/results/core-20260724-r7 --selection-id primary --verdict-sha256 46d8012b3594c18c96ee1a3f1e063ceeaf5642068c6a6aa895e655bcfb257bdd --output-directory experiments/rostam/results/publications/trusted-join-core-shared-overlap-primary --join-evidence experiments/rostam/results/shared-replay-20260720-r2 primary b6cd1aae4cfb2de020a840f941031d4a910d0d47d4c83aee1c09e0f5f6bc98db --join-evidence experiments/rostam/results/overlap-20260724-r1 primary 5b153d0452df5033261d81f01db74211a0cb87015694b25190d8aa69650507fd --baseline-config nccl-2.19.3-default --candidate-config nccl-2.20.5-default --median-threshold-pct 8.0 --median-absolute-threshold-us 1.0
measurement,COMPLETE,false,,core-20260724-r7,3bd321ec960c2bce0e6c0ff9aba8bb2be89cb19bdb99011a838cbd79068835b8,primary,d01db822c8e909fe2dbfac157bf62eeeb370a3eef45168f4eb1ff5023fbd4e3a,46d8012b3594c18c96ee1a3f1e063ceeaf5642068c6a6aa895e655bcfb257bdd,c-trace-build-nccl-2.20.5-defaul-r000001-76d2378636eeabd5,76d2378636eeabd55d8bdb9ba0fb2910129148c090de867b42f034957f53d4f3,a-000001,e5fce8f16e921557e413dd2f0e296c46bb4c2e1136c4f8001d22cf7470e4ae6c,nccl-2.20.5-default,trace-build,1,61157362.625934,1,commcanary.rostam.physical.capture-measurement.v1,commcanary.rostam.physical.capture-producer.v1,0c0abb937ac9d92280ea7cd629e98c0fc55b29b2717e7abbf5cbcb40889d5514,2855275288e67a1a2d0bbefff0740841fdf0ecf0,false,,8c5f30748596f665cca0bde76d4637074ffff3fa077387dd12b993cf98d2cee6,3cde2be9e5f547dd71d33ce460b18186483d92526616acfcb4c2e66088cff8d5,1712fcec86be51cdf260655fb90ca50beafeab77f2464a8b837bdd5da52865aa,commcanary-wheel=954c9fe0ef908a448b5343c91e7d58e8785fc20a7fd029b699ca0e252614304d;environment-lock=d4b8b2dc177cb09cea84a5b5a51c99d4510a3270fe70286d2133382fbc4abd8b;param-patch-contract=182942ecf6ed3c0ea267b1660a19be8601c16768640dd6ef3f112601a0b26f34;rostam-catalog=a4926ec9b012724b926fbc583b865bb083b7ad6526fee9ffc3e95129717195b8,python -m experiments.rostam.analyze verify --run-directory experiments/rostam/results/core-20260724-r7 --selection-id primary --verdict-sha256 46d8012b3594c18c96ee1a3f1e063ceeaf5642068c6a6aa895e655bcfb257bdd --output-directory experiments/rostam/results/publications/trusted-join-core-shared-overlap-primary --join-evidence experiments/rostam/results/shared-replay-20260720-r2 primary b6cd1aae4cfb2de020a840f941031d4a910d0d47d4c83aee1c09e0f5f6bc98db --join-evidence experiments/rostam/results/overlap-20260724-r1 primary 5b153d0452df5033261d81f01db74211a0cb87015694b25190d8aa69650507fd --baseline-config nccl-2.19.3-default --candidate-config nccl-2.20.5-default --median-threshold-pct 8.0 --median-absolute-threshold-us 1.0
measurement,COMPLETE,false,,core-20260724-r7,3bd321ec960c2bce0e6c0ff9aba8bb2be89cb19bdb99011a838cbd79068835b8,primary,d01db822c8e909fe2dbfac157bf62eeeb370a3eef45168f4eb1ff5023fbd4e3a,46d8012b3594c18c96ee1a3f1e063ceeaf5642068c6a6aa895e655bcfb257bdd,c-trace-build-nccl-2.20.5-defaul-r000002-02e53dd6bb9a9bf0,02e53dd6bb9a9bf06b70950af6fe65ead6e1acc0448ff6cfd02a45bbcb0c3349,a-000001,6ce90401ff12a7e27718e4d0b3940353cd1a4db700190be2adc660be1af986f6,nccl-2.20.5-default,trace-build,2,60773716.093972,1,commcanary.rostam.physical.capture-measurement.v1,commcanary.rostam.physical.capture-producer.v1,69bacfffa3a00e16394c9524ec993fc2b17ac996b32d1860fb6771395c994d41,2855275288e67a1a2d0bbefff0740841fdf0ecf0,false,,8c5f30748596f665cca0bde76d4637074ffff3fa077387dd12b993cf98d2cee6,8136758350dcdff59e2bf9ed0a5c566c3876e18bc096575f9446010143c2e20f,8cce394e446b01a377687d2020fcdbacb6f7a1a8caeaa3d132d649428e228a8f,commcanary-wheel=954c9fe0ef908a448b5343c91e7d58e8785fc20a7fd029b699ca0e252614304d;environment-lock=d4b8b2dc177cb09cea84a5b5a51c99d4510a3270fe70286d2133382fbc4abd8b;param-patch-contract=182942ecf6ed3c0ea267b1660a19be8601c16768640dd6ef3f112601a0b26f34;rostam-catalog=a4926ec9b012724b926fbc583b865bb083b7ad6526fee9ffc3e95129717195b8,python -m experiments.rostam.analyze verify --run-directory experiments/rostam/results/core-20260724-r7 --selection-id primary --verdict-sha256 46d8012b3594c18c96ee1a3f1e063ceeaf5642068c6a6aa895e655bcfb257bdd --output-directory experiments/rostam/results/publications/trusted-join-core-shared-overlap-primary --join-evidence experiments/rostam/results/shared-replay-20260720-r2 primary b6cd1aae4cfb2de020a840f941031d4a910d0d47d4c83aee1c09e0f5f6bc98db --join-evidence experiments/rostam/results/overlap-20260724-r1 primary 5b153d0452df5033261d81f01db74211a0cb87015694b25190d8aa69650507fd --baseline-config nccl-2.19.3-default --candidate-config nccl-2.20.5-default --median-threshold-pct 8.0 --median-absolute-threshold-us 1.0
measurement,COMPLETE,false,,core-20260724-r7,3bd321ec960c2bce0e6c0ff9aba8bb2be89cb19bdb99011a838cbd79068835b8,primary,d01db822c8e909fe2dbfac157bf62eeeb370a3eef45168f4eb1ff5023fbd4e3a,46d8012b3594c18c96ee1a3f1e063ceeaf5642068c6a6aa895e655bcfb257bdd,c-trace-build-nccl-2.20.5-defaul-r000003-64bcc2b76ccd27cb,64bcc2b76ccd27cbcea21690582bfe13493970e244393064d171cd73370e4426,a-000001,c017f1a6e538eeecf05853df889c319456472812a5e171c4330913736deedf09,nccl-2.20.5-default,trace-build,3,60268804.972991,1,commcanary.rostam.physical.capture-measurement.v1,commcanary.rostam.physical.capture-producer.v1,8c5680a0c74b03ccf2d5e5b8c30f881d39f0be99651fcb90480920c58fd549e9,2855275288e67a1a2d0bbefff0740841fdf0ecf0,false,,8c5f30748596f665cca0bde76d4637074ffff3fa077387dd12b993cf98d2cee6,48e52147b395f1fbad2c4854badea4371a740795c191dd9f3e18f4ba9ee140d3,971ee14ec5c6e5939c10a362c730fc35443f4707c736169727648f9f2e224ae0,commcanary-wheel=954c9fe0ef908a448b5343c91e7d58e8785fc20a7fd029b699ca0e252614304d;environment-lock=d4b8b2dc177cb09cea84a5b5a51c99d4510a3270fe70286d2133382fbc4abd8b;param-patch-contract=182942ecf6ed3c0ea267b1660a19be8601c16768640dd6ef3f112601a0b26f34;rostam-catalog=a4926ec9b012724b926fbc583b865bb083b7ad6526fee9ffc3e95129717195b8,python -m experiments.rostam.analyze verify --run-directory experiments/rostam/results/core-20260724-r7 --selection-id primary --verdict-sha256 46d8012b3594c18c96ee1a3f1e063ceeaf5642068c6a6aa895e655bcfb257bdd --output-directory experiments/rostam/results/publications/trusted-join-core-shared-overlap-primary --join-evidence experiments/rostam/results/shared-replay-20260720-r2 primary b6cd1aae4cfb2de020a840f941031d4a910d0d47d4c83aee1c09e0f5f6bc98db --join-evidence experiments/rostam/results/overlap-20260724-r1 primary 5b153d0452df5033261d81f01db74211a0cb87015694b25190d8aa69650507fd --baseline-config nccl-2.19.3-default --candidate-config nccl-2.20.5-default --median-threshold-pct 8.0 --median-absolute-threshold-us 1.0
measurement,COMPLETE,false,,core-20260724-r7,3bd321ec960c2bce0e6c0ff9aba8bb2be89cb19bdb99011a838cbd79068835b8,primary,d01db822c8e909fe2dbfac157bf62eeeb370a3eef45168f4eb1ff5023fbd4e3a,46d8012b3594c18c96ee1a3f1e063ceeaf5642068c6a6aa895e655bcfb257bdd,c-trace-build-nccl-2.20.5-defaul-r000004-8a9ef2727c8e1134,8a9ef2727c8e11348403e16c41bc4aed65efbf3d622bf939830e4befdb027d26,a-000001,679a691d845054c36c1593c230d30d8df65797ef437cbea5b24c267bd9134952,nccl-2.20.5-default,trace-build,4,60775378.790684,1,commcanary.rostam.physical.capture-measurement.v1,commcanary.rostam.physical.capture-producer.v1,7f7e59ff8c96739e546ed2402ba91cf6db6943a5eebeb6adc850350c4c5182a6,2855275288e67a1a2d0bbefff0740841fdf0ecf0,false,,8c5f30748596f665cca0bde76d4637074ffff3fa077387dd12b993cf98d2cee6,1d037c0141d355ce86a0e3d678be62c12bd543b7b8933f33e51830788b9749d6,1f14cc9b1bc23c0dfe0241870917e0388b99de2dda67ab57926672f48c3ec94a,commcanary-wheel=954c9fe0ef908a448b5343c91e7d58e8785fc20a7fd029b699ca0e252614304d;environment-lock=d4b8b2dc177cb09cea84a5b5a51c99d4510a3270fe70286d2133382fbc4abd8b;param-patch-contract=182942ecf6ed3c0ea267b1660a19be8601c16768640dd6ef3f112601a0b26f34;rostam-catalog=a4926ec9b012724b926fbc583b865bb083b7ad6526fee9ffc3e95129717195b8,python -m experiments.rostam.analyze verify --run-directory experiments/rostam/results/core-20260724-r7 --selection-id primary --verdict-sha256 46d8012b3594c18c96ee1a3f1e063ceeaf5642068c6a6aa895e655bcfb257bdd --output-directory experiments/rostam/results/publications/trusted-join-core-shared-overlap-primary --join-evidence experiments/rostam/results/shared-replay-20260720-r2 primary b6cd1aae4cfb2de020a840f941031d4a910d0d47d4c83aee1c09e0f5f6bc98db --join-evidence experiments/rostam/results/overlap-20260724-r1 primary 5b153d0452df5033261d81f01db74211a0cb87015694b25190d8aa69650507fd --baseline-config nccl-2.19.3-default --candidate-config nccl-2.20.5-default --median-threshold-pct 8.0 --median-absolute-threshold-us 1.0
measurement,COMPLETE,false,,core-20260724-r7,3bd321ec960c2bce0e6c0ff9aba8bb2be89cb19bdb99011a838cbd79068835b8,primary,d01db822c8e909fe2dbfac157bf62eeeb370a3eef45168f4eb1ff5023fbd4e3a,46d8012b3594c18c96ee1a3f1e063ceeaf5642068c6a6aa895e655bcfb257bdd,c-trace-build-nccl-2.20.5-ring-l-r000000-c6f692f4f6af1b58,c6f692f4f6af1b58d53d2e52503faa4111ad949c5ccbef9809d8ed982dcc2426,a-000001,b164edfc4963a3657307e4893ad689322102e535c434a9c509602b456d670393,nccl-2.20.5-ring-ll128,trace-build,0,59902019.335888,1,commcanary.rostam.physical.capture-measurement.v1,commcanary.rostam.physical.capture-producer.v1,24e4a77f288eaeed32f8e5a4925d7f657a331847ad27385ae2a4d12f2164c5ad,2855275288e67a1a2d0bbefff0740841fdf0ecf0,false,,8c5f30748596f665cca0bde76d4637074ffff3fa077387dd12b993cf98d2cee6,5ebd9cc80bffa6cd13e7ec11741d246286056e83a35b16d5c555f963dfc58ac1,1aa821ea60d899495f7ffdfb06c221c9d8b864becd00f13c3a88ddf2009923d9,commcanary-wheel=954c9fe0ef908a448b5343c91e7d58e8785fc20a7fd029b699ca0e252614304d;environment-lock=d4b8b2dc177cb09cea84a5b5a51c99d4510a3270fe70286d2133382fbc4abd8b;param-patch-contract=182942ecf6ed3c0ea267b1660a19be8601c16768640dd6ef3f112601a0b26f34;rostam-catalog=a4926ec9b012724b926fbc583b865bb083b7ad6526fee9ffc3e95129717195b8,python -m experiments.rostam.analyze verify --run-directory experiments/rostam/results/core-20260724-r7 --selection-id primary --verdict-sha256 46d8012b3594c18c96ee1a3f1e063ceeaf5642068c6a6aa895e655bcfb257bdd --output-directory experiments/rostam/results/publications/trusted-join-core-shared-overlap-primary --join-evidence experiments/rostam/results/shared-replay-20260720-r2 primary b6cd1aae4cfb2de020a840f941031d4a910d0d47d4c83aee1c09e0f5f6bc98db --join-evidence experiments/rostam/results/overlap-20260724-r1 primary 5b153d0452df5033261d81f01db74211a0cb87015694b25190d8aa69650507fd --baseline-config nccl-2.19.3-default --candidate-config nccl-2.20.5-default --median-threshold-pct 8.0 --median-absolute-threshold-us 1.0
measurement,COMPLETE,false,,core-20260724-r7,3bd321ec960c2bce0e6c0ff9aba8bb2be89cb19bdb99011a838cbd79068835b8,primary,d01db822c8e909fe2dbfac157bf62eeeb370a3eef45168f4eb1ff5023fbd4e3a,46d8012b3594c18c96ee1a3f1e063ceeaf5642068c6a6aa895e655bcfb257bdd,c-trace-build-nccl-2.20.5-ring-l-r000000-e63bb47f36e2451a,e63bb47f36e2451a1561815a046ef16e061d777e5e1620c29f57a110ed7b3977,a-000001,11b7fd47f7ec3002bcc53d471adf09b6a17473f88c3e557d3b9ee495d9e4225a,nccl-2.20.5-ring-ll,trace-build,0,60027312.504128,1,commcanary.rostam.physical.capture-measurement.v1,commcanary.rostam.physical.capture-producer.v1,e4684e25e4a371377f50b0f5cd803339f684b6637fca82c93ea9e7847c9d2564,2855275288e67a1a2d0bbefff0740841fdf0ecf0,false,,8c5f30748596f665cca0bde76d4637074ffff3fa077387dd12b993cf98d2cee6,4bc70d4ebdb8ad6ae778fa84b55499b5b254fed69ca477f853153c7f01da9d42,db9da4de72a6e6e93fa33853339885449e6cb275577ee8a51983612e155e5c5e,commcanary-wheel=954c9fe0ef908a448b5343c91e7d58e8785fc20a7fd029b699ca0e252614304d;environment-lock=d4b8b2dc177cb09cea84a5b5a51c99d4510a3270fe70286d2133382fbc4abd8b;param-patch-contract=182942ecf6ed3c0ea267b1660a19be8601c16768640dd6ef3f112601a0b26f34;rostam-catalog=a4926ec9b012724b926fbc583b865bb083b7ad6526fee9ffc3e95129717195b8,python -m experiments.rostam.analyze verify --run-directory experiments/rostam/results/core-20260724-r7 --selection-id primary --verdict-sha256 46d8012b3594c18c96ee1a3f1e063ceeaf5642068c6a6aa895e655bcfb257bdd --output-directory experiments/rostam/results/publications/trusted-join-core-shared-overlap-primary --join-evidence experiments/rostam/results/shared-replay-20260720-r2 primary b6cd1aae4cfb2de020a840f941031d4a910d0d47d4c83aee1c09e0f5f6bc98db --join-evidence experiments/rostam/results/overlap-20260724-r1 primary 5b153d0452df5033261d81f01db74211a0cb87015694b25190d8aa69650507fd --baseline-config nccl-2.19.3-default --candidate-config nccl-2.20.5-default --median-threshold-pct 8.0 --median-absolute-threshold-us 1.0
measurement,COMPLETE,false,,core-20260724-r7,3bd321ec960c2bce0e6c0ff9aba8bb2be89cb19bdb99011a838cbd79068835b8,primary,d01db822c8e909fe2dbfac157bf62eeeb370a3eef45168f4eb1ff5023fbd4e3a,46d8012b3594c18c96ee1a3f1e063ceeaf5642068c6a6aa895e655bcfb257bdd,c-trace-build-nccl-2.20.5-ring-l-r000001-78a8f72a330f8e8b,78a8f72a330f8e8b99e49fdc455325b4c3125f4fb2a5be9b6a1f2e67a4dc12f1,a-000001,bee5f444a3a21dea61874265734122c3a2493454c4a0c1b61717f71678e31af7,nccl-2.20.5-ring-ll128,trace-build,1,60532071.079127,1,commcanary.rostam.physical.capture-measurement.v1,commcanary.rostam.physical.capture-producer.v1,f6b8fdda417012eebf1d1150279a350dfb424e36bc9a9f9769442ecc06b04c7c,2855275288e67a1a2d0bbefff0740841fdf0ecf0,false,,8c5f30748596f665cca0bde76d4637074ffff3fa077387dd12b993cf98d2cee6,1224ee456970bc822b5b00966570aaf61b759871e339ee433f1086529adaecfb,271ec21b0bea8a4602df5ba5f4ed50ac890ffbb051dcb8dfab79e892ac00e9f0,commcanary-wheel=954c9fe0ef908a448b5343c91e7d58e8785fc20a7fd029b699ca0e252614304d;environment-lock=d4b8b2dc177cb09cea84a5b5a51c99d4510a3270fe70286d2133382fbc4abd8b;param-patch-contract=182942ecf6ed3c0ea267b1660a19be8601c16768640dd6ef3f112601a0b26f34;rostam-catalog=a4926ec9b012724b926fbc583b865bb083b7ad6526fee9ffc3e95129717195b8,python -m experiments.rostam.analyze verify --run-directory experiments/rostam/results/core-20260724-r7 --selection-id primary --verdict-sha256 46d8012b3594c18c96ee1a3f1e063ceeaf5642068c6a6aa895e655bcfb257bdd --output-directory experiments/rostam/results/publications/trusted-join-core-shared-overlap-primary --join-evidence experiments/rostam/results/shared-replay-20260720-r2 primary b6cd1aae4cfb2de020a840f941031d4a910d0d47d4c83aee1c09e0f5f6bc98db --join-evidence experiments/rostam/results/overlap-20260724-r1 primary 5b153d0452df5033261d81f01db74211a0cb87015694b25190d8aa69650507fd --baseline-config nccl-2.19.3-default --candidate-config nccl-2.20.5-default --median-threshold-pct 8.0 --median-absolute-threshold-us 1.0
measurement,COMPLETE,false,,core-20260724-r7,3bd321ec960c2bce0e6c0ff9aba8bb2be89cb19bdb99011a838cbd79068835b8,primary,d01db822c8e909fe2dbfac157bf62eeeb370a3eef45168f4eb1ff5023fbd4e3a,46d8012b3594c18c96ee1a3f1e063ceeaf5642068c6a6aa895e655bcfb257bdd,c-trace-build-nccl-2.20.5-ring-l-r000001-edf5a52d9a1106ad,edf5a52d9a1106adc13b129df667a8d754276d6bb724c09d754994f293e838fe,a-000001,ddb14335d70bc88d63bf577ad711a95f1506ed509d024fa6d43e1659174c6b83,nccl-2.20.5-ring-ll,trace-build,1,60075873.074122,1,commcanary.rostam.physical.capture-measurement.v1,commcanary.rostam.physical.capture-producer.v1,7401758828cca03a2faccb391072644204be46ab1b8864831c67d3e32d3ba9b5,2855275288e67a1a2d0bbefff0740841fdf0ecf0,false,,8c5f30748596f665cca0bde76d4637074ffff3fa077387dd12b993cf98d2cee6,a874f62ba2563dbad225e23bc154432cfc5286b48a4e025653636603c277d399,e733c338054aad72ac81f9ac01634725b28028b6670cc176f934e2f07dde2175,commcanary-wheel=954c9fe0ef908a448b5343c91e7d58e8785fc20a7fd029b699ca0e252614304d;environment-lock=d4b8b2dc177cb09cea84a5b5a51c99d4510a3270fe70286d2133382fbc4abd8b;param-patch-contract=182942ecf6ed3c0ea267b1660a19be8601c16768640dd6ef3f112601a0b26f34;rostam-catalog=a4926ec9b012724b926fbc583b865bb083b7ad6526fee9ffc3e95129717195b8,python -m experiments.rostam.analyze verify --run-directory experiments/rostam/results/core-20260724-r7 --selection-id primary --verdict-sha256 46d8012b3594c18c96ee1a3f1e063ceeaf5642068c6a6aa895e655bcfb257bdd --output-directory experiments/rostam/results/publications/trusted-join-core-shared-overlap-primary --join-evidence experiments/rostam/results/shared-replay-20260720-r2 primary b6cd1aae4cfb2de020a840f941031d4a910d0d47d4c83aee1c09e0f5f6bc98db --join-evidence experiments/rostam/results/overlap-20260724-r1 primary 5b153d0452df5033261d81f01db74211a0cb87015694b25190d8aa69650507fd --baseline-config nccl-2.19.3-default --candidate-config nccl-2.20.5-default --median-threshold-pct 8.0 --median-absolute-threshold-us 1.0
measurement,COMPLETE,false,,core-20260724-r7,3bd321ec960c2bce0e6c0ff9aba8bb2be89cb19bdb99011a838cbd79068835b8,primary,d01db822c8e909fe2dbfac157bf62eeeb370a3eef45168f4eb1ff5023fbd4e3a,46d8012b3594c18c96ee1a3f1e063ceeaf5642068c6a6aa895e655bcfb257bdd,c-trace-build-nccl-2.20.5-ring-l-r000002-a089095950111d00,a089095950111d004cae235f4b80a671d77f01f18dd977fd0fe526698c01de71,a-000001,ef08c17b8d12ac725256127277128f27a580d07807c086731ed55157dd7b7861,nccl-2.20.5-ring-ll,trace-build,2,60136821.221560,1,commcanary.rostam.physical.capture-measurement.v1,commcanary.rostam.physical.capture-producer.v1,1db767ddc7f8f7d4a6863f84b2874d93b4fe2e4374ec698a85475d6f4a3c7caa,2855275288e67a1a2d0bbefff0740841fdf0ecf0,false,,8c5f30748596f665cca0bde76d4637074ffff3fa077387dd12b993cf98d2cee6,077549ed0eca633c6abee0eec6822c416ae729ba04ec884ef3543cf63762d2c4,9328a078064e6495e8160cb9512103a2bd7e412318983b62d8b9ffc8f37482b3,commcanary-wheel=954c9fe0ef908a448b5343c91e7d58e8785fc20a7fd029b699ca0e252614304d;environment-lock=d4b8b2dc177cb09cea84a5b5a51c99d4510a3270fe70286d2133382fbc4abd8b;param-patch-contract=182942ecf6ed3c0ea267b1660a19be8601c16768640dd6ef3f112601a0b26f34;rostam-catalog=a4926ec9b012724b926fbc583b865bb083b7ad6526fee9ffc3e95129717195b8,python -m experiments.rostam.analyze verify --run-directory experiments/rostam/results/core-20260724-r7 --selection-id primary --verdict-sha256 46d8012b3594c18c96ee1a3f1e063ceeaf5642068c6a6aa895e655bcfb257bdd --output-directory experiments/rostam/results/publications/trusted-join-core-shared-overlap-primary --join-evidence experiments/rostam/results/shared-replay-20260720-r2 primary b6cd1aae4cfb2de020a840f941031d4a910d0d47d4c83aee1c09e0f5f6bc98db --join-evidence experiments/rostam/results/overlap-20260724-r1 primary 5b153d0452df5033261d81f01db74211a0cb87015694b25190d8aa69650507fd --baseline-config nccl-2.19.3-default --candidate-config nccl-2.20.5-default --median-threshold-pct 8.0 --median-absolute-threshold-us 1.0
measurement,COMPLETE,false,,core-20260724-r7,3bd321ec960c2bce0e6c0ff9aba8bb2be89cb19bdb99011a838cbd79068835b8,primary,d01db822c8e909fe2dbfac157bf62eeeb370a3eef45168f4eb1ff5023fbd4e3a,46d8012b3594c18c96ee1a3f1e063ceeaf5642068c6a6aa895e655bcfb257bdd,c-trace-build-nccl-2.20.5-ring-l-r000002-a5f0a77a3d937b74,a5f0a77a3d937b7486f75926f9ceda75ccb9fea52f9924e39bfaca123b766fa0,a-000001,5f4e7afe9ab643082ee0fd329f5058d5c64d728c7ce21d1494843cca652b8596,nccl-2.20.5-ring-ll128,trace-build,2,59680263.522081,1,commcanary.rostam.physical.capture-measurement.v1,commcanary.rostam.physical.capture-producer.v1,ed44598790007839ec8c228eabd390abfa117083a85b451f568275d1a0e82701,2855275288e67a1a2d0bbefff0740841fdf0ecf0,false,,8c5f30748596f665cca0bde76d4637074ffff3fa077387dd12b993cf98d2cee6,6fa091e944579caf2f54c8dc2f746b416cb15e7e21aee20cce62e43531e45be7,96cf8015d63c3fbcb6097852c530dedee4722cecd6082eae680f8f7adc2d1f51,commcanary-wheel=954c9fe0ef908a448b5343c91e7d58e8785fc20a7fd029b699ca0e252614304d;environment-lock=d4b8b2dc177cb09cea84a5b5a51c99d4510a3270fe70286d2133382fbc4abd8b;param-patch-contract=182942ecf6ed3c0ea267b1660a19be8601c16768640dd6ef3f112601a0b26f34;rostam-catalog=a4926ec9b012724b926fbc583b865bb083b7ad6526fee9ffc3e95129717195b8,python -m experiments.rostam.analyze verify --run-directory experiments/rostam/results/core-20260724-r7 --selection-id primary --verdict-sha256 46d8012b3594c18c96ee1a3f1e063ceeaf5642068c6a6aa895e655bcfb257bdd --output-directory experiments/rostam/results/publications/trusted-join-core-shared-overlap-primary --join-evidence experiments/rostam/results/shared-replay-20260720-r2 primary b6cd1aae4cfb2de020a840f941031d4a910d0d47d4c83aee1c09e0f5f6bc98db --join-evidence experiments/rostam/results/overlap-20260724-r1 primary 5b153d0452df5033261d81f01db74211a0cb87015694b25190d8aa69650507fd --baseline-config nccl-2.19.3-default --candidate-config nccl-2.20.5-default --median-threshold-pct 8.0 --median-absolute-threshold-us 1.0
measurement,COMPLETE,false,,core-20260724-r7,3bd321ec960c2bce0e6c0ff9aba8bb2be89cb19bdb99011a838cbd79068835b8,primary,d01db822c8e909fe2dbfac157bf62eeeb370a3eef45168f4eb1ff5023fbd4e3a,46d8012b3594c18c96ee1a3f1e063ceeaf5642068c6a6aa895e655bcfb257bdd,c-trace-build-nccl-2.20.5-ring-l-r000003-3bd96389bcc0d652,3bd96389bcc0d652760a47e6fb1c0f948c57f644cd165a7320e6d16259124964,a-000001,b914f8ed01ed1654c4f5b0b8816cfefa861719bc2d95262ab820d443ca9a84ee,nccl-2.20.5-ring-ll,trace-build,3,60063178.199343,1,commcanary.rostam.physical.capture-measurement.v1,commcanary.rostam.physical.capture-producer.v1,40615b89adbd8ac8aad9a25df3560fb081c9150f34c0598e58190221f44703f9,2855275288e67a1a2d0bbefff0740841fdf0ecf0,false,,8c5f30748596f665cca0bde76d4637074ffff3fa077387dd12b993cf98d2cee6,3f2e19f82b82908b3d97acccc13a534e3a20d84515e081463476a5bbe4027569,a860d0d4cac4a57943446b6b5bc8fba159e6596f3cbce1a90cef1619e2641f26,commcanary-wheel=954c9fe0ef908a448b5343c91e7d58e8785fc20a7fd029b699ca0e252614304d;environment-lock=d4b8b2dc177cb09cea84a5b5a51c99d4510a3270fe70286d2133382fbc4abd8b;param-patch-contract=182942ecf6ed3c0ea267b1660a19be8601c16768640dd6ef3f112601a0b26f34;rostam-catalog=a4926ec9b012724b926fbc583b865bb083b7ad6526fee9ffc3e95129717195b8,python -m experiments.rostam.analyze verify --run-directory experiments/rostam/results/core-20260724-r7 --selection-id primary --verdict-sha256 46d8012b3594c18c96ee1a3f1e063ceeaf5642068c6a6aa895e655bcfb257bdd --output-directory experiments/rostam/results/publications/trusted-join-core-shared-overlap-primary --join-evidence experiments/rostam/results/shared-replay-20260720-r2 primary b6cd1aae4cfb2de020a840f941031d4a910d0d47d4c83aee1c09e0f5f6bc98db --join-evidence experiments/rostam/results/overlap-20260724-r1 primary 5b153d0452df5033261d81f01db74211a0cb87015694b25190d8aa69650507fd --baseline-config nccl-2.19.3-default --candidate-config nccl-2.20.5-default --median-threshold-pct 8.0 --median-absolute-threshold-us 1.0
measurement,COMPLETE,false,,core-20260724-r7,3bd321ec960c2bce0e6c0ff9aba8bb2be89cb19bdb99011a838cbd79068835b8,primary,d01db822c8e909fe2dbfac157bf62eeeb370a3eef45168f4eb1ff5023fbd4e3a,46d8012b3594c18c96ee1a3f1e063ceeaf5642068c6a6aa895e655bcfb257bdd,c-trace-build-nccl-2.20.5-ring-l-r000003-c0ed72180ad35e05,c0ed72180ad35e0566f44ed42c3dca5ac85633f8d4181bcb7b1b5bdc5337feb3,a-000001,14f28247b6f1c2f05368dd0b17169282787a01ed4fe8462ee3153edf81caddb1,nccl-2.20.5-ring-ll128,trace-build,3,60327815.789729,1,commcanary.rostam.physical.capture-measurement.v1,commcanary.rostam.physical.capture-producer.v1,0db4e3ee980f34ffac34ad3749c1c7d78b029b220e396c6b4735f56702367d16,2855275288e67a1a2d0bbefff0740841fdf0ecf0,false,,8c5f30748596f665cca0bde76d4637074ffff3fa077387dd12b993cf98d2cee6,f289939a338e5cd268cc0413270c6b972178e106bad4d5f3444348e7b75fb96b,286e7487f5f51716dd7c676c2ca03bdd56785dfb533169af1d01b2feb801e97f,commcanary-wheel=954c9fe0ef908a448b5343c91e7d58e8785fc20a7fd029b699ca0e252614304d;environment-lock=d4b8b2dc177cb09cea84a5b5a51c99d4510a3270fe70286d2133382fbc4abd8b;param-patch-contract=182942ecf6ed3c0ea267b1660a19be8601c16768640dd6ef3f112601a0b26f34;rostam-catalog=a4926ec9b012724b926fbc583b865bb083b7ad6526fee9ffc3e95129717195b8,python -m experiments.rostam.analyze verify --run-directory experiments/rostam/results/core-20260724-r7 --selection-id primary --verdict-sha256 46d8012b3594c18c96ee1a3f1e063ceeaf5642068c6a6aa895e655bcfb257bdd --output-directory experiments/rostam/results/publications/trusted-join-core-shared-overlap-primary --join-evidence experiments/rostam/results/shared-replay-20260720-r2 primary b6cd1aae4cfb2de020a840f941031d4a910d0d47d4c83aee1c09e0f5f6bc98db --join-evidence experiments/rostam/results/overlap-20260724-r1 primary 5b153d0452df5033261d81f01db74211a0cb87015694b25190d8aa69650507fd --baseline-config nccl-2.19.3-default --candidate-config nccl-2.20.5-default --median-threshold-pct 8.0 --median-absolute-threshold-us 1.0
measurement,COMPLETE,false,,core-20260724-r7,3bd321ec960c2bce0e6c0ff9aba8bb2be89cb19bdb99011a838cbd79068835b8,primary,d01db822c8e909fe2dbfac157bf62eeeb370a3eef45168f4eb1ff5023fbd4e3a,46d8012b3594c18c96ee1a3f1e063ceeaf5642068c6a6aa895e655bcfb257bdd,c-trace-build-nccl-2.20.5-ring-l-r000004-4e7872d2859848ed,4e7872d2859848ed1c99edf85d32a90fca876cf8fdefae78d59014eb1881b59c,a-000001,735872261c832257a6c3478ed101531b61df9a4ccd83ac96163afff541c50042,nccl-2.20.5-ring-ll128,trace-build,4,60045509.262942,1,commcanary.rostam.physical.capture-measurement.v1,commcanary.rostam.physical.capture-producer.v1,6b64c012344138771091278d0758594c3299ead1a8d3c5764167db9eef4d66f9,2855275288e67a1a2d0bbefff0740841fdf0ecf0,false,,8c5f30748596f665cca0bde76d4637074ffff3fa077387dd12b993cf98d2cee6,5645a86a6ec97ae4c9cd8b035d6b31e188c5ee8808c95df761a8c74ad4f27af3,e06b1c6f0ec2f13a4ddda3974364be817355c4d31df331aca69a8986e1e35807,commcanary-wheel=954c9fe0ef908a448b5343c91e7d58e8785fc20a7fd029b699ca0e252614304d;environment-lock=d4b8b2dc177cb09cea84a5b5a51c99d4510a3270fe70286d2133382fbc4abd8b;param-patch-contract=182942ecf6ed3c0ea267b1660a19be8601c16768640dd6ef3f112601a0b26f34;rostam-catalog=a4926ec9b012724b926fbc583b865bb083b7ad6526fee9ffc3e95129717195b8,python -m experiments.rostam.analyze verify --run-directory experiments/rostam/results/core-20260724-r7 --selection-id primary --verdict-sha256 46d8012b3594c18c96ee1a3f1e063ceeaf5642068c6a6aa895e655bcfb257bdd --output-directory experiments/rostam/results/publications/trusted-join-core-shared-overlap-primary --join-evidence experiments/rostam/results/shared-replay-20260720-r2 primary b6cd1aae4cfb2de020a840f941031d4a910d0d47d4c83aee1c09e0f5f6bc98db --join-evidence experiments/rostam/results/overlap-20260724-r1 primary 5b153d0452df5033261d81f01db74211a0cb87015694b25190d8aa69650507fd --baseline-config nccl-2.19.3-default --candidate-config nccl-2.20.5-default --median-threshold-pct 8.0 --median-absolute-threshold-us 1.0
measurement,COMPLETE,false,,core-20260724-r7,3bd321ec960c2bce0e6c0ff9aba8bb2be89cb19bdb99011a838cbd79068835b8,primary,d01db822c8e909fe2dbfac157bf62eeeb370a3eef45168f4eb1ff5023fbd4e3a,46d8012b3594c18c96ee1a3f1e063ceeaf5642068c6a6aa895e655bcfb257bdd,c-trace-build-nccl-2.20.5-ring-l-r000004-a00bf9bbb98ea296,a00bf9bbb98ea29688d2cf24145f2c554fc614e0dac49c25412829161a278f3e,a-000001,a0ec81baf411fbf8c7d8cd3f1d54e9770299b9cf047017612afbeeeb7e0bac60,nccl-2.20.5-ring-ll,trace-build,4,60024065.560661,1,commcanary.rostam.physical.capture-measurement.v1,commcanary.rostam.physical.capture-producer.v1,e10e31e1f878bfd3038512f76e69ad9cd44206dc75a91bd228a7d69469216c23,2855275288e67a1a2d0bbefff0740841fdf0ecf0,false,,8c5f30748596f665cca0bde76d4637074ffff3fa077387dd12b993cf98d2cee6,37b1773e7d9d5014d10638dc9a64ad08c98e0a02b0995624824d29d773008fc4,9b9a29f9d8902468369e92efeb41a2bebf43fbd0236e0f2d207e7cc06082943c,commcanary-wheel=954c9fe0ef908a448b5343c91e7d58e8785fc20a7fd029b699ca0e252614304d;environment-lock=d4b8b2dc177cb09cea84a5b5a51c99d4510a3270fe70286d2133382fbc4abd8b;param-patch-contract=182942ecf6ed3c0ea267b1660a19be8601c16768640dd6ef3f112601a0b26f34;rostam-catalog=a4926ec9b012724b926fbc583b865bb083b7ad6526fee9ffc3e95129717195b8,python -m experiments.rostam.analyze verify --run-directory experiments/rostam/results/core-20260724-r7 --selection-id primary --verdict-sha256 46d8012b3594c18c96ee1a3f1e063ceeaf5642068c6a6aa895e655bcfb257bdd --output-directory experiments/rostam/results/publications/trusted-join-core-shared-overlap-primary --join-evidence experiments/rostam/results/shared-replay-20260720-r2 primary b6cd1aae4cfb2de020a840f941031d4a910d0d47d4c83aee1c09e0f5f6bc98db --join-evidence experiments/rostam/results/overlap-20260724-r1 primary 5b153d0452df5033261d81f01db74211a0cb87015694b25190d8aa69650507fd --baseline-config nccl-2.19.3-default --candidate-config nccl-2.20.5-default --median-threshold-pct 8.0 --median-absolute-threshold-us 1.0
measurement,COMPLETE,false,,core-20260724-r7,3bd321ec960c2bce0e6c0ff9aba8bb2be89cb19bdb99011a838cbd79068835b8,primary,d01db822c8e909fe2dbfac157bf62eeeb370a3eef45168f4eb1ff5023fbd4e3a,46d8012b3594c18c96ee1a3f1e063ceeaf5642068c6a6aa895e655bcfb257bdd,c-trace-build-nccl-2.20.5-ring-s-r000000-3203b61fb7e8e445,3203b61fb7e8e445a59dff50705314b0d6f9e37ea085e1c80f7619dbdff9fbef,a-000001,0c4753d0ac59e1e9e50368c6432ee58187f52948031a2c84b1992dbfc9b89e92,nccl-2.20.5-ring-simple,trace-build,0,60195086.259395,1,commcanary.rostam.physical.capture-measurement.v1,commcanary.rostam.physical.capture-producer.v1,791c704de0f3044c241f117137da698986d4e94328e8950dae1e215757cbf9b6,2855275288e67a1a2d0bbefff0740841fdf0ecf0,false,,8c5f30748596f665cca0bde76d4637074ffff3fa077387dd12b993cf98d2cee6,853470af7f3f4f71ca20f03c2ed8939d23d7af5e69eebf15cd02fc2ddad67df9,f57a1b50fbf3c936da65960db7cb4fa1687287310cd9b76100d86a09de98aac6,commcanary-wheel=954c9fe0ef908a448b5343c91e7d58e8785fc20a7fd029b699ca0e252614304d;environment-lock=d4b8b2dc177cb09cea84a5b5a51c99d4510a3270fe70286d2133382fbc4abd8b;param-patch-contract=182942ecf6ed3c0ea267b1660a19be8601c16768640dd6ef3f112601a0b26f34;rostam-catalog=a4926ec9b012724b926fbc583b865bb083b7ad6526fee9ffc3e95129717195b8,python -m experiments.rostam.analyze verify --run-directory experiments/rostam/results/core-20260724-r7 --selection-id primary --verdict-sha256 46d8012b3594c18c96ee1a3f1e063ceeaf5642068c6a6aa895e655bcfb257bdd --output-directory experiments/rostam/results/publications/trusted-join-core-shared-overlap-primary --join-evidence experiments/rostam/results/shared-replay-20260720-r2 primary b6cd1aae4cfb2de020a840f941031d4a910d0d47d4c83aee1c09e0f5f6bc98db --join-evidence experiments/rostam/results/overlap-20260724-r1 primary 5b153d0452df5033261d81f01db74211a0cb87015694b25190d8aa69650507fd --baseline-config nccl-2.19.3-default --candidate-config nccl-2.20.5-default --median-threshold-pct 8.0 --median-absolute-threshold-us 1.0
measurement,COMPLETE,false,,core-20260724-r7,3bd321ec960c2bce0e6c0ff9aba8bb2be89cb19bdb99011a838cbd79068835b8,primary,d01db822c8e909fe2dbfac157bf62eeeb370a3eef45168f4eb1ff5023fbd4e3a,46d8012b3594c18c96ee1a3f1e063ceeaf5642068c6a6aa895e655bcfb257bdd,c-trace-build-nccl-2.20.5-ring-s-r000001-84a96dc004bb6f7c,84a96dc004bb6f7c101db10a965d5c2bde8e8c787acb1fc89808489fb11de85e,a-000001,2264f50778704179336bbb30646264ce703e39898e4fb20308694be8457fa7e6,nccl-2.20.5-ring-simple,trace-build,1,60467164.870352,1,commcanary.rostam.physical.capture-measurement.v1,commcanary.rostam.physical.capture-producer.v1,47b89f674de7e9a06bc956856a033565deb1dc38d7688d6ffde451aa451efb33,2855275288e67a1a2d0bbefff0740841fdf0ecf0,false,,8c5f30748596f665cca0bde76d4637074ffff3fa077387dd12b993cf98d2cee6,bf95d9279f25fdfa2d9380a90ac4a1ce52061ae99f7c841cd3f8013c72441142,f895997e06b1854443111ed2f44ca877b698e032e97d85d914d852896a2b3c33,commcanary-wheel=954c9fe0ef908a448b5343c91e7d58e8785fc20a7fd029b699ca0e252614304d;environment-lock=d4b8b2dc177cb09cea84a5b5a51c99d4510a3270fe70286d2133382fbc4abd8b;param-patch-contract=182942ecf6ed3c0ea267b1660a19be8601c16768640dd6ef3f112601a0b26f34;rostam-catalog=a4926ec9b012724b926fbc583b865bb083b7ad6526fee9ffc3e95129717195b8,python -m experiments.rostam.analyze verify --run-directory experiments/rostam/results/core-20260724-r7 --selection-id primary --verdict-sha256 46d8012b3594c18c96ee1a3f1e063ceeaf5642068c6a6aa895e655bcfb257bdd --output-directory experiments/rostam/results/publications/trusted-join-core-shared-overlap-primary --join-evidence experiments/rostam/results/shared-replay-20260720-r2 primary b6cd1aae4cfb2de020a840f941031d4a910d0d47d4c83aee1c09e0f5f6bc98db --join-evidence experiments/rostam/results/overlap-20260724-r1 primary 5b153d0452df5033261d81f01db74211a0cb87015694b25190d8aa69650507fd --baseline-config nccl-2.19.3-default --candidate-config nccl-2.20.5-default --median-threshold-pct 8.0 --median-absolute-threshold-us 1.0
measurement,COMPLETE,false,,core-20260724-r7,3bd321ec960c2bce0e6c0ff9aba8bb2be89cb19bdb99011a838cbd79068835b8,primary,d01db822c8e909fe2dbfac157bf62eeeb370a3eef45168f4eb1ff5023fbd4e3a,46d8012b3594c18c96ee1a3f1e063ceeaf5642068c6a6aa895e655bcfb257bdd,c-trace-build-nccl-2.20.5-ring-s-r000002-597135682dc708c6,597135682dc708c64d10c614c8555c9dc2074776a8621c09c185c123f4e41c90,a-000001,319677bd7cee5f82bca2b21c63c153ff3d959d090a85e528a1c94610a485e675,nccl-2.20.5-ring-simple,trace-build,2,60204259.034246,1,commcanary.rostam.physical.capture-measurement.v1,commcanary.rostam.physical.capture-producer.v1,b11ae6f4d9b12e35c88202bbc8bf0b7ffbb5557d3f0e97ffb05518f3f9da224a,2855275288e67a1a2d0bbefff0740841fdf0ecf0,false,,8c5f30748596f665cca0bde76d4637074ffff3fa077387dd12b993cf98d2cee6,63444a60bcb4a47ff2b8ab8b8f87fbbafbef12840ae4df9ef64671120f47db6c,19a8eb7af7efdb0b3560048304effdbbbca65e9b73d21e35991f3368cca8200f,commcanary-wheel=954c9fe0ef908a448b5343c91e7d58e8785fc20a7fd029b699ca0e252614304d;environment-lock=d4b8b2dc177cb09cea84a5b5a51c99d4510a3270fe70286d2133382fbc4abd8b;param-patch-contract=182942ecf6ed3c0ea267b1660a19be8601c16768640dd6ef3f112601a0b26f34;rostam-catalog=a4926ec9b012724b926fbc583b865bb083b7ad6526fee9ffc3e95129717195b8,python -m experiments.rostam.analyze verify --run-directory experiments/rostam/results/core-20260724-r7 --selection-id primary --verdict-sha256 46d8012b3594c18c96ee1a3f1e063ceeaf5642068c6a6aa895e655bcfb257bdd --output-directory experiments/rostam/results/publications/trusted-join-core-shared-overlap-primary --join-evidence experiments/rostam/results/shared-replay-20260720-r2 primary b6cd1aae4cfb2de020a840f941031d4a910d0d47d4c83aee1c09e0f5f6bc98db --join-evidence experiments/rostam/results/overlap-20260724-r1 primary 5b153d0452df5033261d81f01db74211a0cb87015694b25190d8aa69650507fd --baseline-config nccl-2.19.3-default --candidate-config nccl-2.20.5-default --median-threshold-pct 8.0 --median-absolute-threshold-us 1.0
measurement,COMPLETE,false,,core-20260724-r7,3bd321ec960c2bce0e6c0ff9aba8bb2be89cb19bdb99011a838cbd79068835b8,primary,d01db822c8e909fe2dbfac157bf62eeeb370a3eef45168f4eb1ff5023fbd4e3a,46d8012b3594c18c96ee1a3f1e063ceeaf5642068c6a6aa895e655bcfb257bdd,c-trace-build-nccl-2.20.5-ring-s-r000003-a20885d684390f05,a20885d684390f059628f6eb913e39ab490dd8550568f4b12383360855bae75a,a-000001,f523a5d405c0f39b4fd30a7b1e0493cf6778857971751464e0c467e8c778db61,nccl-2.20.5-ring-simple,trace-build,3,60076800.175942,1,commcanary.rostam.physical.capture-measurement.v1,commcanary.rostam.physical.capture-producer.v1,eccc21e0b856dc9290d5e5c33bc003fd043e02a49cfda4c937e141ff5261bd3a,2855275288e67a1a2d0bbefff0740841fdf0ecf0,false,,8c5f30748596f665cca0bde76d4637074ffff3fa077387dd12b993cf98d2cee6,e8bad3697e8b5a5e39d6a2450fd6782985c03de9e84cb9fb8e7e0585a2c40f77,b9e78b865c7f15bc3c5a0d814c314a5f5669b3377bc42001031a72dafeadc05c,commcanary-wheel=954c9fe0ef908a448b5343c91e7d58e8785fc20a7fd029b699ca0e252614304d;environment-lock=d4b8b2dc177cb09cea84a5b5a51c99d4510a3270fe70286d2133382fbc4abd8b;param-patch-contract=182942ecf6ed3c0ea267b1660a19be8601c16768640dd6ef3f112601a0b26f34;rostam-catalog=a4926ec9b012724b926fbc583b865bb083b7ad6526fee9ffc3e95129717195b8,python -m experiments.rostam.analyze verify --run-directory experiments/rostam/results/core-20260724-r7 --selection-id primary --verdict-sha256 46d8012b3594c18c96ee1a3f1e063ceeaf5642068c6a6aa895e655bcfb257bdd --output-directory experiments/rostam/results/publications/trusted-join-core-shared-overlap-primary --join-evidence experiments/rostam/results/shared-replay-20260720-r2 primary b6cd1aae4cfb2de020a840f941031d4a910d0d47d4c83aee1c09e0f5f6bc98db --join-evidence experiments/rostam/results/overlap-20260724-r1 primary 5b153d0452df5033261d81f01db74211a0cb87015694b25190d8aa69650507fd --baseline-config nccl-2.19.3-default --candidate-config nccl-2.20.5-default --median-threshold-pct 8.0 --median-absolute-threshold-us 1.0
measurement,COMPLETE,false,,core-20260724-r7,3bd321ec960c2bce0e6c0ff9aba8bb2be89cb19bdb99011a838cbd79068835b8,primary,d01db822c8e909fe2dbfac157bf62eeeb370a3eef45168f4eb1ff5023fbd4e3a,46d8012b3594c18c96ee1a3f1e063ceeaf5642068c6a6aa895e655bcfb257bdd,c-trace-build-nccl-2.20.5-ring-s-r000004-022dd8c244796989,022dd8c24479698913e8edfd31cbc9948b4ceed337a4a192a02ba7c1f86834b9,a-000001,852d83ae489bf193e434103bbc7cb44acf9823733d41fed24a4c5f92cebc3e00,nccl-2.20.5-ring-simple,trace-build,4,60124600.256793,1,commcanary.rostam.physical.capture-measurement.v1,commcanary.rostam.physical.capture-producer.v1,c142700e054ae69089f874e2871a857a5101c70a7dd090d6dd18c00472da18f8,2855275288e67a1a2d0bbefff0740841fdf0ecf0,false,,8c5f30748596f665cca0bde76d4637074ffff3fa077387dd12b993cf98d2cee6,d1baf5da5299a3b7a26c93e5c6283542d34ab05939c5897dd9cabfb0e2334142,92f36198b51408b67373aba2405a0bf4479033d36cf2eade954ac9d04877d48a,commcanary-wheel=954c9fe0ef908a448b5343c91e7d58e8785fc20a7fd029b699ca0e252614304d;environment-lock=d4b8b2dc177cb09cea84a5b5a51c99d4510a3270fe70286d2133382fbc4abd8b;param-patch-contract=182942ecf6ed3c0ea267b1660a19be8601c16768640dd6ef3f112601a0b26f34;rostam-catalog=a4926ec9b012724b926fbc583b865bb083b7ad6526fee9ffc3e95129717195b8,python -m experiments.rostam.analyze verify --run-directory experiments/rostam/results/core-20260724-r7 --selection-id primary --verdict-sha256 46d8012b3594c18c96ee1a3f1e063ceeaf5642068c6a6aa895e655bcfb257bdd --output-directory experiments/rostam/results/publications/trusted-join-core-shared-overlap-primary --join-evidence experiments/rostam/results/shared-replay-20260720-r2 primary b6cd1aae4cfb2de020a840f941031d4a910d0d47d4c83aee1c09e0f5f6bc98db --join-evidence experiments/rostam/results/overlap-20260724-r1 primary 5b153d0452df5033261d81f01db74211a0cb87015694b25190d8aa69650507fd --baseline-config nccl-2.19.3-default --candidate-config nccl-2.20.5-default --median-threshold-pct 8.0 --median-absolute-threshold-us 1.0
measurement,COMPLETE,false,,core-20260724-r7,3bd321ec960c2bce0e6c0ff9aba8bb2be89cb19bdb99011a838cbd79068835b8,primary,d01db822c8e909fe2dbfac157bf62eeeb370a3eef45168f4eb1ff5023fbd4e3a,46d8012b3594c18c96ee1a3f1e063ceeaf5642068c6a6aa895e655bcfb257bdd,c-trace-build-nccl-2.20.5-tree-l-r000000-be5e34b77d151a39,be5e34b77d151a397ba0bdd3954fb085c8a640f5ae96914d796e2b0bcc403901,a-000001,838dc9d3dd52762449cb93c2dd92a61d989325a9dc10c15a85772da8dcdda2ce,nccl-2.20.5-tree-ll,trace-build,0,61302008.546889,1,commcanary.rostam.physical.capture-measurement.v1,commcanary.rostam.physical.capture-producer.v1,e69d2b648b7a53dc914d4621964728ca925550a16dafe204e7187f893f5000a1,2855275288e67a1a2d0bbefff0740841fdf0ecf0,false,,8c5f30748596f665cca0bde76d4637074ffff3fa077387dd12b993cf98d2cee6,d6b49394d6af2da87901684e3d4d812d9bc0e3a243bf9fdd13c0ec342073cb2b,4e9940b107b6f679b6cd60db0943273150d0f873c9a36ce13c1b92b9e02dda58,commcanary-wheel=954c9fe0ef908a448b5343c91e7d58e8785fc20a7fd029b699ca0e252614304d;environment-lock=d4b8b2dc177cb09cea84a5b5a51c99d4510a3270fe70286d2133382fbc4abd8b;param-patch-contract=182942ecf6ed3c0ea267b1660a19be8601c16768640dd6ef3f112601a0b26f34;rostam-catalog=a4926ec9b012724b926fbc583b865bb083b7ad6526fee9ffc3e95129717195b8,python -m experiments.rostam.analyze verify --run-directory experiments/rostam/results/core-20260724-r7 --selection-id primary --verdict-sha256 46d8012b3594c18c96ee1a3f1e063ceeaf5642068c6a6aa895e655bcfb257bdd --output-directory experiments/rostam/results/publications/trusted-join-core-shared-overlap-primary --join-evidence experiments/rostam/results/shared-replay-20260720-r2 primary b6cd1aae4cfb2de020a840f941031d4a910d0d47d4c83aee1c09e0f5f6bc98db --join-evidence experiments/rostam/results/overlap-20260724-r1 primary 5b153d0452df5033261d81f01db74211a0cb87015694b25190d8aa69650507fd --baseline-config nccl-2.19.3-default --candidate-config nccl-2.20.5-default --median-threshold-pct 8.0 --median-absolute-threshold-us 1.0
measurement,COMPLETE,false,,core-20260724-r7,3bd321ec960c2bce0e6c0ff9aba8bb2be89cb19bdb99011a838cbd79068835b8,primary,d01db822c8e909fe2dbfac157bf62eeeb370a3eef45168f4eb1ff5023fbd4e3a,46d8012b3594c18c96ee1a3f1e063ceeaf5642068c6a6aa895e655bcfb257bdd,c-trace-build-nccl-2.20.5-tree-l-r000000-e179f4a307a9f933,e179f4a307a9f9330bfec8abfcba6eaa9862dc5b711a84fa5f9e991cd979ef77,a-000001,65cd85246a1e2bc4820693e6e1df60750b68b910b836f0cf1bcea1d846a3e859,nccl-2.20.5-tree-ll128,trace-build,0,60081393.732689,1,commcanary.rostam.physical.capture-measurement.v1,commcanary.rostam.physical.capture-producer.v1,065ead6a136fcfc462afc1681ce7357ddae2b208ed6b33d0ae3104eb5dbe2d96,2855275288e67a1a2d0bbefff0740841fdf0ecf0,false,,8c5f30748596f665cca0bde76d4637074ffff3fa077387dd12b993cf98d2cee6,d8e60466c74ea10b2d37fbf42a1825f72bf208f6b650cd862992be3896647391,40a90bf231eb176cdccf204ae66d8c2cfa0f0fde347235a391e7386bcad5b655,commcanary-wheel=954c9fe0ef908a448b5343c91e7d58e8785fc20a7fd029b699ca0e252614304d;environment-lock=d4b8b2dc177cb09cea84a5b5a51c99d4510a3270fe70286d2133382fbc4abd8b;param-patch-contract=182942ecf6ed3c0ea267b1660a19be8601c16768640dd6ef3f112601a0b26f34;rostam-catalog=a4926ec9b012724b926fbc583b865bb083b7ad6526fee9ffc3e95129717195b8,python -m experiments.rostam.analyze verify --run-directory experiments/rostam/results/core-20260724-r7 --selection-id primary --verdict-sha256 46d8012b3594c18c96ee1a3f1e063ceeaf5642068c6a6aa895e655bcfb257bdd --output-directory experiments/rostam/results/publications/trusted-join-core-shared-overlap-primary --join-evidence experiments/rostam/results/shared-replay-20260720-r2 primary b6cd1aae4cfb2de020a840f941031d4a910d0d47d4c83aee1c09e0f5f6bc98db --join-evidence experiments/rostam/results/overlap-20260724-r1 primary 5b153d0452df5033261d81f01db74211a0cb87015694b25190d8aa69650507fd --baseline-config nccl-2.19.3-default --candidate-config nccl-2.20.5-default --median-threshold-pct 8.0 --median-absolute-threshold-us 1.0
measurement,COMPLETE,false,,core-20260724-r7,3bd321ec960c2bce0e6c0ff9aba8bb2be89cb19bdb99011a838cbd79068835b8,primary,d01db822c8e909fe2dbfac157bf62eeeb370a3eef45168f4eb1ff5023fbd4e3a,46d8012b3594c18c96ee1a3f1e063ceeaf5642068c6a6aa895e655bcfb257bdd,c-trace-build-nccl-2.20.5-tree-l-r000001-c4a7065d757a8398,c4a7065d757a8398b5e1263199feb38d38a3200efa7516af0bdced92c1db4756,a-000001,7e643812699f414346e193fc35c2157ad27194f5c57c99effc291913257dfc70,nccl-2.20.5-tree-ll,trace-build,1,61093026.071787,1,commcanary.rostam.physical.capture-measurement.v1,commcanary.rostam.physical.capture-producer.v1,fd4bd5fac265ae6c0b5e9d3dbc07a05b1c487ce42ccdfde1d60e6d1c747f0f52,2855275288e67a1a2d0bbefff0740841fdf0ecf0,false,,8c5f30748596f665cca0bde76d4637074ffff3fa077387dd12b993cf98d2cee6,eb7271a479f9259d4694d57a916838f7fd8ce6129608f823aeb3cd04b131cdff,e1dc49ff950266a526c6bca213a078807640706c14b5504629d8623c5fb583c5,commcanary-wheel=954c9fe0ef908a448b5343c91e7d58e8785fc20a7fd029b699ca0e252614304d;environment-lock=d4b8b2dc177cb09cea84a5b5a51c99d4510a3270fe70286d2133382fbc4abd8b;param-patch-contract=182942ecf6ed3c0ea267b1660a19be8601c16768640dd6ef3f112601a0b26f34;rostam-catalog=a4926ec9b012724b926fbc583b865bb083b7ad6526fee9ffc3e95129717195b8,python -m experiments.rostam.analyze verify --run-directory experiments/rostam/results/core-20260724-r7 --selection-id primary --verdict-sha256 46d8012b3594c18c96ee1a3f1e063ceeaf5642068c6a6aa895e655bcfb257bdd --output-directory experiments/rostam/results/publications/trusted-join-core-shared-overlap-primary --join-evidence experiments/rostam/results/shared-replay-20260720-r2 primary b6cd1aae4cfb2de020a840f941031d4a910d0d47d4c83aee1c09e0f5f6bc98db --join-evidence experiments/rostam/results/overlap-20260724-r1 primary 5b153d0452df5033261d81f01db74211a0cb87015694b25190d8aa69650507fd --baseline-config nccl-2.19.3-default --candidate-config nccl-2.20.5-default --median-threshold-pct 8.0 --median-absolute-threshold-us 1.0
measurement,COMPLETE,false,,core-20260724-r7,3bd321ec960c2bce0e6c0ff9aba8bb2be89cb19bdb99011a838cbd79068835b8,primary,d01db822c8e909fe2dbfac157bf62eeeb370a3eef45168f4eb1ff5023fbd4e3a,46d8012b3594c18c96ee1a3f1e063ceeaf5642068c6a6aa895e655bcfb257bdd,c-trace-build-nccl-2.20.5-tree-l-r000001-d0dd45d8c2bdf27d,d0dd45d8c2bdf27d7910717839e11ce5e2571cfbdfa4315fd5fabdca291c4850,a-000001,58663bc2eec323f5181eb7c6b5c16ebb24cf592b44ab3e65d11cea53fff4876b,nccl-2.20.5-tree-ll128,trace-build,1,76754465.696402,1,commcanary.rostam.physical.capture-measurement.v1,commcanary.rostam.physical.capture-producer.v1,3ac834d3e59de4d13489a95f55fe355cf6a8de19d4d9cbe10e3c07046d5a7739,2855275288e67a1a2d0bbefff0740841fdf0ecf0,false,,8c5f30748596f665cca0bde76d4637074ffff3fa077387dd12b993cf98d2cee6,5302d4d5526ff618f31a71fa5e5ba9b22b7d693db4cf38f00b6bbfcb5287b654,c9173507473e38aac57a44a38c7ee048a8ca2fa4c7fdbac8acb1526a19f4bd60,commcanary-wheel=954c9fe0ef908a448b5343c91e7d58e8785fc20a7fd029b699ca0e252614304d;environment-lock=d4b8b2dc177cb09cea84a5b5a51c99d4510a3270fe70286d2133382fbc4abd8b;param-patch-contract=182942ecf6ed3c0ea267b1660a19be8601c16768640dd6ef3f112601a0b26f34;rostam-catalog=a4926ec9b012724b926fbc583b865bb083b7ad6526fee9ffc3e95129717195b8,python -m experiments.rostam.analyze verify --run-directory experiments/rostam/results/core-20260724-r7 --selection-id primary --verdict-sha256 46d8012b3594c18c96ee1a3f1e063ceeaf5642068c6a6aa895e655bcfb257bdd --output-directory experiments/rostam/results/publications/trusted-join-core-shared-overlap-primary --join-evidence experiments/rostam/results/shared-replay-20260720-r2 primary b6cd1aae4cfb2de020a840f941031d4a910d0d47d4c83aee1c09e0f5f6bc98db --join-evidence experiments/rostam/results/overlap-20260724-r1 primary 5b153d0452df5033261d81f01db74211a0cb87015694b25190d8aa69650507fd --baseline-config nccl-2.19.3-default --candidate-config nccl-2.20.5-default --median-threshold-pct 8.0 --median-absolute-threshold-us 1.0
measurement,COMPLETE,false,,core-20260724-r7,3bd321ec960c2bce0e6c0ff9aba8bb2be89cb19bdb99011a838cbd79068835b8,primary,d01db822c8e909fe2dbfac157bf62eeeb370a3eef45168f4eb1ff5023fbd4e3a,46d8012b3594c18c96ee1a3f1e063ceeaf5642068c6a6aa895e655bcfb257bdd,c-trace-build-nccl-2.20.5-tree-l-r000002-8928e458c963acf2,8928e458c963acf293f6d57e1b14ea9d26ec23f37184af6f51dae115a4e8c395,a-000001,49937340873719eff43a62e7c3ab198e62181a79d2edf27741aa142a7b8ebb50,nccl-2.20.5-tree-ll128,trace-build,2,60190737.521276,1,commcanary.rostam.physical.capture-measurement.v1,commcanary.rostam.physical.capture-producer.v1,65bebd3821dbf39638a2611127bd07d6513cf07bbdfdf2581625afce494ff9fd,2855275288e67a1a2d0bbefff0740841fdf0ecf0,false,,8c5f30748596f665cca0bde76d4637074ffff3fa077387dd12b993cf98d2cee6,3f2b0af6b7ac8d4ad0f72a8e169be5e1757c0e4d4af7dd200d27b578761be349,84675f99395e16e702aee27157382f6646f2267c9cb1e2b0adb7e1c92b2673f8,commcanary-wheel=954c9fe0ef908a448b5343c91e7d58e8785fc20a7fd029b699ca0e252614304d;environment-lock=d4b8b2dc177cb09cea84a5b5a51c99d4510a3270fe70286d2133382fbc4abd8b;param-patch-contract=182942ecf6ed3c0ea267b1660a19be8601c16768640dd6ef3f112601a0b26f34;rostam-catalog=a4926ec9b012724b926fbc583b865bb083b7ad6526fee9ffc3e95129717195b8,python -m experiments.rostam.analyze verify --run-directory experiments/rostam/results/core-20260724-r7 --selection-id primary --verdict-sha256 46d8012b3594c18c96ee1a3f1e063ceeaf5642068c6a6aa895e655bcfb257bdd --output-directory experiments/rostam/results/publications/trusted-join-core-shared-overlap-primary --join-evidence experiments/rostam/results/shared-replay-20260720-r2 primary b6cd1aae4cfb2de020a840f941031d4a910d0d47d4c83aee1c09e0f5f6bc98db --join-evidence experiments/rostam/results/overlap-20260724-r1 primary 5b153d0452df5033261d81f01db74211a0cb87015694b25190d8aa69650507fd --baseline-config nccl-2.19.3-default --candidate-config nccl-2.20.5-default --median-threshold-pct 8.0 --median-absolute-threshold-us 1.0
measurement,COMPLETE,false,,core-20260724-r7,3bd321ec960c2bce0e6c0ff9aba8bb2be89cb19bdb99011a838cbd79068835b8,primary,d01db822c8e909fe2dbfac157bf62eeeb370a3eef45168f4eb1ff5023fbd4e3a,46d8012b3594c18c96ee1a3f1e063ceeaf5642068c6a6aa895e655bcfb257bdd,c-trace-build-nccl-2.20.5-tree-l-r000002-e41149ce21dfe82c,e41149ce21dfe82c08aa4f76646089e1ab69e2339781938e9e5af7673a57ce57,a-000001,31522a6549e47bf7355a54476ffd074367468663159b53c39c2175c1a0cd3c27,nccl-2.20.5-tree-ll,trace-build,2,61011985.732242,1,commcanary.rostam.physical.capture-measurement.v1,commcanary.rostam.physical.capture-producer.v1,b26e594405788dd898f2bb283d1ff15c890ad4dc27b98f7fe956eb4b15488bf9,2855275288e67a1a2d0bbefff0740841fdf0ecf0,false,,8c5f30748596f665cca0bde76d4637074ffff3fa077387dd12b993cf98d2cee6,8e810ae27d3bf7c9f1f4369ccfdc8c4cd95d2359913962dad19ebbdef068f563,cf36321c2fac19481a0a981c14a3e610941b4ebf61a8865313b228cacbdd3c11,commcanary-wheel=954c9fe0ef908a448b5343c91e7d58e8785fc20a7fd029b699ca0e252614304d;environment-lock=d4b8b2dc177cb09cea84a5b5a51c99d4510a3270fe70286d2133382fbc4abd8b;param-patch-contract=182942ecf6ed3c0ea267b1660a19be8601c16768640dd6ef3f112601a0b26f34;rostam-catalog=a4926ec9b012724b926fbc583b865bb083b7ad6526fee9ffc3e95129717195b8,python -m experiments.rostam.analyze verify --run-directory experiments/rostam/results/core-20260724-r7 --selection-id primary --verdict-sha256 46d8012b3594c18c96ee1a3f1e063ceeaf5642068c6a6aa895e655bcfb257bdd --output-directory experiments/rostam/results/publications/trusted-join-core-shared-overlap-primary --join-evidence experiments/rostam/results/shared-replay-20260720-r2 primary b6cd1aae4cfb2de020a840f941031d4a910d0d47d4c83aee1c09e0f5f6bc98db --join-evidence experiments/rostam/results/overlap-20260724-r1 primary 5b153d0452df5033261d81f01db74211a0cb87015694b25190d8aa69650507fd --baseline-config nccl-2.19.3-default --candidate-config nccl-2.20.5-default --median-threshold-pct 8.0 --median-absolute-threshold-us 1.0
measurement,COMPLETE,false,,core-20260724-r7,3bd321ec960c2bce0e6c0ff9aba8bb2be89cb19bdb99011a838cbd79068835b8,primary,d01db822c8e909fe2dbfac157bf62eeeb370a3eef45168f4eb1ff5023fbd4e3a,46d8012b3594c18c96ee1a3f1e063ceeaf5642068c6a6aa895e655bcfb257bdd,c-trace-build-nccl-2.20.5-tree-l-r000003-9ff25793982676c8,9ff25793982676c8c64ce5749c2ad5290b622e68bae87107c81124ba01531bf8,a-000001,2eb6dd6866c41a241fcbfcf1d6eea01fe01a419a135f8b2a77c48f0fe86aa714,nccl-2.20.5-tree-ll128,trace-build,3,59932722.065598,1,commcanary.rostam.physical.capture-measurement.v1,commcanary.rostam.physical.capture-producer.v1,b586af0a0efc75ce19841b4f39c19e7780328d99238e580270e51d4898313ad2,2855275288e67a1a2d0bbefff0740841fdf0ecf0,false,,8c5f30748596f665cca0bde76d4637074ffff3fa077387dd12b993cf98d2cee6,883f068b65ae7b1d2b7d95f186d2edd2242cf854d88cb8fdb0ab21efdf9b1f56,340105ebba691b06cb07dd38b35783a4c8889aa0bb2e5eee93d99095df78a705,commcanary-wheel=954c9fe0ef908a448b5343c91e7d58e8785fc20a7fd029b699ca0e252614304d;environment-lock=d4b8b2dc177cb09cea84a5b5a51c99d4510a3270fe70286d2133382fbc4abd8b;param-patch-contract=182942ecf6ed3c0ea267b1660a19be8601c16768640dd6ef3f112601a0b26f34;rostam-catalog=a4926ec9b012724b926fbc583b865bb083b7ad6526fee9ffc3e95129717195b8,python -m experiments.rostam.analyze verify --run-directory experiments/rostam/results/core-20260724-r7 --selection-id primary --verdict-sha256 46d8012b3594c18c96ee1a3f1e063ceeaf5642068c6a6aa895e655bcfb257bdd --output-directory experiments/rostam/results/publications/trusted-join-core-shared-overlap-primary --join-evidence experiments/rostam/results/shared-replay-20260720-r2 primary b6cd1aae4cfb2de020a840f941031d4a910d0d47d4c83aee1c09e0f5f6bc98db --join-evidence experiments/rostam/results/overlap-20260724-r1 primary 5b153d0452df5033261d81f01db74211a0cb87015694b25190d8aa69650507fd --baseline-config nccl-2.19.3-default --candidate-config nccl-2.20.5-default --median-threshold-pct 8.0 --median-absolute-threshold-us 1.0
measurement,COMPLETE,false,,core-20260724-r7,3bd321ec960c2bce0e6c0ff9aba8bb2be89cb19bdb99011a838cbd79068835b8,primary,d01db822c8e909fe2dbfac157bf62eeeb370a3eef45168f4eb1ff5023fbd4e3a,46d8012b3594c18c96ee1a3f1e063ceeaf5642068c6a6aa895e655bcfb257bdd,c-trace-build-nccl-2.20.5-tree-l-r000003-f7ee235d530daad8,f7ee235d530daad8409c0604f80f0781698e43a2b3e721a4436cce873d5ecaab,a-000001,4320f5b37a41cd18bfd4b2c056333b7d08035426e94b8a64c66f486b803835eb,nccl-2.20.5-tree-ll,trace-build,3,60900491.586886,1,commcanary.rostam.physical.capture-measurement.v1,commcanary.rostam.physical.capture-producer.v1,4d78233ebd4bfde4a66e2ae45c7d5d720d30c96c2657a520dba5fdf2b1cf4b8d,2855275288e67a1a2d0bbefff0740841fdf0ecf0,false,,8c5f30748596f665cca0bde76d4637074ffff3fa077387dd12b993cf98d2cee6,a6603923b86e3ca327b274293fbf47bdaa091f8047c61fb151265db63b4f0d63,61cb94cc1b67a6f291a5e2fdbfa3a3d5e4c3ad6a55e4eab4c1e0cec92cccabfd,commcanary-wheel=954c9fe0ef908a448b5343c91e7d58e8785fc20a7fd029b699ca0e252614304d;environment-lock=d4b8b2dc177cb09cea84a5b5a51c99d4510a3270fe70286d2133382fbc4abd8b;param-patch-contract=182942ecf6ed3c0ea267b1660a19be8601c16768640dd6ef3f112601a0b26f34;rostam-catalog=a4926ec9b012724b926fbc583b865bb083b7ad6526fee9ffc3e95129717195b8,python -m experiments.rostam.analyze verify --run-directory experiments/rostam/results/core-20260724-r7 --selection-id primary --verdict-sha256 46d8012b3594c18c96ee1a3f1e063ceeaf5642068c6a6aa895e655bcfb257bdd --output-directory experiments/rostam/results/publications/trusted-join-core-shared-overlap-primary --join-evidence experiments/rostam/results/shared-replay-20260720-r2 primary b6cd1aae4cfb2de020a840f941031d4a910d0d47d4c83aee1c09e0f5f6bc98db --join-evidence experiments/rostam/results/overlap-20260724-r1 primary 5b153d0452df5033261d81f01db74211a0cb87015694b25190d8aa69650507fd --baseline-config nccl-2.19.3-default --candidate-config nccl-2.20.5-default --median-threshold-pct 8.0 --median-absolute-threshold-us 1.0
measurement,COMPLETE,false,,core-20260724-r7,3bd321ec960c2bce0e6c0ff9aba8bb2be89cb19bdb99011a838cbd79068835b8,primary,d01db822c8e909fe2dbfac157bf62eeeb370a3eef45168f4eb1ff5023fbd4e3a,46d8012b3594c18c96ee1a3f1e063ceeaf5642068c6a6aa895e655bcfb257bdd,c-trace-build-nccl-2.20.5-tree-l-r000004-4dc00a33600468c9,4dc00a33600468c9b102028ee7dc594ae8dfc3fcfbdf73c81d224bd6d18aeb72,a-000001,60c12e0364e73a3683764236af9b36ba56f0086e0b701119a4b0a766fad1c2a1,nccl-2.20.5-tree-ll,trace-build,4,61589077.870362,1,commcanary.rostam.physical.capture-measurement.v1,commcanary.rostam.physical.capture-producer.v1,6833801494a435d7d7865933e693bc4906fd7dd5f876680a41c483edafc796d6,2855275288e67a1a2d0bbefff0740841fdf0ecf0,false,,8c5f30748596f665cca0bde76d4637074ffff3fa077387dd12b993cf98d2cee6,0aaa5cd54f554008d768c25f85c26b1fcf71f1722361fc7a3cade05c2d45bd6d,9744f5d570b89723c0b85015016af9d19e8fd026d2da2dd26b05ca98fe2f6df6,commcanary-wheel=954c9fe0ef908a448b5343c91e7d58e8785fc20a7fd029b699ca0e252614304d;environment-lock=d4b8b2dc177cb09cea84a5b5a51c99d4510a3270fe70286d2133382fbc4abd8b;param-patch-contract=182942ecf6ed3c0ea267b1660a19be8601c16768640dd6ef3f112601a0b26f34;rostam-catalog=a4926ec9b012724b926fbc583b865bb083b7ad6526fee9ffc3e95129717195b8,python -m experiments.rostam.analyze verify --run-directory experiments/rostam/results/core-20260724-r7 --selection-id primary --verdict-sha256 46d8012b3594c18c96ee1a3f1e063ceeaf5642068c6a6aa895e655bcfb257bdd --output-directory experiments/rostam/results/publications/trusted-join-core-shared-overlap-primary --join-evidence experiments/rostam/results/shared-replay-20260720-r2 primary b6cd1aae4cfb2de020a840f941031d4a910d0d47d4c83aee1c09e0f5f6bc98db --join-evidence experiments/rostam/results/overlap-20260724-r1 primary 5b153d0452df5033261d81f01db74211a0cb87015694b25190d8aa69650507fd --baseline-config nccl-2.19.3-default --candidate-config nccl-2.20.5-default --median-threshold-pct 8.0 --median-absolute-threshold-us 1.0
measurement,COMPLETE,false,,core-20260724-r7,3bd321ec960c2bce0e6c0ff9aba8bb2be89cb19bdb99011a838cbd79068835b8,primary,d01db822c8e909fe2dbfac157bf62eeeb370a3eef45168f4eb1ff5023fbd4e3a,46d8012b3594c18c96ee1a3f1e063ceeaf5642068c6a6aa895e655bcfb257bdd,c-trace-build-nccl-2.20.5-tree-l-r000004-b6bc184c3ae71d56,b6bc184c3ae71d563943b38f86e6db36523878c033fff4df0a7e57cbe4bfba33,a-000001,09ca16c575b8f353bc08fc522d7eb4184f73ff3f80e127c19e74a05392a712a0,nccl-2.20.5-tree-ll128,trace-build,4,60297409.711406,1,commcanary.rostam.physical.capture-measurement.v1,commcanary.rostam.physical.capture-producer.v1,97d47318ebd5f9d624a20291121fa383d62b1b8d72ae29ce5acc600f8a6f8170,2855275288e67a1a2d0bbefff0740841fdf0ecf0,false,,8c5f30748596f665cca0bde76d4637074ffff3fa077387dd12b993cf98d2cee6,2c85f9de49ab570856fda2f9f9edd8c5e8cd653009f5f1370c57043a1e361f9d,85bdf23fa30c6193a419be56ee041510cf0912d05a32d4bce18c2029513a9d80,commcanary-wheel=954c9fe0ef908a448b5343c91e7d58e8785fc20a7fd029b699ca0e252614304d;environment-lock=d4b8b2dc177cb09cea84a5b5a51c99d4510a3270fe70286d2133382fbc4abd8b;param-patch-contract=182942ecf6ed3c0ea267b1660a19be8601c16768640dd6ef3f112601a0b26f34;rostam-catalog=a4926ec9b012724b926fbc583b865bb083b7ad6526fee9ffc3e95129717195b8,python -m experiments.rostam.analyze verify --run-directory experiments/rostam/results/core-20260724-r7 --selection-id primary --verdict-sha256 46d8012b3594c18c96ee1a3f1e063ceeaf5642068c6a6aa895e655bcfb257bdd --output-directory experiments/rostam/results/publications/trusted-join-core-shared-overlap-primary --join-evidence experiments/rostam/results/shared-replay-20260720-r2 primary b6cd1aae4cfb2de020a840f941031d4a910d0d47d4c83aee1c09e0f5f6bc98db --join-evidence experiments/rostam/results/overlap-20260724-r1 primary 5b153d0452df5033261d81f01db74211a0cb87015694b25190d8aa69650507fd --baseline-config nccl-2.19.3-default --candidate-config nccl-2.20.5-default --median-threshold-pct 8.0 --median-absolute-threshold-us 1.0
measurement,COMPLETE,false,,core-20260724-r7,3bd321ec960c2bce0e6c0ff9aba8bb2be89cb19bdb99011a838cbd79068835b8,primary,d01db822c8e909fe2dbfac157bf62eeeb370a3eef45168f4eb1ff5023fbd4e3a,46d8012b3594c18c96ee1a3f1e063ceeaf5642068c6a6aa895e655bcfb257bdd,c-trace-build-nccl-2.20.5-tree-s-r000000-575ff59f2bb75389,575ff59f2bb75389630c48856382922b2530e20f64b41e0989d2f02d0e9fe6c6,a-000001,fde19c633f6b791e8e6e56b2a3abaf2a4577e1c154d185f82da28265299aaf13,nccl-2.20.5-tree-simple,trace-build,0,60403653.675690,1,commcanary.rostam.physical.capture-measurement.v1,commcanary.rostam.physical.capture-producer.v1,25a313f66a0ade86444853dbe5022670fb7762dee5933105d655a9034e8a97b8,2855275288e67a1a2d0bbefff0740841fdf0ecf0,false,,8c5f30748596f665cca0bde76d4637074ffff3fa077387dd12b993cf98d2cee6,7344380ca31086a0bd766ea5428e60a4bae029891443f17d6431943b3757a1ae,f7eef815a95f3524b2c4a50b2f70c0831cfeeb4dc651d8028c7cf5e5a1ff1c1f,commcanary-wheel=954c9fe0ef908a448b5343c91e7d58e8785fc20a7fd029b699ca0e252614304d;environment-lock=d4b8b2dc177cb09cea84a5b5a51c99d4510a3270fe70286d2133382fbc4abd8b;param-patch-contract=182942ecf6ed3c0ea267b1660a19be8601c16768640dd6ef3f112601a0b26f34;rostam-catalog=a4926ec9b012724b926fbc583b865bb083b7ad6526fee9ffc3e95129717195b8,python -m experiments.rostam.analyze verify --run-directory experiments/rostam/results/core-20260724-r7 --selection-id primary --verdict-sha256 46d8012b3594c18c96ee1a3f1e063ceeaf5642068c6a6aa895e655bcfb257bdd --output-directory experiments/rostam/results/publications/trusted-join-core-shared-overlap-primary --join-evidence experiments/rostam/results/shared-replay-20260720-r2 primary b6cd1aae4cfb2de020a840f941031d4a910d0d47d4c83aee1c09e0f5f6bc98db --join-evidence experiments/rostam/results/overlap-20260724-r1 primary 5b153d0452df5033261d81f01db74211a0cb87015694b25190d8aa69650507fd --baseline-config nccl-2.19.3-default --candidate-config nccl-2.20.5-default --median-threshold-pct 8.0 --median-absolute-threshold-us 1.0
measurement,COMPLETE,false,,core-20260724-r7,3bd321ec960c2bce0e6c0ff9aba8bb2be89cb19bdb99011a838cbd79068835b8,primary,d01db822c8e909fe2dbfac157bf62eeeb370a3eef45168f4eb1ff5023fbd4e3a,46d8012b3594c18c96ee1a3f1e063ceeaf5642068c6a6aa895e655bcfb257bdd,c-trace-build-nccl-2.20.5-tree-s-r000001-64133c992cde9b51,64133c992cde9b51f94cd8f301f891a8932f5ae8606c7d09c470547572a66178,a-000001,94db3c0d8ad7c0e21770971732f0aa6fad7470e1caf6e0009344fd8ab54314b7,nccl-2.20.5-tree-simple,trace-build,1,61283386.281691,1,commcanary.rostam.physical.capture-measurement.v1,commcanary.rostam.physical.capture-producer.v1,b36a94b3ec95d03731d3567afdce2cf80a60f292959ef932bd448528df2506a9,2855275288e67a1a2d0bbefff0740841fdf0ecf0,false,,8c5f30748596f665cca0bde76d4637074ffff3fa077387dd12b993cf98d2cee6,224a6b2df303e38d924317f631987caceefae92c9753ea355c92fc4962b0f577,ae9324d592b7d2934ba0033efd43100fac57c5d68da8f832aec7b9e889be3fd1,commcanary-wheel=954c9fe0ef908a448b5343c91e7d58e8785fc20a7fd029b699ca0e252614304d;environment-lock=d4b8b2dc177cb09cea84a5b5a51c99d4510a3270fe70286d2133382fbc4abd8b;param-patch-contract=182942ecf6ed3c0ea267b1660a19be8601c16768640dd6ef3f112601a0b26f34;rostam-catalog=a4926ec9b012724b926fbc583b865bb083b7ad6526fee9ffc3e95129717195b8,python -m experiments.rostam.analyze verify --run-directory experiments/rostam/results/core-20260724-r7 --selection-id primary --verdict-sha256 46d8012b3594c18c96ee1a3f1e063ceeaf5642068c6a6aa895e655bcfb257bdd --output-directory experiments/rostam/results/publications/trusted-join-core-shared-overlap-primary --join-evidence experiments/rostam/results/shared-replay-20260720-r2 primary b6cd1aae4cfb2de020a840f941031d4a910d0d47d4c83aee1c09e0f5f6bc98db --join-evidence experiments/rostam/results/overlap-20260724-r1 primary 5b153d0452df5033261d81f01db74211a0cb87015694b25190d8aa69650507fd --baseline-config nccl-2.19.3-default --candidate-config nccl-2.20.5-default --median-threshold-pct 8.0 --median-absolute-threshold-us 1.0
measurement,COMPLETE,false,,core-20260724-r7,3bd321ec960c2bce0e6c0ff9aba8bb2be89cb19bdb99011a838cbd79068835b8,primary,d01db822c8e909fe2dbfac157bf62eeeb370a3eef45168f4eb1ff5023fbd4e3a,46d8012b3594c18c96ee1a3f1e063ceeaf5642068c6a6aa895e655bcfb257bdd,c-trace-build-nccl-2.20.5-tree-s-r000002-2b765ebef692d3d1,2b765ebef692d3d19b1c16423bb89710ad727146a7ff80d8eae6a75a7574de9a,a-000001,06e91a3926667f90cc89d5acf7ca46b42be9515ec1d87771c737200c822c4103,nccl-2.20.5-tree-simple,trace-build,2,60423030.407168,1,commcanary.rostam.physical.capture-measurement.v1,commcanary.rostam.physical.capture-producer.v1,7e537ebdbdb885d0dac76881def2eca79a7335e8174018d38af1ec320b9bb7b7,2855275288e67a1a2d0bbefff0740841fdf0ecf0,false,,8c5f30748596f665cca0bde76d4637074ffff3fa077387dd12b993cf98d2cee6,cefc16cee28aba0fc524fdb87890f74e79ff12d273232818805bae08542f3c89,328ad226abc73de0836fad40da202e3fa86aa690797de8b3ac4afe96f0a187db,commcanary-wheel=954c9fe0ef908a448b5343c91e7d58e8785fc20a7fd029b699ca0e252614304d;environment-lock=d4b8b2dc177cb09cea84a5b5a51c99d4510a3270fe70286d2133382fbc4abd8b;param-patch-contract=182942ecf6ed3c0ea267b1660a19be8601c16768640dd6ef3f112601a0b26f34;rostam-catalog=a4926ec9b012724b926fbc583b865bb083b7ad6526fee9ffc3e95129717195b8,python -m experiments.rostam.analyze verify --run-directory experiments/rostam/results/core-20260724-r7 --selection-id primary --verdict-sha256 46d8012b3594c18c96ee1a3f1e063ceeaf5642068c6a6aa895e655bcfb257bdd --output-directory experiments/rostam/results/publications/trusted-join-core-shared-overlap-primary --join-evidence experiments/rostam/results/shared-replay-20260720-r2 primary b6cd1aae4cfb2de020a840f941031d4a910d0d47d4c83aee1c09e0f5f6bc98db --join-evidence experiments/rostam/results/overlap-20260724-r1 primary 5b153d0452df5033261d81f01db74211a0cb87015694b25190d8aa69650507fd --baseline-config nccl-2.19.3-default --candidate-config nccl-2.20.5-default --median-threshold-pct 8.0 --median-absolute-threshold-us 1.0
measurement,COMPLETE,false,,core-20260724-r7,3bd321ec960c2bce0e6c0ff9aba8bb2be89cb19bdb99011a838cbd79068835b8,primary,d01db822c8e909fe2dbfac157bf62eeeb370a3eef45168f4eb1ff5023fbd4e3a,46d8012b3594c18c96ee1a3f1e063ceeaf5642068c6a6aa895e655bcfb257bdd,c-trace-build-nccl-2.20.5-tree-s-r000003-21e303ed2d7f7347,21e303ed2d7f7347399cb8cf0f5cd8c85edb99f15aa51a739ca0ddfb91dc4221,a-000001,dc39c6966a721066943fde46eccc8d7d2dee86897f85e0438b894f5058b77353,nccl-2.20.5-tree-simple,trace-build,3,60190588.421188,1,commcanary.rostam.physical.capture-measurement.v1,commcanary.rostam.physical.capture-producer.v1,bff743d588a07ea15d2c601efe8fd9f7c095bb072e3d4aefab2b1b8c3849039a,2855275288e67a1a2d0bbefff0740841fdf0ecf0,false,,8c5f30748596f665cca0bde76d4637074ffff3fa077387dd12b993cf98d2cee6,4d8a125be7548731e64695ef8c8725d5f77e4776b6c2a8e716a57f14c9850d5b,6feffc4f4c2817fe659bf39972735ce6c872156ed342f5f04f00ccc660e02a7c,commcanary-wheel=954c9fe0ef908a448b5343c91e7d58e8785fc20a7fd029b699ca0e252614304d;environment-lock=d4b8b2dc177cb09cea84a5b5a51c99d4510a3270fe70286d2133382fbc4abd8b;param-patch-contract=182942ecf6ed3c0ea267b1660a19be8601c16768640dd6ef3f112601a0b26f34;rostam-catalog=a4926ec9b012724b926fbc583b865bb083b7ad6526fee9ffc3e95129717195b8,python -m experiments.rostam.analyze verify --run-directory experiments/rostam/results/core-20260724-r7 --selection-id primary --verdict-sha256 46d8012b3594c18c96ee1a3f1e063ceeaf5642068c6a6aa895e655bcfb257bdd --output-directory experiments/rostam/results/publications/trusted-join-core-shared-overlap-primary --join-evidence experiments/rostam/results/shared-replay-20260720-r2 primary b6cd1aae4cfb2de020a840f941031d4a910d0d47d4c83aee1c09e0f5f6bc98db --join-evidence experiments/rostam/results/overlap-20260724-r1 primary 5b153d0452df5033261d81f01db74211a0cb87015694b25190d8aa69650507fd --baseline-config nccl-2.19.3-default --candidate-config nccl-2.20.5-default --median-threshold-pct 8.0 --median-absolute-threshold-us 1.0
measurement,COMPLETE,false,,core-20260724-r7,3bd321ec960c2bce0e6c0ff9aba8bb2be89cb19bdb99011a838cbd79068835b8,primary,d01db822c8e909fe2dbfac157bf62eeeb370a3eef45168f4eb1ff5023fbd4e3a,46d8012b3594c18c96ee1a3f1e063ceeaf5642068c6a6aa895e655bcfb257bdd,c-trace-build-nccl-2.20.5-tree-s-r000004-cf7587f6b72acfba,cf7587f6b72acfba472fc08eff8ee976c938deb9844272014a02c089f1d3b619,a-000001,f9568a894eebf01f44f2a6c4672a325f2a59bc942c6cb2d976c546d5b75c9cd7,nccl-2.20.5-tree-simple,trace-build,4,60418696.732260,1,commcanary.rostam.physical.capture-measurement.v1,commcanary.rostam.physical.capture-producer.v1,558f7555e788b013d3ece6b75cd0ab3464a17e6f3a385811755150e10bf66565,2855275288e67a1a2d0bbefff0740841fdf0ecf0,false,,8c5f30748596f665cca0bde76d4637074ffff3fa077387dd12b993cf98d2cee6,c3614dd5159181fcc3665c835c017c2c12695d96b2eff8a638faf467963f79d0,5a05a953b4512367c00834a30a1fdfcb64c5a6e0379c81c0f298988d669629c1,commcanary-wheel=954c9fe0ef908a448b5343c91e7d58e8785fc20a7fd029b699ca0e252614304d;environment-lock=d4b8b2dc177cb09cea84a5b5a51c99d4510a3270fe70286d2133382fbc4abd8b;param-patch-contract=182942ecf6ed3c0ea267b1660a19be8601c16768640dd6ef3f112601a0b26f34;rostam-catalog=a4926ec9b012724b926fbc583b865bb083b7ad6526fee9ffc3e95129717195b8,python -m experiments.rostam.analyze verify --run-directory experiments/rostam/results/core-20260724-r7 --selection-id primary --verdict-sha256 46d8012b3594c18c96ee1a3f1e063ceeaf5642068c6a6aa895e655bcfb257bdd --output-directory experiments/rostam/results/publications/trusted-join-core-shared-overlap-primary --join-evidence experiments/rostam/results/shared-replay-20260720-r2 primary b6cd1aae4cfb2de020a840f941031d4a910d0d47d4c83aee1c09e0f5f6bc98db --join-evidence experiments/rostam/results/overlap-20260724-r1 primary 5b153d0452df5033261d81f01db74211a0cb87015694b25190d8aa69650507fd --baseline-config nccl-2.19.3-default --candidate-config nccl-2.20.5-default --median-threshold-pct 8.0 --median-absolute-threshold-us 1.0
measurement,COMPLETE,false,,overlap-20260724-r1,5d5eb9f4822e14f86023106742efdd48823b20b6a7cb866c3370367aced31d17,primary,e012e40613f57db8dc38d519dd85b85864f99dd3f95724b8cf0f7c62996239d9,5b153d0452df5033261d81f01db74211a0cb87015694b25190d8aa69650507fd,c-canary-overlap-nccl-2.19.3-defaul-r000000-24e2357b122098ce,24e2357b122098ceb25977a3e81a4dc90f6cecb6d6a7a03d6fd6c296643c19c1,a-000001,0f4af0be53b84bf8127fd34d15b48339d32a4f3809cb222adc1e0b646e0307d9,nccl-2.19.3-default,canary-overlap,0,145.408000,8192,commcanary.rostam.physical.overlap-measurement.v1,commcanary.rostam.physical.overlap-producer.v1,d5c3c49d364f6fbd841c23aa5f97e2de67263dce51c05751fce6311bca866366,2855275288e67a1a2d0bbefff0740841fdf0ecf0,false,,8c5f30748596f665cca0bde76d4637074ffff3fa077387dd12b993cf98d2cee6,c298d01d33f50bd79beb8b6f08b88d5d7d4ae75d120814bc8c73281ee54ac600,8053820cbbf788c8eae65da8de85229c3acb62cbdcb8ea3b21a4a1836479af40,commcanary-wheel=954c9fe0ef908a448b5343c91e7d58e8785fc20a7fd029b699ca0e252614304d;environment-lock=d4b8b2dc177cb09cea84a5b5a51c99d4510a3270fe70286d2133382fbc4abd8b;gemm-calibration=cc4952da314e43f9885fd24dd85afa97440b0007edb2b0d6773d96f2b2deeecf;param-patch-contract=182942ecf6ed3c0ea267b1660a19be8601c16768640dd6ef3f112601a0b26f34;rostam-catalog=a4926ec9b012724b926fbc583b865bb083b7ad6526fee9ffc3e95129717195b8,python -m experiments.rostam.analyze verify --run-directory experiments/rostam/results/core-20260724-r7 --selection-id primary --verdict-sha256 46d8012b3594c18c96ee1a3f1e063ceeaf5642068c6a6aa895e655bcfb257bdd --output-directory experiments/rostam/results/publications/trusted-join-core-shared-overlap-primary --join-evidence experiments/rostam/results/shared-replay-20260720-r2 primary b6cd1aae4cfb2de020a840f941031d4a910d0d47d4c83aee1c09e0f5f6bc98db --join-evidence experiments/rostam/results/overlap-20260724-r1 primary 5b153d0452df5033261d81f01db74211a0cb87015694b25190d8aa69650507fd --baseline-config nccl-2.19.3-default --candidate-config nccl-2.20.5-default --median-threshold-pct 8.0 --median-absolute-threshold-us 1.0
measurement,COMPLETE,false,,overlap-20260724-r1,5d5eb9f4822e14f86023106742efdd48823b20b6a7cb866c3370367aced31d17,primary,e012e40613f57db8dc38d519dd85b85864f99dd3f95724b8cf0f7c62996239d9,5b153d0452df5033261d81f01db74211a0cb87015694b25190d8aa69650507fd,c-canary-overlap-nccl-2.19.3-defaul-r000001-6015fd808b09ffee,6015fd808b09ffeee9f05565ae3681942ced94306eb510a9d697363a08e79aea,a-000001,a8680057b46a525d713d7d867d3ec80f7b0c854a9ebe5b4aa4e4eed0d5426067,nccl-2.19.3-default,canary-overlap,1,144.384000,8192,commcanary.rostam.physical.overlap-measurement.v1,commcanary.rostam.physical.overlap-producer.v1,bff0c8d25f68e1d0337685b944381a921198f97c524096aa8053a104f1354eee,2855275288e67a1a2d0bbefff0740841fdf0ecf0,false,,8c5f30748596f665cca0bde76d4637074ffff3fa077387dd12b993cf98d2cee6,f0c2536e1d9ed06b18d34ddc11d0a0c4b3bc2c8869435f0513bf3f6b98940b86,2bac2ec82f689202720886b490453bbbc90b79fd78c8f093777cd06ff20adf33,commcanary-wheel=954c9fe0ef908a448b5343c91e7d58e8785fc20a7fd029b699ca0e252614304d;environment-lock=d4b8b2dc177cb09cea84a5b5a51c99d4510a3270fe70286d2133382fbc4abd8b;gemm-calibration=cc4952da314e43f9885fd24dd85afa97440b0007edb2b0d6773d96f2b2deeecf;param-patch-contract=182942ecf6ed3c0ea267b1660a19be8601c16768640dd6ef3f112601a0b26f34;rostam-catalog=a4926ec9b012724b926fbc583b865bb083b7ad6526fee9ffc3e95129717195b8,python -m experiments.rostam.analyze verify --run-directory experiments/rostam/results/core-20260724-r7 --selection-id primary --verdict-sha256 46d8012b3594c18c96ee1a3f1e063ceeaf5642068c6a6aa895e655bcfb257bdd --output-directory experiments/rostam/results/publications/trusted-join-core-shared-overlap-primary --join-evidence experiments/rostam/results/shared-replay-20260720-r2 primary b6cd1aae4cfb2de020a840f941031d4a910d0d47d4c83aee1c09e0f5f6bc98db --join-evidence experiments/rostam/results/overlap-20260724-r1 primary 5b153d0452df5033261d81f01db74211a0cb87015694b25190d8aa69650507fd --baseline-config nccl-2.19.3-default --candidate-config nccl-2.20.5-default --median-threshold-pct 8.0 --median-absolute-threshold-us 1.0
measurement,COMPLETE,false,,overlap-20260724-r1,5d5eb9f4822e14f86023106742efdd48823b20b6a7cb866c3370367aced31d17,primary,e012e40613f57db8dc38d519dd85b85864f99dd3f95724b8cf0f7c62996239d9,5b153d0452df5033261d81f01db74211a0cb87015694b25190d8aa69650507fd,c-canary-overlap-nccl-2.19.3-defaul-r000002-73d38e80021ccf20,73d38e80021ccf20b624f78f26dbb0264da9ec80c199cc658e32ad94dd43cf39,a-000001,33301996649025c5510f4301e9b197c1cc68d1d576aaa98c585eb0a0820b6371,nccl-2.19.3-default,canary-overlap,2,128.000000,8192,commcanary.rostam.physical.overlap-measurement.v1,commcanary.rostam.physical.overlap-producer.v1,cd997e4054f6595c0ee677087d1ebc99e49b902421443d89148caecb62c38e96,2855275288e67a1a2d0bbefff0740841fdf0ecf0,false,,8c5f30748596f665cca0bde76d4637074ffff3fa077387dd12b993cf98d2cee6,1bbb5bd07e0da7c65fb3d1a880ff63b4be673c88cd30b623ecd2d869c8366f14,827c0519e13789a11c1ec8d6e4e107063f0e9e64076ad841f256a439ace2e703,commcanary-wheel=954c9fe0ef908a448b5343c91e7d58e8785fc20a7fd029b699ca0e252614304d;environment-lock=d4b8b2dc177cb09cea84a5b5a51c99d4510a3270fe70286d2133382fbc4abd8b;gemm-calibration=cc4952da314e43f9885fd24dd85afa97440b0007edb2b0d6773d96f2b2deeecf;param-patch-contract=182942ecf6ed3c0ea267b1660a19be8601c16768640dd6ef3f112601a0b26f34;rostam-catalog=a4926ec9b012724b926fbc583b865bb083b7ad6526fee9ffc3e95129717195b8,python -m experiments.rostam.analyze verify --run-directory experiments/rostam/results/core-20260724-r7 --selection-id primary --verdict-sha256 46d8012b3594c18c96ee1a3f1e063ceeaf5642068c6a6aa895e655bcfb257bdd --output-directory experiments/rostam/results/publications/trusted-join-core-shared-overlap-primary --join-evidence experiments/rostam/results/shared-replay-20260720-r2 primary b6cd1aae4cfb2de020a840f941031d4a910d0d47d4c83aee1c09e0f5f6bc98db --join-evidence experiments/rostam/results/overlap-20260724-r1 primary 5b153d0452df5033261d81f01db74211a0cb87015694b25190d8aa69650507fd --baseline-config nccl-2.19.3-default --candidate-config nccl-2.20.5-default --median-threshold-pct 8.0 --median-absolute-threshold-us 1.0
measurement,COMPLETE,false,,overlap-20260724-r1,5d5eb9f4822e14f86023106742efdd48823b20b6a7cb866c3370367aced31d17,primary,e012e40613f57db8dc38d519dd85b85864f99dd3f95724b8cf0f7c62996239d9,5b153d0452df5033261d81f01db74211a0cb87015694b25190d8aa69650507fd,c-canary-overlap-nccl-2.19.3-defaul-r000003-8b12264e9f3b5467,8b12264e9f3b546794f5446177062cb634ad9849430bfcdac3e99a14786ce8a4,a-000001,595a710b728264232cee6c9d4017a075c9ec42f5aeb9e8c8d4d29a2ede9d05c8,nccl-2.19.3-default,canary-overlap,3,146.432000,8192,commcanary.rostam.physical.overlap-measurement.v1,commcanary.rostam.physical.overlap-producer.v1,396192e8b647bc29888d0e7dddcec3e7396db8fb0f53b95c06e1c5a31fda535b,2855275288e67a1a2d0bbefff0740841fdf0ecf0,false,,8c5f30748596f665cca0bde76d4637074ffff3fa077387dd12b993cf98d2cee6,1ab35ed8472b7e70d064b64e05c9e811ec9824d237ab2be8f648c234673c8094,3e57bacd8cfd787b89782fe927e8d2b11fc3df01068cf9de6c69a8ff2bafac0f,commcanary-wheel=954c9fe0ef908a448b5343c91e7d58e8785fc20a7fd029b699ca0e252614304d;environment-lock=d4b8b2dc177cb09cea84a5b5a51c99d4510a3270fe70286d2133382fbc4abd8b;gemm-calibration=cc4952da314e43f9885fd24dd85afa97440b0007edb2b0d6773d96f2b2deeecf;param-patch-contract=182942ecf6ed3c0ea267b1660a19be8601c16768640dd6ef3f112601a0b26f34;rostam-catalog=a4926ec9b012724b926fbc583b865bb083b7ad6526fee9ffc3e95129717195b8,python -m experiments.rostam.analyze verify --run-directory experiments/rostam/results/core-20260724-r7 --selection-id primary --verdict-sha256 46d8012b3594c18c96ee1a3f1e063ceeaf5642068c6a6aa895e655bcfb257bdd --output-directory experiments/rostam/results/publications/trusted-join-core-shared-overlap-primary --join-evidence experiments/rostam/results/shared-replay-20260720-r2 primary b6cd1aae4cfb2de020a840f941031d4a910d0d47d4c83aee1c09e0f5f6bc98db --join-evidence experiments/rostam/results/overlap-20260724-r1 primary 5b153d0452df5033261d81f01db74211a0cb87015694b25190d8aa69650507fd --baseline-config nccl-2.19.3-default --candidate-config nccl-2.20.5-default --median-threshold-pct 8.0 --median-absolute-threshold-us 1.0
measurement,COMPLETE,false,,overlap-20260724-r1,5d5eb9f4822e14f86023106742efdd48823b20b6a7cb866c3370367aced31d17,primary,e012e40613f57db8dc38d519dd85b85864f99dd3f95724b8cf0f7c62996239d9,5b153d0452df5033261d81f01db74211a0cb87015694b25190d8aa69650507fd,c-canary-overlap-nccl-2.19.3-defaul-r000004-a12f0cbd8f6f2354,a12f0cbd8f6f23544df784a352b1418d5137da1341d19e47b68001cb5a3471b7,a-000001,c0502c78b14c10944fc4261195bbd965243c840c1b057b656c9ff470ca1e5e1a,nccl-2.19.3-default,canary-overlap,4,145.408000,8192,commcanary.rostam.physical.overlap-measurement.v1,commcanary.rostam.physical.overlap-producer.v1,4ac605818653cac2e1a0e7d46a9efb978ddeeb2663899236122429fa13017a01,2855275288e67a1a2d0bbefff0740841fdf0ecf0,false,,8c5f30748596f665cca0bde76d4637074ffff3fa077387dd12b993cf98d2cee6,79c1823a8d4a7ceeb83bb903852803a76ec3356cc61988e08001a6967614a8aa,607a95d5c4db69c90fed46f44e0a2722a37ee439d077db636907aab3e06e392e,commcanary-wheel=954c9fe0ef908a448b5343c91e7d58e8785fc20a7fd029b699ca0e252614304d;environment-lock=d4b8b2dc177cb09cea84a5b5a51c99d4510a3270fe70286d2133382fbc4abd8b;gemm-calibration=cc4952da314e43f9885fd24dd85afa97440b0007edb2b0d6773d96f2b2deeecf;param-patch-contract=182942ecf6ed3c0ea267b1660a19be8601c16768640dd6ef3f112601a0b26f34;rostam-catalog=a4926ec9b012724b926fbc583b865bb083b7ad6526fee9ffc3e95129717195b8,python -m experiments.rostam.analyze verify --run-directory experiments/rostam/results/core-20260724-r7 --selection-id primary --verdict-sha256 46d8012b3594c18c96ee1a3f1e063ceeaf5642068c6a6aa895e655bcfb257bdd --output-directory experiments/rostam/results/publications/trusted-join-core-shared-overlap-primary --join-evidence experiments/rostam/results/shared-replay-20260720-r2 primary b6cd1aae4cfb2de020a840f941031d4a910d0d47d4c83aee1c09e0f5f6bc98db --join-evidence experiments/rostam/results/overlap-20260724-r1 primary 5b153d0452df5033261d81f01db74211a0cb87015694b25190d8aa69650507fd --baseline-config nccl-2.19.3-default --candidate-config nccl-2.20.5-default --median-threshold-pct 8.0 --median-absolute-threshold-us 1.0
measurement,COMPLETE,false,,overlap-20260724-r1,5d5eb9f4822e14f86023106742efdd48823b20b6a7cb866c3370367aced31d17,primary,e012e40613f57db8dc38d519dd85b85864f99dd3f95724b8cf0f7c62996239d9,5b153d0452df5033261d81f01db74211a0cb87015694b25190d8aa69650507fd,c-canary-overlap-nccl-2.20.5-defaul-r000000-65453e78cdd80a57,65453e78cdd80a576d33971c19e7ce38b2c2a93bcc27d29696571f91391de9e6,a-000001,0a296d44e4695eaf6c2e76b5e07121c2908a4e80104793491e8309489738c25c,nccl-2.20.5-default,canary-overlap,0,145.408000,8192,commcanary.rostam.physical.overlap-measurement.v1,commcanary.rostam.physical.overlap-producer.v1,944967959b82226ad2e2707cf9bb1e680fd00c950de5fa8a5df71fd36349e143,2855275288e67a1a2d0bbefff0740841fdf0ecf0,false,,8c5f30748596f665cca0bde76d4637074ffff3fa077387dd12b993cf98d2cee6,a86e02eb4a8dcaedbd1573e612377c28f2d25f325aac4f7b0684ff76f77f6d73,438478cf36f8aa2ebb43fd49b212ec0d8f0fc056cde9cbdbe219eb0ff91a95cf,commcanary-wheel=954c9fe0ef908a448b5343c91e7d58e8785fc20a7fd029b699ca0e252614304d;environment-lock=d4b8b2dc177cb09cea84a5b5a51c99d4510a3270fe70286d2133382fbc4abd8b;gemm-calibration=cc4952da314e43f9885fd24dd85afa97440b0007edb2b0d6773d96f2b2deeecf;param-patch-contract=182942ecf6ed3c0ea267b1660a19be8601c16768640dd6ef3f112601a0b26f34;rostam-catalog=a4926ec9b012724b926fbc583b865bb083b7ad6526fee9ffc3e95129717195b8,python -m experiments.rostam.analyze verify --run-directory experiments/rostam/results/core-20260724-r7 --selection-id primary --verdict-sha256 46d8012b3594c18c96ee1a3f1e063ceeaf5642068c6a6aa895e655bcfb257bdd --output-directory experiments/rostam/results/publications/trusted-join-core-shared-overlap-primary --join-evidence experiments/rostam/results/shared-replay-20260720-r2 primary b6cd1aae4cfb2de020a840f941031d4a910d0d47d4c83aee1c09e0f5f6bc98db --join-evidence experiments/rostam/results/overlap-20260724-r1 primary 5b153d0452df5033261d81f01db74211a0cb87015694b25190d8aa69650507fd --baseline-config nccl-2.19.3-default --candidate-config nccl-2.20.5-default --median-threshold-pct 8.0 --median-absolute-threshold-us 1.0
measurement,COMPLETE,false,,overlap-20260724-r1,5d5eb9f4822e14f86023106742efdd48823b20b6a7cb866c3370367aced31d17,primary,e012e40613f57db8dc38d519dd85b85864f99dd3f95724b8cf0f7c62996239d9,5b153d0452df5033261d81f01db74211a0cb87015694b25190d8aa69650507fd,c-canary-overlap-nccl-2.20.5-defaul-r000001-34621c0aa9b7a28b,34621c0aa9b7a28b4145dbd4e270cd7f56e1fbd34b793256bc488ff3f623fe44,a-000001,efa0ce59e1fa055634010f0993c14f4802280db168a79412e98a5834d1f2f82a,nccl-2.20.5-default,canary-overlap,1,145.408000,8192,commcanary.rostam.physical.overlap-measurement.v1,commcanary.rostam.physical.overlap-producer.v1,b61e834d3f667db1e64958588ce26cebe733e433957ebc27caf28b722686976e,2855275288e67a1a2d0bbefff0740841fdf0ecf0,false,,8c5f30748596f665cca0bde76d4637074ffff3fa077387dd12b993cf98d2cee6,0c8b39b25715020cac497ba0e493e45fbb81ee1bb9740aaa53a5394d5e3a7bd2,45d30e460ae065788aded0e32fc0d6e164ccfa452e2e7245b4e0289b03d61983,commcanary-wheel=954c9fe0ef908a448b5343c91e7d58e8785fc20a7fd029b699ca0e252614304d;environment-lock=d4b8b2dc177cb09cea84a5b5a51c99d4510a3270fe70286d2133382fbc4abd8b;gemm-calibration=cc4952da314e43f9885fd24dd85afa97440b0007edb2b0d6773d96f2b2deeecf;param-patch-contract=182942ecf6ed3c0ea267b1660a19be8601c16768640dd6ef3f112601a0b26f34;rostam-catalog=a4926ec9b012724b926fbc583b865bb083b7ad6526fee9ffc3e95129717195b8,python -m experiments.rostam.analyze verify --run-directory experiments/rostam/results/core-20260724-r7 --selection-id primary --verdict-sha256 46d8012b3594c18c96ee1a3f1e063ceeaf5642068c6a6aa895e655bcfb257bdd --output-directory experiments/rostam/results/publications/trusted-join-core-shared-overlap-primary --join-evidence experiments/rostam/results/shared-replay-20260720-r2 primary b6cd1aae4cfb2de020a840f941031d4a910d0d47d4c83aee1c09e0f5f6bc98db --join-evidence experiments/rostam/results/overlap-20260724-r1 primary 5b153d0452df5033261d81f01db74211a0cb87015694b25190d8aa69650507fd --baseline-config nccl-2.19.3-default --candidate-config nccl-2.20.5-default --median-threshold-pct 8.0 --median-absolute-threshold-us 1.0
measurement,COMPLETE,false,,overlap-20260724-r1,5d5eb9f4822e14f86023106742efdd48823b20b6a7cb866c3370367aced31d17,primary,e012e40613f57db8dc38d519dd85b85864f99dd3f95724b8cf0f7c62996239d9,5b153d0452df5033261d81f01db74211a0cb87015694b25190d8aa69650507fd,c-canary-overlap-nccl-2.20.5-defaul-r000002-d660979dbaac2c64,d660979dbaac2c64eb881614e6b2ac5149d8709c1343a8ea6a9b4905e4c46130,a-000001,ed506b38266cbdfd4f8f90eea2974e94727200adb46311d9ab66d971fe56d2a8,nccl-2.20.5-default,canary-overlap,2,146.432000,8192,commcanary.rostam.physical.overlap-measurement.v1,commcanary.rostam.physical.overlap-producer.v1,40b3f7ad8d9f1b0d0504cccc432236d5f30ec7de35e4cc78a9172cf7bcd2297c,2855275288e67a1a2d0bbefff0740841fdf0ecf0,false,,8c5f30748596f665cca0bde76d4637074ffff3fa077387dd12b993cf98d2cee6,2a19c8bc24c558a00c069b4752155e1389d38024126e3ccc8da363ffcff603a3,3a01456f6bdbfb5a981b18a884271a97374169eca6d8dc4212c902f590cf1eea,commcanary-wheel=954c9fe0ef908a448b5343c91e7d58e8785fc20a7fd029b699ca0e252614304d;environment-lock=d4b8b2dc177cb09cea84a5b5a51c99d4510a3270fe70286d2133382fbc4abd8b;gemm-calibration=cc4952da314e43f9885fd24dd85afa97440b0007edb2b0d6773d96f2b2deeecf;param-patch-contract=182942ecf6ed3c0ea267b1660a19be8601c16768640dd6ef3f112601a0b26f34;rostam-catalog=a4926ec9b012724b926fbc583b865bb083b7ad6526fee9ffc3e95129717195b8,python -m experiments.rostam.analyze verify --run-directory experiments/rostam/results/core-20260724-r7 --selection-id primary --verdict-sha256 46d8012b3594c18c96ee1a3f1e063ceeaf5642068c6a6aa895e655bcfb257bdd --output-directory experiments/rostam/results/publications/trusted-join-core-shared-overlap-primary --join-evidence experiments/rostam/results/shared-replay-20260720-r2 primary b6cd1aae4cfb2de020a840f941031d4a910d0d47d4c83aee1c09e0f5f6bc98db --join-evidence experiments/rostam/results/overlap-20260724-r1 primary 5b153d0452df5033261d81f01db74211a0cb87015694b25190d8aa69650507fd --baseline-config nccl-2.19.3-default --candidate-config nccl-2.20.5-default --median-threshold-pct 8.0 --median-absolute-threshold-us 1.0
measurement,COMPLETE,false,,overlap-20260724-r1,5d5eb9f4822e14f86023106742efdd48823b20b6a7cb866c3370367aced31d17,primary,e012e40613f57db8dc38d519dd85b85864f99dd3f95724b8cf0f7c62996239d9,5b153d0452df5033261d81f01db74211a0cb87015694b25190d8aa69650507fd,c-canary-overlap-nccl-2.20.5-defaul-r000003-83c1506f54af615f,83c1506f54af615f7b97f435257900237cc466d12103c80c196ec67191370787,a-000001,bd44316c46b0ffac5fece85db1676b5779236924c8f8f5a17d185067f7db18bb,nccl-2.20.5-default,canary-overlap,3,145.408000,8192,commcanary.rostam.physical.overlap-measurement.v1,commcanary.rostam.physical.overlap-producer.v1,efd7860002b2cd9ecf505052a58b8f72d71c6e4e79c3c6b072e1f1226f2a6a70,2855275288e67a1a2d0bbefff0740841fdf0ecf0,false,,8c5f30748596f665cca0bde76d4637074ffff3fa077387dd12b993cf98d2cee6,35dedcea9888dc61f087cda785069f4e63ce17ed5592dbb4a5e0137377c149bd,f9c54fb7c15441c06b6e4e398157efa9db58d2fa7f962418216de192dfc5cca2,commcanary-wheel=954c9fe0ef908a448b5343c91e7d58e8785fc20a7fd029b699ca0e252614304d;environment-lock=d4b8b2dc177cb09cea84a5b5a51c99d4510a3270fe70286d2133382fbc4abd8b;gemm-calibration=cc4952da314e43f9885fd24dd85afa97440b0007edb2b0d6773d96f2b2deeecf;param-patch-contract=182942ecf6ed3c0ea267b1660a19be8601c16768640dd6ef3f112601a0b26f34;rostam-catalog=a4926ec9b012724b926fbc583b865bb083b7ad6526fee9ffc3e95129717195b8,python -m experiments.rostam.analyze verify --run-directory experiments/rostam/results/core-20260724-r7 --selection-id primary --verdict-sha256 46d8012b3594c18c96ee1a3f1e063ceeaf5642068c6a6aa895e655bcfb257bdd --output-directory experiments/rostam/results/publications/trusted-join-core-shared-overlap-primary --join-evidence experiments/rostam/results/shared-replay-20260720-r2 primary b6cd1aae4cfb2de020a840f941031d4a910d0d47d4c83aee1c09e0f5f6bc98db --join-evidence experiments/rostam/results/overlap-20260724-r1 primary 5b153d0452df5033261d81f01db74211a0cb87015694b25190d8aa69650507fd --baseline-config nccl-2.19.3-default --candidate-config nccl-2.20.5-default --median-threshold-pct 8.0 --median-absolute-threshold-us 1.0
measurement,COMPLETE,false,,overlap-20260724-r1,5d5eb9f4822e14f86023106742efdd48823b20b6a7cb866c3370367aced31d17,primary,e012e40613f57db8dc38d519dd85b85864f99dd3f95724b8cf0f7c62996239d9,5b153d0452df5033261d81f01db74211a0cb87015694b25190d8aa69650507fd,c-canary-overlap-nccl-2.20.5-defaul-r000004-0b3482443616c8c1,0b3482443616c8c1bc506f1884d143cceea0678af5840df9933ec69303e4cfed,a-000001,df57b12cad48898210c1847e73da18cccdb6a8573ec1ff3d92442065c50240a0,nccl-2.20.5-default,canary-overlap,4,144.384000,8192,commcanary.rostam.physical.overlap-measurement.v1,commcanary.rostam.physical.overlap-producer.v1,ec626a6f4018d09e73cad4100d038a7fa57ddc63ec3c9af316b9c8700d5550de,2855275288e67a1a2d0bbefff0740841fdf0ecf0,false,,8c5f30748596f665cca0bde76d4637074ffff3fa077387dd12b993cf98d2cee6,84dc9a077028434272278a68d777eea07cb61662ca448347396b0de8cd5c225e,2986e86c59b3786c1334511c3e6c5effa7ef045298245d63323ed46d8f1e87eb,commcanary-wheel=954c9fe0ef908a448b5343c91e7d58e8785fc20a7fd029b699ca0e252614304d;environment-lock=d4b8b2dc177cb09cea84a5b5a51c99d4510a3270fe70286d2133382fbc4abd8b;gemm-calibration=cc4952da314e43f9885fd24dd85afa97440b0007edb2b0d6773d96f2b2deeecf;param-patch-contract=182942ecf6ed3c0ea267b1660a19be8601c16768640dd6ef3f112601a0b26f34;rostam-catalog=a4926ec9b012724b926fbc583b865bb083b7ad6526fee9ffc3e95129717195b8,python -m experiments.rostam.analyze verify --run-directory experiments/rostam/results/core-20260724-r7 --selection-id primary --verdict-sha256 46d8012b3594c18c96ee1a3f1e063ceeaf5642068c6a6aa895e655bcfb257bdd --output-directory experiments/rostam/results/publications/trusted-join-core-shared-overlap-primary --join-evidence experiments/rostam/results/shared-replay-20260720-r2 primary b6cd1aae4cfb2de020a840f941031d4a910d0d47d4c83aee1c09e0f5f6bc98db --join-evidence experiments/rostam/results/overlap-20260724-r1 primary 5b153d0452df5033261d81f01db74211a0cb87015694b25190d8aa69650507fd --baseline-config nccl-2.19.3-default --candidate-config nccl-2.20.5-default --median-threshold-pct 8.0 --median-absolute-threshold-us 1.0
measurement,COMPLETE,false,,overlap-20260724-r1,5d5eb9f4822e14f86023106742efdd48823b20b6a7cb866c3370367aced31d17,primary,e012e40613f57db8dc38d519dd85b85864f99dd3f95724b8cf0f7c62996239d9,5b153d0452df5033261d81f01db74211a0cb87015694b25190d8aa69650507fd,c-canary-overlap-nccl-2.20.5-ring-l-r000000-8a3026014e915340,8a3026014e9153407f1785eb924d414d49ff81dd0c003fdddd9a1c58b6f20232,a-000001,fdef56fdace871ea67e573f1096d9b124b3dd1a4cbd016c6ec4a0d547127b430,nccl-2.20.5-ring-ll128,canary-overlap,0,144.384000,8192,commcanary.rostam.physical.overlap-measurement.v1,commcanary.rostam.physical.overlap-producer.v1,7041b4e9d5845d7a3b6ed102b1d40e9d28e834a1ac0233237729dc381c8f8d69,2855275288e67a1a2d0bbefff0740841fdf0ecf0,false,,8c5f30748596f665cca0bde76d4637074ffff3fa077387dd12b993cf98d2cee6,4e9ac2aa58f255bf236297ff33797de0aa4086d5c7d5f8e9b89b9f03ef87bc99,f93093b5845dd35e296a9516369e5f77777674f2471cdd88663365e8fb0f12f8,commcanary-wheel=954c9fe0ef908a448b5343c91e7d58e8785fc20a7fd029b699ca0e252614304d;environment-lock=d4b8b2dc177cb09cea84a5b5a51c99d4510a3270fe70286d2133382fbc4abd8b;gemm-calibration=cc4952da314e43f9885fd24dd85afa97440b0007edb2b0d6773d96f2b2deeecf;param-patch-contract=182942ecf6ed3c0ea267b1660a19be8601c16768640dd6ef3f112601a0b26f34;rostam-catalog=a4926ec9b012724b926fbc583b865bb083b7ad6526fee9ffc3e95129717195b8,python -m experiments.rostam.analyze verify --run-directory experiments/rostam/results/core-20260724-r7 --selection-id primary --verdict-sha256 46d8012b3594c18c96ee1a3f1e063ceeaf5642068c6a6aa895e655bcfb257bdd --output-directory experiments/rostam/results/publications/trusted-join-core-shared-overlap-primary --join-evidence experiments/rostam/results/shared-replay-20260720-r2 primary b6cd1aae4cfb2de020a840f941031d4a910d0d47d4c83aee1c09e0f5f6bc98db --join-evidence experiments/rostam/results/overlap-20260724-r1 primary 5b153d0452df5033261d81f01db74211a0cb87015694b25190d8aa69650507fd --baseline-config nccl-2.19.3-default --candidate-config nccl-2.20.5-default --median-threshold-pct 8.0 --median-absolute-threshold-us 1.0
measurement,COMPLETE,false,,overlap-20260724-r1,5d5eb9f4822e14f86023106742efdd48823b20b6a7cb866c3370367aced31d17,primary,e012e40613f57db8dc38d519dd85b85864f99dd3f95724b8cf0f7c62996239d9,5b153d0452df5033261d81f01db74211a0cb87015694b25190d8aa69650507fd,c-canary-overlap-nccl-2.20.5-ring-l-r000000-bbcbeab1953a6585,bbcbeab1953a6585900aa032d758222c46ab8d68078548be109367bc97327c71,a-000001,429bca43fffbfb61a88de04aee59c8c728c3664784dd7e73f0d47b262205b2b9,nccl-2.20.5-ring-ll,canary-overlap,0,147.456000,8192,commcanary.rostam.physical.overlap-measurement.v1,commcanary.rostam.physical.overlap-producer.v1,d3aa113ec453e1c6e8bf7ba21679bb407da224250baeb9620f98f3ba817803dd,2855275288e67a1a2d0bbefff0740841fdf0ecf0,false,,8c5f30748596f665cca0bde76d4637074ffff3fa077387dd12b993cf98d2cee6,c3e607f2d6116616d53a404cbf8fb9204295ac081f9aeb80f1f425ec7ead6257,6fdc4d904dfbd4161171c92dd35de7fd365519d5aabff6123c805ab996ca6de7,commcanary-wheel=954c9fe0ef908a448b5343c91e7d58e8785fc20a7fd029b699ca0e252614304d;environment-lock=d4b8b2dc177cb09cea84a5b5a51c99d4510a3270fe70286d2133382fbc4abd8b;gemm-calibration=cc4952da314e43f9885fd24dd85afa97440b0007edb2b0d6773d96f2b2deeecf;param-patch-contract=182942ecf6ed3c0ea267b1660a19be8601c16768640dd6ef3f112601a0b26f34;rostam-catalog=a4926ec9b012724b926fbc583b865bb083b7ad6526fee9ffc3e95129717195b8,python -m experiments.rostam.analyze verify --run-directory experiments/rostam/results/core-20260724-r7 --selection-id primary --verdict-sha256 46d8012b3594c18c96ee1a3f1e063ceeaf5642068c6a6aa895e655bcfb257bdd --output-directory experiments/rostam/results/publications/trusted-join-core-shared-overlap-primary --join-evidence experiments/rostam/results/shared-replay-20260720-r2 primary b6cd1aae4cfb2de020a840f941031d4a910d0d47d4c83aee1c09e0f5f6bc98db --join-evidence experiments/rostam/results/overlap-20260724-r1 primary 5b153d0452df5033261d81f01db74211a0cb87015694b25190d8aa69650507fd --baseline-config nccl-2.19.3-default --candidate-config nccl-2.20.5-default --median-threshold-pct 8.0 --median-absolute-threshold-us 1.0
measurement,COMPLETE,false,,overlap-20260724-r1,5d5eb9f4822e14f86023106742efdd48823b20b6a7cb866c3370367aced31d17,primary,e012e40613f57db8dc38d519dd85b85864f99dd3f95724b8cf0f7c62996239d9,5b153d0452df5033261d81f01db74211a0cb87015694b25190d8aa69650507fd,c-canary-overlap-nccl-2.20.5-ring-l-r000001-db18c4d41e75e730,db18c4d41e75e7307a322511c52b84d34190e93ea59a3fab30a43d52ba4cd8a9,a-000001,46e340ae780935d9c55f608f4ea9dc0aae9372edb41c5066da54bae8fc02f222,nccl-2.20.5-ring-ll128,canary-overlap,1,145.408000,8192,commcanary.rostam.physical.overlap-measurement.v1,commcanary.rostam.physical.overlap-producer.v1,cc95e4953cd4c1f0c2829919913e8202b9410cf66066a32dd8fbc00358bb852d,2855275288e67a1a2d0bbefff0740841fdf0ecf0,false,,8c5f30748596f665cca0bde76d4637074ffff3fa077387dd12b993cf98d2cee6,dae44b6cc287dd161444d53ac4f6e0f9181f3e26cbb293514a95e92bbed0905f,005bc10d8b51771d4846cbf18b504a404fc136b8bd128fe72f002e075c01fd02,commcanary-wheel=954c9fe0ef908a448b5343c91e7d58e8785fc20a7fd029b699ca0e252614304d;environment-lock=d4b8b2dc177cb09cea84a5b5a51c99d4510a3270fe70286d2133382fbc4abd8b;gemm-calibration=cc4952da314e43f9885fd24dd85afa97440b0007edb2b0d6773d96f2b2deeecf;param-patch-contract=182942ecf6ed3c0ea267b1660a19be8601c16768640dd6ef3f112601a0b26f34;rostam-catalog=a4926ec9b012724b926fbc583b865bb083b7ad6526fee9ffc3e95129717195b8,python -m experiments.rostam.analyze verify --run-directory experiments/rostam/results/core-20260724-r7 --selection-id primary --verdict-sha256 46d8012b3594c18c96ee1a3f1e063ceeaf5642068c6a6aa895e655bcfb257bdd --output-directory experiments/rostam/results/publications/trusted-join-core-shared-overlap-primary --join-evidence experiments/rostam/results/shared-replay-20260720-r2 primary b6cd1aae4cfb2de020a840f941031d4a910d0d47d4c83aee1c09e0f5f6bc98db --join-evidence experiments/rostam/results/overlap-20260724-r1 primary 5b153d0452df5033261d81f01db74211a0cb87015694b25190d8aa69650507fd --baseline-config nccl-2.19.3-default --candidate-config nccl-2.20.5-default --median-threshold-pct 8.0 --median-absolute-threshold-us 1.0
measurement,COMPLETE,false,,overlap-20260724-r1,5d5eb9f4822e14f86023106742efdd48823b20b6a7cb866c3370367aced31d17,primary,e012e40613f57db8dc38d519dd85b85864f99dd3f95724b8cf0f7c62996239d9,5b153d0452df5033261d81f01db74211a0cb87015694b25190d8aa69650507fd,c-canary-overlap-nccl-2.20.5-ring-l-r000001-fa50950b1049db4b,fa50950b1049db4b49d6a90c2bae02ba77a97f516145bd4c8baa69a83d964bd0,a-000001,e032db0ef884700998c7243b74c470c3ec900e698efaf31d5deca231430e6dd9,nccl-2.20.5-ring-ll,canary-overlap,1,137.216000,8192,commcanary.rostam.physical.overlap-measurement.v1,commcanary.rostam.physical.overlap-producer.v1,ef30cdaac010ff59dc93bcd08290c5eeeec9507d44d17b743d1421e1039a3d64,2855275288e67a1a2d0bbefff0740841fdf0ecf0,false,,8c5f30748596f665cca0bde76d4637074ffff3fa077387dd12b993cf98d2cee6,54fcd70c7359c602002278e8884e5788f1529690b31fff6bef67b24da0e0c5ed,4327aeb7aa45a3b8391a02ac596331cefe5450d4f418056b64631ada907145f6,commcanary-wheel=954c9fe0ef908a448b5343c91e7d58e8785fc20a7fd029b699ca0e252614304d;environment-lock=d4b8b2dc177cb09cea84a5b5a51c99d4510a3270fe70286d2133382fbc4abd8b;gemm-calibration=cc4952da314e43f9885fd24dd85afa97440b0007edb2b0d6773d96f2b2deeecf;param-patch-contract=182942ecf6ed3c0ea267b1660a19be8601c16768640dd6ef3f112601a0b26f34;rostam-catalog=a4926ec9b012724b926fbc583b865bb083b7ad6526fee9ffc3e95129717195b8,python -m experiments.rostam.analyze verify --run-directory experiments/rostam/results/core-20260724-r7 --selection-id primary --verdict-sha256 46d8012b3594c18c96ee1a3f1e063ceeaf5642068c6a6aa895e655bcfb257bdd --output-directory experiments/rostam/results/publications/trusted-join-core-shared-overlap-primary --join-evidence experiments/rostam/results/shared-replay-20260720-r2 primary b6cd1aae4cfb2de020a840f941031d4a910d0d47d4c83aee1c09e0f5f6bc98db --join-evidence experiments/rostam/results/overlap-20260724-r1 primary 5b153d0452df5033261d81f01db74211a0cb87015694b25190d8aa69650507fd --baseline-config nccl-2.19.3-default --candidate-config nccl-2.20.5-default --median-threshold-pct 8.0 --median-absolute-threshold-us 1.0
measurement,COMPLETE,false,,overlap-20260724-r1,5d5eb9f4822e14f86023106742efdd48823b20b6a7cb866c3370367aced31d17,primary,e012e40613f57db8dc38d519dd85b85864f99dd3f95724b8cf0f7c62996239d9,5b153d0452df5033261d81f01db74211a0cb87015694b25190d8aa69650507fd,c-canary-overlap-nccl-2.20.5-ring-l-r000002-1f2153737cfc0a89,1f2153737cfc0a89843eb65fd6bf1a4ec40e3d0fcb6a1a0a949abeb2f710e8e4,a-000001,ad028dd5e2f3938a56cc5ad4a38a0578792a9cc93eb180c0c68b87adb0fec3c6,nccl-2.20.5-ring-ll128,canary-overlap,2,135.168000,8192,commcanary.rostam.physical.overlap-measurement.v1,commcanary.rostam.physical.overlap-producer.v1,0f2ad800ee6ccb2096bd1926aba84ad0a8120745a8412febbb43b262ad9aa5c9,2855275288e67a1a2d0bbefff0740841fdf0ecf0,false,,8c5f30748596f665cca0bde76d4637074ffff3fa077387dd12b993cf98d2cee6,fa2b59256e02039c5226b0ab95c0ba14e5e4e89473a55fb0fd59e54e7eb6d636,d1d23aff6f15fbfd999ec408a23eaf349bf13120915dce1989e275d2a5f1f44c,commcanary-wheel=954c9fe0ef908a448b5343c91e7d58e8785fc20a7fd029b699ca0e252614304d;environment-lock=d4b8b2dc177cb09cea84a5b5a51c99d4510a3270fe70286d2133382fbc4abd8b;gemm-calibration=cc4952da314e43f9885fd24dd85afa97440b0007edb2b0d6773d96f2b2deeecf;param-patch-contract=182942ecf6ed3c0ea267b1660a19be8601c16768640dd6ef3f112601a0b26f34;rostam-catalog=a4926ec9b012724b926fbc583b865bb083b7ad6526fee9ffc3e95129717195b8,python -m experiments.rostam.analyze verify --run-directory experiments/rostam/results/core-20260724-r7 --selection-id primary --verdict-sha256 46d8012b3594c18c96ee1a3f1e063ceeaf5642068c6a6aa895e655bcfb257bdd --output-directory experiments/rostam/results/publications/trusted-join-core-shared-overlap-primary --join-evidence experiments/rostam/results/shared-replay-20260720-r2 primary b6cd1aae4cfb2de020a840f941031d4a910d0d47d4c83aee1c09e0f5f6bc98db --join-evidence experiments/rostam/results/overlap-20260724-r1 primary 5b153d0452df5033261d81f01db74211a0cb87015694b25190d8aa69650507fd --baseline-config nccl-2.19.3-default --candidate-config nccl-2.20.5-default --median-threshold-pct 8.0 --median-absolute-threshold-us 1.0
measurement,COMPLETE,false,,overlap-20260724-r1,5d5eb9f4822e14f86023106742efdd48823b20b6a7cb866c3370367aced31d17,primary,e012e40613f57db8dc38d519dd85b85864f99dd3f95724b8cf0f7c62996239d9,5b153d0452df5033261d81f01db74211a0cb87015694b25190d8aa69650507fd,c-canary-overlap-nccl-2.20.5-ring-l-r000002-e375df6b2c38b35b,e375df6b2c38b35b67687dc167a378425e681fb6bd693497a51c81b23df98d6c,a-000001,739235ce48bfc5370f74c5b9d37fac76127500518b4a3c0aa515fb9cebf9d4a1,nccl-2.20.5-ring-ll,canary-overlap,2,145.408000,8192,commcanary.rostam.physical.overlap-measurement.v1,commcanary.rostam.physical.overlap-producer.v1,f47bc16955054804314a569904156a968ac5a088b0495e1d599309df201a8dd6,2855275288e67a1a2d0bbefff0740841fdf0ecf0,false,,8c5f30748596f665cca0bde76d4637074ffff3fa077387dd12b993cf98d2cee6,8f5ed60eeadc2ba33026c0b3822f98014c9b10d52861a1689ff29bcf38a29055,a7522a8e3d76b4de55218b153b394edfcf7766513743e228d874f5d634735177,commcanary-wheel=954c9fe0ef908a448b5343c91e7d58e8785fc20a7fd029b699ca0e252614304d;environment-lock=d4b8b2dc177cb09cea84a5b5a51c99d4510a3270fe70286d2133382fbc4abd8b;gemm-calibration=cc4952da314e43f9885fd24dd85afa97440b0007edb2b0d6773d96f2b2deeecf;param-patch-contract=182942ecf6ed3c0ea267b1660a19be8601c16768640dd6ef3f112601a0b26f34;rostam-catalog=a4926ec9b012724b926fbc583b865bb083b7ad6526fee9ffc3e95129717195b8,python -m experiments.rostam.analyze verify --run-directory experiments/rostam/results/core-20260724-r7 --selection-id primary --verdict-sha256 46d8012b3594c18c96ee1a3f1e063ceeaf5642068c6a6aa895e655bcfb257bdd --output-directory experiments/rostam/results/publications/trusted-join-core-shared-overlap-primary --join-evidence experiments/rostam/results/shared-replay-20260720-r2 primary b6cd1aae4cfb2de020a840f941031d4a910d0d47d4c83aee1c09e0f5f6bc98db --join-evidence experiments/rostam/results/overlap-20260724-r1 primary 5b153d0452df5033261d81f01db74211a0cb87015694b25190d8aa69650507fd --baseline-config nccl-2.19.3-default --candidate-config nccl-2.20.5-default --median-threshold-pct 8.0 --median-absolute-threshold-us 1.0
measurement,COMPLETE,false,,overlap-20260724-r1,5d5eb9f4822e14f86023106742efdd48823b20b6a7cb866c3370367aced31d17,primary,e012e40613f57db8dc38d519dd85b85864f99dd3f95724b8cf0f7c62996239d9,5b153d0452df5033261d81f01db74211a0cb87015694b25190d8aa69650507fd,c-canary-overlap-nccl-2.20.5-ring-l-r000003-1ff7cef66fdc0e15,1ff7cef66fdc0e1567b9c09b73ab9206e327472f96e33e0ef90a96ff3d634132,a-000001,2c79e89b8ff0533a993aecfc8ef7922fe3ade274cf4bdb58a3873e5c4149180b,nccl-2.20.5-ring-ll128,canary-overlap,3,137.216000,8192,commcanary.rostam.physical.overlap-measurement.v1,commcanary.rostam.physical.overlap-producer.v1,eb56b0bbae7980fc2016310cfe6df23f2d798ee2e3a739cfa8778d03484f0549,2855275288e67a1a2d0bbefff0740841fdf0ecf0,false,,8c5f30748596f665cca0bde76d4637074ffff3fa077387dd12b993cf98d2cee6,66198bd40b8d064a4f0cb74eadc09f9fc17b7f5e2b7ac8447d122241505efa57,14b8ea56ecf7d737d41b60df71be90e890e3d76d58872ce64d4e761d0cf949a9,commcanary-wheel=954c9fe0ef908a448b5343c91e7d58e8785fc20a7fd029b699ca0e252614304d;environment-lock=d4b8b2dc177cb09cea84a5b5a51c99d4510a3270fe70286d2133382fbc4abd8b;gemm-calibration=cc4952da314e43f9885fd24dd85afa97440b0007edb2b0d6773d96f2b2deeecf;param-patch-contract=182942ecf6ed3c0ea267b1660a19be8601c16768640dd6ef3f112601a0b26f34;rostam-catalog=a4926ec9b012724b926fbc583b865bb083b7ad6526fee9ffc3e95129717195b8,python -m experiments.rostam.analyze verify --run-directory experiments/rostam/results/core-20260724-r7 --selection-id primary --verdict-sha256 46d8012b3594c18c96ee1a3f1e063ceeaf5642068c6a6aa895e655bcfb257bdd --output-directory experiments/rostam/results/publications/trusted-join-core-shared-overlap-primary --join-evidence experiments/rostam/results/shared-replay-20260720-r2 primary b6cd1aae4cfb2de020a840f941031d4a910d0d47d4c83aee1c09e0f5f6bc98db --join-evidence experiments/rostam/results/overlap-20260724-r1 primary 5b153d0452df5033261d81f01db74211a0cb87015694b25190d8aa69650507fd --baseline-config nccl-2.19.3-default --candidate-config nccl-2.20.5-default --median-threshold-pct 8.0 --median-absolute-threshold-us 1.0
measurement,COMPLETE,false,,overlap-20260724-r1,5d5eb9f4822e14f86023106742efdd48823b20b6a7cb866c3370367aced31d17,primary,e012e40613f57db8dc38d519dd85b85864f99dd3f95724b8cf0f7c62996239d9,5b153d0452df5033261d81f01db74211a0cb87015694b25190d8aa69650507fd,c-canary-overlap-nccl-2.20.5-ring-l-r000003-47b628e1fb05b53c,47b628e1fb05b53ccc4330bbe59e9ced2e568e025aa7c2373014599a2a5bf498,a-000001,7c275a328924a940b01c7841f9ccf4bdc6ec442bb3c24bb19d6385827ad776d7,nccl-2.20.5-ring-ll,canary-overlap,3,147.456000,8192,commcanary.rostam.physical.overlap-measurement.v1,commcanary.rostam.physical.overlap-producer.v1,0abd5a4c5c3b4a699bcdc002f93087ef62e466acf40ebf56cdf1707da033151a,2855275288e67a1a2d0bbefff0740841fdf0ecf0,false,,8c5f30748596f665cca0bde76d4637074ffff3fa077387dd12b993cf98d2cee6,9b3941a14ae46416ec5b647c8acdc77b36a25a462ebe113a03652c96fa09d927,ed679d79690d5e68dff53f09b93cf0be65fc9900f6f79d2d359bd01d17425fe1,commcanary-wheel=954c9fe0ef908a448b5343c91e7d58e8785fc20a7fd029b699ca0e252614304d;environment-lock=d4b8b2dc177cb09cea84a5b5a51c99d4510a3270fe70286d2133382fbc4abd8b;gemm-calibration=cc4952da314e43f9885fd24dd85afa97440b0007edb2b0d6773d96f2b2deeecf;param-patch-contract=182942ecf6ed3c0ea267b1660a19be8601c16768640dd6ef3f112601a0b26f34;rostam-catalog=a4926ec9b012724b926fbc583b865bb083b7ad6526fee9ffc3e95129717195b8,python -m experiments.rostam.analyze verify --run-directory experiments/rostam/results/core-20260724-r7 --selection-id primary --verdict-sha256 46d8012b3594c18c96ee1a3f1e063ceeaf5642068c6a6aa895e655bcfb257bdd --output-directory experiments/rostam/results/publications/trusted-join-core-shared-overlap-primary --join-evidence experiments/rostam/results/shared-replay-20260720-r2 primary b6cd1aae4cfb2de020a840f941031d4a910d0d47d4c83aee1c09e0f5f6bc98db --join-evidence experiments/rostam/results/overlap-20260724-r1 primary 5b153d0452df5033261d81f01db74211a0cb87015694b25190d8aa69650507fd --baseline-config nccl-2.19.3-default --candidate-config nccl-2.20.5-default --median-threshold-pct 8.0 --median-absolute-threshold-us 1.0
measurement,COMPLETE,false,,overlap-20260724-r1,5d5eb9f4822e14f86023106742efdd48823b20b6a7cb866c3370367aced31d17,primary,e012e40613f57db8dc38d519dd85b85864f99dd3f95724b8cf0f7c62996239d9,5b153d0452df5033261d81f01db74211a0cb87015694b25190d8aa69650507fd,c-canary-overlap-nccl-2.20.5-ring-l-r000004-49d1f77ebe8c476f,49d1f77ebe8c476f9f604b3334d8a1ffdb2ddb56d01cc05867259ea9f1e395c0,a-000001,ce6d6fb1fff1ba8460b8653f372d1731021bf4435a251276e916035ae96f639a,nccl-2.20.5-ring-ll,canary-overlap,4,146.432000,8192,commcanary.rostam.physical.overlap-measurement.v1,commcanary.rostam.physical.overlap-producer.v1,a6b830ab2a97b7fa7c5baa94b4b4a317d73335727c443e858f3dbbd38c324863,2855275288e67a1a2d0bbefff0740841fdf0ecf0,false,,8c5f30748596f665cca0bde76d4637074ffff3fa077387dd12b993cf98d2cee6,b16a9acc3ea517f0476ff883b9919b39f9868ec5c57d14bd3b21c23cccf29fca,09e6585118fce22a2fd4c25af00543b32adaed15f93452a1961a8604a2ddba9d,commcanary-wheel=954c9fe0ef908a448b5343c91e7d58e8785fc20a7fd029b699ca0e252614304d;environment-lock=d4b8b2dc177cb09cea84a5b5a51c99d4510a3270fe70286d2133382fbc4abd8b;gemm-calibration=cc4952da314e43f9885fd24dd85afa97440b0007edb2b0d6773d96f2b2deeecf;param-patch-contract=182942ecf6ed3c0ea267b1660a19be8601c16768640dd6ef3f112601a0b26f34;rostam-catalog=a4926ec9b012724b926fbc583b865bb083b7ad6526fee9ffc3e95129717195b8,python -m experiments.rostam.analyze verify --run-directory experiments/rostam/results/core-20260724-r7 --selection-id primary --verdict-sha256 46d8012b3594c18c96ee1a3f1e063ceeaf5642068c6a6aa895e655bcfb257bdd --output-directory experiments/rostam/results/publications/trusted-join-core-shared-overlap-primary --join-evidence experiments/rostam/results/shared-replay-20260720-r2 primary b6cd1aae4cfb2de020a840f941031d4a910d0d47d4c83aee1c09e0f5f6bc98db --join-evidence experiments/rostam/results/overlap-20260724-r1 primary 5b153d0452df5033261d81f01db74211a0cb87015694b25190d8aa69650507fd --baseline-config nccl-2.19.3-default --candidate-config nccl-2.20.5-default --median-threshold-pct 8.0 --median-absolute-threshold-us 1.0
measurement,COMPLETE,false,,overlap-20260724-r1,5d5eb9f4822e14f86023106742efdd48823b20b6a7cb866c3370367aced31d17,primary,e012e40613f57db8dc38d519dd85b85864f99dd3f95724b8cf0f7c62996239d9,5b153d0452df5033261d81f01db74211a0cb87015694b25190d8aa69650507fd,c-canary-overlap-nccl-2.20.5-ring-l-r000004-d6dbe8da38dd9ffc,d6dbe8da38dd9ffc56068d3642416338bfd7be8854dff3e7c5c2b2443eb2e982,a-000001,06f807d0e2c9816a56ef1b5f53b2a29cdfcfb07b86197a2fb332fa67498b9ce3,nccl-2.20.5-ring-ll128,canary-overlap,4,147.456000,8192,commcanary.rostam.physical.overlap-measurement.v1,commcanary.rostam.physical.overlap-producer.v1,6f2ae188e7f152cae8f3f9819c9e9f869b3f315b8a7c6a2a5d3ac308fa8d84e3,2855275288e67a1a2d0bbefff0740841fdf0ecf0,false,,8c5f30748596f665cca0bde76d4637074ffff3fa077387dd12b993cf98d2cee6,64d82496ae82b870f889e70ace2422259aca89c61db8f60c14d1b302d7d4e8d2,daf1befa0106ee0446727ef5aa5bd822100d09cdacbbec70aceea92aa077a7ae,commcanary-wheel=954c9fe0ef908a448b5343c91e7d58e8785fc20a7fd029b699ca0e252614304d;environment-lock=d4b8b2dc177cb09cea84a5b5a51c99d4510a3270fe70286d2133382fbc4abd8b;gemm-calibration=cc4952da314e43f9885fd24dd85afa97440b0007edb2b0d6773d96f2b2deeecf;param-patch-contract=182942ecf6ed3c0ea267b1660a19be8601c16768640dd6ef3f112601a0b26f34;rostam-catalog=a4926ec9b012724b926fbc583b865bb083b7ad6526fee9ffc3e95129717195b8,python -m experiments.rostam.analyze verify --run-directory experiments/rostam/results/core-20260724-r7 --selection-id primary --verdict-sha256 46d8012b3594c18c96ee1a3f1e063ceeaf5642068c6a6aa895e655bcfb257bdd --output-directory experiments/rostam/results/publications/trusted-join-core-shared-overlap-primary --join-evidence experiments/rostam/results/shared-replay-20260720-r2 primary b6cd1aae4cfb2de020a840f941031d4a910d0d47d4c83aee1c09e0f5f6bc98db --join-evidence experiments/rostam/results/overlap-20260724-r1 primary 5b153d0452df5033261d81f01db74211a0cb87015694b25190d8aa69650507fd --baseline-config nccl-2.19.3-default --candidate-config nccl-2.20.5-default --median-threshold-pct 8.0 --median-absolute-threshold-us 1.0
measurement,COMPLETE,false,,overlap-20260724-r1,5d5eb9f4822e14f86023106742efdd48823b20b6a7cb866c3370367aced31d17,primary,e012e40613f57db8dc38d519dd85b85864f99dd3f95724b8cf0f7c62996239d9,5b153d0452df5033261d81f01db74211a0cb87015694b25190d8aa69650507fd,c-canary-overlap-nccl-2.20.5-ring-s-r000000-72d56a522bfe2977,72d56a522bfe2977391efbbc6daf5c14818c12b9ef4a2f8eada6c5a7356f8ae9,a-000001,f91f230b8589168ffbb561d17659a83b778ae4fddd56263349c901a7d1195407,nccl-2.20.5-ring-simple,canary-overlap,0,144.384000,8192,commcanary.rostam.physical.overlap-measurement.v1,commcanary.rostam.physical.overlap-producer.v1,307f969271b559c7d3376bd1c5a74de42917ae442d540c7f17e679087b2343ed,2855275288e67a1a2d0bbefff0740841fdf0ecf0,false,,8c5f30748596f665cca0bde76d4637074ffff3fa077387dd12b993cf98d2cee6,ae97cc85bbcffb1b65463fb9c766d70f0d1586339999ab0576a95e1019cbf73a,d53dc2da0847efce5f1f85050924c741821fbccd4033203b6b0b6562a3e79f8c,commcanary-wheel=954c9fe0ef908a448b5343c91e7d58e8785fc20a7fd029b699ca0e252614304d;environment-lock=d4b8b2dc177cb09cea84a5b5a51c99d4510a3270fe70286d2133382fbc4abd8b;gemm-calibration=cc4952da314e43f9885fd24dd85afa97440b0007edb2b0d6773d96f2b2deeecf;param-patch-contract=182942ecf6ed3c0ea267b1660a19be8601c16768640dd6ef3f112601a0b26f34;rostam-catalog=a4926ec9b012724b926fbc583b865bb083b7ad6526fee9ffc3e95129717195b8,python -m experiments.rostam.analyze verify --run-directory experiments/rostam/results/core-20260724-r7 --selection-id primary --verdict-sha256 46d8012b3594c18c96ee1a3f1e063ceeaf5642068c6a6aa895e655bcfb257bdd --output-directory experiments/rostam/results/publications/trusted-join-core-shared-overlap-primary --join-evidence experiments/rostam/results/shared-replay-20260720-r2 primary b6cd1aae4cfb2de020a840f941031d4a910d0d47d4c83aee1c09e0f5f6bc98db --join-evidence experiments/rostam/results/overlap-20260724-r1 primary 5b153d0452df5033261d81f01db74211a0cb87015694b25190d8aa69650507fd --baseline-config nccl-2.19.3-default --candidate-config nccl-2.20.5-default --median-threshold-pct 8.0 --median-absolute-threshold-us 1.0
measurement,COMPLETE,false,,overlap-20260724-r1,5d5eb9f4822e14f86023106742efdd48823b20b6a7cb866c3370367aced31d17,primary,e012e40613f57db8dc38d519dd85b85864f99dd3f95724b8cf0f7c62996239d9,5b153d0452df5033261d81f01db74211a0cb87015694b25190d8aa69650507fd,c-canary-overlap-nccl-2.20.5-ring-s-r000001-c0d48bdbb818c7e8,c0d48bdbb818c7e8c09482f76ca07d66a42b377eea269e34ce4e790922c67b7d,a-000001,60f8cc82056b6cc139e4b8f3a9597ec4b10c9869f050dcae1d3ffd9d121f8353,nccl-2.20.5-ring-simple,canary-overlap,1,131.072000,8192,commcanary.rostam.physical.overlap-measurement.v1,commcanary.rostam.physical.overlap-producer.v1,c7c9c8b786da869f6194d45231979657cf0b85c3292a4eafe2788df0c0f31ff7,2855275288e67a1a2d0bbefff0740841fdf0ecf0,false,,8c5f30748596f665cca0bde76d4637074ffff3fa077387dd12b993cf98d2cee6,ba2271080d55034410c7e0670dd688d8d5067969ea0bfab634b5c934e537c9ce,187d02e87f47838d3267a21dd07b9537b4f10a9d5ced6c2794a7ea9222ba2858,commcanary-wheel=954c9fe0ef908a448b5343c91e7d58e8785fc20a7fd029b699ca0e252614304d;environment-lock=d4b8b2dc177cb09cea84a5b5a51c99d4510a3270fe70286d2133382fbc4abd8b;gemm-calibration=cc4952da314e43f9885fd24dd85afa97440b0007edb2b0d6773d96f2b2deeecf;param-patch-contract=182942ecf6ed3c0ea267b1660a19be8601c16768640dd6ef3f112601a0b26f34;rostam-catalog=a4926ec9b012724b926fbc583b865bb083b7ad6526fee9ffc3e95129717195b8,python -m experiments.rostam.analyze verify --run-directory experiments/rostam/results/core-20260724-r7 --selection-id primary --verdict-sha256 46d8012b3594c18c96ee1a3f1e063ceeaf5642068c6a6aa895e655bcfb257bdd --output-directory experiments/rostam/results/publications/trusted-join-core-shared-overlap-primary --join-evidence experiments/rostam/results/shared-replay-20260720-r2 primary b6cd1aae4cfb2de020a840f941031d4a910d0d47d4c83aee1c09e0f5f6bc98db --join-evidence experiments/rostam/results/overlap-20260724-r1 primary 5b153d0452df5033261d81f01db74211a0cb87015694b25190d8aa69650507fd --baseline-config nccl-2.19.3-default --candidate-config nccl-2.20.5-default --median-threshold-pct 8.0 --median-absolute-threshold-us 1.0
measurement,COMPLETE,false,,overlap-20260724-r1,5d5eb9f4822e14f86023106742efdd48823b20b6a7cb866c3370367aced31d17,primary,e012e40613f57db8dc38d519dd85b85864f99dd3f95724b8cf0f7c62996239d9,5b153d0452df5033261d81f01db74211a0cb87015694b25190d8aa69650507fd,c-canary-overlap-nccl-2.20.5-ring-s-r000002-1eaf21f2d6a789df,1eaf21f2d6a789df8178c2a3301a8c8ca40d160b1aafc9b963bb2a2d3daf919b,a-000001,3293bd04d1cb80969394b3111e383fdf1618750300e48599f3eb6bc4310c9bbb,nccl-2.20.5-ring-simple,canary-overlap,2,145.408000,8192,commcanary.rostam.physical.overlap-measurement.v1,commcanary.rostam.physical.overlap-producer.v1,c46ecadcccdf700470d78b82cdac9008ab36892f667d30d52949de5442bdbcbb,2855275288e67a1a2d0bbefff0740841fdf0ecf0,false,,8c5f30748596f665cca0bde76d4637074ffff3fa077387dd12b993cf98d2cee6,d51cc1f596dd9f3507c9a7bf80f1e95b2665f13d1bef48de607977e7d11d1e82,f2ce1859d77907e78749669a8251d40891ac4d01bc830f65d14e259bcdcfa624,commcanary-wheel=954c9fe0ef908a448b5343c91e7d58e8785fc20a7fd029b699ca0e252614304d;environment-lock=d4b8b2dc177cb09cea84a5b5a51c99d4510a3270fe70286d2133382fbc4abd8b;gemm-calibration=cc4952da314e43f9885fd24dd85afa97440b0007edb2b0d6773d96f2b2deeecf;param-patch-contract=182942ecf6ed3c0ea267b1660a19be8601c16768640dd6ef3f112601a0b26f34;rostam-catalog=a4926ec9b012724b926fbc583b865bb083b7ad6526fee9ffc3e95129717195b8,python -m experiments.rostam.analyze verify --run-directory experiments/rostam/results/core-20260724-r7 --selection-id primary --verdict-sha256 46d8012b3594c18c96ee1a3f1e063ceeaf5642068c6a6aa895e655bcfb257bdd --output-directory experiments/rostam/results/publications/trusted-join-core-shared-overlap-primary --join-evidence experiments/rostam/results/shared-replay-20260720-r2 primary b6cd1aae4cfb2de020a840f941031d4a910d0d47d4c83aee1c09e0f5f6bc98db --join-evidence experiments/rostam/results/overlap-20260724-r1 primary 5b153d0452df5033261d81f01db74211a0cb87015694b25190d8aa69650507fd --baseline-config nccl-2.19.3-default --candidate-config nccl-2.20.5-default --median-threshold-pct 8.0 --median-absolute-threshold-us 1.0
measurement,COMPLETE,false,,overlap-20260724-r1,5d5eb9f4822e14f86023106742efdd48823b20b6a7cb866c3370367aced31d17,primary,e012e40613f57db8dc38d519dd85b85864f99dd3f95724b8cf0f7c62996239d9,5b153d0452df5033261d81f01db74211a0cb87015694b25190d8aa69650507fd,c-canary-overlap-nccl-2.20.5-ring-s-r000003-85afc2fad667dbad,85afc2fad667dbad89adc5da5230cde071475c7a21586eb9f1bfea70e2cf0387,a-000001,89016d66d3224163fb615b0afe390c11c50c2b6a189e46ab665823f5d6432a06,nccl-2.20.5-ring-simple,canary-overlap,3,145.408000,8192,commcanary.rostam.physical.overlap-measurement.v1,commcanary.rostam.physical.overlap-producer.v1,2e663671c363599eac5ecdd2c7519372e0490c9d52da366d48df0d050838fff3,2855275288e67a1a2d0bbefff0740841fdf0ecf0,false,,8c5f30748596f665cca0bde76d4637074ffff3fa077387dd12b993cf98d2cee6,ef3e8bee92ba08b467c79c50115f12b1847934ec1b9427a9fc159389921e6276,860af7169e3cf36173824f401f35abe4ab5767c68bae9f0d0670e6e30fff3456,commcanary-wheel=954c9fe0ef908a448b5343c91e7d58e8785fc20a7fd029b699ca0e252614304d;environment-lock=d4b8b2dc177cb09cea84a5b5a51c99d4510a3270fe70286d2133382fbc4abd8b;gemm-calibration=cc4952da314e43f9885fd24dd85afa97440b0007edb2b0d6773d96f2b2deeecf;param-patch-contract=182942ecf6ed3c0ea267b1660a19be8601c16768640dd6ef3f112601a0b26f34;rostam-catalog=a4926ec9b012724b926fbc583b865bb083b7ad6526fee9ffc3e95129717195b8,python -m experiments.rostam.analyze verify --run-directory experiments/rostam/results/core-20260724-r7 --selection-id primary --verdict-sha256 46d8012b3594c18c96ee1a3f1e063ceeaf5642068c6a6aa895e655bcfb257bdd --output-directory experiments/rostam/results/publications/trusted-join-core-shared-overlap-primary --join-evidence experiments/rostam/results/shared-replay-20260720-r2 primary b6cd1aae4cfb2de020a840f941031d4a910d0d47d4c83aee1c09e0f5f6bc98db --join-evidence experiments/rostam/results/overlap-20260724-r1 primary 5b153d0452df5033261d81f01db74211a0cb87015694b25190d8aa69650507fd --baseline-config nccl-2.19.3-default --candidate-config nccl-2.20.5-default --median-threshold-pct 8.0 --median-absolute-threshold-us 1.0
measurement,COMPLETE,false,,overlap-20260724-r1,5d5eb9f4822e14f86023106742efdd48823b20b6a7cb866c3370367aced31d17,primary,e012e40613f57db8dc38d519dd85b85864f99dd3f95724b8cf0f7c62996239d9,5b153d0452df5033261d81f01db74211a0cb87015694b25190d8aa69650507fd,c-canary-overlap-nccl-2.20.5-ring-s-r000004-d61b5cf040829d9b,d61b5cf040829d9bebbc4413fd5a7afd19a9415f44ce8295119366cf65b4a8a4,a-000001,0cb63d5d2d370efa7eb2de1ac65e6d95ea153e27df6175ffd81646127ad8168a,nccl-2.20.5-ring-simple,canary-overlap,4,134.144000,8192,commcanary.rostam.physical.overlap-measurement.v1,commcanary.rostam.physical.overlap-producer.v1,bad2518cf7be96c97f68b0786a50b97c283a15064c8a7e71658bd22179100d05,2855275288e67a1a2d0bbefff0740841fdf0ecf0,false,,8c5f30748596f665cca0bde76d4637074ffff3fa077387dd12b993cf98d2cee6,abb6b99c1aa1213ae771a9a1e518c7f5896d7747bcbd4519dab451a6213f8e0c,f3d233e232a0483cf14c3c8a0629638f15d820b54b09082efe1978a9f897e78c,commcanary-wheel=954c9fe0ef908a448b5343c91e7d58e8785fc20a7fd029b699ca0e252614304d;environment-lock=d4b8b2dc177cb09cea84a5b5a51c99d4510a3270fe70286d2133382fbc4abd8b;gemm-calibration=cc4952da314e43f9885fd24dd85afa97440b0007edb2b0d6773d96f2b2deeecf;param-patch-contract=182942ecf6ed3c0ea267b1660a19be8601c16768640dd6ef3f112601a0b26f34;rostam-catalog=a4926ec9b012724b926fbc583b865bb083b7ad6526fee9ffc3e95129717195b8,python -m experiments.rostam.analyze verify --run-directory experiments/rostam/results/core-20260724-r7 --selection-id primary --verdict-sha256 46d8012b3594c18c96ee1a3f1e063ceeaf5642068c6a6aa895e655bcfb257bdd --output-directory experiments/rostam/results/publications/trusted-join-core-shared-overlap-primary --join-evidence experiments/rostam/results/shared-replay-20260720-r2 primary b6cd1aae4cfb2de020a840f941031d4a910d0d47d4c83aee1c09e0f5f6bc98db --join-evidence experiments/rostam/results/overlap-20260724-r1 primary 5b153d0452df5033261d81f01db74211a0cb87015694b25190d8aa69650507fd --baseline-config nccl-2.19.3-default --candidate-config nccl-2.20.5-default --median-threshold-pct 8.0 --median-absolute-threshold-us 1.0
measurement,COMPLETE,false,,overlap-20260724-r1,5d5eb9f4822e14f86023106742efdd48823b20b6a7cb866c3370367aced31d17,primary,e012e40613f57db8dc38d519dd85b85864f99dd3f95724b8cf0f7c62996239d9,5b153d0452df5033261d81f01db74211a0cb87015694b25190d8aa69650507fd,c-canary-overlap-nccl-2.20.5-tree-l-r000000-10e0a8e76beca2c9,10e0a8e76beca2c915a0247a6d76eb78ca0ad3bc27561df8beeb6f3a4c24038b,a-000001,aead88244181efa849c894518ef5971b0d31498dac3a655f3e4f517a19a2cbd0,nccl-2.20.5-tree-ll128,canary-overlap,0,154.624000,8192,commcanary.rostam.physical.overlap-measurement.v1,commcanary.rostam.physical.overlap-producer.v1,85e3caaf10ab6634915e468e87bc2323377f44733b06aa399752499a667c452b,2855275288e67a1a2d0bbefff0740841fdf0ecf0,false,,8c5f30748596f665cca0bde76d4637074ffff3fa077387dd12b993cf98d2cee6,f285907e711aecb8df61d8bbeb908b04842fd7c5f7a6885c647dc3ae36f7062b,0290ed44a6e58602b1e64c67294fadedbb7dc69c141fd7015b6c7db5ad376791,commcanary-wheel=954c9fe0ef908a448b5343c91e7d58e8785fc20a7fd029b699ca0e252614304d;environment-lock=d4b8b2dc177cb09cea84a5b5a51c99d4510a3270fe70286d2133382fbc4abd8b;gemm-calibration=cc4952da314e43f9885fd24dd85afa97440b0007edb2b0d6773d96f2b2deeecf;param-patch-contract=182942ecf6ed3c0ea267b1660a19be8601c16768640dd6ef3f112601a0b26f34;rostam-catalog=a4926ec9b012724b926fbc583b865bb083b7ad6526fee9ffc3e95129717195b8,python -m experiments.rostam.analyze verify --run-directory experiments/rostam/results/core-20260724-r7 --selection-id primary --verdict-sha256 46d8012b3594c18c96ee1a3f1e063ceeaf5642068c6a6aa895e655bcfb257bdd --output-directory experiments/rostam/results/publications/trusted-join-core-shared-overlap-primary --join-evidence experiments/rostam/results/shared-replay-20260720-r2 primary b6cd1aae4cfb2de020a840f941031d4a910d0d47d4c83aee1c09e0f5f6bc98db --join-evidence experiments/rostam/results/overlap-20260724-r1 primary 5b153d0452df5033261d81f01db74211a0cb87015694b25190d8aa69650507fd --baseline-config nccl-2.19.3-default --candidate-config nccl-2.20.5-default --median-threshold-pct 8.0 --median-absolute-threshold-us 1.0
measurement,COMPLETE,false,,overlap-20260724-r1,5d5eb9f4822e14f86023106742efdd48823b20b6a7cb866c3370367aced31d17,primary,e012e40613f57db8dc38d519dd85b85864f99dd3f95724b8cf0f7c62996239d9,5b153d0452df5033261d81f01db74211a0cb87015694b25190d8aa69650507fd,c-canary-overlap-nccl-2.20.5-tree-l-r000000-8e3458de9aa7293f,8e3458de9aa7293f20a1ac4856905ade1d2a601cb672e966792faa6a9f397226,a-000001,38cf3bbb1372bacbf297a969ca04d4965e6bf2d72a7f79c26bce576d8d3cdfb8,nccl-2.20.5-tree-ll,canary-overlap,0,167.936000,8192,commcanary.rostam.physical.overlap-measurement.v1,commcanary.rostam.physical.overlap-producer.v1,eef9674168fbc5cbd21f42e0aa957201a522fdabdeb5dd22d0ed8a0396a12585,2855275288e67a1a2d0bbefff0740841fdf0ecf0,false,,8c5f30748596f665cca0bde76d4637074ffff3fa077387dd12b993cf98d2cee6,65921dfccc2ecd2e5cfce14d07ef40c03c18c30ea92e6e0f072030d78844cbc4,c087b0f6d3bcaad793e762ec4c1452a65023c1f4634958ed12c097395533586f,commcanary-wheel=954c9fe0ef908a448b5343c91e7d58e8785fc20a7fd029b699ca0e252614304d;environment-lock=d4b8b2dc177cb09cea84a5b5a51c99d4510a3270fe70286d2133382fbc4abd8b;gemm-calibration=cc4952da314e43f9885fd24dd85afa97440b0007edb2b0d6773d96f2b2deeecf;param-patch-contract=182942ecf6ed3c0ea267b1660a19be8601c16768640dd6ef3f112601a0b26f34;rostam-catalog=a4926ec9b012724b926fbc583b865bb083b7ad6526fee9ffc3e95129717195b8,python -m experiments.rostam.analyze verify --run-directory experiments/rostam/results/core-20260724-r7 --selection-id primary --verdict-sha256 46d8012b3594c18c96ee1a3f1e063ceeaf5642068c6a6aa895e655bcfb257bdd --output-directory experiments/rostam/results/publications/trusted-join-core-shared-overlap-primary --join-evidence experiments/rostam/results/shared-replay-20260720-r2 primary b6cd1aae4cfb2de020a840f941031d4a910d0d47d4c83aee1c09e0f5f6bc98db --join-evidence experiments/rostam/results/overlap-20260724-r1 primary 5b153d0452df5033261d81f01db74211a0cb87015694b25190d8aa69650507fd --baseline-config nccl-2.19.3-default --candidate-config nccl-2.20.5-default --median-threshold-pct 8.0 --median-absolute-threshold-us 1.0
measurement,COMPLETE,false,,overlap-20260724-r1,5d5eb9f4822e14f86023106742efdd48823b20b6a7cb866c3370367aced31d17,primary,e012e40613f57db8dc38d519dd85b85864f99dd3f95724b8cf0f7c62996239d9,5b153d0452df5033261d81f01db74211a0cb87015694b25190d8aa69650507fd,c-canary-overlap-nccl-2.20.5-tree-l-r000001-1e3b42bf1ac8e522,1e3b42bf1ac8e5228938c3fd4ae20d7ebf0d81e4cd08c2b4f406f1539e2a3ec7,a-000001,1ee954b1a97d011b486db09e927639693723253ad52c62e4f0ceb957d81f8666,nccl-2.20.5-tree-ll,canary-overlap,1,155.648000,8192,commcanary.rostam.physical.overlap-measurement.v1,commcanary.rostam.physical.overlap-producer.v1,3438d21ed69dc63cae96fdcd6cad6edd925e964b58b979dd698a429f76e62313,2855275288e67a1a2d0bbefff0740841fdf0ecf0,false,,8c5f30748596f665cca0bde76d4637074ffff3fa077387dd12b993cf98d2cee6,6311652e94e2943d750d23f8b1e6763463e1f63eca044d873fe29c47be0c8818,3b609c13ee446db0def868270c39200d7e92553c647539bcfa7c427e0a68396f,commcanary-wheel=954c9fe0ef908a448b5343c91e7d58e8785fc20a7fd029b699ca0e252614304d;environment-lock=d4b8b2dc177cb09cea84a5b5a51c99d4510a3270fe70286d2133382fbc4abd8b;gemm-calibration=cc4952da314e43f9885fd24dd85afa97440b0007edb2b0d6773d96f2b2deeecf;param-patch-contract=182942ecf6ed3c0ea267b1660a19be8601c16768640dd6ef3f112601a0b26f34;rostam-catalog=a4926ec9b012724b926fbc583b865bb083b7ad6526fee9ffc3e95129717195b8,python -m experiments.rostam.analyze verify --run-directory experiments/rostam/results/core-20260724-r7 --selection-id primary --verdict-sha256 46d8012b3594c18c96ee1a3f1e063ceeaf5642068c6a6aa895e655bcfb257bdd --output-directory experiments/rostam/results/publications/trusted-join-core-shared-overlap-primary --join-evidence experiments/rostam/results/shared-replay-20260720-r2 primary b6cd1aae4cfb2de020a840f941031d4a910d0d47d4c83aee1c09e0f5f6bc98db --join-evidence experiments/rostam/results/overlap-20260724-r1 primary 5b153d0452df5033261d81f01db74211a0cb87015694b25190d8aa69650507fd --baseline-config nccl-2.19.3-default --candidate-config nccl-2.20.5-default --median-threshold-pct 8.0 --median-absolute-threshold-us 1.0
measurement,COMPLETE,false,,overlap-20260724-r1,5d5eb9f4822e14f86023106742efdd48823b20b6a7cb866c3370367aced31d17,primary,e012e40613f57db8dc38d519dd85b85864f99dd3f95724b8cf0f7c62996239d9,5b153d0452df5033261d81f01db74211a0cb87015694b25190d8aa69650507fd,c-canary-overlap-nccl-2.20.5-tree-l-r000001-33b99c975e59bdd1,33b99c975e59bdd1786d11ae4e24524b8be8c20b8c7a0052023707924d673392,a-000001,76f3306da8227cf21cd1fb19393f4a89c4e1082ca019bba197e8381421a40dd3,nccl-2.20.5-tree-ll128,canary-overlap,1,154.624000,8192,commcanary.rostam.physical.overlap-measurement.v1,commcanary.rostam.physical.overlap-producer.v1,13cf1e910cf7595203ad69ac4099324d3e7609f5be8c5718d2ae16417a0992c8,2855275288e67a1a2d0bbefff0740841fdf0ecf0,false,,8c5f30748596f665cca0bde76d4637074ffff3fa077387dd12b993cf98d2cee6,7c061e33718afa27d380434857dad081a88c65531cf37544ef887db6c11b955b,62ca0293511e96a515cc2c0955b4c4af84780ab29630d6244973df47962a5ab4,commcanary-wheel=954c9fe0ef908a448b5343c91e7d58e8785fc20a7fd029b699ca0e252614304d;environment-lock=d4b8b2dc177cb09cea84a5b5a51c99d4510a3270fe70286d2133382fbc4abd8b;gemm-calibration=cc4952da314e43f9885fd24dd85afa97440b0007edb2b0d6773d96f2b2deeecf;param-patch-contract=182942ecf6ed3c0ea267b1660a19be8601c16768640dd6ef3f112601a0b26f34;rostam-catalog=a4926ec9b012724b926fbc583b865bb083b7ad6526fee9ffc3e95129717195b8,python -m experiments.rostam.analyze verify --run-directory experiments/rostam/results/core-20260724-r7 --selection-id primary --verdict-sha256 46d8012b3594c18c96ee1a3f1e063ceeaf5642068c6a6aa895e655bcfb257bdd --output-directory experiments/rostam/results/publications/trusted-join-core-shared-overlap-primary --join-evidence experiments/rostam/results/shared-replay-20260720-r2 primary b6cd1aae4cfb2de020a840f941031d4a910d0d47d4c83aee1c09e0f5f6bc98db --join-evidence experiments/rostam/results/overlap-20260724-r1 primary 5b153d0452df5033261d81f01db74211a0cb87015694b25190d8aa69650507fd --baseline-config nccl-2.19.3-default --candidate-config nccl-2.20.5-default --median-threshold-pct 8.0 --median-absolute-threshold-us 1.0
measurement,COMPLETE,false,,overlap-20260724-r1,5d5eb9f4822e14f86023106742efdd48823b20b6a7cb866c3370367aced31d17,primary,e012e40613f57db8dc38d519dd85b85864f99dd3f95724b8cf0f7c62996239d9,5b153d0452df5033261d81f01db74211a0cb87015694b25190d8aa69650507fd,c-canary-overlap-nccl-2.20.5-tree-l-r000002-b7c4aff3fe3d83cc,b7c4aff3fe3d83cc2439296649bae5d18152fa838655c8cd8c04d0ec077d145d,a-000001,25cbef11a69173a15d201ba5a57ca6156beac32ad2a66b794f5c7351bc4a1529,nccl-2.20.5-tree-ll,canary-overlap,2,178.176000,8192,commcanary.rostam.physical.overlap-measurement.v1,commcanary.rostam.physical.overlap-producer.v1,6c350406238e0fbc8f92c67c7af68cb035264fe6d97df719f1bcf0ed5b096f65,2855275288e67a1a2d0bbefff0740841fdf0ecf0,false,,8c5f30748596f665cca0bde76d4637074ffff3fa077387dd12b993cf98d2cee6,e8989ecd0b331b0ee3dde064dd5c2ebbee210c97b37be91a1166846cdaf6f8e9,769a85e1598f1049fedf1de093c763a85fe1d5c541b10f708942a2a0797e84b0,commcanary-wheel=954c9fe0ef908a448b5343c91e7d58e8785fc20a7fd029b699ca0e252614304d;environment-lock=d4b8b2dc177cb09cea84a5b5a51c99d4510a3270fe70286d2133382fbc4abd8b;gemm-calibration=cc4952da314e43f9885fd24dd85afa97440b0007edb2b0d6773d96f2b2deeecf;param-patch-contract=182942ecf6ed3c0ea267b1660a19be8601c16768640dd6ef3f112601a0b26f34;rostam-catalog=a4926ec9b012724b926fbc583b865bb083b7ad6526fee9ffc3e95129717195b8,python -m experiments.rostam.analyze verify --run-directory experiments/rostam/results/core-20260724-r7 --selection-id primary --verdict-sha256 46d8012b3594c18c96ee1a3f1e063ceeaf5642068c6a6aa895e655bcfb257bdd --output-directory experiments/rostam/results/publications/trusted-join-core-shared-overlap-primary --join-evidence experiments/rostam/results/shared-replay-20260720-r2 primary b6cd1aae4cfb2de020a840f941031d4a910d0d47d4c83aee1c09e0f5f6bc98db --join-evidence experiments/rostam/results/overlap-20260724-r1 primary 5b153d0452df5033261d81f01db74211a0cb87015694b25190d8aa69650507fd --baseline-config nccl-2.19.3-default --candidate-config nccl-2.20.5-default --median-threshold-pct 8.0 --median-absolute-threshold-us 1.0
measurement,COMPLETE,false,,overlap-20260724-r1,5d5eb9f4822e14f86023106742efdd48823b20b6a7cb866c3370367aced31d17,primary,e012e40613f57db8dc38d519dd85b85864f99dd3f95724b8cf0f7c62996239d9,5b153d0452df5033261d81f01db74211a0cb87015694b25190d8aa69650507fd,c-canary-overlap-nccl-2.20.5-tree-l-r000002-c3c3e4e7cd510aff,c3c3e4e7cd510aff69b3042f8a57610acbb4c6183b3bc43501beeef17dd210ab,a-000001,2216021ad4120c9772f0a2fca731c3b9d91bbc35d59ab61af09736a713c30c8a,nccl-2.20.5-tree-ll128,canary-overlap,2,155.648000,8192,commcanary.rostam.physical.overlap-measurement.v1,commcanary.rostam.physical.overlap-producer.v1,98d564d630b8bfed1308c463555fbe10da6e1a36965310915fa0ff11d05b143b,2855275288e67a1a2d0bbefff0740841fdf0ecf0,false,,8c5f30748596f665cca0bde76d4637074ffff3fa077387dd12b993cf98d2cee6,ac67d3aede6c89748544678cefb7bfc0e666d0342c4beb74922530a68b17c968,0ea18c814ca7c521f1c559ee55765ec9628cdd52e7b40be2b01a3a5c367ed0c2,commcanary-wheel=954c9fe0ef908a448b5343c91e7d58e8785fc20a7fd029b699ca0e252614304d;environment-lock=d4b8b2dc177cb09cea84a5b5a51c99d4510a3270fe70286d2133382fbc4abd8b;gemm-calibration=cc4952da314e43f9885fd24dd85afa97440b0007edb2b0d6773d96f2b2deeecf;param-patch-contract=182942ecf6ed3c0ea267b1660a19be8601c16768640dd6ef3f112601a0b26f34;rostam-catalog=a4926ec9b012724b926fbc583b865bb083b7ad6526fee9ffc3e95129717195b8,python -m experiments.rostam.analyze verify --run-directory experiments/rostam/results/core-20260724-r7 --selection-id primary --verdict-sha256 46d8012b3594c18c96ee1a3f1e063ceeaf5642068c6a6aa895e655bcfb257bdd --output-directory experiments/rostam/results/publications/trusted-join-core-shared-overlap-primary --join-evidence experiments/rostam/results/shared-replay-20260720-r2 primary b6cd1aae4cfb2de020a840f941031d4a910d0d47d4c83aee1c09e0f5f6bc98db --join-evidence experiments/rostam/results/overlap-20260724-r1 primary 5b153d0452df5033261d81f01db74211a0cb87015694b25190d8aa69650507fd --baseline-config nccl-2.19.3-default --candidate-config nccl-2.20.5-default --median-threshold-pct 8.0 --median-absolute-threshold-us 1.0
measurement,COMPLETE,false,,overlap-20260724-r1,5d5eb9f4822e14f86023106742efdd48823b20b6a7cb866c3370367aced31d17,primary,e012e40613f57db8dc38d519dd85b85864f99dd3f95724b8cf0f7c62996239d9,5b153d0452df5033261d81f01db74211a0cb87015694b25190d8aa69650507fd,c-canary-overlap-nccl-2.20.5-tree-l-r000003-05b1ead2b563a582,05b1ead2b563a582936b01880d85d2749c6eb8f64046eb9b47e11e9d9dd42e34,a-000001,68bc0545486bffd9e4280e3a3ec555b1ccd07301ae7bf9c93869f923ff2a7a40,nccl-2.20.5-tree-ll128,canary-overlap,3,145.408000,8192,commcanary.rostam.physical.overlap-measurement.v1,commcanary.rostam.physical.overlap-producer.v1,bffa9f68d133a243b5b399cc6118ad7e621620c741bdb7e2f1aa269649bc4769,2855275288e67a1a2d0bbefff0740841fdf0ecf0,false,,8c5f30748596f665cca0bde76d4637074ffff3fa077387dd12b993cf98d2cee6,8f95a9c73f3aee02d76a806eaf21d3072ccbb714444d7380aaca9b27c1f8eda1,b600e5311c8bb8df61c6cf3cdbb2155683d4ff526e9e240e6d219d7e5f39a551,commcanary-wheel=954c9fe0ef908a448b5343c91e7d58e8785fc20a7fd029b699ca0e252614304d;environment-lock=d4b8b2dc177cb09cea84a5b5a51c99d4510a3270fe70286d2133382fbc4abd8b;gemm-calibration=cc4952da314e43f9885fd24dd85afa97440b0007edb2b0d6773d96f2b2deeecf;param-patch-contract=182942ecf6ed3c0ea267b1660a19be8601c16768640dd6ef3f112601a0b26f34;rostam-catalog=a4926ec9b012724b926fbc583b865bb083b7ad6526fee9ffc3e95129717195b8,python -m experiments.rostam.analyze verify --run-directory experiments/rostam/results/core-20260724-r7 --selection-id primary --verdict-sha256 46d8012b3594c18c96ee1a3f1e063ceeaf5642068c6a6aa895e655bcfb257bdd --output-directory experiments/rostam/results/publications/trusted-join-core-shared-overlap-primary --join-evidence experiments/rostam/results/shared-replay-20260720-r2 primary b6cd1aae4cfb2de020a840f941031d4a910d0d47d4c83aee1c09e0f5f6bc98db --join-evidence experiments/rostam/results/overlap-20260724-r1 primary 5b153d0452df5033261d81f01db74211a0cb87015694b25190d8aa69650507fd --baseline-config nccl-2.19.3-default --candidate-config nccl-2.20.5-default --median-threshold-pct 8.0 --median-absolute-threshold-us 1.0
measurement,COMPLETE,false,,overlap-20260724-r1,5d5eb9f4822e14f86023106742efdd48823b20b6a7cb866c3370367aced31d17,primary,e012e40613f57db8dc38d519dd85b85864f99dd3f95724b8cf0f7c62996239d9,5b153d0452df5033261d81f01db74211a0cb87015694b25190d8aa69650507fd,c-canary-overlap-nccl-2.20.5-tree-l-r000003-5ff40fb62316c034,5ff40fb62316c0343c7c389591a94c78926aaef67a678849e3ce82ccf6583836,a-000001,67ea7ab80a4ea29e83f9121c330c43d9edb3e002516ce8f6876a1432b85569ad,nccl-2.20.5-tree-ll,canary-overlap,3,180.224000,8192,commcanary.rostam.physical.overlap-measurement.v1,commcanary.rostam.physical.overlap-producer.v1,f464ee5915871019002a3e54f343ba356eb47fec48de68d43fc6e6f6c8eaf1ae,2855275288e67a1a2d0bbefff0740841fdf0ecf0,false,,8c5f30748596f665cca0bde76d4637074ffff3fa077387dd12b993cf98d2cee6,21ff6764fab3395ad2c6713336874ce040328338ac256d0a24b03949a8012131,dea959385236d00d0fd50bbf5ccebd3f7b0b7a5f0913029d93994a1ecec59f24,commcanary-wheel=954c9fe0ef908a448b5343c91e7d58e8785fc20a7fd029b699ca0e252614304d;environment-lock=d4b8b2dc177cb09cea84a5b5a51c99d4510a3270fe70286d2133382fbc4abd8b;gemm-calibration=cc4952da314e43f9885fd24dd85afa97440b0007edb2b0d6773d96f2b2deeecf;param-patch-contract=182942ecf6ed3c0ea267b1660a19be8601c16768640dd6ef3f112601a0b26f34;rostam-catalog=a4926ec9b012724b926fbc583b865bb083b7ad6526fee9ffc3e95129717195b8,python -m experiments.rostam.analyze verify --run-directory experiments/rostam/results/core-20260724-r7 --selection-id primary --verdict-sha256 46d8012b3594c18c96ee1a3f1e063ceeaf5642068c6a6aa895e655bcfb257bdd --output-directory experiments/rostam/results/publications/trusted-join-core-shared-overlap-primary --join-evidence experiments/rostam/results/shared-replay-20260720-r2 primary b6cd1aae4cfb2de020a840f941031d4a910d0d47d4c83aee1c09e0f5f6bc98db --join-evidence experiments/rostam/results/overlap-20260724-r1 primary 5b153d0452df5033261d81f01db74211a0cb87015694b25190d8aa69650507fd --baseline-config nccl-2.19.3-default --candidate-config nccl-2.20.5-default --median-threshold-pct 8.0 --median-absolute-threshold-us 1.0
measurement,COMPLETE,false,,overlap-20260724-r1,5d5eb9f4822e14f86023106742efdd48823b20b6a7cb866c3370367aced31d17,primary,e012e40613f57db8dc38d519dd85b85864f99dd3f95724b8cf0f7c62996239d9,5b153d0452df5033261d81f01db74211a0cb87015694b25190d8aa69650507fd,c-canary-overlap-nccl-2.20.5-tree-l-r000004-25c93544e0d11ac4,25c93544e0d11ac45226da5067cec98a3defef1804c75b289f86338bc3ce2788,a-000001,44f9b6a4b43dafce2760cc183873c15b95a0ec3190920d73d5b45bc2d379a9ae,nccl-2.20.5-tree-ll128,canary-overlap,4,156.672000,8192,commcanary.rostam.physical.overlap-measurement.v1,commcanary.rostam.physical.overlap-producer.v1,2086db0635bbba384158c5cc06eb0987807274d3e1a4d9ff80ea83078737b22d,2855275288e67a1a2d0bbefff0740841fdf0ecf0,false,,8c5f30748596f665cca0bde76d4637074ffff3fa077387dd12b993cf98d2cee6,5263ecc70cbf8ddcd480bb727659c66782fef4bd2fb17477261872a83d994707,30c238b654275b4fde16273f66fbb61a6e3576d88aa2288349069524398de7fa,commcanary-wheel=954c9fe0ef908a448b5343c91e7d58e8785fc20a7fd029b699ca0e252614304d;environment-lock=d4b8b2dc177cb09cea84a5b5a51c99d4510a3270fe70286d2133382fbc4abd8b;gemm-calibration=cc4952da314e43f9885fd24dd85afa97440b0007edb2b0d6773d96f2b2deeecf;param-patch-contract=182942ecf6ed3c0ea267b1660a19be8601c16768640dd6ef3f112601a0b26f34;rostam-catalog=a4926ec9b012724b926fbc583b865bb083b7ad6526fee9ffc3e95129717195b8,python -m experiments.rostam.analyze verify --run-directory experiments/rostam/results/core-20260724-r7 --selection-id primary --verdict-sha256 46d8012b3594c18c96ee1a3f1e063ceeaf5642068c6a6aa895e655bcfb257bdd --output-directory experiments/rostam/results/publications/trusted-join-core-shared-overlap-primary --join-evidence experiments/rostam/results/shared-replay-20260720-r2 primary b6cd1aae4cfb2de020a840f941031d4a910d0d47d4c83aee1c09e0f5f6bc98db --join-evidence experiments/rostam/results/overlap-20260724-r1 primary 5b153d0452df5033261d81f01db74211a0cb87015694b25190d8aa69650507fd --baseline-config nccl-2.19.3-default --candidate-config nccl-2.20.5-default --median-threshold-pct 8.0 --median-absolute-threshold-us 1.0
measurement,COMPLETE,false,,overlap-20260724-r1,5d5eb9f4822e14f86023106742efdd48823b20b6a7cb866c3370367aced31d17,primary,e012e40613f57db8dc38d519dd85b85864f99dd3f95724b8cf0f7c62996239d9,5b153d0452df5033261d81f01db74211a0cb87015694b25190d8aa69650507fd,c-canary-overlap-nccl-2.20.5-tree-l-r000004-4c2489f482b61e35,4c2489f482b61e35acfa78bfb21a790b35f999d84904b13fea9faa4f60dbb69f,a-000001,2dc8f300c8a5c14ed2f9182b627641cc31740b8ba18c33e8ce3edde7a13b111d,nccl-2.20.5-tree-ll,canary-overlap,4,179.200000,8192,commcanary.rostam.physical.overlap-measurement.v1,commcanary.rostam.physical.overlap-producer.v1,d59ba19c48e0f2965209e24fc2c72a00eff83f7834942439fbfc70b961d996f0,2855275288e67a1a2d0bbefff0740841fdf0ecf0,false,,8c5f30748596f665cca0bde76d4637074ffff3fa077387dd12b993cf98d2cee6,88b6f0851a3d9ab61f149e92b6de399255219e01a6c449bfa61c842e6c0556d4,d985259e7bbc8c816b2d354bcfca8c947c1d8400a3bc894e6ba4cca5363381ea,commcanary-wheel=954c9fe0ef908a448b5343c91e7d58e8785fc20a7fd029b699ca0e252614304d;environment-lock=d4b8b2dc177cb09cea84a5b5a51c99d4510a3270fe70286d2133382fbc4abd8b;gemm-calibration=cc4952da314e43f9885fd24dd85afa97440b0007edb2b0d6773d96f2b2deeecf;param-patch-contract=182942ecf6ed3c0ea267b1660a19be8601c16768640dd6ef3f112601a0b26f34;rostam-catalog=a4926ec9b012724b926fbc583b865bb083b7ad6526fee9ffc3e95129717195b8,python -m experiments.rostam.analyze verify --run-directory experiments/rostam/results/core-20260724-r7 --selection-id primary --verdict-sha256 46d8012b3594c18c96ee1a3f1e063ceeaf5642068c6a6aa895e655bcfb257bdd --output-directory experiments/rostam/results/publications/trusted-join-core-shared-overlap-primary --join-evidence experiments/rostam/results/shared-replay-20260720-r2 primary b6cd1aae4cfb2de020a840f941031d4a910d0d47d4c83aee1c09e0f5f6bc98db --join-evidence experiments/rostam/results/overlap-20260724-r1 primary 5b153d0452df5033261d81f01db74211a0cb87015694b25190d8aa69650507fd --baseline-config nccl-2.19.3-default --candidate-config nccl-2.20.5-default --median-threshold-pct 8.0 --median-absolute-threshold-us 1.0
measurement,COMPLETE,false,,overlap-20260724-r1,5d5eb9f4822e14f86023106742efdd48823b20b6a7cb866c3370367aced31d17,primary,e012e40613f57db8dc38d519dd85b85864f99dd3f95724b8cf0f7c62996239d9,5b153d0452df5033261d81f01db74211a0cb87015694b25190d8aa69650507fd,c-canary-overlap-nccl-2.20.5-tree-s-r000000-1ac11280579477d9,1ac11280579477d947b941a3fce37e3646e59f7147876fe1d2d78b41dd0add91,a-000001,9bd671ad4e6737284559751cd1c264047b8d3053ce4440b4ed6b5b1896d38609,nccl-2.20.5-tree-simple,canary-overlap,0,152.576000,8192,commcanary.rostam.physical.overlap-measurement.v1,commcanary.rostam.physical.overlap-producer.v1,6af648ea81aaffb2ec50aa440d9ab50498351da217a5a7d4771d4d375bab438f,2855275288e67a1a2d0bbefff0740841fdf0ecf0,false,,8c5f30748596f665cca0bde76d4637074ffff3fa077387dd12b993cf98d2cee6,c56647fa9a2c997b3e0f97395a1b810740a53e998692f6485c27e895f698e834,484c3e4d1a3c7ff0c8f5de7384fa05bded0379044249a7841304698211366ba8,commcanary-wheel=954c9fe0ef908a448b5343c91e7d58e8785fc20a7fd029b699ca0e252614304d;environment-lock=d4b8b2dc177cb09cea84a5b5a51c99d4510a3270fe70286d2133382fbc4abd8b;gemm-calibration=cc4952da314e43f9885fd24dd85afa97440b0007edb2b0d6773d96f2b2deeecf;param-patch-contract=182942ecf6ed3c0ea267b1660a19be8601c16768640dd6ef3f112601a0b26f34;rostam-catalog=a4926ec9b012724b926fbc583b865bb083b7ad6526fee9ffc3e95129717195b8,python -m experiments.rostam.analyze verify --run-directory experiments/rostam/results/core-20260724-r7 --selection-id primary --verdict-sha256 46d8012b3594c18c96ee1a3f1e063ceeaf5642068c6a6aa895e655bcfb257bdd --output-directory experiments/rostam/results/publications/trusted-join-core-shared-overlap-primary --join-evidence experiments/rostam/results/shared-replay-20260720-r2 primary b6cd1aae4cfb2de020a840f941031d4a910d0d47d4c83aee1c09e0f5f6bc98db --join-evidence experiments/rostam/results/overlap-20260724-r1 primary 5b153d0452df5033261d81f01db74211a0cb87015694b25190d8aa69650507fd --baseline-config nccl-2.19.3-default --candidate-config nccl-2.20.5-default --median-threshold-pct 8.0 --median-absolute-threshold-us 1.0
measurement,COMPLETE,false,,overlap-20260724-r1,5d5eb9f4822e14f86023106742efdd48823b20b6a7cb866c3370367aced31d17,primary,e012e40613f57db8dc38d519dd85b85864f99dd3f95724b8cf0f7c62996239d9,5b153d0452df5033261d81f01db74211a0cb87015694b25190d8aa69650507fd,c-canary-overlap-nccl-2.20.5-tree-s-r000001-efdb730cb3556e93,efdb730cb3556e93f0d2972fbbbed617308ed18b58a0ee0f69dde3954f295587,a-000001,906c318422b052a65f0b9ef8917b5d658499ce6c0c8b09259a72146fbdc4670c,nccl-2.20.5-tree-simple,canary-overlap,1,151.552000,8192,commcanary.rostam.physical.overlap-measurement.v1,commcanary.rostam.physical.overlap-producer.v1,149bfcf1b3adddd8b7407e8ed44a5684fed664538b7d7b802417b3e49ecc96a7,2855275288e67a1a2d0bbefff0740841fdf0ecf0,false,,8c5f30748596f665cca0bde76d4637074ffff3fa077387dd12b993cf98d2cee6,88f95c9b44e690f51a4a1a8a3b4a18891677106b23fd782744e4079e23dee644,e83e1ceb94c6b15e9f4c14a89b63b7fe497fe716a187fef9858414898b5dca02,commcanary-wheel=954c9fe0ef908a448b5343c91e7d58e8785fc20a7fd029b699ca0e252614304d;environment-lock=d4b8b2dc177cb09cea84a5b5a51c99d4510a3270fe70286d2133382fbc4abd8b;gemm-calibration=cc4952da314e43f9885fd24dd85afa97440b0007edb2b0d6773d96f2b2deeecf;param-patch-contract=182942ecf6ed3c0ea267b1660a19be8601c16768640dd6ef3f112601a0b26f34;rostam-catalog=a4926ec9b012724b926fbc583b865bb083b7ad6526fee9ffc3e95129717195b8,python -m experiments.rostam.analyze verify --run-directory experiments/rostam/results/core-20260724-r7 --selection-id primary --verdict-sha256 46d8012b3594c18c96ee1a3f1e063ceeaf5642068c6a6aa895e655bcfb257bdd --output-directory experiments/rostam/results/publications/trusted-join-core-shared-overlap-primary --join-evidence experiments/rostam/results/shared-replay-20260720-r2 primary b6cd1aae4cfb2de020a840f941031d4a910d0d47d4c83aee1c09e0f5f6bc98db --join-evidence experiments/rostam/results/overlap-20260724-r1 primary 5b153d0452df5033261d81f01db74211a0cb87015694b25190d8aa69650507fd --baseline-config nccl-2.19.3-default --candidate-config nccl-2.20.5-default --median-threshold-pct 8.0 --median-absolute-threshold-us 1.0
measurement,COMPLETE,false,,overlap-20260724-r1,5d5eb9f4822e14f86023106742efdd48823b20b6a7cb866c3370367aced31d17,primary,e012e40613f57db8dc38d519dd85b85864f99dd3f95724b8cf0f7c62996239d9,5b153d0452df5033261d81f01db74211a0cb87015694b25190d8aa69650507fd,c-canary-overlap-nccl-2.20.5-tree-s-r000002-f5b43eb217945887,f5b43eb2179458876c2ec2778eee4a5e9110551fa3460c458632e8c1cac44fe6,a-000001,c90c424030876dd50a0df1988de1644def24fc9f2622d9044aa5059fd56f9512,nccl-2.20.5-tree-simple,canary-overlap,2,150.528000,8192,commcanary.rostam.physical.overlap-measurement.v1,commcanary.rostam.physical.overlap-producer.v1,999a0a8a0d9f348e6da8f4875b2991af0fadeed6962f2a90abbc28597061f12e,2855275288e67a1a2d0bbefff0740841fdf0ecf0,false,,8c5f30748596f665cca0bde76d4637074ffff3fa077387dd12b993cf98d2cee6,06508119cb8cc1ccb352e806f2c959084947cdbc22c6a91d0858c3e4f81f2210,c31b5002e22479ff91eb62266291506660d169e5a6584f82684a406630f42b75,commcanary-wheel=954c9fe0ef908a448b5343c91e7d58e8785fc20a7fd029b699ca0e252614304d;environment-lock=d4b8b2dc177cb09cea84a5b5a51c99d4510a3270fe70286d2133382fbc4abd8b;gemm-calibration=cc4952da314e43f9885fd24dd85afa97440b0007edb2b0d6773d96f2b2deeecf;param-patch-contract=182942ecf6ed3c0ea267b1660a19be8601c16768640dd6ef3f112601a0b26f34;rostam-catalog=a4926ec9b012724b926fbc583b865bb083b7ad6526fee9ffc3e95129717195b8,python -m experiments.rostam.analyze verify --run-directory experiments/rostam/results/core-20260724-r7 --selection-id primary --verdict-sha256 46d8012b3594c18c96ee1a3f1e063ceeaf5642068c6a6aa895e655bcfb257bdd --output-directory experiments/rostam/results/publications/trusted-join-core-shared-overlap-primary --join-evidence experiments/rostam/results/shared-replay-20260720-r2 primary b6cd1aae4cfb2de020a840f941031d4a910d0d47d4c83aee1c09e0f5f6bc98db --join-evidence experiments/rostam/results/overlap-20260724-r1 primary 5b153d0452df5033261d81f01db74211a0cb87015694b25190d8aa69650507fd --baseline-config nccl-2.19.3-default --candidate-config nccl-2.20.5-default --median-threshold-pct 8.0 --median-absolute-threshold-us 1.0
measurement,COMPLETE,false,,overlap-20260724-r1,5d5eb9f4822e14f86023106742efdd48823b20b6a7cb866c3370367aced31d17,primary,e012e40613f57db8dc38d519dd85b85864f99dd3f95724b8cf0f7c62996239d9,5b153d0452df5033261d81f01db74211a0cb87015694b25190d8aa69650507fd,c-canary-overlap-nccl-2.20.5-tree-s-r000003-ccd7080d6951f63c,ccd7080d6951f63cf5b3292e7215e88f80915454a88b120a2bd1d28b6761f69c,a-000001,0342693954e6e26a7b98e9a4dc2544e44f2da3c0b0f126d1ec4f49f40aa2b4ba,nccl-2.20.5-tree-simple,canary-overlap,3,149.504000,8192,commcanary.rostam.physical.overlap-measurement.v1,commcanary.rostam.physical.overlap-producer.v1,a04a59cdf1a137212a41d00d3654875014a75284693954cd0e98b05cda41a94b,2855275288e67a1a2d0bbefff0740841fdf0ecf0,false,,8c5f30748596f665cca0bde76d4637074ffff3fa077387dd12b993cf98d2cee6,bc0bfcdb749cdf26880c7a55c7a618ed66f382a6574d68547ab66033f3753122,7dc06d2e5ba1812489ff62afedee5051ee251b4a5f6599532269aeae09b94715,commcanary-wheel=954c9fe0ef908a448b5343c91e7d58e8785fc20a7fd029b699ca0e252614304d;environment-lock=d4b8b2dc177cb09cea84a5b5a51c99d4510a3270fe70286d2133382fbc4abd8b;gemm-calibration=cc4952da314e43f9885fd24dd85afa97440b0007edb2b0d6773d96f2b2deeecf;param-patch-contract=182942ecf6ed3c0ea267b1660a19be8601c16768640dd6ef3f112601a0b26f34;rostam-catalog=a4926ec9b012724b926fbc583b865bb083b7ad6526fee9ffc3e95129717195b8,python -m experiments.rostam.analyze verify --run-directory experiments/rostam/results/core-20260724-r7 --selection-id primary --verdict-sha256 46d8012b3594c18c96ee1a3f1e063ceeaf5642068c6a6aa895e655bcfb257bdd --output-directory experiments/rostam/results/publications/trusted-join-core-shared-overlap-primary --join-evidence experiments/rostam/results/shared-replay-20260720-r2 primary b6cd1aae4cfb2de020a840f941031d4a910d0d47d4c83aee1c09e0f5f6bc98db --join-evidence experiments/rostam/results/overlap-20260724-r1 primary 5b153d0452df5033261d81f01db74211a0cb87015694b25190d8aa69650507fd --baseline-config nccl-2.19.3-default --candidate-config nccl-2.20.5-default --median-threshold-pct 8.0 --median-absolute-threshold-us 1.0
measurement,COMPLETE,false,,overlap-20260724-r1,5d5eb9f4822e14f86023106742efdd48823b20b6a7cb866c3370367aced31d17,primary,e012e40613f57db8dc38d519dd85b85864f99dd3f95724b8cf0f7c62996239d9,5b153d0452df5033261d81f01db74211a0cb87015694b25190d8aa69650507fd,c-canary-overlap-nccl-2.20.5-tree-s-r000004-2a4e1f59db665301,2a4e1f59db6653018425dcf80fb348f89834566005debcc060d6319f0f241c03,a-000001,9429eb623148cf94ed50cdd3c171f8f58dfd3c5a7edba4e81c6b4ff44c3d0b4a,nccl-2.20.5-tree-simple,canary-overlap,4,150.528000,8192,commcanary.rostam.physical.overlap-measurement.v1,commcanary.rostam.physical.overlap-producer.v1,fc5bb4039b26837eac66945bbf2af01f190d6f5e8f6c84b5053be98190a41610,2855275288e67a1a2d0bbefff0740841fdf0ecf0,false,,8c5f30748596f665cca0bde76d4637074ffff3fa077387dd12b993cf98d2cee6,5e5b08ad2406db70eadd052a4df86dcea7c16eee9ee80ae8b7059d0e044ad0c5,d5f522966cd8ed6ad6233d54330927a96ffc611180de42fa7aed7846a90186a0,commcanary-wheel=954c9fe0ef908a448b5343c91e7d58e8785fc20a7fd029b699ca0e252614304d;environment-lock=d4b8b2dc177cb09cea84a5b5a51c99d4510a3270fe70286d2133382fbc4abd8b;gemm-calibration=cc4952da314e43f9885fd24dd85afa97440b0007edb2b0d6773d96f2b2deeecf;param-patch-contract=182942ecf6ed3c0ea267b1660a19be8601c16768640dd6ef3f112601a0b26f34;rostam-catalog=a4926ec9b012724b926fbc583b865bb083b7ad6526fee9ffc3e95129717195b8,python -m experiments.rostam.analyze verify --run-directory experiments/rostam/results/core-20260724-r7 --selection-id primary --verdict-sha256 46d8012b3594c18c96ee1a3f1e063ceeaf5642068c6a6aa895e655bcfb257bdd --output-directory experiments/rostam/results/publications/trusted-join-core-shared-overlap-primary --join-evidence experiments/rostam/results/shared-replay-20260720-r2 primary b6cd1aae4cfb2de020a840f941031d4a910d0d47d4c83aee1c09e0f5f6bc98db --join-evidence experiments/rostam/results/overlap-20260724-r1 primary 5b153d0452df5033261d81f01db74211a0cb87015694b25190d8aa69650507fd --baseline-config nccl-2.19.3-default --candidate-config nccl-2.20.5-default --median-threshold-pct 8.0 --median-absolute-threshold-us 1.0
measurement,COMPLETE,false,,overlap-20260724-r1,5d5eb9f4822e14f86023106742efdd48823b20b6a7cb866c3370367aced31d17,primary,e012e40613f57db8dc38d519dd85b85864f99dd3f95724b8cf0f7c62996239d9,5b153d0452df5033261d81f01db74211a0cb87015694b25190d8aa69650507fd,c-overlap-trace-buil-nccl-2.19.3-defaul-r000000-87d50cdc330ab426,87d50cdc330ab426f56847524e46e8be2873a7e43a043f08e614243c14bb94a7,a-000001,6194ec0143361f1e8f3de8005c4323defa517aeef527a0c284f94bbc9814aa6f,nccl-2.19.3-default,overlap-trace-build,0,80244089.008309,1,commcanary.rostam.physical.capture-measurement.v1,commcanary.rostam.physical.capture-producer.v1,ffa1b5773d273375adbcdf231432b5050ba5acc51d8dfdca35dc47cf16ef517c,2855275288e67a1a2d0bbefff0740841fdf0ecf0,false,,8c5f30748596f665cca0bde76d4637074ffff3fa077387dd12b993cf98d2cee6,cedaa44c291b85070e45b8de23ddb3643359a5a80e77709746b2cb3cea8b2dcc,f48b35f4b224875cc59e9d6891336d8964fc89eb50092900edba097bea664c16,commcanary-wheel=954c9fe0ef908a448b5343c91e7d58e8785fc20a7fd029b699ca0e252614304d;environment-lock=d4b8b2dc177cb09cea84a5b5a51c99d4510a3270fe70286d2133382fbc4abd8b;gemm-calibration=cc4952da314e43f9885fd24dd85afa97440b0007edb2b0d6773d96f2b2deeecf;param-patch-contract=182942ecf6ed3c0ea267b1660a19be8601c16768640dd6ef3f112601a0b26f34;rostam-catalog=a4926ec9b012724b926fbc583b865bb083b7ad6526fee9ffc3e95129717195b8,python -m experiments.rostam.analyze verify --run-directory experiments/rostam/results/core-20260724-r7 --selection-id primary --verdict-sha256 46d8012b3594c18c96ee1a3f1e063ceeaf5642068c6a6aa895e655bcfb257bdd --output-directory experiments/rostam/results/publications/trusted-join-core-shared-overlap-primary --join-evidence experiments/rostam/results/shared-replay-20260720-r2 primary b6cd1aae4cfb2de020a840f941031d4a910d0d47d4c83aee1c09e0f5f6bc98db --join-evidence experiments/rostam/results/overlap-20260724-r1 primary 5b153d0452df5033261d81f01db74211a0cb87015694b25190d8aa69650507fd --baseline-config nccl-2.19.3-default --candidate-config nccl-2.20.5-default --median-threshold-pct 8.0 --median-absolute-threshold-us 1.0
measurement,COMPLETE,false,,overlap-20260724-r1,5d5eb9f4822e14f86023106742efdd48823b20b6a7cb866c3370367aced31d17,primary,e012e40613f57db8dc38d519dd85b85864f99dd3f95724b8cf0f7c62996239d9,5b153d0452df5033261d81f01db74211a0cb87015694b25190d8aa69650507fd,c-overlap-trace-buil-nccl-2.19.3-defaul-r000001-bba4b5729db85dc9,bba4b5729db85dc9116068c79583717a9aaab064120c8c76ddcdc5cbad14b52e,a-000001,fd77505f777c626d7299851fe97e80bb6d5d1eaf5c46d04a2360d06ca0995c3c,nccl-2.19.3-default,overlap-trace-build,1,60438296.157867,1,commcanary.rostam.physical.capture-measurement.v1,commcanary.rostam.physical.capture-producer.v1,ba01e4e58214492c702c5428db73dafab8906b5e6470d8f7b71b18f0c0ae1ff3,2855275288e67a1a2d0bbefff0740841fdf0ecf0,false,,8c5f30748596f665cca0bde76d4637074ffff3fa077387dd12b993cf98d2cee6,76a0f19e4d118f014a8142463769cfa5b2301d2113d37bc78edac4aeebed77a7,10adb612b2bb4d7f9f6f514e7aa83b62aa49a1c3f894ed9da916f0883e21126e,commcanary-wheel=954c9fe0ef908a448b5343c91e7d58e8785fc20a7fd029b699ca0e252614304d;environment-lock=d4b8b2dc177cb09cea84a5b5a51c99d4510a3270fe70286d2133382fbc4abd8b;gemm-calibration=cc4952da314e43f9885fd24dd85afa97440b0007edb2b0d6773d96f2b2deeecf;param-patch-contract=182942ecf6ed3c0ea267b1660a19be8601c16768640dd6ef3f112601a0b26f34;rostam-catalog=a4926ec9b012724b926fbc583b865bb083b7ad6526fee9ffc3e95129717195b8,python -m experiments.rostam.analyze verify --run-directory experiments/rostam/results/core-20260724-r7 --selection-id primary --verdict-sha256 46d8012b3594c18c96ee1a3f1e063ceeaf5642068c6a6aa895e655bcfb257bdd --output-directory experiments/rostam/results/publications/trusted-join-core-shared-overlap-primary --join-evidence experiments/rostam/results/shared-replay-20260720-r2 primary b6cd1aae4cfb2de020a840f941031d4a910d0d47d4c83aee1c09e0f5f6bc98db --join-evidence experiments/rostam/results/overlap-20260724-r1 primary 5b153d0452df5033261d81f01db74211a0cb87015694b25190d8aa69650507fd --baseline-config nccl-2.19.3-default --candidate-config nccl-2.20.5-default --median-threshold-pct 8.0 --median-absolute-threshold-us 1.0
measurement,COMPLETE,false,,overlap-20260724-r1,5d5eb9f4822e14f86023106742efdd48823b20b6a7cb866c3370367aced31d17,primary,e012e40613f57db8dc38d519dd85b85864f99dd3f95724b8cf0f7c62996239d9,5b153d0452df5033261d81f01db74211a0cb87015694b25190d8aa69650507fd,c-overlap-trace-buil-nccl-2.19.3-defaul-r000002-a545d811d2d50c87,a545d811d2d50c871f39c5fc803afe04b7129b5ffd37207fb28dd45b0fdbdba3,a-000001,25fa8883ddb86214dc8f1d716fdebe3809df6f97d6f443ddd25d8c70570fcb02,nccl-2.19.3-default,overlap-trace-build,2,60214082.299732,1,commcanary.rostam.physical.capture-measurement.v1,commcanary.rostam.physical.capture-producer.v1,1d6820fab612b0193a7b9b0370a86eb9d52878f3af53d2b9194c2577b315648a,2855275288e67a1a2d0bbefff0740841fdf0ecf0,false,,8c5f30748596f665cca0bde76d4637074ffff3fa077387dd12b993cf98d2cee6,ea64c4cf83bcc3a2e3080929b14f8aa4f439bdd5dc4ea18ff2fb662d77c04427,c7a74eae8e6851f7a838e7366bd4ead3668767aa224d4027d9a6c9a1ed78d73d,commcanary-wheel=954c9fe0ef908a448b5343c91e7d58e8785fc20a7fd029b699ca0e252614304d;environment-lock=d4b8b2dc177cb09cea84a5b5a51c99d4510a3270fe70286d2133382fbc4abd8b;gemm-calibration=cc4952da314e43f9885fd24dd85afa97440b0007edb2b0d6773d96f2b2deeecf;param-patch-contract=182942ecf6ed3c0ea267b1660a19be8601c16768640dd6ef3f112601a0b26f34;rostam-catalog=a4926ec9b012724b926fbc583b865bb083b7ad6526fee9ffc3e95129717195b8,python -m experiments.rostam.analyze verify --run-directory experiments/rostam/results/core-20260724-r7 --selection-id primary --verdict-sha256 46d8012b3594c18c96ee1a3f1e063ceeaf5642068c6a6aa895e655bcfb257bdd --output-directory experiments/rostam/results/publications/trusted-join-core-shared-overlap-primary --join-evidence experiments/rostam/results/shared-replay-20260720-r2 primary b6cd1aae4cfb2de020a840f941031d4a910d0d47d4c83aee1c09e0f5f6bc98db --join-evidence experiments/rostam/results/overlap-20260724-r1 primary 5b153d0452df5033261d81f01db74211a0cb87015694b25190d8aa69650507fd --baseline-config nccl-2.19.3-default --candidate-config nccl-2.20.5-default --median-threshold-pct 8.0 --median-absolute-threshold-us 1.0
measurement,COMPLETE,false,,overlap-20260724-r1,5d5eb9f4822e14f86023106742efdd48823b20b6a7cb866c3370367aced31d17,primary,e012e40613f57db8dc38d519dd85b85864f99dd3f95724b8cf0f7c62996239d9,5b153d0452df5033261d81f01db74211a0cb87015694b25190d8aa69650507fd,c-overlap-trace-buil-nccl-2.19.3-defaul-r000003-e69e856c72ad45ca,e69e856c72ad45ca392d754bcaf9515ce5754455a5cb60567e4ecca77b8a9d9d,a-000001,60031290652412261603809fb7c27dfea0ece681f83460eaf88d531721c091f0,nccl-2.19.3-default,overlap-trace-build,3,60335375.492461,1,commcanary.rostam.physical.capture-measurement.v1,commcanary.rostam.physical.capture-producer.v1,4d27e84f392fdafec7b825ca4ebe8b129e880ce4bcaaa6a6dea95ea0d3ddad0a,2855275288e67a1a2d0bbefff0740841fdf0ecf0,false,,8c5f30748596f665cca0bde76d4637074ffff3fa077387dd12b993cf98d2cee6,b269cdc6cd95a3cc01ebb281d0e647f1dfc7d9c07aa0e0671c802a4d11040782,206cb6552a52b51e688e38e61dc6738c0efca208be4649c0f45c28cb701e1aae,commcanary-wheel=954c9fe0ef908a448b5343c91e7d58e8785fc20a7fd029b699ca0e252614304d;environment-lock=d4b8b2dc177cb09cea84a5b5a51c99d4510a3270fe70286d2133382fbc4abd8b;gemm-calibration=cc4952da314e43f9885fd24dd85afa97440b0007edb2b0d6773d96f2b2deeecf;param-patch-contract=182942ecf6ed3c0ea267b1660a19be8601c16768640dd6ef3f112601a0b26f34;rostam-catalog=a4926ec9b012724b926fbc583b865bb083b7ad6526fee9ffc3e95129717195b8,python -m experiments.rostam.analyze verify --run-directory experiments/rostam/results/core-20260724-r7 --selection-id primary --verdict-sha256 46d8012b3594c18c96ee1a3f1e063ceeaf5642068c6a6aa895e655bcfb257bdd --output-directory experiments/rostam/results/publications/trusted-join-core-shared-overlap-primary --join-evidence experiments/rostam/results/shared-replay-20260720-r2 primary b6cd1aae4cfb2de020a840f941031d4a910d0d47d4c83aee1c09e0f5f6bc98db --join-evidence experiments/rostam/results/overlap-20260724-r1 primary 5b153d0452df5033261d81f01db74211a0cb87015694b25190d8aa69650507fd --baseline-config nccl-2.19.3-default --candidate-config nccl-2.20.5-default --median-threshold-pct 8.0 --median-absolute-threshold-us 1.0
measurement,COMPLETE,false,,overlap-20260724-r1,5d5eb9f4822e14f86023106742efdd48823b20b6a7cb866c3370367aced31d17,primary,e012e40613f57db8dc38d519dd85b85864f99dd3f95724b8cf0f7c62996239d9,5b153d0452df5033261d81f01db74211a0cb87015694b25190d8aa69650507fd,c-overlap-trace-buil-nccl-2.19.3-defaul-r000004-203e132b62668795,203e132b62668795ba4b8493fc54e9c51e5e58bf6bcafe28ade6ed2506c8fd30,a-000001,62ab7184a4c6fb79d113745e746f6228a0e95735d7292db73a264920f3cc03c0,nccl-2.19.3-default,overlap-trace-build,4,60956646.153703,1,commcanary.rostam.physical.capture-measurement.v1,commcanary.rostam.physical.capture-producer.v1,498f9f4494a24f8230b3da32dd695d9c19da13aa7a308ce880cde99bf0e48206,2855275288e67a1a2d0bbefff0740841fdf0ecf0,false,,8c5f30748596f665cca0bde76d4637074ffff3fa077387dd12b993cf98d2cee6,3bf39bdedcdada5363e4c2a2fe48409585c8103e6118c27690e4be68d1ef025b,b5d60488f89ce702fda169304ec13e200140e2b903cfd125db581fc24f54923d,commcanary-wheel=954c9fe0ef908a448b5343c91e7d58e8785fc20a7fd029b699ca0e252614304d;environment-lock=d4b8b2dc177cb09cea84a5b5a51c99d4510a3270fe70286d2133382fbc4abd8b;gemm-calibration=cc4952da314e43f9885fd24dd85afa97440b0007edb2b0d6773d96f2b2deeecf;param-patch-contract=182942ecf6ed3c0ea267b1660a19be8601c16768640dd6ef3f112601a0b26f34;rostam-catalog=a4926ec9b012724b926fbc583b865bb083b7ad6526fee9ffc3e95129717195b8,python -m experiments.rostam.analyze verify --run-directory experiments/rostam/results/core-20260724-r7 --selection-id primary --verdict-sha256 46d8012b3594c18c96ee1a3f1e063ceeaf5642068c6a6aa895e655bcfb257bdd --output-directory experiments/rostam/results/publications/trusted-join-core-shared-overlap-primary --join-evidence experiments/rostam/results/shared-replay-20260720-r2 primary b6cd1aae4cfb2de020a840f941031d4a910d0d47d4c83aee1c09e0f5f6bc98db --join-evidence experiments/rostam/results/overlap-20260724-r1 primary 5b153d0452df5033261d81f01db74211a0cb87015694b25190d8aa69650507fd --baseline-config nccl-2.19.3-default --candidate-config nccl-2.20.5-default --median-threshold-pct 8.0 --median-absolute-threshold-us 1.0
measurement,COMPLETE,false,,overlap-20260724-r1,5d5eb9f4822e14f86023106742efdd48823b20b6a7cb866c3370367aced31d17,primary,e012e40613f57db8dc38d519dd85b85864f99dd3f95724b8cf0f7c62996239d9,5b153d0452df5033261d81f01db74211a0cb87015694b25190d8aa69650507fd,c-overlap-trace-buil-nccl-2.20.5-defaul-r000000-b370a1ffa23a23e0,b370a1ffa23a23e03d011cca34cd22e53650abc4d9b64551f682985d91396b6b,a-000001,8b2c3b2681c7562c4b0704ce7cc5a6e1ad94259381b61e36bb8f9d0575ff1b91,nccl-2.20.5-default,overlap-trace-build,0,79464399.231598,1,commcanary.rostam.physical.capture-measurement.v1,commcanary.rostam.physical.capture-producer.v1,9c475686c305529fdb661ad07b61bafdf38f422b8a9b44b024d575ddd2781e5f,2855275288e67a1a2d0bbefff0740841fdf0ecf0,false,,8c5f30748596f665cca0bde76d4637074ffff3fa077387dd12b993cf98d2cee6,8477b95231b514dd5d39536e3c684c7414c19887fb5ed74631d47c986297a3eb,6bdaf023c9dbc0ed0ea089c07961234b072c80e228374bcde5a67c6bbcfe2373,commcanary-wheel=954c9fe0ef908a448b5343c91e7d58e8785fc20a7fd029b699ca0e252614304d;environment-lock=d4b8b2dc177cb09cea84a5b5a51c99d4510a3270fe70286d2133382fbc4abd8b;gemm-calibration=cc4952da314e43f9885fd24dd85afa97440b0007edb2b0d6773d96f2b2deeecf;param-patch-contract=182942ecf6ed3c0ea267b1660a19be8601c16768640dd6ef3f112601a0b26f34;rostam-catalog=a4926ec9b012724b926fbc583b865bb083b7ad6526fee9ffc3e95129717195b8,python -m experiments.rostam.analyze verify --run-directory experiments/rostam/results/core-20260724-r7 --selection-id primary --verdict-sha256 46d8012b3594c18c96ee1a3f1e063ceeaf5642068c6a6aa895e655bcfb257bdd --output-directory experiments/rostam/results/publications/trusted-join-core-shared-overlap-primary --join-evidence experiments/rostam/results/shared-replay-20260720-r2 primary b6cd1aae4cfb2de020a840f941031d4a910d0d47d4c83aee1c09e0f5f6bc98db --join-evidence experiments/rostam/results/overlap-20260724-r1 primary 5b153d0452df5033261d81f01db74211a0cb87015694b25190d8aa69650507fd --baseline-config nccl-2.19.3-default --candidate-config nccl-2.20.5-default --median-threshold-pct 8.0 --median-absolute-threshold-us 1.0
measurement,COMPLETE,false,,overlap-20260724-r1,5d5eb9f4822e14f86023106742efdd48823b20b6a7cb866c3370367aced31d17,primary,e012e40613f57db8dc38d519dd85b85864f99dd3f95724b8cf0f7c62996239d9,5b153d0452df5033261d81f01db74211a0cb87015694b25190d8aa69650507fd,c-overlap-trace-buil-nccl-2.20.5-defaul-r000001-767ac6e4a6815293,767ac6e4a68152937a78c24b62aa713702315ae1e8e521082247d503d75d9bb8,a-000001,47e160e945661b5cf928433da71edb3e96a07b6961bae71d76e742dd12813914,nccl-2.20.5-default,overlap-trace-build,1,60259524.764493,1,commcanary.rostam.physical.capture-measurement.v1,commcanary.rostam.physical.capture-producer.v1,cd15b80676dfded5f1693ae9dfd6c278ad7997a40d7766e8974e2b2024161634,2855275288e67a1a2d0bbefff0740841fdf0ecf0,false,,8c5f30748596f665cca0bde76d4637074ffff3fa077387dd12b993cf98d2cee6,cba559dcb7046e61ea0485239c37ded5c04ffc65e8b2a8d627a4886140b3f09f,7f7a02254547baea3970dc55f94d645da542bddb2530624bbeaada80e4e37794,commcanary-wheel=954c9fe0ef908a448b5343c91e7d58e8785fc20a7fd029b699ca0e252614304d;environment-lock=d4b8b2dc177cb09cea84a5b5a51c99d4510a3270fe70286d2133382fbc4abd8b;gemm-calibration=cc4952da314e43f9885fd24dd85afa97440b0007edb2b0d6773d96f2b2deeecf;param-patch-contract=182942ecf6ed3c0ea267b1660a19be8601c16768640dd6ef3f112601a0b26f34;rostam-catalog=a4926ec9b012724b926fbc583b865bb083b7ad6526fee9ffc3e95129717195b8,python -m experiments.rostam.analyze verify --run-directory experiments/rostam/results/core-20260724-r7 --selection-id primary --verdict-sha256 46d8012b3594c18c96ee1a3f1e063ceeaf5642068c6a6aa895e655bcfb257bdd --output-directory experiments/rostam/results/publications/trusted-join-core-shared-overlap-primary --join-evidence experiments/rostam/results/shared-replay-20260720-r2 primary b6cd1aae4cfb2de020a840f941031d4a910d0d47d4c83aee1c09e0f5f6bc98db --join-evidence experiments/rostam/results/overlap-20260724-r1 primary 5b153d0452df5033261d81f01db74211a0cb87015694b25190d8aa69650507fd --baseline-config nccl-2.19.3-default --candidate-config nccl-2.20.5-default --median-threshold-pct 8.0 --median-absolute-threshold-us 1.0
measurement,COMPLETE,false,,overlap-20260724-r1,5d5eb9f4822e14f86023106742efdd48823b20b6a7cb866c3370367aced31d17,primary,e012e40613f57db8dc38d519dd85b85864f99dd3f95724b8cf0f7c62996239d9,5b153d0452df5033261d81f01db74211a0cb87015694b25190d8aa69650507fd,c-overlap-trace-buil-nccl-2.20.5-defaul-r000002-8818770d77231fcb,8818770d77231fcb74b55b5a760e7acd20976afc0e1986ac153d4b02b91b9bd5,a-000001,59459743c82cd356155a4d10cad31866fe7a9abc535e8cbf28037b5dbb0e0c89,nccl-2.20.5-default,overlap-trace-build,2,60187070.010230,1,commcanary.rostam.physical.capture-measurement.v1,commcanary.rostam.physical.capture-producer.v1,3f23506625cf90611dc12e2c7331b8e14119421fdeed06daf32d665c1b8225ea,2855275288e67a1a2d0bbefff0740841fdf0ecf0,false,,8c5f30748596f665cca0bde76d4637074ffff3fa077387dd12b993cf98d2cee6,3298e82a76f055f6196ced6556d48bdcc06bdc03cae737208b3e0e31485807c6,b6c8447951f5514a5d9f1aeaaaca0ef6a73202ce01b5d2d9f3d54b04fde83ea3,commcanary-wheel=954c9fe0ef908a448b5343c91e7d58e8785fc20a7fd029b699ca0e252614304d;environment-lock=d4b8b2dc177cb09cea84a5b5a51c99d4510a3270fe70286d2133382fbc4abd8b;gemm-calibration=cc4952da314e43f9885fd24dd85afa97440b0007edb2b0d6773d96f2b2deeecf;param-patch-contract=182942ecf6ed3c0ea267b1660a19be8601c16768640dd6ef3f112601a0b26f34;rostam-catalog=a4926ec9b012724b926fbc583b865bb083b7ad6526fee9ffc3e95129717195b8,python -m experiments.rostam.analyze verify --run-directory experiments/rostam/results/core-20260724-r7 --selection-id primary --verdict-sha256 46d8012b3594c18c96ee1a3f1e063ceeaf5642068c6a6aa895e655bcfb257bdd --output-directory experiments/rostam/results/publications/trusted-join-core-shared-overlap-primary --join-evidence experiments/rostam/results/shared-replay-20260720-r2 primary b6cd1aae4cfb2de020a840f941031d4a910d0d47d4c83aee1c09e0f5f6bc98db --join-evidence experiments/rostam/results/overlap-20260724-r1 primary 5b153d0452df5033261d81f01db74211a0cb87015694b25190d8aa69650507fd --baseline-config nccl-2.19.3-default --candidate-config nccl-2.20.5-default --median-threshold-pct 8.0 --median-absolute-threshold-us 1.0
measurement,COMPLETE,false,,overlap-20260724-r1,5d5eb9f4822e14f86023106742efdd48823b20b6a7cb866c3370367aced31d17,primary,e012e40613f57db8dc38d519dd85b85864f99dd3f95724b8cf0f7c62996239d9,5b153d0452df5033261d81f01db74211a0cb87015694b25190d8aa69650507fd,c-overlap-trace-buil-nccl-2.20.5-defaul-r000003-1fdb0e8317f92b1e,1fdb0e8317f92b1edf3550e524281863418357fc650ac17a6dc2428c2f4a6954,a-000001,ad8531b854ab05687bb6877a11d2f43f8ad89732f8bf8689d7b4cd082842aab8,nccl-2.20.5-default,overlap-trace-build,3,60463669.841178,1,commcanary.rostam.physical.capture-measurement.v1,commcanary.rostam.physical.capture-producer.v1,ef8e0c3ec52301a02c8294df83cda432d817312f492ded3b875808d0a5cadac1,2855275288e67a1a2d0bbefff0740841fdf0ecf0,false,,8c5f30748596f665cca0bde76d4637074ffff3fa077387dd12b993cf98d2cee6,a220cb7240aed49916a70a81415f03717bf0fa2a133a702ac16671dae10e6bc8,67b06e83b667134b46fbccff70b510895a315c4ae5b97c6de279639945e48bdd,commcanary-wheel=954c9fe0ef908a448b5343c91e7d58e8785fc20a7fd029b699ca0e252614304d;environment-lock=d4b8b2dc177cb09cea84a5b5a51c99d4510a3270fe70286d2133382fbc4abd8b;gemm-calibration=cc4952da314e43f9885fd24dd85afa97440b0007edb2b0d6773d96f2b2deeecf;param-patch-contract=182942ecf6ed3c0ea267b1660a19be8601c16768640dd6ef3f112601a0b26f34;rostam-catalog=a4926ec9b012724b926fbc583b865bb083b7ad6526fee9ffc3e95129717195b8,python -m experiments.rostam.analyze verify --run-directory experiments/rostam/results/core-20260724-r7 --selection-id primary --verdict-sha256 46d8012b3594c18c96ee1a3f1e063ceeaf5642068c6a6aa895e655bcfb257bdd --output-directory experiments/rostam/results/publications/trusted-join-core-shared-overlap-primary --join-evidence experiments/rostam/results/shared-replay-20260720-r2 primary b6cd1aae4cfb2de020a840f941031d4a910d0d47d4c83aee1c09e0f5f6bc98db --join-evidence experiments/rostam/results/overlap-20260724-r1 primary 5b153d0452df5033261d81f01db74211a0cb87015694b25190d8aa69650507fd --baseline-config nccl-2.19.3-default --candidate-config nccl-2.20.5-default --median-threshold-pct 8.0 --median-absolute-threshold-us 1.0
measurement,COMPLETE,false,,overlap-20260724-r1,5d5eb9f4822e14f86023106742efdd48823b20b6a7cb866c3370367aced31d17,primary,e012e40613f57db8dc38d519dd85b85864f99dd3f95724b8cf0f7c62996239d9,5b153d0452df5033261d81f01db74211a0cb87015694b25190d8aa69650507fd,c-overlap-trace-buil-nccl-2.20.5-defaul-r000004-2e241d91a85c853c,2e241d91a85c853c3602d3213cfab0351086901624aaf710b1eff1b991fa8827,a-000001,6403da07beaf0fbd0b9c694888fb679c45def9573b35d54cdefdc790dfe29e63,nccl-2.20.5-default,overlap-trace-build,4,59988287.702203,1,commcanary.rostam.physical.capture-measurement.v1,commcanary.rostam.physical.capture-producer.v1,a06e202105a06bd4623479a822344a16c7878e8ec0b9be6f499df6b55d57f560,2855275288e67a1a2d0bbefff0740841fdf0ecf0,false,,8c5f30748596f665cca0bde76d4637074ffff3fa077387dd12b993cf98d2cee6,8475ddc7ededdf8e88e2803fcb555cf0c4cd0c4770a5e8c1fbf0a86a5a0a8538,8650d87cc366c3e6a454d09892c4876cfd7cfde600301afc0dddb6a0e80e7700,commcanary-wheel=954c9fe0ef908a448b5343c91e7d58e8785fc20a7fd029b699ca0e252614304d;environment-lock=d4b8b2dc177cb09cea84a5b5a51c99d4510a3270fe70286d2133382fbc4abd8b;gemm-calibration=cc4952da314e43f9885fd24dd85afa97440b0007edb2b0d6773d96f2b2deeecf;param-patch-contract=182942ecf6ed3c0ea267b1660a19be8601c16768640dd6ef3f112601a0b26f34;rostam-catalog=a4926ec9b012724b926fbc583b865bb083b7ad6526fee9ffc3e95129717195b8,python -m experiments.rostam.analyze verify --run-directory experiments/rostam/results/core-20260724-r7 --selection-id primary --verdict-sha256 46d8012b3594c18c96ee1a3f1e063ceeaf5642068c6a6aa895e655bcfb257bdd --output-directory experiments/rostam/results/publications/trusted-join-core-shared-overlap-primary --join-evidence experiments/rostam/results/shared-replay-20260720-r2 primary b6cd1aae4cfb2de020a840f941031d4a910d0d47d4c83aee1c09e0f5f6bc98db --join-evidence experiments/rostam/results/overlap-20260724-r1 primary 5b153d0452df5033261d81f01db74211a0cb87015694b25190d8aa69650507fd --baseline-config nccl-2.19.3-default --candidate-config nccl-2.20.5-default --median-threshold-pct 8.0 --median-absolute-threshold-us 1.0
measurement,COMPLETE,false,,overlap-20260724-r1,5d5eb9f4822e14f86023106742efdd48823b20b6a7cb866c3370367aced31d17,primary,e012e40613f57db8dc38d519dd85b85864f99dd3f95724b8cf0f7c62996239d9,5b153d0452df5033261d81f01db74211a0cb87015694b25190d8aa69650507fd,c-overlap-trace-buil-nccl-2.20.5-ring-l-r000000-301d0108ed87ea23,301d0108ed87ea233f618ed45118f0832c436dc2a039bd550a577ba33e934c42,a-000001,5b381e0c2e42a7fa5a7883a89b12369da37a27ee2b28aa2088d91a5285561704,nccl-2.20.5-ring-ll,overlap-trace-build,0,60072596.397251,1,commcanary.rostam.physical.capture-measurement.v1,commcanary.rostam.physical.capture-producer.v1,a1a2c7087cc38e6c01c538bad1e1edab46086fd17df25d327874da730c45e24f,2855275288e67a1a2d0bbefff0740841fdf0ecf0,false,,8c5f30748596f665cca0bde76d4637074ffff3fa077387dd12b993cf98d2cee6,72c20ecfec480ed5cd7d5408cf47881b22260ad0cdff42465b908697b3fb19f8,9fe8286e9c329efb3325f79ead0ee302238363914344cc658675f6749156d809,commcanary-wheel=954c9fe0ef908a448b5343c91e7d58e8785fc20a7fd029b699ca0e252614304d;environment-lock=d4b8b2dc177cb09cea84a5b5a51c99d4510a3270fe70286d2133382fbc4abd8b;gemm-calibration=cc4952da314e43f9885fd24dd85afa97440b0007edb2b0d6773d96f2b2deeecf;param-patch-contract=182942ecf6ed3c0ea267b1660a19be8601c16768640dd6ef3f112601a0b26f34;rostam-catalog=a4926ec9b012724b926fbc583b865bb083b7ad6526fee9ffc3e95129717195b8,python -m experiments.rostam.analyze verify --run-directory experiments/rostam/results/core-20260724-r7 --selection-id primary --verdict-sha256 46d8012b3594c18c96ee1a3f1e063ceeaf5642068c6a6aa895e655bcfb257bdd --output-directory experiments/rostam/results/publications/trusted-join-core-shared-overlap-primary --join-evidence experiments/rostam/results/shared-replay-20260720-r2 primary b6cd1aae4cfb2de020a840f941031d4a910d0d47d4c83aee1c09e0f5f6bc98db --join-evidence experiments/rostam/results/overlap-20260724-r1 primary 5b153d0452df5033261d81f01db74211a0cb87015694b25190d8aa69650507fd --baseline-config nccl-2.19.3-default --candidate-config nccl-2.20.5-default --median-threshold-pct 8.0 --median-absolute-threshold-us 1.0
measurement,COMPLETE,false,,overlap-20260724-r1,5d5eb9f4822e14f86023106742efdd48823b20b6a7cb866c3370367aced31d17,primary,e012e40613f57db8dc38d519dd85b85864f99dd3f95724b8cf0f7c62996239d9,5b153d0452df5033261d81f01db74211a0cb87015694b25190d8aa69650507fd,c-overlap-trace-buil-nccl-2.20.5-ring-l-r000000-4d9bd43198b18f87,4d9bd43198b18f87b83776f0b62b5e7810907491b82a506808f37b27a895d93f,a-000001,045a552bcaf1af37e5231d6b54c77f15967a6409bf099a4962d7bb7e364b64b0,nccl-2.20.5-ring-ll128,overlap-trace-build,0,60077175.762504,1,commcanary.rostam.physical.capture-measurement.v1,commcanary.rostam.physical.capture-producer.v1,c8d4f3ecc9124419831fb649b8526d640d7f505c32bee58271023960870b8e87,2855275288e67a1a2d0bbefff0740841fdf0ecf0,false,,8c5f30748596f665cca0bde76d4637074ffff3fa077387dd12b993cf98d2cee6,77b39fd5a260e74607fd92d8ca5aa0254b26487a8168f501503c10a0ca2ec49f,90cccc2157d82dc9cefa1591d66c26e11262274353a4c608b0a8a8a699ef7bc1,commcanary-wheel=954c9fe0ef908a448b5343c91e7d58e8785fc20a7fd029b699ca0e252614304d;environment-lock=d4b8b2dc177cb09cea84a5b5a51c99d4510a3270fe70286d2133382fbc4abd8b;gemm-calibration=cc4952da314e43f9885fd24dd85afa97440b0007edb2b0d6773d96f2b2deeecf;param-patch-contract=182942ecf6ed3c0ea267b1660a19be8601c16768640dd6ef3f112601a0b26f34;rostam-catalog=a4926ec9b012724b926fbc583b865bb083b7ad6526fee9ffc3e95129717195b8,python -m experiments.rostam.analyze verify --run-directory experiments/rostam/results/core-20260724-r7 --selection-id primary --verdict-sha256 46d8012b3594c18c96ee1a3f1e063ceeaf5642068c6a6aa895e655bcfb257bdd --output-directory experiments/rostam/results/publications/trusted-join-core-shared-overlap-primary --join-evidence experiments/rostam/results/shared-replay-20260720-r2 primary b6cd1aae4cfb2de020a840f941031d4a910d0d47d4c83aee1c09e0f5f6bc98db --join-evidence experiments/rostam/results/overlap-20260724-r1 primary 5b153d0452df5033261d81f01db74211a0cb87015694b25190d8aa69650507fd --baseline-config nccl-2.19.3-default --candidate-config nccl-2.20.5-default --median-threshold-pct 8.0 --median-absolute-threshold-us 1.0
measurement,COMPLETE,false,,overlap-20260724-r1,5d5eb9f4822e14f86023106742efdd48823b20b6a7cb866c3370367aced31d17,primary,e012e40613f57db8dc38d519dd85b85864f99dd3f95724b8cf0f7c62996239d9,5b153d0452df5033261d81f01db74211a0cb87015694b25190d8aa69650507fd,c-overlap-trace-buil-nccl-2.20.5-ring-l-r000001-05e681e759203998,05e681e759203998c32056dd670bcd21fc2574ec978b3c62d142a293873964af,a-000001,209120467cbe3a3d04398c9310e04c43dedc1edfecada8043859da06b0e32957,nccl-2.20.5-ring-ll,overlap-trace-build,1,60516730.585136,1,commcanary.rostam.physical.capture-measurement.v1,commcanary.rostam.physical.capture-producer.v1,4175e6d36022d0eba23bc31dac111895282d23922963ee1a3e652d745f8209eb,2855275288e67a1a2d0bbefff0740841fdf0ecf0,false,,8c5f30748596f665cca0bde76d4637074ffff3fa077387dd12b993cf98d2cee6,d4c818f7d4db27d71d28148082566178b48c13af26bdeff77caef702814a9a3f,0e3e9a7c7e662b45a55feebaa95acb5b5fc9d4efb30971038ba5b9468f35a1d5,commcanary-wheel=954c9fe0ef908a448b5343c91e7d58e8785fc20a7fd029b699ca0e252614304d;environment-lock=d4b8b2dc177cb09cea84a5b5a51c99d4510a3270fe70286d2133382fbc4abd8b;gemm-calibration=cc4952da314e43f9885fd24dd85afa97440b0007edb2b0d6773d96f2b2deeecf;param-patch-contract=182942ecf6ed3c0ea267b1660a19be8601c16768640dd6ef3f112601a0b26f34;rostam-catalog=a4926ec9b012724b926fbc583b865bb083b7ad6526fee9ffc3e95129717195b8,python -m experiments.rostam.analyze verify --run-directory experiments/rostam/results/core-20260724-r7 --selection-id primary --verdict-sha256 46d8012b3594c18c96ee1a3f1e063ceeaf5642068c6a6aa895e655bcfb257bdd --output-directory experiments/rostam/results/publications/trusted-join-core-shared-overlap-primary --join-evidence experiments/rostam/results/shared-replay-20260720-r2 primary b6cd1aae4cfb2de020a840f941031d4a910d0d47d4c83aee1c09e0f5f6bc98db --join-evidence experiments/rostam/results/overlap-20260724-r1 primary 5b153d0452df5033261d81f01db74211a0cb87015694b25190d8aa69650507fd --baseline-config nccl-2.19.3-default --candidate-config nccl-2.20.5-default --median-threshold-pct 8.0 --median-absolute-threshold-us 1.0
measurement,COMPLETE,false,,overlap-20260724-r1,5d5eb9f4822e14f86023106742efdd48823b20b6a7cb866c3370367aced31d17,primary,e012e40613f57db8dc38d519dd85b85864f99dd3f95724b8cf0f7c62996239d9,5b153d0452df5033261d81f01db74211a0cb87015694b25190d8aa69650507fd,c-overlap-trace-buil-nccl-2.20.5-ring-l-r000001-81d28706a870c0f2,81d28706a870c0f24809a6122fe1a5c9b64054c23b02758003ebd794020baaae,a-000001,1e76965fb320c28fa72ee5c81dcec34cf0b37baed9589fec148f32c78898badc,nccl-2.20.5-ring-ll128,overlap-trace-build,1,60326077.346690,1,commcanary.rostam.physical.capture-measurement.v1,commcanary.rostam.physical.capture-producer.v1,b855962f9cdbf89d45e549f259b41972bc9f4cfb66b194709f8f5e77293c19be,2855275288e67a1a2d0bbefff0740841fdf0ecf0,false,,8c5f30748596f665cca0bde76d4637074ffff3fa077387dd12b993cf98d2cee6,3ad637a062d67bc99a9ceddcad47407701e9fbb9ed2dede68860cce7ac613114,034eaac9477c53cc172fa61fc13bcef08da87a9e9b4ed8a5eb3af3b20dbfbd2f,commcanary-wheel=954c9fe0ef908a448b5343c91e7d58e8785fc20a7fd029b699ca0e252614304d;environment-lock=d4b8b2dc177cb09cea84a5b5a51c99d4510a3270fe70286d2133382fbc4abd8b;gemm-calibration=cc4952da314e43f9885fd24dd85afa97440b0007edb2b0d6773d96f2b2deeecf;param-patch-contract=182942ecf6ed3c0ea267b1660a19be8601c16768640dd6ef3f112601a0b26f34;rostam-catalog=a4926ec9b012724b926fbc583b865bb083b7ad6526fee9ffc3e95129717195b8,python -m experiments.rostam.analyze verify --run-directory experiments/rostam/results/core-20260724-r7 --selection-id primary --verdict-sha256 46d8012b3594c18c96ee1a3f1e063ceeaf5642068c6a6aa895e655bcfb257bdd --output-directory experiments/rostam/results/publications/trusted-join-core-shared-overlap-primary --join-evidence experiments/rostam/results/shared-replay-20260720-r2 primary b6cd1aae4cfb2de020a840f941031d4a910d0d47d4c83aee1c09e0f5f6bc98db --join-evidence experiments/rostam/results/overlap-20260724-r1 primary 5b153d0452df5033261d81f01db74211a0cb87015694b25190d8aa69650507fd --baseline-config nccl-2.19.3-default --candidate-config nccl-2.20.5-default --median-threshold-pct 8.0 --median-absolute-threshold-us 1.0
measurement,COMPLETE,false,,overlap-20260724-r1,5d5eb9f4822e14f86023106742efdd48823b20b6a7cb866c3370367aced31d17,primary,e012e40613f57db8dc38d519dd85b85864f99dd3f95724b8cf0f7c62996239d9,5b153d0452df5033261d81f01db74211a0cb87015694b25190d8aa69650507fd,c-overlap-trace-buil-nccl-2.20.5-ring-l-r000002-23be44551c70f9ac,23be44551c70f9ac3c8b8d0749394d0743af918a2cb6092dbcb57e2043ae3dc4,a-000001,a2a9a410e8dedca99d5a3d3b95b702ebf60cfc67a36cc49f84d5096c8e48cff3,nccl-2.20.5-ring-ll,overlap-trace-build,2,60244972.308166,1,commcanary.rostam.physical.capture-measurement.v1,commcanary.rostam.physical.capture-producer.v1,39783626b0cb94e831d3ca1460145340c45c1465cc54b503178f14926a1fb294,2855275288e67a1a2d0bbefff0740841fdf0ecf0,false,,8c5f30748596f665cca0bde76d4637074ffff3fa077387dd12b993cf98d2cee6,52709ef89731f19c4d24e076eeab9cac38b3c42354734cd66a63ba5ff9fa9ff2,735039e235992234160e5a4784d61fa1cc8428cf09e728f053fcdaae19577198,commcanary-wheel=954c9fe0ef908a448b5343c91e7d58e8785fc20a7fd029b699ca0e252614304d;environment-lock=d4b8b2dc177cb09cea84a5b5a51c99d4510a3270fe70286d2133382fbc4abd8b;gemm-calibration=cc4952da314e43f9885fd24dd85afa97440b0007edb2b0d6773d96f2b2deeecf;param-patch-contract=182942ecf6ed3c0ea267b1660a19be8601c16768640dd6ef3f112601a0b26f34;rostam-catalog=a4926ec9b012724b926fbc583b865bb083b7ad6526fee9ffc3e95129717195b8,python -m experiments.rostam.analyze verify --run-directory experiments/rostam/results/core-20260724-r7 --selection-id primary --verdict-sha256 46d8012b3594c18c96ee1a3f1e063ceeaf5642068c6a6aa895e655bcfb257bdd --output-directory experiments/rostam/results/publications/trusted-join-core-shared-overlap-primary --join-evidence experiments/rostam/results/shared-replay-20260720-r2 primary b6cd1aae4cfb2de020a840f941031d4a910d0d47d4c83aee1c09e0f5f6bc98db --join-evidence experiments/rostam/results/overlap-20260724-r1 primary 5b153d0452df5033261d81f01db74211a0cb87015694b25190d8aa69650507fd --baseline-config nccl-2.19.3-default --candidate-config nccl-2.20.5-default --median-threshold-pct 8.0 --median-absolute-threshold-us 1.0
measurement,COMPLETE,false,,overlap-20260724-r1,5d5eb9f4822e14f86023106742efdd48823b20b6a7cb866c3370367aced31d17,primary,e012e40613f57db8dc38d519dd85b85864f99dd3f95724b8cf0f7c62996239d9,5b153d0452df5033261d81f01db74211a0cb87015694b25190d8aa69650507fd,c-overlap-trace-buil-nccl-2.20.5-ring-l-r000002-676d4396fd192796,676d4396fd1927964bcb65eb77ca0f6dd5ecaf665f3aeddfd575607307024bfc,a-000001,b7b40725a9d22ffe501bbe6805b1c0692cea91bc693baa3184f02f40bd2deca6,nccl-2.20.5-ring-ll128,overlap-trace-build,2,60041678.746231,1,commcanary.rostam.physical.capture-measurement.v1,commcanary.rostam.physical.capture-producer.v1,cf0f179a93999e4b53dc10e556c6bb5a165ae758e3c5bb7b82923638a51ba623,2855275288e67a1a2d0bbefff0740841fdf0ecf0,false,,8c5f30748596f665cca0bde76d4637074ffff3fa077387dd12b993cf98d2cee6,4940bd8d9394840022e8d712c4d6db81b36c70005118443fdba8e2e33a7fff07,40303a782f84560e5af8dcce17e4fa29c16b21bb4dd3f95d10ce5292a317f430,commcanary-wheel=954c9fe0ef908a448b5343c91e7d58e8785fc20a7fd029b699ca0e252614304d;environment-lock=d4b8b2dc177cb09cea84a5b5a51c99d4510a3270fe70286d2133382fbc4abd8b;gemm-calibration=cc4952da314e43f9885fd24dd85afa97440b0007edb2b0d6773d96f2b2deeecf;param-patch-contract=182942ecf6ed3c0ea267b1660a19be8601c16768640dd6ef3f112601a0b26f34;rostam-catalog=a4926ec9b012724b926fbc583b865bb083b7ad6526fee9ffc3e95129717195b8,python -m experiments.rostam.analyze verify --run-directory experiments/rostam/results/core-20260724-r7 --selection-id primary --verdict-sha256 46d8012b3594c18c96ee1a3f1e063ceeaf5642068c6a6aa895e655bcfb257bdd --output-directory experiments/rostam/results/publications/trusted-join-core-shared-overlap-primary --join-evidence experiments/rostam/results/shared-replay-20260720-r2 primary b6cd1aae4cfb2de020a840f941031d4a910d0d47d4c83aee1c09e0f5f6bc98db --join-evidence experiments/rostam/results/overlap-20260724-r1 primary 5b153d0452df5033261d81f01db74211a0cb87015694b25190d8aa69650507fd --baseline-config nccl-2.19.3-default --candidate-config nccl-2.20.5-default --median-threshold-pct 8.0 --median-absolute-threshold-us 1.0
measurement,COMPLETE,false,,overlap-20260724-r1,5d5eb9f4822e14f86023106742efdd48823b20b6a7cb866c3370367aced31d17,primary,e012e40613f57db8dc38d519dd85b85864f99dd3f95724b8cf0f7c62996239d9,5b153d0452df5033261d81f01db74211a0cb87015694b25190d8aa69650507fd,c-overlap-trace-buil-nccl-2.20.5-ring-l-r000003-60bb1685c3052201,60bb1685c3052201e3bb0dd82bb9d41ca5adca26733b06512839734449dc11dc,a-000001,c2b6b897bacf2a5cf1b53a5aae9895515e7d07362fc1c8272d7c3e37ccfd3329,nccl-2.20.5-ring-ll128,overlap-trace-build,3,60380250.605755,1,commcanary.rostam.physical.capture-measurement.v1,commcanary.rostam.physical.capture-producer.v1,8df8e1294bb1cd19bf48a43c9488398449340c7dbe67e72af5681e52be68db8c,2855275288e67a1a2d0bbefff0740841fdf0ecf0,false,,8c5f30748596f665cca0bde76d4637074ffff3fa077387dd12b993cf98d2cee6,a3cef51a6fe04a3a85b07e4c50326a64e699f585481b9e96363abd50e39951bc,4347658feb6597e1373f483cfe3d16dcba39d95c1e5679393640b9298880e55d,commcanary-wheel=954c9fe0ef908a448b5343c91e7d58e8785fc20a7fd029b699ca0e252614304d;environment-lock=d4b8b2dc177cb09cea84a5b5a51c99d4510a3270fe70286d2133382fbc4abd8b;gemm-calibration=cc4952da314e43f9885fd24dd85afa97440b0007edb2b0d6773d96f2b2deeecf;param-patch-contract=182942ecf6ed3c0ea267b1660a19be8601c16768640dd6ef3f112601a0b26f34;rostam-catalog=a4926ec9b012724b926fbc583b865bb083b7ad6526fee9ffc3e95129717195b8,python -m experiments.rostam.analyze verify --run-directory experiments/rostam/results/core-20260724-r7 --selection-id primary --verdict-sha256 46d8012b3594c18c96ee1a3f1e063ceeaf5642068c6a6aa895e655bcfb257bdd --output-directory experiments/rostam/results/publications/trusted-join-core-shared-overlap-primary --join-evidence experiments/rostam/results/shared-replay-20260720-r2 primary b6cd1aae4cfb2de020a840f941031d4a910d0d47d4c83aee1c09e0f5f6bc98db --join-evidence experiments/rostam/results/overlap-20260724-r1 primary 5b153d0452df5033261d81f01db74211a0cb87015694b25190d8aa69650507fd --baseline-config nccl-2.19.3-default --candidate-config nccl-2.20.5-default --median-threshold-pct 8.0 --median-absolute-threshold-us 1.0
measurement,COMPLETE,false,,overlap-20260724-r1,5d5eb9f4822e14f86023106742efdd48823b20b6a7cb866c3370367aced31d17,primary,e012e40613f57db8dc38d519dd85b85864f99dd3f95724b8cf0f7c62996239d9,5b153d0452df5033261d81f01db74211a0cb87015694b25190d8aa69650507fd,c-overlap-trace-buil-nccl-2.20.5-ring-l-r000003-93dc8eb8c24b9c9c,93dc8eb8c24b9c9c6809e87a76be270dc3f52067a0b36830a801636de40b0fe2,a-000001,704e70fcece9dfdd3263361a5bb72167b96f4292bebf6a15e3842843b45428c0,nccl-2.20.5-ring-ll,overlap-trace-build,3,60402927.846648,1,commcanary.rostam.physical.capture-measurement.v1,commcanary.rostam.physical.capture-producer.v1,f396803ee148d9981d2cb43e14c57d57020ae8882dc49278b12c4e985e25b20e,2855275288e67a1a2d0bbefff0740841fdf0ecf0,false,,8c5f30748596f665cca0bde76d4637074ffff3fa077387dd12b993cf98d2cee6,67b30776fa76e61779ec64c17df722d5ac3ae015323a808df088a4b840679d5b,96138d754ed9f7d3d5c2e8cd668473d8d78d4c2d16206128b8216ef359c2e989,commcanary-wheel=954c9fe0ef908a448b5343c91e7d58e8785fc20a7fd029b699ca0e252614304d;environment-lock=d4b8b2dc177cb09cea84a5b5a51c99d4510a3270fe70286d2133382fbc4abd8b;gemm-calibration=cc4952da314e43f9885fd24dd85afa97440b0007edb2b0d6773d96f2b2deeecf;param-patch-contract=182942ecf6ed3c0ea267b1660a19be8601c16768640dd6ef3f112601a0b26f34;rostam-catalog=a4926ec9b012724b926fbc583b865bb083b7ad6526fee9ffc3e95129717195b8,python -m experiments.rostam.analyze verify --run-directory experiments/rostam/results/core-20260724-r7 --selection-id primary --verdict-sha256 46d8012b3594c18c96ee1a3f1e063ceeaf5642068c6a6aa895e655bcfb257bdd --output-directory experiments/rostam/results/publications/trusted-join-core-shared-overlap-primary --join-evidence experiments/rostam/results/shared-replay-20260720-r2 primary b6cd1aae4cfb2de020a840f941031d4a910d0d47d4c83aee1c09e0f5f6bc98db --join-evidence experiments/rostam/results/overlap-20260724-r1 primary 5b153d0452df5033261d81f01db74211a0cb87015694b25190d8aa69650507fd --baseline-config nccl-2.19.3-default --candidate-config nccl-2.20.5-default --median-threshold-pct 8.0 --median-absolute-threshold-us 1.0
measurement,COMPLETE,false,,overlap-20260724-r1,5d5eb9f4822e14f86023106742efdd48823b20b6a7cb866c3370367aced31d17,primary,e012e40613f57db8dc38d519dd85b85864f99dd3f95724b8cf0f7c62996239d9,5b153d0452df5033261d81f01db74211a0cb87015694b25190d8aa69650507fd,c-overlap-trace-buil-nccl-2.20.5-ring-l-r000004-8e9efc85ace1d309,8e9efc85ace1d309eefd08183415e8a1b26cbb6ecb3f139a3234eb00e75d43ef,a-000001,91f5f68913f355613a9055b48119b09545220019a123a00c18009a0913a1fd23,nccl-2.20.5-ring-ll,overlap-trace-build,4,60354856.530204,1,commcanary.rostam.physical.capture-measurement.v1,commcanary.rostam.physical.capture-producer.v1,e645dfceb77813ba0b5502fa60b657939a2fa4612c6efce2b0c5e37af5f0cf2b,2855275288e67a1a2d0bbefff0740841fdf0ecf0,false,,8c5f30748596f665cca0bde76d4637074ffff3fa077387dd12b993cf98d2cee6,5da327ac681e938f04da4a176b352b80ea26aba0a7707db858dcd43834285f69,080c3f3c1e297e4761555f82db08030be0902076b59b846d3fb4194568db1b4f,commcanary-wheel=954c9fe0ef908a448b5343c91e7d58e8785fc20a7fd029b699ca0e252614304d;environment-lock=d4b8b2dc177cb09cea84a5b5a51c99d4510a3270fe70286d2133382fbc4abd8b;gemm-calibration=cc4952da314e43f9885fd24dd85afa97440b0007edb2b0d6773d96f2b2deeecf;param-patch-contract=182942ecf6ed3c0ea267b1660a19be8601c16768640dd6ef3f112601a0b26f34;rostam-catalog=a4926ec9b012724b926fbc583b865bb083b7ad6526fee9ffc3e95129717195b8,python -m experiments.rostam.analyze verify --run-directory experiments/rostam/results/core-20260724-r7 --selection-id primary --verdict-sha256 46d8012b3594c18c96ee1a3f1e063ceeaf5642068c6a6aa895e655bcfb257bdd --output-directory experiments/rostam/results/publications/trusted-join-core-shared-overlap-primary --join-evidence experiments/rostam/results/shared-replay-20260720-r2 primary b6cd1aae4cfb2de020a840f941031d4a910d0d47d4c83aee1c09e0f5f6bc98db --join-evidence experiments/rostam/results/overlap-20260724-r1 primary 5b153d0452df5033261d81f01db74211a0cb87015694b25190d8aa69650507fd --baseline-config nccl-2.19.3-default --candidate-config nccl-2.20.5-default --median-threshold-pct 8.0 --median-absolute-threshold-us 1.0
measurement,COMPLETE,false,,overlap-20260724-r1,5d5eb9f4822e14f86023106742efdd48823b20b6a7cb866c3370367aced31d17,primary,e012e40613f57db8dc38d519dd85b85864f99dd3f95724b8cf0f7c62996239d9,5b153d0452df5033261d81f01db74211a0cb87015694b25190d8aa69650507fd,c-overlap-trace-buil-nccl-2.20.5-ring-l-r000004-e47faa705c517912,e47faa705c51791240232c25b8cfc729696c2f568a06a6e6f14c1a286d83dbd8,a-000001,c57e0773cf2d330acb57ec2c1f4d1d1882189e3d6d564ba2a671934db036dd76,nccl-2.20.5-ring-ll128,overlap-trace-build,4,60093134.428374,1,commcanary.rostam.physical.capture-measurement.v1,commcanary.rostam.physical.capture-producer.v1,da540310513fbe4c1582c3f888b538f8a547030ab31f2b78bbc686202dfa0f22,2855275288e67a1a2d0bbefff0740841fdf0ecf0,false,,8c5f30748596f665cca0bde76d4637074ffff3fa077387dd12b993cf98d2cee6,392a9fb6a61dd75cac60d1f261cdbc4f58b2fb2a16bc35677fc9fed1a264b9a6,048cb6bcf886972f0110dbf74a277f0fefea17f45e35d45c5e0dc84920684b25,commcanary-wheel=954c9fe0ef908a448b5343c91e7d58e8785fc20a7fd029b699ca0e252614304d;environment-lock=d4b8b2dc177cb09cea84a5b5a51c99d4510a3270fe70286d2133382fbc4abd8b;gemm-calibration=cc4952da314e43f9885fd24dd85afa97440b0007edb2b0d6773d96f2b2deeecf;param-patch-contract=182942ecf6ed3c0ea267b1660a19be8601c16768640dd6ef3f112601a0b26f34;rostam-catalog=a4926ec9b012724b926fbc583b865bb083b7ad6526fee9ffc3e95129717195b8,python -m experiments.rostam.analyze verify --run-directory experiments/rostam/results/core-20260724-r7 --selection-id primary --verdict-sha256 46d8012b3594c18c96ee1a3f1e063ceeaf5642068c6a6aa895e655bcfb257bdd --output-directory experiments/rostam/results/publications/trusted-join-core-shared-overlap-primary --join-evidence experiments/rostam/results/shared-replay-20260720-r2 primary b6cd1aae4cfb2de020a840f941031d4a910d0d47d4c83aee1c09e0f5f6bc98db --join-evidence experiments/rostam/results/overlap-20260724-r1 primary 5b153d0452df5033261d81f01db74211a0cb87015694b25190d8aa69650507fd --baseline-config nccl-2.19.3-default --candidate-config nccl-2.20.5-default --median-threshold-pct 8.0 --median-absolute-threshold-us 1.0
measurement,COMPLETE,false,,overlap-20260724-r1,5d5eb9f4822e14f86023106742efdd48823b20b6a7cb866c3370367aced31d17,primary,e012e40613f57db8dc38d519dd85b85864f99dd3f95724b8cf0f7c62996239d9,5b153d0452df5033261d81f01db74211a0cb87015694b25190d8aa69650507fd,c-overlap-trace-buil-nccl-2.20.5-ring-s-r000000-4c3408a5ab23baea,4c3408a5ab23baea29d140e89bd32b7cebf57a4407a28ae59f176977f89ce17d,a-000001,4969f83a8431787fa4fcf0e8ca9166a2dde90b7f3c285f96ad998811ad63d1d0,nccl-2.20.5-ring-simple,overlap-trace-build,0,60333338.577300,1,commcanary.rostam.physical.capture-measurement.v1,commcanary.rostam.physical.capture-producer.v1,7e1b632bde460144ab60daaf1aa432ee579fd0e6966c98d127da61fb43978d58,2855275288e67a1a2d0bbefff0740841fdf0ecf0,false,,8c5f30748596f665cca0bde76d4637074ffff3fa077387dd12b993cf98d2cee6,c005556c59b5502ba2d0291b94acce74d95ef99bc072c8294a5c77cb85f8f16f,39ae216bda1bb1899ede7cfa0d456160b555d9bb12022faba6f5a895d6ed1145,commcanary-wheel=954c9fe0ef908a448b5343c91e7d58e8785fc20a7fd029b699ca0e252614304d;environment-lock=d4b8b2dc177cb09cea84a5b5a51c99d4510a3270fe70286d2133382fbc4abd8b;gemm-calibration=cc4952da314e43f9885fd24dd85afa97440b0007edb2b0d6773d96f2b2deeecf;param-patch-contract=182942ecf6ed3c0ea267b1660a19be8601c16768640dd6ef3f112601a0b26f34;rostam-catalog=a4926ec9b012724b926fbc583b865bb083b7ad6526fee9ffc3e95129717195b8,python -m experiments.rostam.analyze verify --run-directory experiments/rostam/results/core-20260724-r7 --selection-id primary --verdict-sha256 46d8012b3594c18c96ee1a3f1e063ceeaf5642068c6a6aa895e655bcfb257bdd --output-directory experiments/rostam/results/publications/trusted-join-core-shared-overlap-primary --join-evidence experiments/rostam/results/shared-replay-20260720-r2 primary b6cd1aae4cfb2de020a840f941031d4a910d0d47d4c83aee1c09e0f5f6bc98db --join-evidence experiments/rostam/results/overlap-20260724-r1 primary 5b153d0452df5033261d81f01db74211a0cb87015694b25190d8aa69650507fd --baseline-config nccl-2.19.3-default --candidate-config nccl-2.20.5-default --median-threshold-pct 8.0 --median-absolute-threshold-us 1.0
measurement,COMPLETE,false,,overlap-20260724-r1,5d5eb9f4822e14f86023106742efdd48823b20b6a7cb866c3370367aced31d17,primary,e012e40613f57db8dc38d519dd85b85864f99dd3f95724b8cf0f7c62996239d9,5b153d0452df5033261d81f01db74211a0cb87015694b25190d8aa69650507fd,c-overlap-trace-buil-nccl-2.20.5-ring-s-r000001-5718e7749e25cc41,5718e7749e25cc41b85c1dcb40829d5da21cd98c50d08b873a0aeaf7c2cf5da5,a-000001,e2c0eda4fd3b0fac7c1382410cb31268e2e7e2e74b4d47ca0a20bf005db0d0ec,nccl-2.20.5-ring-simple,overlap-trace-build,1,60322694.669478,1,commcanary.rostam.physical.capture-measurement.v1,commcanary.rostam.physical.capture-producer.v1,777dd21794a705fe81c153f9c5ad990e9f997274f204090d0b88e491ceb10183,2855275288e67a1a2d0bbefff0740841fdf0ecf0,false,,8c5f30748596f665cca0bde76d4637074ffff3fa077387dd12b993cf98d2cee6,75e052efad9e300eb67e0d7f236ab20d9a9e71d2e7cad7cfa6622df30fce735f,d3532921766e0485cf936605db1cac48bfdf4b09660f813d4603f4a32235705a,commcanary-wheel=954c9fe0ef908a448b5343c91e7d58e8785fc20a7fd029b699ca0e252614304d;environment-lock=d4b8b2dc177cb09cea84a5b5a51c99d4510a3270fe70286d2133382fbc4abd8b;gemm-calibration=cc4952da314e43f9885fd24dd85afa97440b0007edb2b0d6773d96f2b2deeecf;param-patch-contract=182942ecf6ed3c0ea267b1660a19be8601c16768640dd6ef3f112601a0b26f34;rostam-catalog=a4926ec9b012724b926fbc583b865bb083b7ad6526fee9ffc3e95129717195b8,python -m experiments.rostam.analyze verify --run-directory experiments/rostam/results/core-20260724-r7 --selection-id primary --verdict-sha256 46d8012b3594c18c96ee1a3f1e063ceeaf5642068c6a6aa895e655bcfb257bdd --output-directory experiments/rostam/results/publications/trusted-join-core-shared-overlap-primary --join-evidence experiments/rostam/results/shared-replay-20260720-r2 primary b6cd1aae4cfb2de020a840f941031d4a910d0d47d4c83aee1c09e0f5f6bc98db --join-evidence experiments/rostam/results/overlap-20260724-r1 primary 5b153d0452df5033261d81f01db74211a0cb87015694b25190d8aa69650507fd --baseline-config nccl-2.19.3-default --candidate-config nccl-2.20.5-default --median-threshold-pct 8.0 --median-absolute-threshold-us 1.0
measurement,COMPLETE,false,,overlap-20260724-r1,5d5eb9f4822e14f86023106742efdd48823b20b6a7cb866c3370367aced31d17,primary,e012e40613f57db8dc38d519dd85b85864f99dd3f95724b8cf0f7c62996239d9,5b153d0452df5033261d81f01db74211a0cb87015694b25190d8aa69650507fd,c-overlap-trace-buil-nccl-2.20.5-ring-s-r000002-10a30c91e4570e30,10a30c91e4570e302f020101b8f7569423e2a2ed891c478157e4e1fc9d3d9721,a-000001,3752e8ff9193abbd587e5597e5e93e9e61eeddfb777bafcbb7e58230f9c0a23c,nccl-2.20.5-ring-simple,overlap-trace-build,2,60382003.413513,1,commcanary.rostam.physical.capture-measurement.v1,commcanary.rostam.physical.capture-producer.v1,fab61aec53e529a04fdd4f0067c9fe68bb31f4b7a2f613ce89fe93957a4ed624,2855275288e67a1a2d0bbefff0740841fdf0ecf0,false,,8c5f30748596f665cca0bde76d4637074ffff3fa077387dd12b993cf98d2cee6,f4d0abb316368473fd2f3bf7d83a69fe60afe062d1c8f92fcbe4fa6e1d746237,ec402f29f50d9455656f8428e7db916b3d3f67bccb779f5df2b0dc54e423031e,commcanary-wheel=954c9fe0ef908a448b5343c91e7d58e8785fc20a7fd029b699ca0e252614304d;environment-lock=d4b8b2dc177cb09cea84a5b5a51c99d4510a3270fe70286d2133382fbc4abd8b;gemm-calibration=cc4952da314e43f9885fd24dd85afa97440b0007edb2b0d6773d96f2b2deeecf;param-patch-contract=182942ecf6ed3c0ea267b1660a19be8601c16768640dd6ef3f112601a0b26f34;rostam-catalog=a4926ec9b012724b926fbc583b865bb083b7ad6526fee9ffc3e95129717195b8,python -m experiments.rostam.analyze verify --run-directory experiments/rostam/results/core-20260724-r7 --selection-id primary --verdict-sha256 46d8012b3594c18c96ee1a3f1e063ceeaf5642068c6a6aa895e655bcfb257bdd --output-directory experiments/rostam/results/publications/trusted-join-core-shared-overlap-primary --join-evidence experiments/rostam/results/shared-replay-20260720-r2 primary b6cd1aae4cfb2de020a840f941031d4a910d0d47d4c83aee1c09e0f5f6bc98db --join-evidence experiments/rostam/results/overlap-20260724-r1 primary 5b153d0452df5033261d81f01db74211a0cb87015694b25190d8aa69650507fd --baseline-config nccl-2.19.3-default --candidate-config nccl-2.20.5-default --median-threshold-pct 8.0 --median-absolute-threshold-us 1.0
measurement,COMPLETE,false,,overlap-20260724-r1,5d5eb9f4822e14f86023106742efdd48823b20b6a7cb866c3370367aced31d17,primary,e012e40613f57db8dc38d519dd85b85864f99dd3f95724b8cf0f7c62996239d9,5b153d0452df5033261d81f01db74211a0cb87015694b25190d8aa69650507fd,c-overlap-trace-buil-nccl-2.20.5-ring-s-r000003-63e77b4b02b5133a,63e77b4b02b5133a0a22e411c8f7339bbaaba4e1235af134d18d33a2e9097fd8,a-000001,59f0692c8804868e5d3ea9bb8bf5f810276efe94d522dce10a3543f41b74a9b6,nccl-2.20.5-ring-simple,overlap-trace-build,3,61124081.773683,1,commcanary.rostam.physical.capture-measurement.v1,commcanary.rostam.physical.capture-producer.v1,c11dd79442b4d269ff95658cf4c2e88d2fcbf47ed62aa4a4be1b1bad616af251,2855275288e67a1a2d0bbefff0740841fdf0ecf0,false,,8c5f30748596f665cca0bde76d4637074ffff3fa077387dd12b993cf98d2cee6,e2edb309bcd114537ad60445c55fc456a9f308d2c94506be92a984a9b7cabd58,772ea77d1d38801da4bf54e53c9c904cf0fff8dea4cf15b398c77cc7d3b05812,commcanary-wheel=954c9fe0ef908a448b5343c91e7d58e8785fc20a7fd029b699ca0e252614304d;environment-lock=d4b8b2dc177cb09cea84a5b5a51c99d4510a3270fe70286d2133382fbc4abd8b;gemm-calibration=cc4952da314e43f9885fd24dd85afa97440b0007edb2b0d6773d96f2b2deeecf;param-patch-contract=182942ecf6ed3c0ea267b1660a19be8601c16768640dd6ef3f112601a0b26f34;rostam-catalog=a4926ec9b012724b926fbc583b865bb083b7ad6526fee9ffc3e95129717195b8,python -m experiments.rostam.analyze verify --run-directory experiments/rostam/results/core-20260724-r7 --selection-id primary --verdict-sha256 46d8012b3594c18c96ee1a3f1e063ceeaf5642068c6a6aa895e655bcfb257bdd --output-directory experiments/rostam/results/publications/trusted-join-core-shared-overlap-primary --join-evidence experiments/rostam/results/shared-replay-20260720-r2 primary b6cd1aae4cfb2de020a840f941031d4a910d0d47d4c83aee1c09e0f5f6bc98db --join-evidence experiments/rostam/results/overlap-20260724-r1 primary 5b153d0452df5033261d81f01db74211a0cb87015694b25190d8aa69650507fd --baseline-config nccl-2.19.3-default --candidate-config nccl-2.20.5-default --median-threshold-pct 8.0 --median-absolute-threshold-us 1.0
measurement,COMPLETE,false,,overlap-20260724-r1,5d5eb9f4822e14f86023106742efdd48823b20b6a7cb866c3370367aced31d17,primary,e012e40613f57db8dc38d519dd85b85864f99dd3f95724b8cf0f7c62996239d9,5b153d0452df5033261d81f01db74211a0cb87015694b25190d8aa69650507fd,c-overlap-trace-buil-nccl-2.20.5-ring-s-r000004-a6679e1c7f57dacf,a6679e1c7f57dacfa7e7117fc131caf76404d4288290b9e6731392cd91c58b72,a-000001,d77d5116bdc0fb4d153cae88819159cb3963ae31fcaeb43733ec0ba7804f2fdf,nccl-2.20.5-ring-simple,overlap-trace-build,4,59824645.121582,1,commcanary.rostam.physical.capture-measurement.v1,commcanary.rostam.physical.capture-producer.v1,3a0d881e3f6a374612a442f26b69570ea513e0518a36dd9dd0b06982f98b6171,2855275288e67a1a2d0bbefff0740841fdf0ecf0,false,,8c5f30748596f665cca0bde76d4637074ffff3fa077387dd12b993cf98d2cee6,aafc2104faa1952cd0fd1744b93c31b1f8141289ebe6227df0f310fd870f8602,d97209f285106ea53a9d05c83116102fca3a0b692ca34603ba0a6d6261536e0e,commcanary-wheel=954c9fe0ef908a448b5343c91e7d58e8785fc20a7fd029b699ca0e252614304d;environment-lock=d4b8b2dc177cb09cea84a5b5a51c99d4510a3270fe70286d2133382fbc4abd8b;gemm-calibration=cc4952da314e43f9885fd24dd85afa97440b0007edb2b0d6773d96f2b2deeecf;param-patch-contract=182942ecf6ed3c0ea267b1660a19be8601c16768640dd6ef3f112601a0b26f34;rostam-catalog=a4926ec9b012724b926fbc583b865bb083b7ad6526fee9ffc3e95129717195b8,python -m experiments.rostam.analyze verify --run-directory experiments/rostam/results/core-20260724-r7 --selection-id primary --verdict-sha256 46d8012b3594c18c96ee1a3f1e063ceeaf5642068c6a6aa895e655bcfb257bdd --output-directory experiments/rostam/results/publications/trusted-join-core-shared-overlap-primary --join-evidence experiments/rostam/results/shared-replay-20260720-r2 primary b6cd1aae4cfb2de020a840f941031d4a910d0d47d4c83aee1c09e0f5f6bc98db --join-evidence experiments/rostam/results/overlap-20260724-r1 primary 5b153d0452df5033261d81f01db74211a0cb87015694b25190d8aa69650507fd --baseline-config nccl-2.19.3-default --candidate-config nccl-2.20.5-default --median-threshold-pct 8.0 --median-absolute-threshold-us 1.0
measurement,COMPLETE,false,,overlap-20260724-r1,5d5eb9f4822e14f86023106742efdd48823b20b6a7cb866c3370367aced31d17,primary,e012e40613f57db8dc38d519dd85b85864f99dd3f95724b8cf0f7c62996239d9,5b153d0452df5033261d81f01db74211a0cb87015694b25190d8aa69650507fd,c-overlap-trace-buil-nccl-2.20.5-tree-l-r000000-31729c6e045a58c1,31729c6e045a58c1bdc1275e6139efcd66ce3bc431e13bdfdf550407868cdf58,a-000001,328f7ee5f070679cabb6c5fc2021c7e6c075a0d9512c42b518dbdc72cfff0de8,nccl-2.20.5-tree-ll,overlap-trace-build,0,61455118.762329,1,commcanary.rostam.physical.capture-measurement.v1,commcanary.rostam.physical.capture-producer.v1,3b0109a3146b76b8fa115ead2285a09e9562bc0893ccf354f320ac60b7296ab2,2855275288e67a1a2d0bbefff0740841fdf0ecf0,false,,8c5f30748596f665cca0bde76d4637074ffff3fa077387dd12b993cf98d2cee6,2a615711bba9592a0aea6f7b88e3c552bf4fce3a5f28161540a2a085854e98df,45692edfa89c02538c611cdb0f53075fc7d215a39886faf46c1574d158fb4f43,commcanary-wheel=954c9fe0ef908a448b5343c91e7d58e8785fc20a7fd029b699ca0e252614304d;environment-lock=d4b8b2dc177cb09cea84a5b5a51c99d4510a3270fe70286d2133382fbc4abd8b;gemm-calibration=cc4952da314e43f9885fd24dd85afa97440b0007edb2b0d6773d96f2b2deeecf;param-patch-contract=182942ecf6ed3c0ea267b1660a19be8601c16768640dd6ef3f112601a0b26f34;rostam-catalog=a4926ec9b012724b926fbc583b865bb083b7ad6526fee9ffc3e95129717195b8,python -m experiments.rostam.analyze verify --run-directory experiments/rostam/results/core-20260724-r7 --selection-id primary --verdict-sha256 46d8012b3594c18c96ee1a3f1e063ceeaf5642068c6a6aa895e655bcfb257bdd --output-directory experiments/rostam/results/publications/trusted-join-core-shared-overlap-primary --join-evidence experiments/rostam/results/shared-replay-20260720-r2 primary b6cd1aae4cfb2de020a840f941031d4a910d0d47d4c83aee1c09e0f5f6bc98db --join-evidence experiments/rostam/results/overlap-20260724-r1 primary 5b153d0452df5033261d81f01db74211a0cb87015694b25190d8aa69650507fd --baseline-config nccl-2.19.3-default --candidate-config nccl-2.20.5-default --median-threshold-pct 8.0 --median-absolute-threshold-us 1.0
measurement,COMPLETE,false,,overlap-20260724-r1,5d5eb9f4822e14f86023106742efdd48823b20b6a7cb866c3370367aced31d17,primary,e012e40613f57db8dc38d519dd85b85864f99dd3f95724b8cf0f7c62996239d9,5b153d0452df5033261d81f01db74211a0cb87015694b25190d8aa69650507fd,c-overlap-trace-buil-nccl-2.20.5-tree-l-r000000-af5454518ca06e43,af5454518ca06e4331bd1b4271c8008102a5e00914fa03c6bdbfd6c6fdec1559,a-000001,05343455d162af3d7a56aaa41eca4af6c392f1158f7e569d4832a273f9bafe66,nccl-2.20.5-tree-ll128,overlap-trace-build,0,60686622.980051,1,commcanary.rostam.physical.capture-measurement.v1,commcanary.rostam.physical.capture-producer.v1,5a20106a515c372456357248385215c2be9fec4d7b4f1596ee0cdda6ac6be737,2855275288e67a1a2d0bbefff0740841fdf0ecf0,false,,8c5f30748596f665cca0bde76d4637074ffff3fa077387dd12b993cf98d2cee6,7c0aeb8dd57433682bd246cc3aeda54c02380f8d328f42db9d16ca63d9c98e67,99fb69491b1a88f41eda2dda4998a6f11f82c07c1554ef9a4fca1b6315b7b9f5,commcanary-wheel=954c9fe0ef908a448b5343c91e7d58e8785fc20a7fd029b699ca0e252614304d;environment-lock=d4b8b2dc177cb09cea84a5b5a51c99d4510a3270fe70286d2133382fbc4abd8b;gemm-calibration=cc4952da314e43f9885fd24dd85afa97440b0007edb2b0d6773d96f2b2deeecf;param-patch-contract=182942ecf6ed3c0ea267b1660a19be8601c16768640dd6ef3f112601a0b26f34;rostam-catalog=a4926ec9b012724b926fbc583b865bb083b7ad6526fee9ffc3e95129717195b8,python -m experiments.rostam.analyze verify --run-directory experiments/rostam/results/core-20260724-r7 --selection-id primary --verdict-sha256 46d8012b3594c18c96ee1a3f1e063ceeaf5642068c6a6aa895e655bcfb257bdd --output-directory experiments/rostam/results/publications/trusted-join-core-shared-overlap-primary --join-evidence experiments/rostam/results/shared-replay-20260720-r2 primary b6cd1aae4cfb2de020a840f941031d4a910d0d47d4c83aee1c09e0f5f6bc98db --join-evidence experiments/rostam/results/overlap-20260724-r1 primary 5b153d0452df5033261d81f01db74211a0cb87015694b25190d8aa69650507fd --baseline-config nccl-2.19.3-default --candidate-config nccl-2.20.5-default --median-threshold-pct 8.0 --median-absolute-threshold-us 1.0
measurement,COMPLETE,false,,overlap-20260724-r1,5d5eb9f4822e14f86023106742efdd48823b20b6a7cb866c3370367aced31d17,primary,e012e40613f57db8dc38d519dd85b85864f99dd3f95724b8cf0f7c62996239d9,5b153d0452df5033261d81f01db74211a0cb87015694b25190d8aa69650507fd,c-overlap-trace-buil-nccl-2.20.5-tree-l-r000001-7ffa2c474959f0fd,7ffa2c474959f0fd7b06947436640a4a1ee8c51467d7cab46cfdf3feab897feb,a-000001,a485d1a3fa774f0385abbe161b14941c248d77a0c07d88c2e643b329e1163fe4,nccl-2.20.5-tree-ll128,overlap-trace-build,1,60506860.797293,1,commcanary.rostam.physical.capture-measurement.v1,commcanary.rostam.physical.capture-producer.v1,ea6400977ef653f70d168b58e9ffa92c79d2c8d6b334ebde217a2d32f7bad96b,2855275288e67a1a2d0bbefff0740841fdf0ecf0,false,,8c5f30748596f665cca0bde76d4637074ffff3fa077387dd12b993cf98d2cee6,2f3bd9466152a9f704d5ea348c473a992cb267ad5d53fb27cb012d6b5226040a,e8436126aacaf86ee314afaec7d31a7a4680a31cd25438b47ec4bc8533745db5,commcanary-wheel=954c9fe0ef908a448b5343c91e7d58e8785fc20a7fd029b699ca0e252614304d;environment-lock=d4b8b2dc177cb09cea84a5b5a51c99d4510a3270fe70286d2133382fbc4abd8b;gemm-calibration=cc4952da314e43f9885fd24dd85afa97440b0007edb2b0d6773d96f2b2deeecf;param-patch-contract=182942ecf6ed3c0ea267b1660a19be8601c16768640dd6ef3f112601a0b26f34;rostam-catalog=a4926ec9b012724b926fbc583b865bb083b7ad6526fee9ffc3e95129717195b8,python -m experiments.rostam.analyze verify --run-directory experiments/rostam/results/core-20260724-r7 --selection-id primary --verdict-sha256 46d8012b3594c18c96ee1a3f1e063ceeaf5642068c6a6aa895e655bcfb257bdd --output-directory experiments/rostam/results/publications/trusted-join-core-shared-overlap-primary --join-evidence experiments/rostam/results/shared-replay-20260720-r2 primary b6cd1aae4cfb2de020a840f941031d4a910d0d47d4c83aee1c09e0f5f6bc98db --join-evidence experiments/rostam/results/overlap-20260724-r1 primary 5b153d0452df5033261d81f01db74211a0cb87015694b25190d8aa69650507fd --baseline-config nccl-2.19.3-default --candidate-config nccl-2.20.5-default --median-threshold-pct 8.0 --median-absolute-threshold-us 1.0
measurement,COMPLETE,false,,overlap-20260724-r1,5d5eb9f4822e14f86023106742efdd48823b20b6a7cb866c3370367aced31d17,primary,e012e40613f57db8dc38d519dd85b85864f99dd3f95724b8cf0f7c62996239d9,5b153d0452df5033261d81f01db74211a0cb87015694b25190d8aa69650507fd,c-overlap-trace-buil-nccl-2.20.5-tree-l-r000001-bac4536b433ec592,bac4536b433ec5921a8acf73cf84c42d0a1b874d3bb0085030a903587f6829dc,a-000001,b2fe7ac55b0e93239c496cbafcfa298dfcedcd0aec6d43aa3e74f0a6854d5470,nccl-2.20.5-tree-ll,overlap-trace-build,1,60705331.321806,1,commcanary.rostam.physical.capture-measurement.v1,commcanary.rostam.physical.capture-producer.v1,b5444ef665a948a2d5deb29a3c5f0548511a9a94b25b4821317dfaa45b6afdab,2855275288e67a1a2d0bbefff0740841fdf0ecf0,false,,8c5f30748596f665cca0bde76d4637074ffff3fa077387dd12b993cf98d2cee6,9fb5428b4709405ee5986e8b1cae9f788347b300f69804cfe25c856eef74f2f5,c397ebdb0e654df8b64c4ffa8bfe56a5bae11f76c38699294bf9eb808328b199,commcanary-wheel=954c9fe0ef908a448b5343c91e7d58e8785fc20a7fd029b699ca0e252614304d;environment-lock=d4b8b2dc177cb09cea84a5b5a51c99d4510a3270fe70286d2133382fbc4abd8b;gemm-calibration=cc4952da314e43f9885fd24dd85afa97440b0007edb2b0d6773d96f2b2deeecf;param-patch-contract=182942ecf6ed3c0ea267b1660a19be8601c16768640dd6ef3f112601a0b26f34;rostam-catalog=a4926ec9b012724b926fbc583b865bb083b7ad6526fee9ffc3e95129717195b8,python -m experiments.rostam.analyze verify --run-directory experiments/rostam/results/core-20260724-r7 --selection-id primary --verdict-sha256 46d8012b3594c18c96ee1a3f1e063ceeaf5642068c6a6aa895e655bcfb257bdd --output-directory experiments/rostam/results/publications/trusted-join-core-shared-overlap-primary --join-evidence experiments/rostam/results/shared-replay-20260720-r2 primary b6cd1aae4cfb2de020a840f941031d4a910d0d47d4c83aee1c09e0f5f6bc98db --join-evidence experiments/rostam/results/overlap-20260724-r1 primary 5b153d0452df5033261d81f01db74211a0cb87015694b25190d8aa69650507fd --baseline-config nccl-2.19.3-default --candidate-config nccl-2.20.5-default --median-threshold-pct 8.0 --median-absolute-threshold-us 1.0
measurement,COMPLETE,false,,overlap-20260724-r1,5d5eb9f4822e14f86023106742efdd48823b20b6a7cb866c3370367aced31d17,primary,e012e40613f57db8dc38d519dd85b85864f99dd3f95724b8cf0f7c62996239d9,5b153d0452df5033261d81f01db74211a0cb87015694b25190d8aa69650507fd,c-overlap-trace-buil-nccl-2.20.5-tree-l-r000002-4fd35e22ed08bf20,4fd35e22ed08bf20d6b80f656e5e3203e5195171e6b80dc972032ac54e8ee7f9,a-000001,2ecdb3d33bf21ad591955eb791aa59af11d4de082d853ef4baf431e5f27e637c,nccl-2.20.5-tree-ll,overlap-trace-build,2,61188966.759481,1,commcanary.rostam.physical.capture-measurement.v1,commcanary.rostam.physical.capture-producer.v1,1536ee7e7ad9a0e8bdc3016ca645f0fbad3b736a36e48961d97c65641e109aee,2855275288e67a1a2d0bbefff0740841fdf0ecf0,false,,8c5f30748596f665cca0bde76d4637074ffff3fa077387dd12b993cf98d2cee6,65d1c9255d82bcb4c97c20408046a840f730a456cb88444fe1afc75b4c557967,a54b3a27901f7975c41657c266ad499275ce182db58a4d8695e5394617ca777e,commcanary-wheel=954c9fe0ef908a448b5343c91e7d58e8785fc20a7fd029b699ca0e252614304d;environment-lock=d4b8b2dc177cb09cea84a5b5a51c99d4510a3270fe70286d2133382fbc4abd8b;gemm-calibration=cc4952da314e43f9885fd24dd85afa97440b0007edb2b0d6773d96f2b2deeecf;param-patch-contract=182942ecf6ed3c0ea267b1660a19be8601c16768640dd6ef3f112601a0b26f34;rostam-catalog=a4926ec9b012724b926fbc583b865bb083b7ad6526fee9ffc3e95129717195b8,python -m experiments.rostam.analyze verify --run-directory experiments/rostam/results/core-20260724-r7 --selection-id primary --verdict-sha256 46d8012b3594c18c96ee1a3f1e063ceeaf5642068c6a6aa895e655bcfb257bdd --output-directory experiments/rostam/results/publications/trusted-join-core-shared-overlap-primary --join-evidence experiments/rostam/results/shared-replay-20260720-r2 primary b6cd1aae4cfb2de020a840f941031d4a910d0d47d4c83aee1c09e0f5f6bc98db --join-evidence experiments/rostam/results/overlap-20260724-r1 primary 5b153d0452df5033261d81f01db74211a0cb87015694b25190d8aa69650507fd --baseline-config nccl-2.19.3-default --candidate-config nccl-2.20.5-default --median-threshold-pct 8.0 --median-absolute-threshold-us 1.0
measurement,COMPLETE,false,,overlap-20260724-r1,5d5eb9f4822e14f86023106742efdd48823b20b6a7cb866c3370367aced31d17,primary,e012e40613f57db8dc38d519dd85b85864f99dd3f95724b8cf0f7c62996239d9,5b153d0452df5033261d81f01db74211a0cb87015694b25190d8aa69650507fd,c-overlap-trace-buil-nccl-2.20.5-tree-l-r000002-cebb8bf5c2ac793f,cebb8bf5c2ac793ffb633fd05f304516114e13b5c41146a30a2358eecafe937a,a-000001,f249be530e0c0ce0bc342efe1e60318938c2dd627ce2f97bff40e9598a3a8753,nccl-2.20.5-tree-ll128,overlap-trace-build,2,60368008.768186,1,commcanary.rostam.physical.capture-measurement.v1,commcanary.rostam.physical.capture-producer.v1,79de752b0196ba8ea6fe4d572f7ed41c44f589c5c554c5e0bdd1b09e146d1ec2,2855275288e67a1a2d0bbefff0740841fdf0ecf0,false,,8c5f30748596f665cca0bde76d4637074ffff3fa077387dd12b993cf98d2cee6,f376f4ac4c635def3b1a96f228747cca9c392f78053802d08e222b59ef9452aa,1afb179ad0429d277920799bb66e512ce28dbfaed3eb990d7427ccdb48561e2d,commcanary-wheel=954c9fe0ef908a448b5343c91e7d58e8785fc20a7fd029b699ca0e252614304d;environment-lock=d4b8b2dc177cb09cea84a5b5a51c99d4510a3270fe70286d2133382fbc4abd8b;gemm-calibration=cc4952da314e43f9885fd24dd85afa97440b0007edb2b0d6773d96f2b2deeecf;param-patch-contract=182942ecf6ed3c0ea267b1660a19be8601c16768640dd6ef3f112601a0b26f34;rostam-catalog=a4926ec9b012724b926fbc583b865bb083b7ad6526fee9ffc3e95129717195b8,python -m experiments.rostam.analyze verify --run-directory experiments/rostam/results/core-20260724-r7 --selection-id primary --verdict-sha256 46d8012b3594c18c96ee1a3f1e063ceeaf5642068c6a6aa895e655bcfb257bdd --output-directory experiments/rostam/results/publications/trusted-join-core-shared-overlap-primary --join-evidence experiments/rostam/results/shared-replay-20260720-r2 primary b6cd1aae4cfb2de020a840f941031d4a910d0d47d4c83aee1c09e0f5f6bc98db --join-evidence experiments/rostam/results/overlap-20260724-r1 primary 5b153d0452df5033261d81f01db74211a0cb87015694b25190d8aa69650507fd --baseline-config nccl-2.19.3-default --candidate-config nccl-2.20.5-default --median-threshold-pct 8.0 --median-absolute-threshold-us 1.0
measurement,COMPLETE,false,,overlap-20260724-r1,5d5eb9f4822e14f86023106742efdd48823b20b6a7cb866c3370367aced31d17,primary,e012e40613f57db8dc38d519dd85b85864f99dd3f95724b8cf0f7c62996239d9,5b153d0452df5033261d81f01db74211a0cb87015694b25190d8aa69650507fd,c-overlap-trace-buil-nccl-2.20.5-tree-l-r000003-011d141364152295,011d1413641522953eef3538e817df07d3ccf857c952a6d24660f610e78c17b9,a-000001,8fcacdc12ee7bc6fcf53fe05214fd2f6e6957f190efd9d0d5aaaa0fb9224ac24,nccl-2.20.5-tree-ll,overlap-trace-build,3,61029590.186663,1,commcanary.rostam.physical.capture-measurement.v1,commcanary.rostam.physical.capture-producer.v1,c9e6f7099d1ac6fef92764ef9835baf0b15b6b31f9b44750a4f08e3ebdb3b995,2855275288e67a1a2d0bbefff0740841fdf0ecf0,false,,8c5f30748596f665cca0bde76d4637074ffff3fa077387dd12b993cf98d2cee6,b20d65bdfec5b917b81e58f61e0b0577c112eccba3fc1586e29fb7cc2795b339,0d82f482972e1fb652e20f5f3c5d30f4d9545df879fb89e83de21638e4f6e8e6,commcanary-wheel=954c9fe0ef908a448b5343c91e7d58e8785fc20a7fd029b699ca0e252614304d;environment-lock=d4b8b2dc177cb09cea84a5b5a51c99d4510a3270fe70286d2133382fbc4abd8b;gemm-calibration=cc4952da314e43f9885fd24dd85afa97440b0007edb2b0d6773d96f2b2deeecf;param-patch-contract=182942ecf6ed3c0ea267b1660a19be8601c16768640dd6ef3f112601a0b26f34;rostam-catalog=a4926ec9b012724b926fbc583b865bb083b7ad6526fee9ffc3e95129717195b8,python -m experiments.rostam.analyze verify --run-directory experiments/rostam/results/core-20260724-r7 --selection-id primary --verdict-sha256 46d8012b3594c18c96ee1a3f1e063ceeaf5642068c6a6aa895e655bcfb257bdd --output-directory experiments/rostam/results/publications/trusted-join-core-shared-overlap-primary --join-evidence experiments/rostam/results/shared-replay-20260720-r2 primary b6cd1aae4cfb2de020a840f941031d4a910d0d47d4c83aee1c09e0f5f6bc98db --join-evidence experiments/rostam/results/overlap-20260724-r1 primary 5b153d0452df5033261d81f01db74211a0cb87015694b25190d8aa69650507fd --baseline-config nccl-2.19.3-default --candidate-config nccl-2.20.5-default --median-threshold-pct 8.0 --median-absolute-threshold-us 1.0
measurement,COMPLETE,false,,overlap-20260724-r1,5d5eb9f4822e14f86023106742efdd48823b20b6a7cb866c3370367aced31d17,primary,e012e40613f57db8dc38d519dd85b85864f99dd3f95724b8cf0f7c62996239d9,5b153d0452df5033261d81f01db74211a0cb87015694b25190d8aa69650507fd,c-overlap-trace-buil-nccl-2.20.5-tree-l-r000003-d50025c132a63a08,d50025c132a63a083c7a89b73f01e2a97067b8e5b0e8251cf22e002579d4501c,a-000001,37d1800d3b1de1e27f82e2187fc25fa84ab2766541b14c4812d735587ad2c140,nccl-2.20.5-tree-ll128,overlap-trace-build,3,60161535.900086,1,commcanary.rostam.physical.capture-measurement.v1,commcanary.rostam.physical.capture-producer.v1,dc1e53b53ee82bf2580551719e23bfa4d98fbb56d2415857a13ec16488b9abcc,2855275288e67a1a2d0bbefff0740841fdf0ecf0,false,,8c5f30748596f665cca0bde76d4637074ffff3fa077387dd12b993cf98d2cee6,f1f79cdd23848de0145a97762a1c34925408c8eba3baa7de255b2b23dbcbd064,32b1f5156cc18fb68b03ad5233cce11340434adbe103c4593ebd173adf55bdfb,commcanary-wheel=954c9fe0ef908a448b5343c91e7d58e8785fc20a7fd029b699ca0e252614304d;environment-lock=d4b8b2dc177cb09cea84a5b5a51c99d4510a3270fe70286d2133382fbc4abd8b;gemm-calibration=cc4952da314e43f9885fd24dd85afa97440b0007edb2b0d6773d96f2b2deeecf;param-patch-contract=182942ecf6ed3c0ea267b1660a19be8601c16768640dd6ef3f112601a0b26f34;rostam-catalog=a4926ec9b012724b926fbc583b865bb083b7ad6526fee9ffc3e95129717195b8,python -m experiments.rostam.analyze verify --run-directory experiments/rostam/results/core-20260724-r7 --selection-id primary --verdict-sha256 46d8012b3594c18c96ee1a3f1e063ceeaf5642068c6a6aa895e655bcfb257bdd --output-directory experiments/rostam/results/publications/trusted-join-core-shared-overlap-primary --join-evidence experiments/rostam/results/shared-replay-20260720-r2 primary b6cd1aae4cfb2de020a840f941031d4a910d0d47d4c83aee1c09e0f5f6bc98db --join-evidence experiments/rostam/results/overlap-20260724-r1 primary 5b153d0452df5033261d81f01db74211a0cb87015694b25190d8aa69650507fd --baseline-config nccl-2.19.3-default --candidate-config nccl-2.20.5-default --median-threshold-pct 8.0 --median-absolute-threshold-us 1.0
measurement,COMPLETE,false,,overlap-20260724-r1,5d5eb9f4822e14f86023106742efdd48823b20b6a7cb866c3370367aced31d17,primary,e012e40613f57db8dc38d519dd85b85864f99dd3f95724b8cf0f7c62996239d9,5b153d0452df5033261d81f01db74211a0cb87015694b25190d8aa69650507fd,c-overlap-trace-buil-nccl-2.20.5-tree-l-r000004-1d0ef4bc5ca7e6c7,1d0ef4bc5ca7e6c706ba5292286fa95ed8f4c9cea0e1359a7c38685faaebd1d8,a-000001,bc0b108d38897d84ab080d64b2b099772437f60d6f883e51a02323d333eed17c,nccl-2.20.5-tree-ll,overlap-trace-build,4,61093421.047553,1,commcanary.rostam.physical.capture-measurement.v1,commcanary.rostam.physical.capture-producer.v1,8863f143ece0db94000ab05d36adc7c4832089c89a22832cb48c7ffb943a3167,2855275288e67a1a2d0bbefff0740841fdf0ecf0,false,,8c5f30748596f665cca0bde76d4637074ffff3fa077387dd12b993cf98d2cee6,d3fb7c1fc4d251176778731b51a33706432edf8d4c6736398264013a87c3c4aa,2adb93cdd358cf004eb69262f0afac87e4023f022cf393d88fd10aada28e5d65,commcanary-wheel=954c9fe0ef908a448b5343c91e7d58e8785fc20a7fd029b699ca0e252614304d;environment-lock=d4b8b2dc177cb09cea84a5b5a51c99d4510a3270fe70286d2133382fbc4abd8b;gemm-calibration=cc4952da314e43f9885fd24dd85afa97440b0007edb2b0d6773d96f2b2deeecf;param-patch-contract=182942ecf6ed3c0ea267b1660a19be8601c16768640dd6ef3f112601a0b26f34;rostam-catalog=a4926ec9b012724b926fbc583b865bb083b7ad6526fee9ffc3e95129717195b8,python -m experiments.rostam.analyze verify --run-directory experiments/rostam/results/core-20260724-r7 --selection-id primary --verdict-sha256 46d8012b3594c18c96ee1a3f1e063ceeaf5642068c6a6aa895e655bcfb257bdd --output-directory experiments/rostam/results/publications/trusted-join-core-shared-overlap-primary --join-evidence experiments/rostam/results/shared-replay-20260720-r2 primary b6cd1aae4cfb2de020a840f941031d4a910d0d47d4c83aee1c09e0f5f6bc98db --join-evidence experiments/rostam/results/overlap-20260724-r1 primary 5b153d0452df5033261d81f01db74211a0cb87015694b25190d8aa69650507fd --baseline-config nccl-2.19.3-default --candidate-config nccl-2.20.5-default --median-threshold-pct 8.0 --median-absolute-threshold-us 1.0
measurement,COMPLETE,false,,overlap-20260724-r1,5d5eb9f4822e14f86023106742efdd48823b20b6a7cb866c3370367aced31d17,primary,e012e40613f57db8dc38d519dd85b85864f99dd3f95724b8cf0f7c62996239d9,5b153d0452df5033261d81f01db74211a0cb87015694b25190d8aa69650507fd,c-overlap-trace-buil-nccl-2.20.5-tree-l-r000004-4181469091479e85,4181469091479e8540bee15b2362b40b9598887ad4126a291fac82b58bb6e8c5,a-000001,33b18e1b35a820e37c0b2b08916c7b12548ca60654f2318c6121fabb90d8c421,nccl-2.20.5-tree-ll128,overlap-trace-build,4,60292305.812240,1,commcanary.rostam.physical.capture-measurement.v1,commcanary.rostam.physical.capture-producer.v1,aaf65a8b18c8bc9137fe2f032d08d647a530fa28a1ff3cbe50ad03a5a4dfffba,2855275288e67a1a2d0bbefff0740841fdf0ecf0,false,,8c5f30748596f665cca0bde76d4637074ffff3fa077387dd12b993cf98d2cee6,d7aabd1f77d5879adb981b4d16e5b99ca7b98bbb38b81d6926662c1119a7eb1a,130bf42fe6a9fcebd24d6c17d376e448101742a5f95500c5a488033ce2c08c80,commcanary-wheel=954c9fe0ef908a448b5343c91e7d58e8785fc20a7fd029b699ca0e252614304d;environment-lock=d4b8b2dc177cb09cea84a5b5a51c99d4510a3270fe70286d2133382fbc4abd8b;gemm-calibration=cc4952da314e43f9885fd24dd85afa97440b0007edb2b0d6773d96f2b2deeecf;param-patch-contract=182942ecf6ed3c0ea267b1660a19be8601c16768640dd6ef3f112601a0b26f34;rostam-catalog=a4926ec9b012724b926fbc583b865bb083b7ad6526fee9ffc3e95129717195b8,python -m experiments.rostam.analyze verify --run-directory experiments/rostam/results/core-20260724-r7 --selection-id primary --verdict-sha256 46d8012b3594c18c96ee1a3f1e063ceeaf5642068c6a6aa895e655bcfb257bdd --output-directory experiments/rostam/results/publications/trusted-join-core-shared-overlap-primary --join-evidence experiments/rostam/results/shared-replay-20260720-r2 primary b6cd1aae4cfb2de020a840f941031d4a910d0d47d4c83aee1c09e0f5f6bc98db --join-evidence experiments/rostam/results/overlap-20260724-r1 primary 5b153d0452df5033261d81f01db74211a0cb87015694b25190d8aa69650507fd --baseline-config nccl-2.19.3-default --candidate-config nccl-2.20.5-default --median-threshold-pct 8.0 --median-absolute-threshold-us 1.0
measurement,COMPLETE,false,,overlap-20260724-r1,5d5eb9f4822e14f86023106742efdd48823b20b6a7cb866c3370367aced31d17,primary,e012e40613f57db8dc38d519dd85b85864f99dd3f95724b8cf0f7c62996239d9,5b153d0452df5033261d81f01db74211a0cb87015694b25190d8aa69650507fd,c-overlap-trace-buil-nccl-2.20.5-tree-s-r000000-bdbd33e462ddd908,bdbd33e462ddd908c0551d56380d22fc5aff34745c3cdc16dc514443b158bf2c,a-000001,d58b996cb6363ec0da71fa4a4f973fc9570a97fcff493103822c1328a6ed31ca,nccl-2.20.5-tree-simple,overlap-trace-build,0,60294538.442977,1,commcanary.rostam.physical.capture-measurement.v1,commcanary.rostam.physical.capture-producer.v1,f4df0f494b7a3ed047a8c73a97bfd492a9655cae1bc2ebc6a8d86032b7be3951,2855275288e67a1a2d0bbefff0740841fdf0ecf0,false,,8c5f30748596f665cca0bde76d4637074ffff3fa077387dd12b993cf98d2cee6,19a21ee5b70f3a3c52764c9d932025d11740631b735967c9632d9ab4ea62ae49,60af88125f8a415a5d3378dbd28632014849e2453b754e5b4c6633c876771360,commcanary-wheel=954c9fe0ef908a448b5343c91e7d58e8785fc20a7fd029b699ca0e252614304d;environment-lock=d4b8b2dc177cb09cea84a5b5a51c99d4510a3270fe70286d2133382fbc4abd8b;gemm-calibration=cc4952da314e43f9885fd24dd85afa97440b0007edb2b0d6773d96f2b2deeecf;param-patch-contract=182942ecf6ed3c0ea267b1660a19be8601c16768640dd6ef3f112601a0b26f34;rostam-catalog=a4926ec9b012724b926fbc583b865bb083b7ad6526fee9ffc3e95129717195b8,python -m experiments.rostam.analyze verify --run-directory experiments/rostam/results/core-20260724-r7 --selection-id primary --verdict-sha256 46d8012b3594c18c96ee1a3f1e063ceeaf5642068c6a6aa895e655bcfb257bdd --output-directory experiments/rostam/results/publications/trusted-join-core-shared-overlap-primary --join-evidence experiments/rostam/results/shared-replay-20260720-r2 primary b6cd1aae4cfb2de020a840f941031d4a910d0d47d4c83aee1c09e0f5f6bc98db --join-evidence experiments/rostam/results/overlap-20260724-r1 primary 5b153d0452df5033261d81f01db74211a0cb87015694b25190d8aa69650507fd --baseline-config nccl-2.19.3-default --candidate-config nccl-2.20.5-default --median-threshold-pct 8.0 --median-absolute-threshold-us 1.0
measurement,COMPLETE,false,,overlap-20260724-r1,5d5eb9f4822e14f86023106742efdd48823b20b6a7cb866c3370367aced31d17,primary,e012e40613f57db8dc38d519dd85b85864f99dd3f95724b8cf0f7c62996239d9,5b153d0452df5033261d81f01db74211a0cb87015694b25190d8aa69650507fd,c-overlap-trace-buil-nccl-2.20.5-tree-s-r000001-41b8d461f0ab33e1,41b8d461f0ab33e10ae40e482e3db7459e08ec32fc984a6b644c054be23c52df,a-000001,f4c778c3d4d2194afa89ba0da907fd7d3bed1f645eda840b57bb453f38a60d73,nccl-2.20.5-tree-simple,overlap-trace-build,1,60442416.843958,1,commcanary.rostam.physical.capture-measurement.v1,commcanary.rostam.physical.capture-producer.v1,be97cdad74c7c4246ea27b24c0def878234d723fbaf5460007796d31ec275da3,2855275288e67a1a2d0bbefff0740841fdf0ecf0,false,,8c5f30748596f665cca0bde76d4637074ffff3fa077387dd12b993cf98d2cee6,e406dec61bb5312b30c88a15d7874aee2c3a10f3009c744c08a376209d1922f5,b0cf468033544f01cce5d6841b8db6e8a20a9d2b44df627e24e1b559c2f4ce20,commcanary-wheel=954c9fe0ef908a448b5343c91e7d58e8785fc20a7fd029b699ca0e252614304d;environment-lock=d4b8b2dc177cb09cea84a5b5a51c99d4510a3270fe70286d2133382fbc4abd8b;gemm-calibration=cc4952da314e43f9885fd24dd85afa97440b0007edb2b0d6773d96f2b2deeecf;param-patch-contract=182942ecf6ed3c0ea267b1660a19be8601c16768640dd6ef3f112601a0b26f34;rostam-catalog=a4926ec9b012724b926fbc583b865bb083b7ad6526fee9ffc3e95129717195b8,python -m experiments.rostam.analyze verify --run-directory experiments/rostam/results/core-20260724-r7 --selection-id primary --verdict-sha256 46d8012b3594c18c96ee1a3f1e063ceeaf5642068c6a6aa895e655bcfb257bdd --output-directory experiments/rostam/results/publications/trusted-join-core-shared-overlap-primary --join-evidence experiments/rostam/results/shared-replay-20260720-r2 primary b6cd1aae4cfb2de020a840f941031d4a910d0d47d4c83aee1c09e0f5f6bc98db --join-evidence experiments/rostam/results/overlap-20260724-r1 primary 5b153d0452df5033261d81f01db74211a0cb87015694b25190d8aa69650507fd --baseline-config nccl-2.19.3-default --candidate-config nccl-2.20.5-default --median-threshold-pct 8.0 --median-absolute-threshold-us 1.0
measurement,COMPLETE,false,,overlap-20260724-r1,5d5eb9f4822e14f86023106742efdd48823b20b6a7cb866c3370367aced31d17,primary,e012e40613f57db8dc38d519dd85b85864f99dd3f95724b8cf0f7c62996239d9,5b153d0452df5033261d81f01db74211a0cb87015694b25190d8aa69650507fd,c-overlap-trace-buil-nccl-2.20.5-tree-s-r000002-87c6c1c73c221ac3,87c6c1c73c221ac373bdb16352bc5d8daf3556840dc59358d5a84980faf1cbf7,a-000001,1891c42bc6faedbdac6ed4fbb5ab475abff0e1e6f60e4027f1286a94097c3f96,nccl-2.20.5-tree-simple,overlap-trace-build,2,60393350.044265,1,commcanary.rostam.physical.capture-measurement.v1,commcanary.rostam.physical.capture-producer.v1,eef999931036c5fa224de6e6d2101ee2dc35497e85667f0b8962f7955ee95d26,2855275288e67a1a2d0bbefff0740841fdf0ecf0,false,,8c5f30748596f665cca0bde76d4637074ffff3fa077387dd12b993cf98d2cee6,107f26d1f7113ac7ff1fd38db7646e0a2fb92563c170be45b2e0de282284b259,d6f3c66e2503bfee1f2cd5d953807f78c04363cd61c51a09edfc13f3d58df3dd,commcanary-wheel=954c9fe0ef908a448b5343c91e7d58e8785fc20a7fd029b699ca0e252614304d;environment-lock=d4b8b2dc177cb09cea84a5b5a51c99d4510a3270fe70286d2133382fbc4abd8b;gemm-calibration=cc4952da314e43f9885fd24dd85afa97440b0007edb2b0d6773d96f2b2deeecf;param-patch-contract=182942ecf6ed3c0ea267b1660a19be8601c16768640dd6ef3f112601a0b26f34;rostam-catalog=a4926ec9b012724b926fbc583b865bb083b7ad6526fee9ffc3e95129717195b8,python -m experiments.rostam.analyze verify --run-directory experiments/rostam/results/core-20260724-r7 --selection-id primary --verdict-sha256 46d8012b3594c18c96ee1a3f1e063ceeaf5642068c6a6aa895e655bcfb257bdd --output-directory experiments/rostam/results/publications/trusted-join-core-shared-overlap-primary --join-evidence experiments/rostam/results/shared-replay-20260720-r2 primary b6cd1aae4cfb2de020a840f941031d4a910d0d47d4c83aee1c09e0f5f6bc98db --join-evidence experiments/rostam/results/overlap-20260724-r1 primary 5b153d0452df5033261d81f01db74211a0cb87015694b25190d8aa69650507fd --baseline-config nccl-2.19.3-default --candidate-config nccl-2.20.5-default --median-threshold-pct 8.0 --median-absolute-threshold-us 1.0
measurement,COMPLETE,false,,overlap-20260724-r1,5d5eb9f4822e14f86023106742efdd48823b20b6a7cb866c3370367aced31d17,primary,e012e40613f57db8dc38d519dd85b85864f99dd3f95724b8cf0f7c62996239d9,5b153d0452df5033261d81f01db74211a0cb87015694b25190d8aa69650507fd,c-overlap-trace-buil-nccl-2.20.5-tree-s-r000003-2f63532a4bac1d02,2f63532a4bac1d020d670159452ef7dad75d4e6230899e07a427de0c86e33af0,a-000001,81c404eb53d4f05700196c18801013358846f74b7934b748b11d0c1da66bb1f1,nccl-2.20.5-tree-simple,overlap-trace-build,3,60709080.248140,1,commcanary.rostam.physical.capture-measurement.v1,commcanary.rostam.physical.capture-producer.v1,f83723b5a17535541c6c38a780f8efb678676fd7a471c2c865cb56264c116328,2855275288e67a1a2d0bbefff0740841fdf0ecf0,false,,8c5f30748596f665cca0bde76d4637074ffff3fa077387dd12b993cf98d2cee6,9c979d40bea766996067a36208a56e97c7737d1fc9d265153f7bac7c7323c503,9527f9ecce19f41e4bc04ea94344a227426d40aff40c4419ba23c1b4c0d40e6c,commcanary-wheel=954c9fe0ef908a448b5343c91e7d58e8785fc20a7fd029b699ca0e252614304d;environment-lock=d4b8b2dc177cb09cea84a5b5a51c99d4510a3270fe70286d2133382fbc4abd8b;gemm-calibration=cc4952da314e43f9885fd24dd85afa97440b0007edb2b0d6773d96f2b2deeecf;param-patch-contract=182942ecf6ed3c0ea267b1660a19be8601c16768640dd6ef3f112601a0b26f34;rostam-catalog=a4926ec9b012724b926fbc583b865bb083b7ad6526fee9ffc3e95129717195b8,python -m experiments.rostam.analyze verify --run-directory experiments/rostam/results/core-20260724-r7 --selection-id primary --verdict-sha256 46d8012b3594c18c96ee1a3f1e063ceeaf5642068c6a6aa895e655bcfb257bdd --output-directory experiments/rostam/results/publications/trusted-join-core-shared-overlap-primary --join-evidence experiments/rostam/results/shared-replay-20260720-r2 primary b6cd1aae4cfb2de020a840f941031d4a910d0d47d4c83aee1c09e0f5f6bc98db --join-evidence experiments/rostam/results/overlap-20260724-r1 primary 5b153d0452df5033261d81f01db74211a0cb87015694b25190d8aa69650507fd --baseline-config nccl-2.19.3-default --candidate-config nccl-2.20.5-default --median-threshold-pct 8.0 --median-absolute-threshold-us 1.0
measurement,COMPLETE,false,,overlap-20260724-r1,5d5eb9f4822e14f86023106742efdd48823b20b6a7cb866c3370367aced31d17,primary,e012e40613f57db8dc38d519dd85b85864f99dd3f95724b8cf0f7c62996239d9,5b153d0452df5033261d81f01db74211a0cb87015694b25190d8aa69650507fd,c-overlap-trace-buil-nccl-2.20.5-tree-s-r000004-f4781ac471ab7e51,f4781ac471ab7e514900351cf4f408f5b27c8c7dcffc14390435f3d9c5ac1d48,a-000001,bec4701e37d3998d88fa5ddce2a3d82ee5db77d524380d53c984631916662502,nccl-2.20.5-tree-simple,overlap-trace-build,4,60755756.468512,1,commcanary.rostam.physical.capture-measurement.v1,commcanary.rostam.physical.capture-producer.v1,d10a63a25ff117566c21d0ddbf5088f1f022e06037c39c1e11d59aa4ce15081d,2855275288e67a1a2d0bbefff0740841fdf0ecf0,false,,8c5f30748596f665cca0bde76d4637074ffff3fa077387dd12b993cf98d2cee6,b506d4974059cd65a2689ffd8846802f9e8a029b76d43a3306e747d9fd1c3316,4b787cb37d9c6c4e68f65e18206ae60a4353d4800e7a94cdae0a241caed20a86,commcanary-wheel=954c9fe0ef908a448b5343c91e7d58e8785fc20a7fd029b699ca0e252614304d;environment-lock=d4b8b2dc177cb09cea84a5b5a51c99d4510a3270fe70286d2133382fbc4abd8b;gemm-calibration=cc4952da314e43f9885fd24dd85afa97440b0007edb2b0d6773d96f2b2deeecf;param-patch-contract=182942ecf6ed3c0ea267b1660a19be8601c16768640dd6ef3f112601a0b26f34;rostam-catalog=a4926ec9b012724b926fbc583b865bb083b7ad6526fee9ffc3e95129717195b8,python -m experiments.rostam.analyze verify --run-directory experiments/rostam/results/core-20260724-r7 --selection-id primary --verdict-sha256 46d8012b3594c18c96ee1a3f1e063ceeaf5642068c6a6aa895e655bcfb257bdd --output-directory experiments/rostam/results/publications/trusted-join-core-shared-overlap-primary --join-evidence experiments/rostam/results/shared-replay-20260720-r2 primary b6cd1aae4cfb2de020a840f941031d4a910d0d47d4c83aee1c09e0f5f6bc98db --join-evidence experiments/rostam/results/overlap-20260724-r1 primary 5b153d0452df5033261d81f01db74211a0cb87015694b25190d8aa69650507fd --baseline-config nccl-2.19.3-default --candidate-config nccl-2.20.5-default --median-threshold-pct 8.0 --median-absolute-threshold-us 1.0
measurement,COMPLETE,false,,shared-replay-20260720-r2,a402a4ec73ea3a182ab6bd5ec92e896600b16510dc4c1621c6defe9382ee149c,primary,a1e876861f7f9a315cb00a11a67414e6125078a68306c0b07a4a5d9f14b98d64,b6cd1aae4cfb2de020a840f941031d4a910d0d47d4c83aee1c09e0f5f6bc98db,c-shared-overlap-nccl-2.19.3-defaul-r000000-42c4fd5dc8399155,42c4fd5dc839915548db9c351d3f22fcaafb9bef6ae97c42a62257869f1b540c,a-000001,9fa3c8c8be0d586dabe9531e036bcb8632b1de032fe46d3746dd7bada878c0fa,nccl-2.19.3-default,shared-overlap,0,145.408000,8192,commcanary.rostam.physical.overlap-measurement.v1,commcanary.rostam.physical.overlap-producer.v1,8b5dd85d917e38b9d296579c7a98754b564e87e2b14536b29bc2adba875dd9dc,2855275288e67a1a2d0bbefff0740841fdf0ecf0,false,,8c5f30748596f665cca0bde76d4637074ffff3fa077387dd12b993cf98d2cee6,b8b98e8152cec37aeb7d8e5b8ed7aeb02809027a86327166b2df410c6ff04e25,e9855dd30f9981f084bac5220c4b8c51b05e5821e42ce210252e1b6588e88020,commcanary-wheel=954c9fe0ef908a448b5343c91e7d58e8785fc20a7fd029b699ca0e252614304d;environment-lock=d4b8b2dc177cb09cea84a5b5a51c99d4510a3270fe70286d2133382fbc4abd8b;param-patch-contract=182942ecf6ed3c0ea267b1660a19be8601c16768640dd6ef3f112601a0b26f34;rostam-catalog=a4926ec9b012724b926fbc583b865bb083b7ad6526fee9ffc3e95129717195b8;shared-param-trace=3fd42fd79a1520df1f47125a1555699998a4cb76b7f0b40263ff01b2d05329bc,python -m experiments.rostam.analyze verify --run-directory experiments/rostam/results/core-20260724-r7 --selection-id primary --verdict-sha256 46d8012b3594c18c96ee1a3f1e063ceeaf5642068c6a6aa895e655bcfb257bdd --output-directory experiments/rostam/results/publications/trusted-join-core-shared-overlap-primary --join-evidence experiments/rostam/results/shared-replay-20260720-r2 primary b6cd1aae4cfb2de020a840f941031d4a910d0d47d4c83aee1c09e0f5f6bc98db --join-evidence experiments/rostam/results/overlap-20260724-r1 primary 5b153d0452df5033261d81f01db74211a0cb87015694b25190d8aa69650507fd --baseline-config nccl-2.19.3-default --candidate-config nccl-2.20.5-default --median-threshold-pct 8.0 --median-absolute-threshold-us 1.0
measurement,COMPLETE,false,,shared-replay-20260720-r2,a402a4ec73ea3a182ab6bd5ec92e896600b16510dc4c1621c6defe9382ee149c,primary,a1e876861f7f9a315cb00a11a67414e6125078a68306c0b07a4a5d9f14b98d64,b6cd1aae4cfb2de020a840f941031d4a910d0d47d4c83aee1c09e0f5f6bc98db,c-shared-overlap-nccl-2.19.3-defaul-r000001-ec0a9d0317449c37,ec0a9d0317449c370beca6790c2e1eba9d86150fe37a04566358f65e9d4475d8,a-000001,b07e51a54f49e803ad8de40d476bcc5d5fac96f5268b6167c910ebb4deac37e0,nccl-2.19.3-default,shared-overlap,1,145.408000,8192,commcanary.rostam.physical.overlap-measurement.v1,commcanary.rostam.physical.overlap-producer.v1,dc30fc260c6441aee32a4a831f7aee900d6dae13a971b462faafdca694128c37,2855275288e67a1a2d0bbefff0740841fdf0ecf0,false,,8c5f30748596f665cca0bde76d4637074ffff3fa077387dd12b993cf98d2cee6,ca01e5bae54b7074529754a658e1f5fa591e900b894d2b942b0ba679beae7e39,d9040cac6f74e9cf4d937e9cc1b0408ca56fdf61139a76180045a2c2b7d81136,commcanary-wheel=954c9fe0ef908a448b5343c91e7d58e8785fc20a7fd029b699ca0e252614304d;environment-lock=d4b8b2dc177cb09cea84a5b5a51c99d4510a3270fe70286d2133382fbc4abd8b;param-patch-contract=182942ecf6ed3c0ea267b1660a19be8601c16768640dd6ef3f112601a0b26f34;rostam-catalog=a4926ec9b012724b926fbc583b865bb083b7ad6526fee9ffc3e95129717195b8;shared-param-trace=3fd42fd79a1520df1f47125a1555699998a4cb76b7f0b40263ff01b2d05329bc,python -m experiments.rostam.analyze verify --run-directory experiments/rostam/results/core-20260724-r7 --selection-id primary --verdict-sha256 46d8012b3594c18c96ee1a3f1e063ceeaf5642068c6a6aa895e655bcfb257bdd --output-directory experiments/rostam/results/publications/trusted-join-core-shared-overlap-primary --join-evidence experiments/rostam/results/shared-replay-20260720-r2 primary b6cd1aae4cfb2de020a840f941031d4a910d0d47d4c83aee1c09e0f5f6bc98db --join-evidence experiments/rostam/results/overlap-20260724-r1 primary 5b153d0452df5033261d81f01db74211a0cb87015694b25190d8aa69650507fd --baseline-config nccl-2.19.3-default --candidate-config nccl-2.20.5-default --median-threshold-pct 8.0 --median-absolute-threshold-us 1.0
measurement,COMPLETE,false,,shared-replay-20260720-r2,a402a4ec73ea3a182ab6bd5ec92e896600b16510dc4c1621c6defe9382ee149c,primary,a1e876861f7f9a315cb00a11a67414e6125078a68306c0b07a4a5d9f14b98d64,b6cd1aae4cfb2de020a840f941031d4a910d0d47d4c83aee1c09e0f5f6bc98db,c-shared-overlap-nccl-2.19.3-defaul-r000002-532e099a04649fdb,532e099a04649fdb12a5d8eccef032105107da063803afc3b551f359ade2b94a,a-000001,d9eae2a449a791e466a9b6d2d7d9c2007aecf5a56f466e91b60eaf3901eb9cef,nccl-2.19.3-default,shared-overlap,2,146.432000,8192,commcanary.rostam.physical.overlap-measurement.v1,commcanary.rostam.physical.overlap-producer.v1,09e3a67494584f37c6a7f9c02e46ba9f08165eb10fe7f9b9741f9b4a6abce9d6,2855275288e67a1a2d0bbefff0740841fdf0ecf0,false,,8c5f30748596f665cca0bde76d4637074ffff3fa077387dd12b993cf98d2cee6,a8ed6d8a98d17c0a2658afaa4275d09e9a8905024ac0386bbd86fe46c6bb0691,b0308a30b16bd43e104fc6c1d188074c0668d76683defacde0b2709032ac8fb3,commcanary-wheel=954c9fe0ef908a448b5343c91e7d58e8785fc20a7fd029b699ca0e252614304d;environment-lock=d4b8b2dc177cb09cea84a5b5a51c99d4510a3270fe70286d2133382fbc4abd8b;param-patch-contract=182942ecf6ed3c0ea267b1660a19be8601c16768640dd6ef3f112601a0b26f34;rostam-catalog=a4926ec9b012724b926fbc583b865bb083b7ad6526fee9ffc3e95129717195b8;shared-param-trace=3fd42fd79a1520df1f47125a1555699998a4cb76b7f0b40263ff01b2d05329bc,python -m experiments.rostam.analyze verify --run-directory experiments/rostam/results/core-20260724-r7 --selection-id primary --verdict-sha256 46d8012b3594c18c96ee1a3f1e063ceeaf5642068c6a6aa895e655bcfb257bdd --output-directory experiments/rostam/results/publications/trusted-join-core-shared-overlap-primary --join-evidence experiments/rostam/results/shared-replay-20260720-r2 primary b6cd1aae4cfb2de020a840f941031d4a910d0d47d4c83aee1c09e0f5f6bc98db --join-evidence experiments/rostam/results/overlap-20260724-r1 primary 5b153d0452df5033261d81f01db74211a0cb87015694b25190d8aa69650507fd --baseline-config nccl-2.19.3-default --candidate-config nccl-2.20.5-default --median-threshold-pct 8.0 --median-absolute-threshold-us 1.0
measurement,COMPLETE,false,,shared-replay-20260720-r2,a402a4ec73ea3a182ab6bd5ec92e896600b16510dc4c1621c6defe9382ee149c,primary,a1e876861f7f9a315cb00a11a67414e6125078a68306c0b07a4a5d9f14b98d64,b6cd1aae4cfb2de020a840f941031d4a910d0d47d4c83aee1c09e0f5f6bc98db,c-shared-overlap-nccl-2.19.3-defaul-r000003-80d86b1ffee4520c,80d86b1ffee4520c547f2a4a8c833133ba1ee8fda3f27c8602846eba6d583919,a-000001,1d2ff34277abd115ada3a690758f4ea9b9005cfede87f3e55e1dbe6464540173,nccl-2.19.3-default,shared-overlap,3,146.432000,8192,commcanary.rostam.physical.overlap-measurement.v1,commcanary.rostam.physical.overlap-producer.v1,7311f86440ec6ab106f600b42a96a565b4aeba803d4e531697c567e3698dda31,2855275288e67a1a2d0bbefff0740841fdf0ecf0,false,,8c5f30748596f665cca0bde76d4637074ffff3fa077387dd12b993cf98d2cee6,299917fe8ae550aa88d4921c3b3b09cad63bfe6dfa8ab2dec124f149071221b1,2ee75cb190e86230da19d0873b8ba7d17486cd87e41e3bcbc1ee582aa6b25d72,commcanary-wheel=954c9fe0ef908a448b5343c91e7d58e8785fc20a7fd029b699ca0e252614304d;environment-lock=d4b8b2dc177cb09cea84a5b5a51c99d4510a3270fe70286d2133382fbc4abd8b;param-patch-contract=182942ecf6ed3c0ea267b1660a19be8601c16768640dd6ef3f112601a0b26f34;rostam-catalog=a4926ec9b012724b926fbc583b865bb083b7ad6526fee9ffc3e95129717195b8;shared-param-trace=3fd42fd79a1520df1f47125a1555699998a4cb76b7f0b40263ff01b2d05329bc,python -m experiments.rostam.analyze verify --run-directory experiments/rostam/results/core-20260724-r7 --selection-id primary --verdict-sha256 46d8012b3594c18c96ee1a3f1e063ceeaf5642068c6a6aa895e655bcfb257bdd --output-directory experiments/rostam/results/publications/trusted-join-core-shared-overlap-primary --join-evidence experiments/rostam/results/shared-replay-20260720-r2 primary b6cd1aae4cfb2de020a840f941031d4a910d0d47d4c83aee1c09e0f5f6bc98db --join-evidence experiments/rostam/results/overlap-20260724-r1 primary 5b153d0452df5033261d81f01db74211a0cb87015694b25190d8aa69650507fd --baseline-config nccl-2.19.3-default --candidate-config nccl-2.20.5-default --median-threshold-pct 8.0 --median-absolute-threshold-us 1.0
measurement,COMPLETE,false,,shared-replay-20260720-r2,a402a4ec73ea3a182ab6bd5ec92e896600b16510dc4c1621c6defe9382ee149c,primary,a1e876861f7f9a315cb00a11a67414e6125078a68306c0b07a4a5d9f14b98d64,b6cd1aae4cfb2de020a840f941031d4a910d0d47d4c83aee1c09e0f5f6bc98db,c-shared-overlap-nccl-2.19.3-defaul-r000004-e0f7cb5304795a1c,e0f7cb5304795a1c5b8107bf513cd26e36c25bc71d71aa011d64d18f03377747,a-000001,d2da300309b0670ef9239402448a0cefbc810fa25bbc0c5f2db1442c7b75c001,nccl-2.19.3-default,shared-overlap,4,145.408000,8192,commcanary.rostam.physical.overlap-measurement.v1,commcanary.rostam.physical.overlap-producer.v1,62492c07b94ad5dac3cde9a6de53ef11d0c88dcefa4720436a0f509a08e83304,2855275288e67a1a2d0bbefff0740841fdf0ecf0,false,,8c5f30748596f665cca0bde76d4637074ffff3fa077387dd12b993cf98d2cee6,27e75550d84c21211187bdaecd66a7ad9022273e98a6d6f37b6ae377727aaffe,8e9ee32c8c4f22da1e78a1df4ec398386c351d8bc90ca8646f79b3beb1d94cd7,commcanary-wheel=954c9fe0ef908a448b5343c91e7d58e8785fc20a7fd029b699ca0e252614304d;environment-lock=d4b8b2dc177cb09cea84a5b5a51c99d4510a3270fe70286d2133382fbc4abd8b;param-patch-contract=182942ecf6ed3c0ea267b1660a19be8601c16768640dd6ef3f112601a0b26f34;rostam-catalog=a4926ec9b012724b926fbc583b865bb083b7ad6526fee9ffc3e95129717195b8;shared-param-trace=3fd42fd79a1520df1f47125a1555699998a4cb76b7f0b40263ff01b2d05329bc,python -m experiments.rostam.analyze verify --run-directory experiments/rostam/results/core-20260724-r7 --selection-id primary --verdict-sha256 46d8012b3594c18c96ee1a3f1e063ceeaf5642068c6a6aa895e655bcfb257bdd --output-directory experiments/rostam/results/publications/trusted-join-core-shared-overlap-primary --join-evidence experiments/rostam/results/shared-replay-20260720-r2 primary b6cd1aae4cfb2de020a840f941031d4a910d0d47d4c83aee1c09e0f5f6bc98db --join-evidence experiments/rostam/results/overlap-20260724-r1 primary 5b153d0452df5033261d81f01db74211a0cb87015694b25190d8aa69650507fd --baseline-config nccl-2.19.3-default --candidate-config nccl-2.20.5-default --median-threshold-pct 8.0 --median-absolute-threshold-us 1.0
measurement,COMPLETE,false,,shared-replay-20260720-r2,a402a4ec73ea3a182ab6bd5ec92e896600b16510dc4c1621c6defe9382ee149c,primary,a1e876861f7f9a315cb00a11a67414e6125078a68306c0b07a4a5d9f14b98d64,b6cd1aae4cfb2de020a840f941031d4a910d0d47d4c83aee1c09e0f5f6bc98db,c-shared-overlap-nccl-2.20.5-defaul-r000000-5d5e01ebc348c344,5d5e01ebc348c3447b1f7f2bc13686f216567f62bac0b4c7280590c58a577152,a-000001,d87b2e1fa8be3bf5604ef0d9640c6cf372cec88054edf56913a914ce29d68c1f,nccl-2.20.5-default,shared-overlap,0,146.432000,8192,commcanary.rostam.physical.overlap-measurement.v1,commcanary.rostam.physical.overlap-producer.v1,182def6229190200113263ad5070e618c8bd1a52a25fc570a85aec36267dee17,2855275288e67a1a2d0bbefff0740841fdf0ecf0,false,,8c5f30748596f665cca0bde76d4637074ffff3fa077387dd12b993cf98d2cee6,dea81e34739af5ee01492ddbd97fa72be3d5ac518d5c8854fd00d5aaf66c6934,1f33dfa33a0dec0142f261b709d5dd1a3b61f4a312ff9ebae8d1f8d91a17a00c,commcanary-wheel=954c9fe0ef908a448b5343c91e7d58e8785fc20a7fd029b699ca0e252614304d;environment-lock=d4b8b2dc177cb09cea84a5b5a51c99d4510a3270fe70286d2133382fbc4abd8b;param-patch-contract=182942ecf6ed3c0ea267b1660a19be8601c16768640dd6ef3f112601a0b26f34;rostam-catalog=a4926ec9b012724b926fbc583b865bb083b7ad6526fee9ffc3e95129717195b8;shared-param-trace=3fd42fd79a1520df1f47125a1555699998a4cb76b7f0b40263ff01b2d05329bc,python -m experiments.rostam.analyze verify --run-directory experiments/rostam/results/core-20260724-r7 --selection-id primary --verdict-sha256 46d8012b3594c18c96ee1a3f1e063ceeaf5642068c6a6aa895e655bcfb257bdd --output-directory experiments/rostam/results/publications/trusted-join-core-shared-overlap-primary --join-evidence experiments/rostam/results/shared-replay-20260720-r2 primary b6cd1aae4cfb2de020a840f941031d4a910d0d47d4c83aee1c09e0f5f6bc98db --join-evidence experiments/rostam/results/overlap-20260724-r1 primary 5b153d0452df5033261d81f01db74211a0cb87015694b25190d8aa69650507fd --baseline-config nccl-2.19.3-default --candidate-config nccl-2.20.5-default --median-threshold-pct 8.0 --median-absolute-threshold-us 1.0
measurement,COMPLETE,false,,shared-replay-20260720-r2,a402a4ec73ea3a182ab6bd5ec92e896600b16510dc4c1621c6defe9382ee149c,primary,a1e876861f7f9a315cb00a11a67414e6125078a68306c0b07a4a5d9f14b98d64,b6cd1aae4cfb2de020a840f941031d4a910d0d47d4c83aee1c09e0f5f6bc98db,c-shared-overlap-nccl-2.20.5-defaul-r000001-ccb4f09f1afdf6fd,ccb4f09f1afdf6fd55661d1a5d2a61ae1ddb111acec631e985d7559cfe4e587e,a-000001,509c1d422670d50bde4a490fee78e63f98099d791dfb394bd34fd598419dde93,nccl-2.20.5-default,shared-overlap,1,145.408000,8192,commcanary.rostam.physical.overlap-measurement.v1,commcanary.rostam.physical.overlap-producer.v1,8dd4f55eac2784c4b2906129071e3f8f437737c81df02e8c64e2251156f56b04,2855275288e67a1a2d0bbefff0740841fdf0ecf0,false,,8c5f30748596f665cca0bde76d4637074ffff3fa077387dd12b993cf98d2cee6,ebb3e653e698c7b43212008756575f20672955eb3c948acfd4230f2513d5be43,ef6509cfe7fce6a4cd0b8c57cf321c7f71c2bff47ec6e48f40a99b2bb3fdecfb,commcanary-wheel=954c9fe0ef908a448b5343c91e7d58e8785fc20a7fd029b699ca0e252614304d;environment-lock=d4b8b2dc177cb09cea84a5b5a51c99d4510a3270fe70286d2133382fbc4abd8b;param-patch-contract=182942ecf6ed3c0ea267b1660a19be8601c16768640dd6ef3f112601a0b26f34;rostam-catalog=a4926ec9b012724b926fbc583b865bb083b7ad6526fee9ffc3e95129717195b8;shared-param-trace=3fd42fd79a1520df1f47125a1555699998a4cb76b7f0b40263ff01b2d05329bc,python -m experiments.rostam.analyze verify --run-directory experiments/rostam/results/core-20260724-r7 --selection-id primary --verdict-sha256 46d8012b3594c18c96ee1a3f1e063ceeaf5642068c6a6aa895e655bcfb257bdd --output-directory experiments/rostam/results/publications/trusted-join-core-shared-overlap-primary --join-evidence experiments/rostam/results/shared-replay-20260720-r2 primary b6cd1aae4cfb2de020a840f941031d4a910d0d47d4c83aee1c09e0f5f6bc98db --join-evidence experiments/rostam/results/overlap-20260724-r1 primary 5b153d0452df5033261d81f01db74211a0cb87015694b25190d8aa69650507fd --baseline-config nccl-2.19.3-default --candidate-config nccl-2.20.5-default --median-threshold-pct 8.0 --median-absolute-threshold-us 1.0
measurement,COMPLETE,false,,shared-replay-20260720-r2,a402a4ec73ea3a182ab6bd5ec92e896600b16510dc4c1621c6defe9382ee149c,primary,a1e876861f7f9a315cb00a11a67414e6125078a68306c0b07a4a5d9f14b98d64,b6cd1aae4cfb2de020a840f941031d4a910d0d47d4c83aee1c09e0f5f6bc98db,c-shared-overlap-nccl-2.20.5-defaul-r000002-9b5b645247c1e801,9b5b645247c1e8015e08a7153c347f18620230c98866369d4875e2c717872469,a-000001,2d06872f52443f91796e4ba6d7dee6bb39ded54ca527e2d2e4c534fdf92333bc,nccl-2.20.5-default,shared-overlap,2,146.432000,8192,commcanary.rostam.physical.overlap-measurement.v1,commcanary.rostam.physical.overlap-producer.v1,b225b31ebe22f64a8407cb1fea6f31f07326297d40de7747676a32149698182f,2855275288e67a1a2d0bbefff0740841fdf0ecf0,false,,8c5f30748596f665cca0bde76d4637074ffff3fa077387dd12b993cf98d2cee6,b144110d98c19830284612192ecb30828f016302077c55aa2df75dce1b68a3a5,843086cc103fdd2e0d0da13c9838192b6b55a6d75d2f23bf1075f9a4e476eebb,commcanary-wheel=954c9fe0ef908a448b5343c91e7d58e8785fc20a7fd029b699ca0e252614304d;environment-lock=d4b8b2dc177cb09cea84a5b5a51c99d4510a3270fe70286d2133382fbc4abd8b;param-patch-contract=182942ecf6ed3c0ea267b1660a19be8601c16768640dd6ef3f112601a0b26f34;rostam-catalog=a4926ec9b012724b926fbc583b865bb083b7ad6526fee9ffc3e95129717195b8;shared-param-trace=3fd42fd79a1520df1f47125a1555699998a4cb76b7f0b40263ff01b2d05329bc,python -m experiments.rostam.analyze verify --run-directory experiments/rostam/results/core-20260724-r7 --selection-id primary --verdict-sha256 46d8012b3594c18c96ee1a3f1e063ceeaf5642068c6a6aa895e655bcfb257bdd --output-directory experiments/rostam/results/publications/trusted-join-core-shared-overlap-primary --join-evidence experiments/rostam/results/shared-replay-20260720-r2 primary b6cd1aae4cfb2de020a840f941031d4a910d0d47d4c83aee1c09e0f5f6bc98db --join-evidence experiments/rostam/results/overlap-20260724-r1 primary 5b153d0452df5033261d81f01db74211a0cb87015694b25190d8aa69650507fd --baseline-config nccl-2.19.3-default --candidate-config nccl-2.20.5-default --median-threshold-pct 8.0 --median-absolute-threshold-us 1.0
measurement,COMPLETE,false,,shared-replay-20260720-r2,a402a4ec73ea3a182ab6bd5ec92e896600b16510dc4c1621c6defe9382ee149c,primary,a1e876861f7f9a315cb00a11a67414e6125078a68306c0b07a4a5d9f14b98d64,b6cd1aae4cfb2de020a840f941031d4a910d0d47d4c83aee1c09e0f5f6bc98db,c-shared-overlap-nccl-2.20.5-defaul-r000003-259c49e7dec26faa,259c49e7dec26faa9f77836c1985efc1935852f7244b9d3d442d48fcfc44ce26,a-000001,80624743b06a7159951213ef32b58fe3a8c845a97a06964a600b188e37b68414,nccl-2.20.5-default,shared-overlap,3,146.432000,8192,commcanary.rostam.physical.overlap-measurement.v1,commcanary.rostam.physical.overlap-producer.v1,f0a13e49ed78a595001e7b61bf5ca18a4dc1440de47df47c04cc303491cb695d,2855275288e67a1a2d0bbefff0740841fdf0ecf0,false,,8c5f30748596f665cca0bde76d4637074ffff3fa077387dd12b993cf98d2cee6,ad1d8d505fcb412dbdf584a498b012f1f9365908c94e1a5af6653d6bf8061c49,c0a91ee372ff448cbf3cad329f204bec4b1eee93402bd6e17e5f40a60b52ae69,commcanary-wheel=954c9fe0ef908a448b5343c91e7d58e8785fc20a7fd029b699ca0e252614304d;environment-lock=d4b8b2dc177cb09cea84a5b5a51c99d4510a3270fe70286d2133382fbc4abd8b;param-patch-contract=182942ecf6ed3c0ea267b1660a19be8601c16768640dd6ef3f112601a0b26f34;rostam-catalog=a4926ec9b012724b926fbc583b865bb083b7ad6526fee9ffc3e95129717195b8;shared-param-trace=3fd42fd79a1520df1f47125a1555699998a4cb76b7f0b40263ff01b2d05329bc,python -m experiments.rostam.analyze verify --run-directory experiments/rostam/results/core-20260724-r7 --selection-id primary --verdict-sha256 46d8012b3594c18c96ee1a3f1e063ceeaf5642068c6a6aa895e655bcfb257bdd --output-directory experiments/rostam/results/publications/trusted-join-core-shared-overlap-primary --join-evidence experiments/rostam/results/shared-replay-20260720-r2 primary b6cd1aae4cfb2de020a840f941031d4a910d0d47d4c83aee1c09e0f5f6bc98db --join-evidence experiments/rostam/results/overlap-20260724-r1 primary 5b153d0452df5033261d81f01db74211a0cb87015694b25190d8aa69650507fd --baseline-config nccl-2.19.3-default --candidate-config nccl-2.20.5-default --median-threshold-pct 8.0 --median-absolute-threshold-us 1.0
measurement,COMPLETE,false,,shared-replay-20260720-r2,a402a4ec73ea3a182ab6bd5ec92e896600b16510dc4c1621c6defe9382ee149c,primary,a1e876861f7f9a315cb00a11a67414e6125078a68306c0b07a4a5d9f14b98d64,b6cd1aae4cfb2de020a840f941031d4a910d0d47d4c83aee1c09e0f5f6bc98db,c-shared-overlap-nccl-2.20.5-defaul-r000004-6eb5c721f2b4f791,6eb5c721f2b4f79172c57fa6f96ff799a8c7d65e7633958fe8ce2e4843e82bc2,a-000001,f37b304b7db18734454133e7db0529c7affe1dde7dc5adbcfc059106be058c09,nccl-2.20.5-default,shared-overlap,4,145.408000,8192,commcanary.rostam.physical.overlap-measurement.v1,commcanary.rostam.physical.overlap-producer.v1,fb7299aa152dbbf1935115e9a1ba2ee25cf641b31f28b4a61d75d915a0ad4247,2855275288e67a1a2d0bbefff0740841fdf0ecf0,false,,8c5f30748596f665cca0bde76d4637074ffff3fa077387dd12b993cf98d2cee6,f4770435adf856b00c2331830eb4efe74efd320884e30c7425d9dde37a8ce9ec,3c795175682d942840231d6bddb80f57a2d7bb943a386b4e67dfe6801039e6e2,commcanary-wheel=954c9fe0ef908a448b5343c91e7d58e8785fc20a7fd029b699ca0e252614304d;environment-lock=d4b8b2dc177cb09cea84a5b5a51c99d4510a3270fe70286d2133382fbc4abd8b;param-patch-contract=182942ecf6ed3c0ea267b1660a19be8601c16768640dd6ef3f112601a0b26f34;rostam-catalog=a4926ec9b012724b926fbc583b865bb083b7ad6526fee9ffc3e95129717195b8;shared-param-trace=3fd42fd79a1520df1f47125a1555699998a4cb76b7f0b40263ff01b2d05329bc,python -m experiments.rostam.analyze verify --run-directory experiments/rostam/results/core-20260724-r7 --selection-id primary --verdict-sha256 46d8012b3594c18c96ee1a3f1e063ceeaf5642068c6a6aa895e655bcfb257bdd --output-directory experiments/rostam/results/publications/trusted-join-core-shared-overlap-primary --join-evidence experiments/rostam/results/shared-replay-20260720-r2 primary b6cd1aae4cfb2de020a840f941031d4a910d0d47d4c83aee1c09e0f5f6bc98db --join-evidence experiments/rostam/results/overlap-20260724-r1 primary 5b153d0452df5033261d81f01db74211a0cb87015694b25190d8aa69650507fd --baseline-config nccl-2.19.3-default --candidate-config nccl-2.20.5-default --median-threshold-pct 8.0 --median-absolute-threshold-us 1.0
measurement,COMPLETE,false,,shared-replay-20260720-r2,a402a4ec73ea3a182ab6bd5ec92e896600b16510dc4c1621c6defe9382ee149c,primary,a1e876861f7f9a315cb00a11a67414e6125078a68306c0b07a4a5d9f14b98d64,b6cd1aae4cfb2de020a840f941031d4a910d0d47d4c83aee1c09e0f5f6bc98db,c-shared-overlap-nccl-2.20.5-ring-l-r000000-8b533675e3bed4dd,8b533675e3bed4dd8f67f0c5e06e8d1cae0454c095e3364130dcde9f162dc1c5,a-000001,0ef5fa36af9d66c743319e37b27af0cbddfee55981003f0d345939f76ab690a3,nccl-2.20.5-ring-ll128,shared-overlap,0,147.456000,8192,commcanary.rostam.physical.overlap-measurement.v1,commcanary.rostam.physical.overlap-producer.v1,94bfbf02ae78610ecb06d541e9130ebf5c7420cc0b63be37003fa16298298be2,2855275288e67a1a2d0bbefff0740841fdf0ecf0,false,,8c5f30748596f665cca0bde76d4637074ffff3fa077387dd12b993cf98d2cee6,dd2a0a74166d7acbedece71fea237ec37e38f5199a0db3a021f2ad106a7aab88,afe295f02c23c1f8466ff0a6ac7ad1da734d31c1eadd68db73ca60e1d0d70067,commcanary-wheel=954c9fe0ef908a448b5343c91e7d58e8785fc20a7fd029b699ca0e252614304d;environment-lock=d4b8b2dc177cb09cea84a5b5a51c99d4510a3270fe70286d2133382fbc4abd8b;param-patch-contract=182942ecf6ed3c0ea267b1660a19be8601c16768640dd6ef3f112601a0b26f34;rostam-catalog=a4926ec9b012724b926fbc583b865bb083b7ad6526fee9ffc3e95129717195b8;shared-param-trace=3fd42fd79a1520df1f47125a1555699998a4cb76b7f0b40263ff01b2d05329bc,python -m experiments.rostam.analyze verify --run-directory experiments/rostam/results/core-20260724-r7 --selection-id primary --verdict-sha256 46d8012b3594c18c96ee1a3f1e063ceeaf5642068c6a6aa895e655bcfb257bdd --output-directory experiments/rostam/results/publications/trusted-join-core-shared-overlap-primary --join-evidence experiments/rostam/results/shared-replay-20260720-r2 primary b6cd1aae4cfb2de020a840f941031d4a910d0d47d4c83aee1c09e0f5f6bc98db --join-evidence experiments/rostam/results/overlap-20260724-r1 primary 5b153d0452df5033261d81f01db74211a0cb87015694b25190d8aa69650507fd --baseline-config nccl-2.19.3-default --candidate-config nccl-2.20.5-default --median-threshold-pct 8.0 --median-absolute-threshold-us 1.0
measurement,COMPLETE,false,,shared-replay-20260720-r2,a402a4ec73ea3a182ab6bd5ec92e896600b16510dc4c1621c6defe9382ee149c,primary,a1e876861f7f9a315cb00a11a67414e6125078a68306c0b07a4a5d9f14b98d64,b6cd1aae4cfb2de020a840f941031d4a910d0d47d4c83aee1c09e0f5f6bc98db,c-shared-overlap-nccl-2.20.5-ring-l-r000000-d9bdab399d443def,d9bdab399d443def628bb138f486e731c8673bab23e2261947e818123edf0ba8,a-000001,b7d1991bd7df6efe199fafc4e4bddd3ebdf026d886a38ee29767cb50b64d821f,nccl-2.20.5-ring-ll,shared-overlap,0,149.504000,8192,commcanary.rostam.physical.overlap-measurement.v1,commcanary.rostam.physical.overlap-producer.v1,8390a6d2aa0a29a8c481a8d8b744e6c2821d9cdbb06e384ac064ee7ad68978be,2855275288e67a1a2d0bbefff0740841fdf0ecf0,false,,8c5f30748596f665cca0bde76d4637074ffff3fa077387dd12b993cf98d2cee6,74f0b285bcd3ba000d62b65fc124a1944b5fd4a59b7170021c510e08bd7caf9c,0ffc44b5cea1e6bd4b758a4f8cc7faa6f85dc93ffff059d094e79d688764a377,commcanary-wheel=954c9fe0ef908a448b5343c91e7d58e8785fc20a7fd029b699ca0e252614304d;environment-lock=d4b8b2dc177cb09cea84a5b5a51c99d4510a3270fe70286d2133382fbc4abd8b;param-patch-contract=182942ecf6ed3c0ea267b1660a19be8601c16768640dd6ef3f112601a0b26f34;rostam-catalog=a4926ec9b012724b926fbc583b865bb083b7ad6526fee9ffc3e95129717195b8;shared-param-trace=3fd42fd79a1520df1f47125a1555699998a4cb76b7f0b40263ff01b2d05329bc,python -m experiments.rostam.analyze verify --run-directory experiments/rostam/results/core-20260724-r7 --selection-id primary --verdict-sha256 46d8012b3594c18c96ee1a3f1e063ceeaf5642068c6a6aa895e655bcfb257bdd --output-directory experiments/rostam/results/publications/trusted-join-core-shared-overlap-primary --join-evidence experiments/rostam/results/shared-replay-20260720-r2 primary b6cd1aae4cfb2de020a840f941031d4a910d0d47d4c83aee1c09e0f5f6bc98db --join-evidence experiments/rostam/results/overlap-20260724-r1 primary 5b153d0452df5033261d81f01db74211a0cb87015694b25190d8aa69650507fd --baseline-config nccl-2.19.3-default --candidate-config nccl-2.20.5-default --median-threshold-pct 8.0 --median-absolute-threshold-us 1.0
measurement,COMPLETE,false,,shared-replay-20260720-r2,a402a4ec73ea3a182ab6bd5ec92e896600b16510dc4c1621c6defe9382ee149c,primary,a1e876861f7f9a315cb00a11a67414e6125078a68306c0b07a4a5d9f14b98d64,b6cd1aae4cfb2de020a840f941031d4a910d0d47d4c83aee1c09e0f5f6bc98db,c-shared-overlap-nccl-2.20.5-ring-l-r000001-aa1bab7f5c353738,aa1bab7f5c35373802b6d0f89218ec0fdcb2f6349dcfbaa929cd78cede855814,a-000001,7aedddfad5b2701c51b8452de00cbf3eae4f66acdac842eb92e097f3b45bab7f,nccl-2.20.5-ring-ll128,shared-overlap,1,147.456000,8192,commcanary.rostam.physical.overlap-measurement.v1,commcanary.rostam.physical.overlap-producer.v1,be28a46f1bd10d08271d41e3ba4cbb303db7ad2f448213a61035c67e60df86d7,2855275288e67a1a2d0bbefff0740841fdf0ecf0,false,,8c5f30748596f665cca0bde76d4637074ffff3fa077387dd12b993cf98d2cee6,39b4cf65c1e94a7c9fe7599d4025e718555a5b35270b46a38f43c519c319daa4,c40b23fd5df07bc4b59ff532d8471d022d41425d3df5cfe860f54150263ed724,commcanary-wheel=954c9fe0ef908a448b5343c91e7d58e8785fc20a7fd029b699ca0e252614304d;environment-lock=d4b8b2dc177cb09cea84a5b5a51c99d4510a3270fe70286d2133382fbc4abd8b;param-patch-contract=182942ecf6ed3c0ea267b1660a19be8601c16768640dd6ef3f112601a0b26f34;rostam-catalog=a4926ec9b012724b926fbc583b865bb083b7ad6526fee9ffc3e95129717195b8;shared-param-trace=3fd42fd79a1520df1f47125a1555699998a4cb76b7f0b40263ff01b2d05329bc,python -m experiments.rostam.analyze verify --run-directory experiments/rostam/results/core-20260724-r7 --selection-id primary --verdict-sha256 46d8012b3594c18c96ee1a3f1e063ceeaf5642068c6a6aa895e655bcfb257bdd --output-directory experiments/rostam/results/publications/trusted-join-core-shared-overlap-primary --join-evidence experiments/rostam/results/shared-replay-20260720-r2 primary b6cd1aae4cfb2de020a840f941031d4a910d0d47d4c83aee1c09e0f5f6bc98db --join-evidence experiments/rostam/results/overlap-20260724-r1 primary 5b153d0452df5033261d81f01db74211a0cb87015694b25190d8aa69650507fd --baseline-config nccl-2.19.3-default --candidate-config nccl-2.20.5-default --median-threshold-pct 8.0 --median-absolute-threshold-us 1.0
measurement,COMPLETE,false,,shared-replay-20260720-r2,a402a4ec73ea3a182ab6bd5ec92e896600b16510dc4c1621c6defe9382ee149c,primary,a1e876861f7f9a315cb00a11a67414e6125078a68306c0b07a4a5d9f14b98d64,b6cd1aae4cfb2de020a840f941031d4a910d0d47d4c83aee1c09e0f5f6bc98db,c-shared-overlap-nccl-2.20.5-ring-l-r000001-dc31f4bf29b06b9f,dc31f4bf29b06b9f5a228fc5e932fe8c415cb799bb4c981d5d7d9dd8cf7f77c1,a-000001,cef673ef64e11d248bbe5c9d975e44f6e5694af427dc02dc20a8413ac13270f9,nccl-2.20.5-ring-ll,shared-overlap,1,147.456000,8192,commcanary.rostam.physical.overlap-measurement.v1,commcanary.rostam.physical.overlap-producer.v1,16f5f129032c757e7a22c7c8c2d271b99e38092ea87eaceec7e6edf1deacd391,2855275288e67a1a2d0bbefff0740841fdf0ecf0,false,,8c5f30748596f665cca0bde76d4637074ffff3fa077387dd12b993cf98d2cee6,18c8226ec35ed4860c0234f380da387d59a962f86658db0e05e742139f52d645,9b91a27a236cc0aca886e2cacc3e6db12f73bd532ce6c989cc8e593aae393036,commcanary-wheel=954c9fe0ef908a448b5343c91e7d58e8785fc20a7fd029b699ca0e252614304d;environment-lock=d4b8b2dc177cb09cea84a5b5a51c99d4510a3270fe70286d2133382fbc4abd8b;param-patch-contract=182942ecf6ed3c0ea267b1660a19be8601c16768640dd6ef3f112601a0b26f34;rostam-catalog=a4926ec9b012724b926fbc583b865bb083b7ad6526fee9ffc3e95129717195b8;shared-param-trace=3fd42fd79a1520df1f47125a1555699998a4cb76b7f0b40263ff01b2d05329bc,python -m experiments.rostam.analyze verify --run-directory experiments/rostam/results/core-20260724-r7 --selection-id primary --verdict-sha256 46d8012b3594c18c96ee1a3f1e063ceeaf5642068c6a6aa895e655bcfb257bdd --output-directory experiments/rostam/results/publications/trusted-join-core-shared-overlap-primary --join-evidence experiments/rostam/results/shared-replay-20260720-r2 primary b6cd1aae4cfb2de020a840f941031d4a910d0d47d4c83aee1c09e0f5f6bc98db --join-evidence experiments/rostam/results/overlap-20260724-r1 primary 5b153d0452df5033261d81f01db74211a0cb87015694b25190d8aa69650507fd --baseline-config nccl-2.19.3-default --candidate-config nccl-2.20.5-default --median-threshold-pct 8.0 --median-absolute-threshold-us 1.0
measurement,COMPLETE,false,,shared-replay-20260720-r2,a402a4ec73ea3a182ab6bd5ec92e896600b16510dc4c1621c6defe9382ee149c,primary,a1e876861f7f9a315cb00a11a67414e6125078a68306c0b07a4a5d9f14b98d64,b6cd1aae4cfb2de020a840f941031d4a910d0d47d4c83aee1c09e0f5f6bc98db,c-shared-overlap-nccl-2.20.5-ring-l-r000002-5c684e97077f6cd4,5c684e97077f6cd48362f2ae0e6461c43e2f747c5647de3aef91b6a428fab3f0,a-000001,f809a0bdf956e656cb8713a8e2b87105cb26223ba7cdbb7bf6cd49684144098c,nccl-2.20.5-ring-ll128,shared-overlap,2,147.456000,8192,commcanary.rostam.physical.overlap-measurement.v1,commcanary.rostam.physical.overlap-producer.v1,a98138c64e0257742e770f44d2c076ab9d1fa9409e719123ec463872ed437c35,2855275288e67a1a2d0bbefff0740841fdf0ecf0,false,,8c5f30748596f665cca0bde76d4637074ffff3fa077387dd12b993cf98d2cee6,49116fd5021b50125937597470acde3bd649ae16535274280de97b1ce312af1f,efddf620b134720fc15773fae7bc1d6bb206c1a1f10a32fd6cbcfb214617992b,commcanary-wheel=954c9fe0ef908a448b5343c91e7d58e8785fc20a7fd029b699ca0e252614304d;environment-lock=d4b8b2dc177cb09cea84a5b5a51c99d4510a3270fe70286d2133382fbc4abd8b;param-patch-contract=182942ecf6ed3c0ea267b1660a19be8601c16768640dd6ef3f112601a0b26f34;rostam-catalog=a4926ec9b012724b926fbc583b865bb083b7ad6526fee9ffc3e95129717195b8;shared-param-trace=3fd42fd79a1520df1f47125a1555699998a4cb76b7f0b40263ff01b2d05329bc,python -m experiments.rostam.analyze verify --run-directory experiments/rostam/results/core-20260724-r7 --selection-id primary --verdict-sha256 46d8012b3594c18c96ee1a3f1e063ceeaf5642068c6a6aa895e655bcfb257bdd --output-directory experiments/rostam/results/publications/trusted-join-core-shared-overlap-primary --join-evidence experiments/rostam/results/shared-replay-20260720-r2 primary b6cd1aae4cfb2de020a840f941031d4a910d0d47d4c83aee1c09e0f5f6bc98db --join-evidence experiments/rostam/results/overlap-20260724-r1 primary 5b153d0452df5033261d81f01db74211a0cb87015694b25190d8aa69650507fd --baseline-config nccl-2.19.3-default --candidate-config nccl-2.20.5-default --median-threshold-pct 8.0 --median-absolute-threshold-us 1.0
measurement,COMPLETE,false,,shared-replay-20260720-r2,a402a4ec73ea3a182ab6bd5ec92e896600b16510dc4c1621c6defe9382ee149c,primary,a1e876861f7f9a315cb00a11a67414e6125078a68306c0b07a4a5d9f14b98d64,b6cd1aae4cfb2de020a840f941031d4a910d0d47d4c83aee1c09e0f5f6bc98db,c-shared-overlap-nccl-2.20.5-ring-l-r000002-ec14b2d92ba89caa,ec14b2d92ba89caa1ad36119e207365b69746e5e2c7bcef32e2e1a66e8069b94,a-000001,fd53b058bb2f6d73360cf0059354339ac1456dd9c0fbe879bc890a0ca6c376f9,nccl-2.20.5-ring-ll,shared-overlap,2,148.480000,8192,commcanary.rostam.physical.overlap-measurement.v1,commcanary.rostam.physical.overlap-producer.v1,f070d6a166a93e7a2cf04900cb3b714878c7d589094ed4a362161bee5b95e393,2855275288e67a1a2d0bbefff0740841fdf0ecf0,false,,8c5f30748596f665cca0bde76d4637074ffff3fa077387dd12b993cf98d2cee6,f029de337875928836ba7a1cc34ca24334a55e0f733adf617791a0246cd3a0ec,92c971c190d1fb4649acff051770858d7173e45f5cd935ec0c8899671c7520bf,commcanary-wheel=954c9fe0ef908a448b5343c91e7d58e8785fc20a7fd029b699ca0e252614304d;environment-lock=d4b8b2dc177cb09cea84a5b5a51c99d4510a3270fe70286d2133382fbc4abd8b;param-patch-contract=182942ecf6ed3c0ea267b1660a19be8601c16768640dd6ef3f112601a0b26f34;rostam-catalog=a4926ec9b012724b926fbc583b865bb083b7ad6526fee9ffc3e95129717195b8;shared-param-trace=3fd42fd79a1520df1f47125a1555699998a4cb76b7f0b40263ff01b2d05329bc,python -m experiments.rostam.analyze verify --run-directory experiments/rostam/results/core-20260724-r7 --selection-id primary --verdict-sha256 46d8012b3594c18c96ee1a3f1e063ceeaf5642068c6a6aa895e655bcfb257bdd --output-directory experiments/rostam/results/publications/trusted-join-core-shared-overlap-primary --join-evidence experiments/rostam/results/shared-replay-20260720-r2 primary b6cd1aae4cfb2de020a840f941031d4a910d0d47d4c83aee1c09e0f5f6bc98db --join-evidence experiments/rostam/results/overlap-20260724-r1 primary 5b153d0452df5033261d81f01db74211a0cb87015694b25190d8aa69650507fd --baseline-config nccl-2.19.3-default --candidate-config nccl-2.20.5-default --median-threshold-pct 8.0 --median-absolute-threshold-us 1.0
measurement,COMPLETE,false,,shared-replay-20260720-r2,a402a4ec73ea3a182ab6bd5ec92e896600b16510dc4c1621c6defe9382ee149c,primary,a1e876861f7f9a315cb00a11a67414e6125078a68306c0b07a4a5d9f14b98d64,b6cd1aae4cfb2de020a840f941031d4a910d0d47d4c83aee1c09e0f5f6bc98db,c-shared-overlap-nccl-2.20.5-ring-l-r000003-64978dd8aeb511b4,64978dd8aeb511b4d4fa56ad0a33ce89b72a14ec6968b8f9a348c90e4528150a,a-000001,eb362702141178f6c0aa5ac4bdcf241e2fce75aa3ed2891f7f5cf90642a06c6b,nccl-2.20.5-ring-ll128,shared-overlap,3,147.456000,8192,commcanary.rostam.physical.overlap-measurement.v1,commcanary.rostam.physical.overlap-producer.v1,1f095223858868499833dac91caeee1a8d2fd3a677d34eac3f7609fcda04d173,2855275288e67a1a2d0bbefff0740841fdf0ecf0,false,,8c5f30748596f665cca0bde76d4637074ffff3fa077387dd12b993cf98d2cee6,a4bf4dba6c95ed6da34c3cf6c86d1fe715c2ae21801a6c7e946ebb8c79dd57e5,4668d25d64e32e4790ef603e3b465ec2ab06efbc4404b642ee4ca62ced48e4e7,commcanary-wheel=954c9fe0ef908a448b5343c91e7d58e8785fc20a7fd029b699ca0e252614304d;environment-lock=d4b8b2dc177cb09cea84a5b5a51c99d4510a3270fe70286d2133382fbc4abd8b;param-patch-contract=182942ecf6ed3c0ea267b1660a19be8601c16768640dd6ef3f112601a0b26f34;rostam-catalog=a4926ec9b012724b926fbc583b865bb083b7ad6526fee9ffc3e95129717195b8;shared-param-trace=3fd42fd79a1520df1f47125a1555699998a4cb76b7f0b40263ff01b2d05329bc,python -m experiments.rostam.analyze verify --run-directory experiments/rostam/results/core-20260724-r7 --selection-id primary --verdict-sha256 46d8012b3594c18c96ee1a3f1e063ceeaf5642068c6a6aa895e655bcfb257bdd --output-directory experiments/rostam/results/publications/trusted-join-core-shared-overlap-primary --join-evidence experiments/rostam/results/shared-replay-20260720-r2 primary b6cd1aae4cfb2de020a840f941031d4a910d0d47d4c83aee1c09e0f5f6bc98db --join-evidence experiments/rostam/results/overlap-20260724-r1 primary 5b153d0452df5033261d81f01db74211a0cb87015694b25190d8aa69650507fd --baseline-config nccl-2.19.3-default --candidate-config nccl-2.20.5-default --median-threshold-pct 8.0 --median-absolute-threshold-us 1.0
measurement,COMPLETE,false,,shared-replay-20260720-r2,a402a4ec73ea3a182ab6bd5ec92e896600b16510dc4c1621c6defe9382ee149c,primary,a1e876861f7f9a315cb00a11a67414e6125078a68306c0b07a4a5d9f14b98d64,b6cd1aae4cfb2de020a840f941031d4a910d0d47d4c83aee1c09e0f5f6bc98db,c-shared-overlap-nccl-2.20.5-ring-l-r000003-e1c764ca7331da9c,e1c764ca7331da9c887346bb0e363ffd4edd51e9f03a245e8ddfed7bbdcdf39a,a-000001,5827b5a042d01119e855f1592f14ab9684db6e9c260bcd622502c1c8a4701b49,nccl-2.20.5-ring-ll,shared-overlap,3,147.456000,8192,commcanary.rostam.physical.overlap-measurement.v1,commcanary.rostam.physical.overlap-producer.v1,03946d9e75c94020af8649e9f58dc2b7ef3dc717871e73a0c1aa83b5745a5187,2855275288e67a1a2d0bbefff0740841fdf0ecf0,false,,8c5f30748596f665cca0bde76d4637074ffff3fa077387dd12b993cf98d2cee6,2491efebc3a586ccbd57c414f27a219be0b944c3cb8f3806423a2ae5f9dd4de0,037e457075b538d56b161af109cc7453f08b7c3a5f7418d762aaf40e11e9471b,commcanary-wheel=954c9fe0ef908a448b5343c91e7d58e8785fc20a7fd029b699ca0e252614304d;environment-lock=d4b8b2dc177cb09cea84a5b5a51c99d4510a3270fe70286d2133382fbc4abd8b;param-patch-contract=182942ecf6ed3c0ea267b1660a19be8601c16768640dd6ef3f112601a0b26f34;rostam-catalog=a4926ec9b012724b926fbc583b865bb083b7ad6526fee9ffc3e95129717195b8;shared-param-trace=3fd42fd79a1520df1f47125a1555699998a4cb76b7f0b40263ff01b2d05329bc,python -m experiments.rostam.analyze verify --run-directory experiments/rostam/results/core-20260724-r7 --selection-id primary --verdict-sha256 46d8012b3594c18c96ee1a3f1e063ceeaf5642068c6a6aa895e655bcfb257bdd --output-directory experiments/rostam/results/publications/trusted-join-core-shared-overlap-primary --join-evidence experiments/rostam/results/shared-replay-20260720-r2 primary b6cd1aae4cfb2de020a840f941031d4a910d0d47d4c83aee1c09e0f5f6bc98db --join-evidence experiments/rostam/results/overlap-20260724-r1 primary 5b153d0452df5033261d81f01db74211a0cb87015694b25190d8aa69650507fd --baseline-config nccl-2.19.3-default --candidate-config nccl-2.20.5-default --median-threshold-pct 8.0 --median-absolute-threshold-us 1.0
measurement,COMPLETE,false,,shared-replay-20260720-r2,a402a4ec73ea3a182ab6bd5ec92e896600b16510dc4c1621c6defe9382ee149c,primary,a1e876861f7f9a315cb00a11a67414e6125078a68306c0b07a4a5d9f14b98d64,b6cd1aae4cfb2de020a840f941031d4a910d0d47d4c83aee1c09e0f5f6bc98db,c-shared-overlap-nccl-2.20.5-ring-l-r000004-7f827b3a7fb84072,7f827b3a7fb84072f6d65aa67309afdaa9bd3aac0cbb1555eec8017cb9094718,a-000001,3fe07400f8807bd68f2ff5d554cda631e96cd5365e44ca713f11ade0ae38d589,nccl-2.20.5-ring-ll,shared-overlap,4,150.528000,8192,commcanary.rostam.physical.overlap-measurement.v1,commcanary.rostam.physical.overlap-producer.v1,72fd7dc00f13cd915f5b9c429c712f78911ff0d428ed77b326ff571bdbab6f15,2855275288e67a1a2d0bbefff0740841fdf0ecf0,false,,8c5f30748596f665cca0bde76d4637074ffff3fa077387dd12b993cf98d2cee6,80781b287734dcdd46be39a5a415ecb38bacc3c1dc4f10a2ab1284eafb7269db,cbede46f278178b56862aa9d28287a9f5e3385a8ceacafbc33b919107040cb97,commcanary-wheel=954c9fe0ef908a448b5343c91e7d58e8785fc20a7fd029b699ca0e252614304d;environment-lock=d4b8b2dc177cb09cea84a5b5a51c99d4510a3270fe70286d2133382fbc4abd8b;param-patch-contract=182942ecf6ed3c0ea267b1660a19be8601c16768640dd6ef3f112601a0b26f34;rostam-catalog=a4926ec9b012724b926fbc583b865bb083b7ad6526fee9ffc3e95129717195b8;shared-param-trace=3fd42fd79a1520df1f47125a1555699998a4cb76b7f0b40263ff01b2d05329bc,python -m experiments.rostam.analyze verify --run-directory experiments/rostam/results/core-20260724-r7 --selection-id primary --verdict-sha256 46d8012b3594c18c96ee1a3f1e063ceeaf5642068c6a6aa895e655bcfb257bdd --output-directory experiments/rostam/results/publications/trusted-join-core-shared-overlap-primary --join-evidence experiments/rostam/results/shared-replay-20260720-r2 primary b6cd1aae4cfb2de020a840f941031d4a910d0d47d4c83aee1c09e0f5f6bc98db --join-evidence experiments/rostam/results/overlap-20260724-r1 primary 5b153d0452df5033261d81f01db74211a0cb87015694b25190d8aa69650507fd --baseline-config nccl-2.19.3-default --candidate-config nccl-2.20.5-default --median-threshold-pct 8.0 --median-absolute-threshold-us 1.0
measurement,COMPLETE,false,,shared-replay-20260720-r2,a402a4ec73ea3a182ab6bd5ec92e896600b16510dc4c1621c6defe9382ee149c,primary,a1e876861f7f9a315cb00a11a67414e6125078a68306c0b07a4a5d9f14b98d64,b6cd1aae4cfb2de020a840f941031d4a910d0d47d4c83aee1c09e0f5f6bc98db,c-shared-overlap-nccl-2.20.5-ring-l-r000004-8ecdd84d4ec98d77,8ecdd84d4ec98d77bbfb996204913075485c821229592d9c84bc55a49a46f496,a-000001,77ffaa26f71a5978b3970468f2ef0d22d69b040528d29de28e1f5cfcb02b3bc2,nccl-2.20.5-ring-ll128,shared-overlap,4,147.456000,8192,commcanary.rostam.physical.overlap-measurement.v1,commcanary.rostam.physical.overlap-producer.v1,bda54ad8d5a4dac8ba252171ad765474f55093c99587f1063d01f5d426d0e055,2855275288e67a1a2d0bbefff0740841fdf0ecf0,false,,8c5f30748596f665cca0bde76d4637074ffff3fa077387dd12b993cf98d2cee6,10361457846d4cfebd270cd501ac2681224521a6de23a959883eeb3680b55e01,94c9d0faf9650c1354ea3ffe4af2c23b952126be78c56a62468bab1ac4e422ec,commcanary-wheel=954c9fe0ef908a448b5343c91e7d58e8785fc20a7fd029b699ca0e252614304d;environment-lock=d4b8b2dc177cb09cea84a5b5a51c99d4510a3270fe70286d2133382fbc4abd8b;param-patch-contract=182942ecf6ed3c0ea267b1660a19be8601c16768640dd6ef3f112601a0b26f34;rostam-catalog=a4926ec9b012724b926fbc583b865bb083b7ad6526fee9ffc3e95129717195b8;shared-param-trace=3fd42fd79a1520df1f47125a1555699998a4cb76b7f0b40263ff01b2d05329bc,python -m experiments.rostam.analyze verify --run-directory experiments/rostam/results/core-20260724-r7 --selection-id primary --verdict-sha256 46d8012b3594c18c96ee1a3f1e063ceeaf5642068c6a6aa895e655bcfb257bdd --output-directory experiments/rostam/results/publications/trusted-join-core-shared-overlap-primary --join-evidence experiments/rostam/results/shared-replay-20260720-r2 primary b6cd1aae4cfb2de020a840f941031d4a910d0d47d4c83aee1c09e0f5f6bc98db --join-evidence experiments/rostam/results/overlap-20260724-r1 primary 5b153d0452df5033261d81f01db74211a0cb87015694b25190d8aa69650507fd --baseline-config nccl-2.19.3-default --candidate-config nccl-2.20.5-default --median-threshold-pct 8.0 --median-absolute-threshold-us 1.0
measurement,COMPLETE,false,,shared-replay-20260720-r2,a402a4ec73ea3a182ab6bd5ec92e896600b16510dc4c1621c6defe9382ee149c,primary,a1e876861f7f9a315cb00a11a67414e6125078a68306c0b07a4a5d9f14b98d64,b6cd1aae4cfb2de020a840f941031d4a910d0d47d4c83aee1c09e0f5f6bc98db,c-shared-overlap-nccl-2.20.5-ring-s-r000000-734baa18e69dd1e5,734baa18e69dd1e50400fb3e69589ad979202f9c3057bc2497e3893cebcfdb1b,a-000001,74d5beed20a958399171b559025cebb1870d9d1134b10a46ac16376d96e8805a,nccl-2.20.5-ring-simple,shared-overlap,0,146.432000,8192,commcanary.rostam.physical.overlap-measurement.v1,commcanary.rostam.physical.overlap-producer.v1,28baf9e9c199e91c535067bf04f0a6bcda225be7aa8cbd3893b7cb5e64c4c140,2855275288e67a1a2d0bbefff0740841fdf0ecf0,false,,8c5f30748596f665cca0bde76d4637074ffff3fa077387dd12b993cf98d2cee6,ca7704eab04ef798742b98be8ab9faec42e651f546585e329c74258afc581c7f,7b064e752be61228757ae43a50866176a7e2368c51bb2c0c31bf8ea0328e6efc,commcanary-wheel=954c9fe0ef908a448b5343c91e7d58e8785fc20a7fd029b699ca0e252614304d;environment-lock=d4b8b2dc177cb09cea84a5b5a51c99d4510a3270fe70286d2133382fbc4abd8b;param-patch-contract=182942ecf6ed3c0ea267b1660a19be8601c16768640dd6ef3f112601a0b26f34;rostam-catalog=a4926ec9b012724b926fbc583b865bb083b7ad6526fee9ffc3e95129717195b8;shared-param-trace=3fd42fd79a1520df1f47125a1555699998a4cb76b7f0b40263ff01b2d05329bc,python -m experiments.rostam.analyze verify --run-directory experiments/rostam/results/core-20260724-r7 --selection-id primary --verdict-sha256 46d8012b3594c18c96ee1a3f1e063ceeaf5642068c6a6aa895e655bcfb257bdd --output-directory experiments/rostam/results/publications/trusted-join-core-shared-overlap-primary --join-evidence experiments/rostam/results/shared-replay-20260720-r2 primary b6cd1aae4cfb2de020a840f941031d4a910d0d47d4c83aee1c09e0f5f6bc98db --join-evidence experiments/rostam/results/overlap-20260724-r1 primary 5b153d0452df5033261d81f01db74211a0cb87015694b25190d8aa69650507fd --baseline-config nccl-2.19.3-default --candidate-config nccl-2.20.5-default --median-threshold-pct 8.0 --median-absolute-threshold-us 1.0
measurement,COMPLETE,false,,shared-replay-20260720-r2,a402a4ec73ea3a182ab6bd5ec92e896600b16510dc4c1621c6defe9382ee149c,primary,a1e876861f7f9a315cb00a11a67414e6125078a68306c0b07a4a5d9f14b98d64,b6cd1aae4cfb2de020a840f941031d4a910d0d47d4c83aee1c09e0f5f6bc98db,c-shared-overlap-nccl-2.20.5-ring-s-r000001-38fe374f0c08b167,38fe374f0c08b16742333b140a329e29b2997cae905711f13432ae45b9e6a877,a-000001,9e041787628329ec4e4a917a4a902c5316d2546ece59fc7749529ed9d0fab330,nccl-2.20.5-ring-simple,shared-overlap,1,146.432000,8192,commcanary.rostam.physical.overlap-measurement.v1,commcanary.rostam.physical.overlap-producer.v1,350ad5abb7fc4b16eee1e626ea614d2361618e28337f0b774bfefa4346342c6f,2855275288e67a1a2d0bbefff0740841fdf0ecf0,false,,8c5f30748596f665cca0bde76d4637074ffff3fa077387dd12b993cf98d2cee6,fbc6e9f633e11cbf6769eeb35a3ac123d9a2332a1a2b01ba943db4f33fba1abf,36ac7bab3df9f9d298180f202e7e6134468827fc1b9a719ab95486e64ec6aaa6,commcanary-wheel=954c9fe0ef908a448b5343c91e7d58e8785fc20a7fd029b699ca0e252614304d;environment-lock=d4b8b2dc177cb09cea84a5b5a51c99d4510a3270fe70286d2133382fbc4abd8b;param-patch-contract=182942ecf6ed3c0ea267b1660a19be8601c16768640dd6ef3f112601a0b26f34;rostam-catalog=a4926ec9b012724b926fbc583b865bb083b7ad6526fee9ffc3e95129717195b8;shared-param-trace=3fd42fd79a1520df1f47125a1555699998a4cb76b7f0b40263ff01b2d05329bc,python -m experiments.rostam.analyze verify --run-directory experiments/rostam/results/core-20260724-r7 --selection-id primary --verdict-sha256 46d8012b3594c18c96ee1a3f1e063ceeaf5642068c6a6aa895e655bcfb257bdd --output-directory experiments/rostam/results/publications/trusted-join-core-shared-overlap-primary --join-evidence experiments/rostam/results/shared-replay-20260720-r2 primary b6cd1aae4cfb2de020a840f941031d4a910d0d47d4c83aee1c09e0f5f6bc98db --join-evidence experiments/rostam/results/overlap-20260724-r1 primary 5b153d0452df5033261d81f01db74211a0cb87015694b25190d8aa69650507fd --baseline-config nccl-2.19.3-default --candidate-config nccl-2.20.5-default --median-threshold-pct 8.0 --median-absolute-threshold-us 1.0
measurement,COMPLETE,false,,shared-replay-20260720-r2,a402a4ec73ea3a182ab6bd5ec92e896600b16510dc4c1621c6defe9382ee149c,primary,a1e876861f7f9a315cb00a11a67414e6125078a68306c0b07a4a5d9f14b98d64,b6cd1aae4cfb2de020a840f941031d4a910d0d47d4c83aee1c09e0f5f6bc98db,c-shared-overlap-nccl-2.20.5-ring-s-r000002-8da3d12aa2dfed3d,8da3d12aa2dfed3d7d35d5b9735f87c1b8405ccf3db18db3b0e1653c39860d28,a-000001,18aa07dfa33b1a6527b0edb3067baedeafc23f3a44bc263310cbe0011db0604a,nccl-2.20.5-ring-simple,shared-overlap,2,146.432000,8192,commcanary.rostam.physical.overlap-measurement.v1,commcanary.rostam.physical.overlap-producer.v1,788a91821fb48569431645a156c55e269958d611fca89e79535aaf71bad2ce9b,2855275288e67a1a2d0bbefff0740841fdf0ecf0,false,,8c5f30748596f665cca0bde76d4637074ffff3fa077387dd12b993cf98d2cee6,dda3fe10b27f34305a02a80c48991b28aff75a577895ad99b98baf885550be0e,c8718b44d9157252ed723508b66387a7070b46501ac0d726228830b43a2b5a34,commcanary-wheel=954c9fe0ef908a448b5343c91e7d58e8785fc20a7fd029b699ca0e252614304d;environment-lock=d4b8b2dc177cb09cea84a5b5a51c99d4510a3270fe70286d2133382fbc4abd8b;param-patch-contract=182942ecf6ed3c0ea267b1660a19be8601c16768640dd6ef3f112601a0b26f34;rostam-catalog=a4926ec9b012724b926fbc583b865bb083b7ad6526fee9ffc3e95129717195b8;shared-param-trace=3fd42fd79a1520df1f47125a1555699998a4cb76b7f0b40263ff01b2d05329bc,python -m experiments.rostam.analyze verify --run-directory experiments/rostam/results/core-20260724-r7 --selection-id primary --verdict-sha256 46d8012b3594c18c96ee1a3f1e063ceeaf5642068c6a6aa895e655bcfb257bdd --output-directory experiments/rostam/results/publications/trusted-join-core-shared-overlap-primary --join-evidence experiments/rostam/results/shared-replay-20260720-r2 primary b6cd1aae4cfb2de020a840f941031d4a910d0d47d4c83aee1c09e0f5f6bc98db --join-evidence experiments/rostam/results/overlap-20260724-r1 primary 5b153d0452df5033261d81f01db74211a0cb87015694b25190d8aa69650507fd --baseline-config nccl-2.19.3-default --candidate-config nccl-2.20.5-default --median-threshold-pct 8.0 --median-absolute-threshold-us 1.0
measurement,COMPLETE,false,,shared-replay-20260720-r2,a402a4ec73ea3a182ab6bd5ec92e896600b16510dc4c1621c6defe9382ee149c,primary,a1e876861f7f9a315cb00a11a67414e6125078a68306c0b07a4a5d9f14b98d64,b6cd1aae4cfb2de020a840f941031d4a910d0d47d4c83aee1c09e0f5f6bc98db,c-shared-overlap-nccl-2.20.5-ring-s-r000003-cfaa86517b56ab2c,cfaa86517b56ab2cb98ac86f2d6711ed75db4b2f2ebbfb348a1ad8d225f154cc,a-000001,ef04aeca1863f4dbd4f1212679c1cdd78498a136096fe2a61f0814486ccaebdb,nccl-2.20.5-ring-simple,shared-overlap,3,146.432000,8192,commcanary.rostam.physical.overlap-measurement.v1,commcanary.rostam.physical.overlap-producer.v1,c0a28b119ff9ccf38747e5cbc4648d7d42b42a78771bb93a24c06fba8f69c3db,2855275288e67a1a2d0bbefff0740841fdf0ecf0,false,,8c5f30748596f665cca0bde76d4637074ffff3fa077387dd12b993cf98d2cee6,f61cfe30750d850fcbb704daa7096ba1708af10300d69010516d1f479bce51b9,488fcb519c181912bf5608103f5d96dd6ac554d94c4f43861345d8cf92d40cff,commcanary-wheel=954c9fe0ef908a448b5343c91e7d58e8785fc20a7fd029b699ca0e252614304d;environment-lock=d4b8b2dc177cb09cea84a5b5a51c99d4510a3270fe70286d2133382fbc4abd8b;param-patch-contract=182942ecf6ed3c0ea267b1660a19be8601c16768640dd6ef3f112601a0b26f34;rostam-catalog=a4926ec9b012724b926fbc583b865bb083b7ad6526fee9ffc3e95129717195b8;shared-param-trace=3fd42fd79a1520df1f47125a1555699998a4cb76b7f0b40263ff01b2d05329bc,python -m experiments.rostam.analyze verify --run-directory experiments/rostam/results/core-20260724-r7 --selection-id primary --verdict-sha256 46d8012b3594c18c96ee1a3f1e063ceeaf5642068c6a6aa895e655bcfb257bdd --output-directory experiments/rostam/results/publications/trusted-join-core-shared-overlap-primary --join-evidence experiments/rostam/results/shared-replay-20260720-r2 primary b6cd1aae4cfb2de020a840f941031d4a910d0d47d4c83aee1c09e0f5f6bc98db --join-evidence experiments/rostam/results/overlap-20260724-r1 primary 5b153d0452df5033261d81f01db74211a0cb87015694b25190d8aa69650507fd --baseline-config nccl-2.19.3-default --candidate-config nccl-2.20.5-default --median-threshold-pct 8.0 --median-absolute-threshold-us 1.0
measurement,COMPLETE,false,,shared-replay-20260720-r2,a402a4ec73ea3a182ab6bd5ec92e896600b16510dc4c1621c6defe9382ee149c,primary,a1e876861f7f9a315cb00a11a67414e6125078a68306c0b07a4a5d9f14b98d64,b6cd1aae4cfb2de020a840f941031d4a910d0d47d4c83aee1c09e0f5f6bc98db,c-shared-overlap-nccl-2.20.5-ring-s-r000004-cba63dba98c72727,cba63dba98c72727b75fb4cfb421e4228c9dde27646f4960a556b05f7241de4f,a-000001,fd9ec759ecd95b42a65735e7dcf492d5a456a42999b7361b3f929d13ce0054e2,nccl-2.20.5-ring-simple,shared-overlap,4,146.432000,8192,commcanary.rostam.physical.overlap-measurement.v1,commcanary.rostam.physical.overlap-producer.v1,ae6171519fd187ed794aa3002a7b1feb8f7e7414fac5564011374af21a256dfb,2855275288e67a1a2d0bbefff0740841fdf0ecf0,false,,8c5f30748596f665cca0bde76d4637074ffff3fa077387dd12b993cf98d2cee6,4e4d40d909eb075a739bdcf0950e1409472514f7d00406345abf8cf734146252,7ea3ca708d975b988730a0c89d9f5ef5b923274780620793259fff7d6d127f9d,commcanary-wheel=954c9fe0ef908a448b5343c91e7d58e8785fc20a7fd029b699ca0e252614304d;environment-lock=d4b8b2dc177cb09cea84a5b5a51c99d4510a3270fe70286d2133382fbc4abd8b;param-patch-contract=182942ecf6ed3c0ea267b1660a19be8601c16768640dd6ef3f112601a0b26f34;rostam-catalog=a4926ec9b012724b926fbc583b865bb083b7ad6526fee9ffc3e95129717195b8;shared-param-trace=3fd42fd79a1520df1f47125a1555699998a4cb76b7f0b40263ff01b2d05329bc,python -m experiments.rostam.analyze verify --run-directory experiments/rostam/results/core-20260724-r7 --selection-id primary --verdict-sha256 46d8012b3594c18c96ee1a3f1e063ceeaf5642068c6a6aa895e655bcfb257bdd --output-directory experiments/rostam/results/publications/trusted-join-core-shared-overlap-primary --join-evidence experiments/rostam/results/shared-replay-20260720-r2 primary b6cd1aae4cfb2de020a840f941031d4a910d0d47d4c83aee1c09e0f5f6bc98db --join-evidence experiments/rostam/results/overlap-20260724-r1 primary 5b153d0452df5033261d81f01db74211a0cb87015694b25190d8aa69650507fd --baseline-config nccl-2.19.3-default --candidate-config nccl-2.20.5-default --median-threshold-pct 8.0 --median-absolute-threshold-us 1.0
measurement,COMPLETE,false,,shared-replay-20260720-r2,a402a4ec73ea3a182ab6bd5ec92e896600b16510dc4c1621c6defe9382ee149c,primary,a1e876861f7f9a315cb00a11a67414e6125078a68306c0b07a4a5d9f14b98d64,b6cd1aae4cfb2de020a840f941031d4a910d0d47d4c83aee1c09e0f5f6bc98db,c-shared-overlap-nccl-2.20.5-tree-l-r000000-3b163d78cc344d60,3b163d78cc344d60ca475e0e0c635031c44145e4a0d329c87c137400cf0d7f30,a-000001,ce0c3cc654a294715d74dba5063b8dfb383daf0c3360a2c32a044e3cb1603c48,nccl-2.20.5-tree-ll128,shared-overlap,0,156.672000,8192,commcanary.rostam.physical.overlap-measurement.v1,commcanary.rostam.physical.overlap-producer.v1,9caa76cd4eafe914e65b56b09545d76067619136e0e52c13b9cbced7feb88b96,2855275288e67a1a2d0bbefff0740841fdf0ecf0,false,,8c5f30748596f665cca0bde76d4637074ffff3fa077387dd12b993cf98d2cee6,209f516ea106d782c16ed41c2e3deefc559a268c68e96736700462155b0a2347,7f88f59510871f9c43846a6e55bfdddd2a0300a5439abf0b6bb979a73c292098,commcanary-wheel=954c9fe0ef908a448b5343c91e7d58e8785fc20a7fd029b699ca0e252614304d;environment-lock=d4b8b2dc177cb09cea84a5b5a51c99d4510a3270fe70286d2133382fbc4abd8b;param-patch-contract=182942ecf6ed3c0ea267b1660a19be8601c16768640dd6ef3f112601a0b26f34;rostam-catalog=a4926ec9b012724b926fbc583b865bb083b7ad6526fee9ffc3e95129717195b8;shared-param-trace=3fd42fd79a1520df1f47125a1555699998a4cb76b7f0b40263ff01b2d05329bc,python -m experiments.rostam.analyze verify --run-directory experiments/rostam/results/core-20260724-r7 --selection-id primary --verdict-sha256 46d8012b3594c18c96ee1a3f1e063ceeaf5642068c6a6aa895e655bcfb257bdd --output-directory experiments/rostam/results/publications/trusted-join-core-shared-overlap-primary --join-evidence experiments/rostam/results/shared-replay-20260720-r2 primary b6cd1aae4cfb2de020a840f941031d4a910d0d47d4c83aee1c09e0f5f6bc98db --join-evidence experiments/rostam/results/overlap-20260724-r1 primary 5b153d0452df5033261d81f01db74211a0cb87015694b25190d8aa69650507fd --baseline-config nccl-2.19.3-default --candidate-config nccl-2.20.5-default --median-threshold-pct 8.0 --median-absolute-threshold-us 1.0
measurement,COMPLETE,false,,shared-replay-20260720-r2,a402a4ec73ea3a182ab6bd5ec92e896600b16510dc4c1621c6defe9382ee149c,primary,a1e876861f7f9a315cb00a11a67414e6125078a68306c0b07a4a5d9f14b98d64,b6cd1aae4cfb2de020a840f941031d4a910d0d47d4c83aee1c09e0f5f6bc98db,c-shared-overlap-nccl-2.20.5-tree-l-r000000-819055e6d6f02186,819055e6d6f02186f63f5297c0f35daf36c98b95ae3a41dee6610b573b93987a,a-000001,f4fab49bd0489f31962116bbe4a5581a3ffc9e1b56b101c88529d9566f1826dd,nccl-2.20.5-tree-ll,shared-overlap,0,178.176000,8192,commcanary.rostam.physical.overlap-measurement.v1,commcanary.rostam.physical.overlap-producer.v1,f589ffc52bb71f6f76139457a58a198554f2c540038a221585e1154932de849c,2855275288e67a1a2d0bbefff0740841fdf0ecf0,false,,8c5f30748596f665cca0bde76d4637074ffff3fa077387dd12b993cf98d2cee6,b4f447572ca87d7b50267df9db22371b4a407e61452e46396fbbdbbddcdcbc77,cf559fd73580bb64b8c40dd296641b514d3106f333745f297e38b7a6ba7bde83,commcanary-wheel=954c9fe0ef908a448b5343c91e7d58e8785fc20a7fd029b699ca0e252614304d;environment-lock=d4b8b2dc177cb09cea84a5b5a51c99d4510a3270fe70286d2133382fbc4abd8b;param-patch-contract=182942ecf6ed3c0ea267b1660a19be8601c16768640dd6ef3f112601a0b26f34;rostam-catalog=a4926ec9b012724b926fbc583b865bb083b7ad6526fee9ffc3e95129717195b8;shared-param-trace=3fd42fd79a1520df1f47125a1555699998a4cb76b7f0b40263ff01b2d05329bc,python -m experiments.rostam.analyze verify --run-directory experiments/rostam/results/core-20260724-r7 --selection-id primary --verdict-sha256 46d8012b3594c18c96ee1a3f1e063ceeaf5642068c6a6aa895e655bcfb257bdd --output-directory experiments/rostam/results/publications/trusted-join-core-shared-overlap-primary --join-evidence experiments/rostam/results/shared-replay-20260720-r2 primary b6cd1aae4cfb2de020a840f941031d4a910d0d47d4c83aee1c09e0f5f6bc98db --join-evidence experiments/rostam/results/overlap-20260724-r1 primary 5b153d0452df5033261d81f01db74211a0cb87015694b25190d8aa69650507fd --baseline-config nccl-2.19.3-default --candidate-config nccl-2.20.5-default --median-threshold-pct 8.0 --median-absolute-threshold-us 1.0
measurement,COMPLETE,false,,shared-replay-20260720-r2,a402a4ec73ea3a182ab6bd5ec92e896600b16510dc4c1621c6defe9382ee149c,primary,a1e876861f7f9a315cb00a11a67414e6125078a68306c0b07a4a5d9f14b98d64,b6cd1aae4cfb2de020a840f941031d4a910d0d47d4c83aee1c09e0f5f6bc98db,c-shared-overlap-nccl-2.20.5-tree-l-r000001-447ecbfdcea47636,447ecbfdcea47636d741f7f5aa8519d7d660c8e822f49b2e418aade0e49193ab,a-000001,73f934225987fd91d7292e36a295bebb1da81d6458c7313f0b1509b7e8c57005,nccl-2.20.5-tree-ll,shared-overlap,1,174.080000,8192,commcanary.rostam.physical.overlap-measurement.v1,commcanary.rostam.physical.overlap-producer.v1,10ff7cf19cfd6e7dcbf46b146c51156e7c203fbed41a70dc50e1cf3eb8e551ca,2855275288e67a1a2d0bbefff0740841fdf0ecf0,false,,8c5f30748596f665cca0bde76d4637074ffff3fa077387dd12b993cf98d2cee6,5153215888739dec9d25468691d4fc897bdcd188af68568c04f7340af9d453f0,3438ab34cc127a0bd22343ad870359f5d0b72ea966ecfa4745699c0292719a45,commcanary-wheel=954c9fe0ef908a448b5343c91e7d58e8785fc20a7fd029b699ca0e252614304d;environment-lock=d4b8b2dc177cb09cea84a5b5a51c99d4510a3270fe70286d2133382fbc4abd8b;param-patch-contract=182942ecf6ed3c0ea267b1660a19be8601c16768640dd6ef3f112601a0b26f34;rostam-catalog=a4926ec9b012724b926fbc583b865bb083b7ad6526fee9ffc3e95129717195b8;shared-param-trace=3fd42fd79a1520df1f47125a1555699998a4cb76b7f0b40263ff01b2d05329bc,python -m experiments.rostam.analyze verify --run-directory experiments/rostam/results/core-20260724-r7 --selection-id primary --verdict-sha256 46d8012b3594c18c96ee1a3f1e063ceeaf5642068c6a6aa895e655bcfb257bdd --output-directory experiments/rostam/results/publications/trusted-join-core-shared-overlap-primary --join-evidence experiments/rostam/results/shared-replay-20260720-r2 primary b6cd1aae4cfb2de020a840f941031d4a910d0d47d4c83aee1c09e0f5f6bc98db --join-evidence experiments/rostam/results/overlap-20260724-r1 primary 5b153d0452df5033261d81f01db74211a0cb87015694b25190d8aa69650507fd --baseline-config nccl-2.19.3-default --candidate-config nccl-2.20.5-default --median-threshold-pct 8.0 --median-absolute-threshold-us 1.0
measurement,COMPLETE,false,,shared-replay-20260720-r2,a402a4ec73ea3a182ab6bd5ec92e896600b16510dc4c1621c6defe9382ee149c,primary,a1e876861f7f9a315cb00a11a67414e6125078a68306c0b07a4a5d9f14b98d64,b6cd1aae4cfb2de020a840f941031d4a910d0d47d4c83aee1c09e0f5f6bc98db,c-shared-overlap-nccl-2.20.5-tree-l-r000001-b459b21bd3d56f23,b459b21bd3d56f23dbb2cb528c22f64f5780ee65a83661d92a0a6f6a0c11134c,a-000001,0dcb5f6af2aeea28aa8bf6099e627fa6482d21dbe3710670a9b1a2c908d52b75,nccl-2.20.5-tree-ll128,shared-overlap,1,156.672000,8192,commcanary.rostam.physical.overlap-measurement.v1,commcanary.rostam.physical.overlap-producer.v1,5d223be7e13f3bcef2dff6d02eabcc50d1f91f02591ed478eb78fa079f7831c8,2855275288e67a1a2d0bbefff0740841fdf0ecf0,false,,8c5f30748596f665cca0bde76d4637074ffff3fa077387dd12b993cf98d2cee6,f99c4bccd685155c01fae55f4564fc59c609a8ede0a78e35c509c7b1ba10ddc4,baac871dd02b08ee56f3a2cbaa0b786af15d829c96904139accc15e618f3d9ea,commcanary-wheel=954c9fe0ef908a448b5343c91e7d58e8785fc20a7fd029b699ca0e252614304d;environment-lock=d4b8b2dc177cb09cea84a5b5a51c99d4510a3270fe70286d2133382fbc4abd8b;param-patch-contract=182942ecf6ed3c0ea267b1660a19be8601c16768640dd6ef3f112601a0b26f34;rostam-catalog=a4926ec9b012724b926fbc583b865bb083b7ad6526fee9ffc3e95129717195b8;shared-param-trace=3fd42fd79a1520df1f47125a1555699998a4cb76b7f0b40263ff01b2d05329bc,python -m experiments.rostam.analyze verify --run-directory experiments/rostam/results/core-20260724-r7 --selection-id primary --verdict-sha256 46d8012b3594c18c96ee1a3f1e063ceeaf5642068c6a6aa895e655bcfb257bdd --output-directory experiments/rostam/results/publications/trusted-join-core-shared-overlap-primary --join-evidence experiments/rostam/results/shared-replay-20260720-r2 primary b6cd1aae4cfb2de020a840f941031d4a910d0d47d4c83aee1c09e0f5f6bc98db --join-evidence experiments/rostam/results/overlap-20260724-r1 primary 5b153d0452df5033261d81f01db74211a0cb87015694b25190d8aa69650507fd --baseline-config nccl-2.19.3-default --candidate-config nccl-2.20.5-default --median-threshold-pct 8.0 --median-absolute-threshold-us 1.0
measurement,COMPLETE,false,,shared-replay-20260720-r2,a402a4ec73ea3a182ab6bd5ec92e896600b16510dc4c1621c6defe9382ee149c,primary,a1e876861f7f9a315cb00a11a67414e6125078a68306c0b07a4a5d9f14b98d64,b6cd1aae4cfb2de020a840f941031d4a910d0d47d4c83aee1c09e0f5f6bc98db,c-shared-overlap-nccl-2.20.5-tree-l-r000002-66d998ba7dc14478,66d998ba7dc14478042b41ef78dc8d72643c48339ae19c74031718e0e654c27e,a-000001,4f8a2cd86688be95746f09922e85844ed94159b16961cf6ee567ed84542e6ca9,nccl-2.20.5-tree-ll128,shared-overlap,2,156.672000,8192,commcanary.rostam.physical.overlap-measurement.v1,commcanary.rostam.physical.overlap-producer.v1,879614867340532529543a2cf5935a5063b8b5bd5a3a2bf2685a1e2530d27e9e,2855275288e67a1a2d0bbefff0740841fdf0ecf0,false,,8c5f30748596f665cca0bde76d4637074ffff3fa077387dd12b993cf98d2cee6,b780c534df3e9ed83d1eca97321f46d205e202835df7b1427eb11851b1adfabe,d8b8c5831d63318c598e14fd2c5ff0989469825002cd531c2c0b0bd1a6aed727,commcanary-wheel=954c9fe0ef908a448b5343c91e7d58e8785fc20a7fd029b699ca0e252614304d;environment-lock=d4b8b2dc177cb09cea84a5b5a51c99d4510a3270fe70286d2133382fbc4abd8b;param-patch-contract=182942ecf6ed3c0ea267b1660a19be8601c16768640dd6ef3f112601a0b26f34;rostam-catalog=a4926ec9b012724b926fbc583b865bb083b7ad6526fee9ffc3e95129717195b8;shared-param-trace=3fd42fd79a1520df1f47125a1555699998a4cb76b7f0b40263ff01b2d05329bc,python -m experiments.rostam.analyze verify --run-directory experiments/rostam/results/core-20260724-r7 --selection-id primary --verdict-sha256 46d8012b3594c18c96ee1a3f1e063ceeaf5642068c6a6aa895e655bcfb257bdd --output-directory experiments/rostam/results/publications/trusted-join-core-shared-overlap-primary --join-evidence experiments/rostam/results/shared-replay-20260720-r2 primary b6cd1aae4cfb2de020a840f941031d4a910d0d47d4c83aee1c09e0f5f6bc98db --join-evidence experiments/rostam/results/overlap-20260724-r1 primary 5b153d0452df5033261d81f01db74211a0cb87015694b25190d8aa69650507fd --baseline-config nccl-2.19.3-default --candidate-config nccl-2.20.5-default --median-threshold-pct 8.0 --median-absolute-threshold-us 1.0
measurement,COMPLETE,false,,shared-replay-20260720-r2,a402a4ec73ea3a182ab6bd5ec92e896600b16510dc4c1621c6defe9382ee149c,primary,a1e876861f7f9a315cb00a11a67414e6125078a68306c0b07a4a5d9f14b98d64,b6cd1aae4cfb2de020a840f941031d4a910d0d47d4c83aee1c09e0f5f6bc98db,c-shared-overlap-nccl-2.20.5-tree-l-r000002-bc27bf255f3750df,bc27bf255f3750df8f7f00c034310268993b4c7a030dc3d85ded4df3629a900d,a-000001,55f3068d629fbee932a1d78410837e94717fb87823dfd7d2e641e6bdd38d39d7,nccl-2.20.5-tree-ll,shared-overlap,2,176.128000,8192,commcanary.rostam.physical.overlap-measurement.v1,commcanary.rostam.physical.overlap-producer.v1,5a7f627cf16c239b55c58a8d1bbca00cf2809a965e67c7351b5e4f9d94815998,2855275288e67a1a2d0bbefff0740841fdf0ecf0,false,,8c5f30748596f665cca0bde76d4637074ffff3fa077387dd12b993cf98d2cee6,42b5d719a5c611d2ba9b977d384abf817dbe04022d1e3d4f5eb46c29fe2fe843,58ecdcbbc0bed02b7d8aacf80469eef799d4b6178a84d657e7271460f39bef6d,commcanary-wheel=954c9fe0ef908a448b5343c91e7d58e8785fc20a7fd029b699ca0e252614304d;environment-lock=d4b8b2dc177cb09cea84a5b5a51c99d4510a3270fe70286d2133382fbc4abd8b;param-patch-contract=182942ecf6ed3c0ea267b1660a19be8601c16768640dd6ef3f112601a0b26f34;rostam-catalog=a4926ec9b012724b926fbc583b865bb083b7ad6526fee9ffc3e95129717195b8;shared-param-trace=3fd42fd79a1520df1f47125a1555699998a4cb76b7f0b40263ff01b2d05329bc,python -m experiments.rostam.analyze verify --run-directory experiments/rostam/results/core-20260724-r7 --selection-id primary --verdict-sha256 46d8012b3594c18c96ee1a3f1e063ceeaf5642068c6a6aa895e655bcfb257bdd --output-directory experiments/rostam/results/publications/trusted-join-core-shared-overlap-primary --join-evidence experiments/rostam/results/shared-replay-20260720-r2 primary b6cd1aae4cfb2de020a840f941031d4a910d0d47d4c83aee1c09e0f5f6bc98db --join-evidence experiments/rostam/results/overlap-20260724-r1 primary 5b153d0452df5033261d81f01db74211a0cb87015694b25190d8aa69650507fd --baseline-config nccl-2.19.3-default --candidate-config nccl-2.20.5-default --median-threshold-pct 8.0 --median-absolute-threshold-us 1.0
measurement,COMPLETE,false,,shared-replay-20260720-r2,a402a4ec73ea3a182ab6bd5ec92e896600b16510dc4c1621c6defe9382ee149c,primary,a1e876861f7f9a315cb00a11a67414e6125078a68306c0b07a4a5d9f14b98d64,b6cd1aae4cfb2de020a840f941031d4a910d0d47d4c83aee1c09e0f5f6bc98db,c-shared-overlap-nccl-2.20.5-tree-l-r000003-2705619f9e19a116,2705619f9e19a116fcb68ad5679d88ad172292e684b5f2f375ed0f4a26bab8fc,a-000001,7265e57feca80d723d6dded308508a5e79bd8c6b347060d6a64f0e1fa02ef476,nccl-2.20.5-tree-ll128,shared-overlap,3,157.696000,8192,commcanary.rostam.physical.overlap-measurement.v1,commcanary.rostam.physical.overlap-producer.v1,0f83dec10ef450909e419058ebdc9bde7fc64b86b5e483ec86250bf534485d54,2855275288e67a1a2d0bbefff0740841fdf0ecf0,false,,8c5f30748596f665cca0bde76d4637074ffff3fa077387dd12b993cf98d2cee6,524d9840e9be011807ffb836c908e90fb56120f656030c34b6b44726dd4c46b2,b37163c388055a01cf6396b5d15a6e842e8b2fe4d08eaf2c7d8d3beeefc29fc9,commcanary-wheel=954c9fe0ef908a448b5343c91e7d58e8785fc20a7fd029b699ca0e252614304d;environment-lock=d4b8b2dc177cb09cea84a5b5a51c99d4510a3270fe70286d2133382fbc4abd8b;param-patch-contract=182942ecf6ed3c0ea267b1660a19be8601c16768640dd6ef3f112601a0b26f34;rostam-catalog=a4926ec9b012724b926fbc583b865bb083b7ad6526fee9ffc3e95129717195b8;shared-param-trace=3fd42fd79a1520df1f47125a1555699998a4cb76b7f0b40263ff01b2d05329bc,python -m experiments.rostam.analyze verify --run-directory experiments/rostam/results/core-20260724-r7 --selection-id primary --verdict-sha256 46d8012b3594c18c96ee1a3f1e063ceeaf5642068c6a6aa895e655bcfb257bdd --output-directory experiments/rostam/results/publications/trusted-join-core-shared-overlap-primary --join-evidence experiments/rostam/results/shared-replay-20260720-r2 primary b6cd1aae4cfb2de020a840f941031d4a910d0d47d4c83aee1c09e0f5f6bc98db --join-evidence experiments/rostam/results/overlap-20260724-r1 primary 5b153d0452df5033261d81f01db74211a0cb87015694b25190d8aa69650507fd --baseline-config nccl-2.19.3-default --candidate-config nccl-2.20.5-default --median-threshold-pct 8.0 --median-absolute-threshold-us 1.0
measurement,COMPLETE,false,,shared-replay-20260720-r2,a402a4ec73ea3a182ab6bd5ec92e896600b16510dc4c1621c6defe9382ee149c,primary,a1e876861f7f9a315cb00a11a67414e6125078a68306c0b07a4a5d9f14b98d64,b6cd1aae4cfb2de020a840f941031d4a910d0d47d4c83aee1c09e0f5f6bc98db,c-shared-overlap-nccl-2.20.5-tree-l-r000003-3116d2f8f7e4c16e,3116d2f8f7e4c16eaea0e27976126e2d0a86dc2ee6fbd37845142beaf0f904bd,a-000001,a903576a0cc7af09433fb00dc3236be53dccb3caeb747f3944424ae1a31c0c5c,nccl-2.20.5-tree-ll,shared-overlap,3,176.640000,8192,commcanary.rostam.physical.overlap-measurement.v1,commcanary.rostam.physical.overlap-producer.v1,772b0dd37880acf496975c959cf20e5e5d9340cf208cde6e2be2b57f6c306b84,2855275288e67a1a2d0bbefff0740841fdf0ecf0,false,,8c5f30748596f665cca0bde76d4637074ffff3fa077387dd12b993cf98d2cee6,9d8e94cd51e51b762841315b7efd9e0caea9fa79f237d1189e44e8711f54ac52,9ca0d773ca1fac83c3ab1d7fd755bf972863b598219ab634fa5b6616059a9fc5,commcanary-wheel=954c9fe0ef908a448b5343c91e7d58e8785fc20a7fd029b699ca0e252614304d;environment-lock=d4b8b2dc177cb09cea84a5b5a51c99d4510a3270fe70286d2133382fbc4abd8b;param-patch-contract=182942ecf6ed3c0ea267b1660a19be8601c16768640dd6ef3f112601a0b26f34;rostam-catalog=a4926ec9b012724b926fbc583b865bb083b7ad6526fee9ffc3e95129717195b8;shared-param-trace=3fd42fd79a1520df1f47125a1555699998a4cb76b7f0b40263ff01b2d05329bc,python -m experiments.rostam.analyze verify --run-directory experiments/rostam/results/core-20260724-r7 --selection-id primary --verdict-sha256 46d8012b3594c18c96ee1a3f1e063ceeaf5642068c6a6aa895e655bcfb257bdd --output-directory experiments/rostam/results/publications/trusted-join-core-shared-overlap-primary --join-evidence experiments/rostam/results/shared-replay-20260720-r2 primary b6cd1aae4cfb2de020a840f941031d4a910d0d47d4c83aee1c09e0f5f6bc98db --join-evidence experiments/rostam/results/overlap-20260724-r1 primary 5b153d0452df5033261d81f01db74211a0cb87015694b25190d8aa69650507fd --baseline-config nccl-2.19.3-default --candidate-config nccl-2.20.5-default --median-threshold-pct 8.0 --median-absolute-threshold-us 1.0
measurement,COMPLETE,false,,shared-replay-20260720-r2,a402a4ec73ea3a182ab6bd5ec92e896600b16510dc4c1621c6defe9382ee149c,primary,a1e876861f7f9a315cb00a11a67414e6125078a68306c0b07a4a5d9f14b98d64,b6cd1aae4cfb2de020a840f941031d4a910d0d47d4c83aee1c09e0f5f6bc98db,c-shared-overlap-nccl-2.20.5-tree-l-r000004-9c416bf50a13f1fb,9c416bf50a13f1fbd7520e13515a41263dd0bc08bac30ff541f777e0555f0229,a-000001,739bc232e72ccc461a2fecb21ea437f15f3b1c184c4b8b13f0433a451a809a4f,nccl-2.20.5-tree-ll,shared-overlap,4,181.248000,8192,commcanary.rostam.physical.overlap-measurement.v1,commcanary.rostam.physical.overlap-producer.v1,90b4a7a072e47a5d96b62c720f6e9964be009ba6fcb68399e3628924fbeea41b,2855275288e67a1a2d0bbefff0740841fdf0ecf0,false,,8c5f30748596f665cca0bde76d4637074ffff3fa077387dd12b993cf98d2cee6,632bf015b828fb639b824c5a6426e3fa2b1986b7d0d31d3a25fd273c9dc95f64,395930ea73901dd4d1a81d6ead8eaf74ae6d9a21ae4c1a8284e1c1aa53da2edd,commcanary-wheel=954c9fe0ef908a448b5343c91e7d58e8785fc20a7fd029b699ca0e252614304d;environment-lock=d4b8b2dc177cb09cea84a5b5a51c99d4510a3270fe70286d2133382fbc4abd8b;param-patch-contract=182942ecf6ed3c0ea267b1660a19be8601c16768640dd6ef3f112601a0b26f34;rostam-catalog=a4926ec9b012724b926fbc583b865bb083b7ad6526fee9ffc3e95129717195b8;shared-param-trace=3fd42fd79a1520df1f47125a1555699998a4cb76b7f0b40263ff01b2d05329bc,python -m experiments.rostam.analyze verify --run-directory experiments/rostam/results/core-20260724-r7 --selection-id primary --verdict-sha256 46d8012b3594c18c96ee1a3f1e063ceeaf5642068c6a6aa895e655bcfb257bdd --output-directory experiments/rostam/results/publications/trusted-join-core-shared-overlap-primary --join-evidence experiments/rostam/results/shared-replay-20260720-r2 primary b6cd1aae4cfb2de020a840f941031d4a910d0d47d4c83aee1c09e0f5f6bc98db --join-evidence experiments/rostam/results/overlap-20260724-r1 primary 5b153d0452df5033261d81f01db74211a0cb87015694b25190d8aa69650507fd --baseline-config nccl-2.19.3-default --candidate-config nccl-2.20.5-default --median-threshold-pct 8.0 --median-absolute-threshold-us 1.0
measurement,COMPLETE,false,,shared-replay-20260720-r2,a402a4ec73ea3a182ab6bd5ec92e896600b16510dc4c1621c6defe9382ee149c,primary,a1e876861f7f9a315cb00a11a67414e6125078a68306c0b07a4a5d9f14b98d64,b6cd1aae4cfb2de020a840f941031d4a910d0d47d4c83aee1c09e0f5f6bc98db,c-shared-overlap-nccl-2.20.5-tree-l-r000004-d56ff9108fc1ef6a,d56ff9108fc1ef6a3b7d8080fa213fce583ef7a57a885015cb0038ed6ebfd38c,a-000001,4bf1281c6edfb7633856b4957541d0855c98416a7b07e624359e39758f8c56b3,nccl-2.20.5-tree-ll128,shared-overlap,4,156.672000,8192,commcanary.rostam.physical.overlap-measurement.v1,commcanary.rostam.physical.overlap-producer.v1,05ea240a5453da097b438184f768f00d5c52ec995946747797ed05bf9323fdb2,2855275288e67a1a2d0bbefff0740841fdf0ecf0,false,,8c5f30748596f665cca0bde76d4637074ffff3fa077387dd12b993cf98d2cee6,1341743bbebdd2a8b2019af0315b1846c4c2ca257c08d2b2f6aa543801881973,97416129d59f6b9c8aea17ea23ba99f3b12e71ffa73bc94b0ff7072eb383babb,commcanary-wheel=954c9fe0ef908a448b5343c91e7d58e8785fc20a7fd029b699ca0e252614304d;environment-lock=d4b8b2dc177cb09cea84a5b5a51c99d4510a3270fe70286d2133382fbc4abd8b;param-patch-contract=182942ecf6ed3c0ea267b1660a19be8601c16768640dd6ef3f112601a0b26f34;rostam-catalog=a4926ec9b012724b926fbc583b865bb083b7ad6526fee9ffc3e95129717195b8;shared-param-trace=3fd42fd79a1520df1f47125a1555699998a4cb76b7f0b40263ff01b2d05329bc,python -m experiments.rostam.analyze verify --run-directory experiments/rostam/results/core-20260724-r7 --selection-id primary --verdict-sha256 46d8012b3594c18c96ee1a3f1e063ceeaf5642068c6a6aa895e655bcfb257bdd --output-directory experiments/rostam/results/publications/trusted-join-core-shared-overlap-primary --join-evidence experiments/rostam/results/shared-replay-20260720-r2 primary b6cd1aae4cfb2de020a840f941031d4a910d0d47d4c83aee1c09e0f5f6bc98db --join-evidence experiments/rostam/results/overlap-20260724-r1 primary 5b153d0452df5033261d81f01db74211a0cb87015694b25190d8aa69650507fd --baseline-config nccl-2.19.3-default --candidate-config nccl-2.20.5-default --median-threshold-pct 8.0 --median-absolute-threshold-us 1.0
measurement,COMPLETE,false,,shared-replay-20260720-r2,a402a4ec73ea3a182ab6bd5ec92e896600b16510dc4c1621c6defe9382ee149c,primary,a1e876861f7f9a315cb00a11a67414e6125078a68306c0b07a4a5d9f14b98d64,b6cd1aae4cfb2de020a840f941031d4a910d0d47d4c83aee1c09e0f5f6bc98db,c-shared-overlap-nccl-2.20.5-tree-s-r000000-c7551302dbed84dd,c7551302dbed84dd933f8e08d366501754304ec10a80dbcd60eef6e0c05c4a8b,a-000001,91e3575abd0f289026fb920e3170de02e02f06b16c2c7ea06b18a3c071a6237d,nccl-2.20.5-tree-simple,shared-overlap,0,152.576000,8192,commcanary.rostam.physical.overlap-measurement.v1,commcanary.rostam.physical.overlap-producer.v1,1fcf62e074b2ce35044616b67a1b1aed6e50c5b25e798ab210db44676f8e1042,2855275288e67a1a2d0bbefff0740841fdf0ecf0,false,,8c5f30748596f665cca0bde76d4637074ffff3fa077387dd12b993cf98d2cee6,52e954edf46e7fe4e89bcd296f665cf05c0b980b4092be97c1693d50e0ea7eee,ad30fe0c2c24e0d9bf8049a56ccc6fbe286a667fbec5045e80e08a26e19d06b6,commcanary-wheel=954c9fe0ef908a448b5343c91e7d58e8785fc20a7fd029b699ca0e252614304d;environment-lock=d4b8b2dc177cb09cea84a5b5a51c99d4510a3270fe70286d2133382fbc4abd8b;param-patch-contract=182942ecf6ed3c0ea267b1660a19be8601c16768640dd6ef3f112601a0b26f34;rostam-catalog=a4926ec9b012724b926fbc583b865bb083b7ad6526fee9ffc3e95129717195b8;shared-param-trace=3fd42fd79a1520df1f47125a1555699998a4cb76b7f0b40263ff01b2d05329bc,python -m experiments.rostam.analyze verify --run-directory experiments/rostam/results/core-20260724-r7 --selection-id primary --verdict-sha256 46d8012b3594c18c96ee1a3f1e063ceeaf5642068c6a6aa895e655bcfb257bdd --output-directory experiments/rostam/results/publications/trusted-join-core-shared-overlap-primary --join-evidence experiments/rostam/results/shared-replay-20260720-r2 primary b6cd1aae4cfb2de020a840f941031d4a910d0d47d4c83aee1c09e0f5f6bc98db --join-evidence experiments/rostam/results/overlap-20260724-r1 primary 5b153d0452df5033261d81f01db74211a0cb87015694b25190d8aa69650507fd --baseline-config nccl-2.19.3-default --candidate-config nccl-2.20.5-default --median-threshold-pct 8.0 --median-absolute-threshold-us 1.0
measurement,COMPLETE,false,,shared-replay-20260720-r2,a402a4ec73ea3a182ab6bd5ec92e896600b16510dc4c1621c6defe9382ee149c,primary,a1e876861f7f9a315cb00a11a67414e6125078a68306c0b07a4a5d9f14b98d64,b6cd1aae4cfb2de020a840f941031d4a910d0d47d4c83aee1c09e0f5f6bc98db,c-shared-overlap-nccl-2.20.5-tree-s-r000001-6af1f4bf7e007b20,6af1f4bf7e007b20189a2e967d9497eff7c6aefe78aa7becd2e0dc81522c767c,a-000001,fb485d54e1c04ebccbcbbd6fff7ba3fb6b5250bf51ceea34ed93b84d60120176,nccl-2.20.5-tree-simple,shared-overlap,1,152.576000,8192,commcanary.rostam.physical.overlap-measurement.v1,commcanary.rostam.physical.overlap-producer.v1,76e7d57087429177b1ccba96cd086b5f196c1bad407d5389d0386c55995a7c7d,2855275288e67a1a2d0bbefff0740841fdf0ecf0,false,,8c5f30748596f665cca0bde76d4637074ffff3fa077387dd12b993cf98d2cee6,85fcc79ff74686ac4b94e28255e09db786406b43e1d3292ef504d9869fd84503,2b202301387b1ecd7d5027d71bedeaa95c7372287c0fe962b0007107d068a9b2,commcanary-wheel=954c9fe0ef908a448b5343c91e7d58e8785fc20a7fd029b699ca0e252614304d;environment-lock=d4b8b2dc177cb09cea84a5b5a51c99d4510a3270fe70286d2133382fbc4abd8b;param-patch-contract=182942ecf6ed3c0ea267b1660a19be8601c16768640dd6ef3f112601a0b26f34;rostam-catalog=a4926ec9b012724b926fbc583b865bb083b7ad6526fee9ffc3e95129717195b8;shared-param-trace=3fd42fd79a1520df1f47125a1555699998a4cb76b7f0b40263ff01b2d05329bc,python -m experiments.rostam.analyze verify --run-directory experiments/rostam/results/core-20260724-r7 --selection-id primary --verdict-sha256 46d8012b3594c18c96ee1a3f1e063ceeaf5642068c6a6aa895e655bcfb257bdd --output-directory experiments/rostam/results/publications/trusted-join-core-shared-overlap-primary --join-evidence experiments/rostam/results/shared-replay-20260720-r2 primary b6cd1aae4cfb2de020a840f941031d4a910d0d47d4c83aee1c09e0f5f6bc98db --join-evidence experiments/rostam/results/overlap-20260724-r1 primary 5b153d0452df5033261d81f01db74211a0cb87015694b25190d8aa69650507fd --baseline-config nccl-2.19.3-default --candidate-config nccl-2.20.5-default --median-threshold-pct 8.0 --median-absolute-threshold-us 1.0
measurement,COMPLETE,false,,shared-replay-20260720-r2,a402a4ec73ea3a182ab6bd5ec92e896600b16510dc4c1621c6defe9382ee149c,primary,a1e876861f7f9a315cb00a11a67414e6125078a68306c0b07a4a5d9f14b98d64,b6cd1aae4cfb2de020a840f941031d4a910d0d47d4c83aee1c09e0f5f6bc98db,c-shared-overlap-nccl-2.20.5-tree-s-r000002-bbcbe2a1c71451e1,bbcbe2a1c71451e1a0124da7f2d1ce831a3c5bec59ffd1fd6d3119a422b2f874,a-000001,607d003a54477ab8147caeb9573d70f909a12753c9a9a43cd35aacfd52a68598,nccl-2.20.5-tree-simple,shared-overlap,2,152.576000,8192,commcanary.rostam.physical.overlap-measurement.v1,commcanary.rostam.physical.overlap-producer.v1,b97122e44238738e00879bf3f0e6744699c684d13ce994c86f13456f8d3221c7,2855275288e67a1a2d0bbefff0740841fdf0ecf0,false,,8c5f30748596f665cca0bde76d4637074ffff3fa077387dd12b993cf98d2cee6,d716b703db91c8331bfe2d667ed0b71f30099ff05ba8ddad7e3a178d1452ce87,69a65a4d83b99de07f0528bd8de389a03faed0c2da8b63673b76b1d6adc3932f,commcanary-wheel=954c9fe0ef908a448b5343c91e7d58e8785fc20a7fd029b699ca0e252614304d;environment-lock=d4b8b2dc177cb09cea84a5b5a51c99d4510a3270fe70286d2133382fbc4abd8b;param-patch-contract=182942ecf6ed3c0ea267b1660a19be8601c16768640dd6ef3f112601a0b26f34;rostam-catalog=a4926ec9b012724b926fbc583b865bb083b7ad6526fee9ffc3e95129717195b8;shared-param-trace=3fd42fd79a1520df1f47125a1555699998a4cb76b7f0b40263ff01b2d05329bc,python -m experiments.rostam.analyze verify --run-directory experiments/rostam/results/core-20260724-r7 --selection-id primary --verdict-sha256 46d8012b3594c18c96ee1a3f1e063ceeaf5642068c6a6aa895e655bcfb257bdd --output-directory experiments/rostam/results/publications/trusted-join-core-shared-overlap-primary --join-evidence experiments/rostam/results/shared-replay-20260720-r2 primary b6cd1aae4cfb2de020a840f941031d4a910d0d47d4c83aee1c09e0f5f6bc98db --join-evidence experiments/rostam/results/overlap-20260724-r1 primary 5b153d0452df5033261d81f01db74211a0cb87015694b25190d8aa69650507fd --baseline-config nccl-2.19.3-default --candidate-config nccl-2.20.5-default --median-threshold-pct 8.0 --median-absolute-threshold-us 1.0
measurement,COMPLETE,false,,shared-replay-20260720-r2,a402a4ec73ea3a182ab6bd5ec92e896600b16510dc4c1621c6defe9382ee149c,primary,a1e876861f7f9a315cb00a11a67414e6125078a68306c0b07a4a5d9f14b98d64,b6cd1aae4cfb2de020a840f941031d4a910d0d47d4c83aee1c09e0f5f6bc98db,c-shared-overlap-nccl-2.20.5-tree-s-r000003-38fead51278b729f,38fead51278b729ffc4ec2cdea937808549301d3c9069bad4996aae32d9e4856,a-000001,6099baadabdfc93189d89f819d42bcb6cb02e6bd5e1755c76e00d6fdc03f7567,nccl-2.20.5-tree-simple,shared-overlap,3,152.576000,8192,commcanary.rostam.physical.overlap-measurement.v1,commcanary.rostam.physical.overlap-producer.v1,d1970a8f5dd45d9bd14180d303a831fd1b4635b77c0a69601bc3cdf86525c71c,2855275288e67a1a2d0bbefff0740841fdf0ecf0,false,,8c5f30748596f665cca0bde76d4637074ffff3fa077387dd12b993cf98d2cee6,3d6a399f10c2a507285ba6d933887bbefdd64be44a77027094e2f50fdb10bc8c,a22ab149e2391e50e45ac18f674c9767a289e5036e1cd4be366c7649b2f17b02,commcanary-wheel=954c9fe0ef908a448b5343c91e7d58e8785fc20a7fd029b699ca0e252614304d;environment-lock=d4b8b2dc177cb09cea84a5b5a51c99d4510a3270fe70286d2133382fbc4abd8b;param-patch-contract=182942ecf6ed3c0ea267b1660a19be8601c16768640dd6ef3f112601a0b26f34;rostam-catalog=a4926ec9b012724b926fbc583b865bb083b7ad6526fee9ffc3e95129717195b8;shared-param-trace=3fd42fd79a1520df1f47125a1555699998a4cb76b7f0b40263ff01b2d05329bc,python -m experiments.rostam.analyze verify --run-directory experiments/rostam/results/core-20260724-r7 --selection-id primary --verdict-sha256 46d8012b3594c18c96ee1a3f1e063ceeaf5642068c6a6aa895e655bcfb257bdd --output-directory experiments/rostam/results/publications/trusted-join-core-shared-overlap-primary --join-evidence experiments/rostam/results/shared-replay-20260720-r2 primary b6cd1aae4cfb2de020a840f941031d4a910d0d47d4c83aee1c09e0f5f6bc98db --join-evidence experiments/rostam/results/overlap-20260724-r1 primary 5b153d0452df5033261d81f01db74211a0cb87015694b25190d8aa69650507fd --baseline-config nccl-2.19.3-default --candidate-config nccl-2.20.5-default --median-threshold-pct 8.0 --median-absolute-threshold-us 1.0
measurement,COMPLETE,false,,shared-replay-20260720-r2,a402a4ec73ea3a182ab6bd5ec92e896600b16510dc4c1621c6defe9382ee149c,primary,a1e876861f7f9a315cb00a11a67414e6125078a68306c0b07a4a5d9f14b98d64,b6cd1aae4cfb2de020a840f941031d4a910d0d47d4c83aee1c09e0f5f6bc98db,c-shared-overlap-nccl-2.20.5-tree-s-r000004-c0e6fd51ac42fca0,c0e6fd51ac42fca0883202b9fe95a39d563506c6e7d8c6d0e327a6f522c56021,a-000001,2b4eb8905994176740a5f457ee00cd3095fa8150d1a8fef53f367b227579cf69,nccl-2.20.5-tree-simple,shared-overlap,4,152.576000,8192,commcanary.rostam.physical.overlap-measurement.v1,commcanary.rostam.physical.overlap-producer.v1,de725ac6112632361bf324f87a13a7e652d5434f6e44b1a42b7309daf4b3b1d9,2855275288e67a1a2d0bbefff0740841fdf0ecf0,false,,8c5f30748596f665cca0bde76d4637074ffff3fa077387dd12b993cf98d2cee6,6db17b8a19d1ff2dc28b5520ce6f8d311137220ddb73c266877f4df4192e8827,7ce1f2d4d9c0b214467a8c06fb8555f8c4f0ee77947d6cb7bcf31b6de694a175,commcanary-wheel=954c9fe0ef908a448b5343c91e7d58e8785fc20a7fd029b699ca0e252614304d;environment-lock=d4b8b2dc177cb09cea84a5b5a51c99d4510a3270fe70286d2133382fbc4abd8b;param-patch-contract=182942ecf6ed3c0ea267b1660a19be8601c16768640dd6ef3f112601a0b26f34;rostam-catalog=a4926ec9b012724b926fbc583b865bb083b7ad6526fee9ffc3e95129717195b8;shared-param-trace=3fd42fd79a1520df1f47125a1555699998a4cb76b7f0b40263ff01b2d05329bc,python -m experiments.rostam.analyze verify --run-directory experiments/rostam/results/core-20260724-r7 --selection-id primary --verdict-sha256 46d8012b3594c18c96ee1a3f1e063ceeaf5642068c6a6aa895e655bcfb257bdd --output-directory experiments/rostam/results/publications/trusted-join-core-shared-overlap-primary --join-evidence experiments/rostam/results/shared-replay-20260720-r2 primary b6cd1aae4cfb2de020a840f941031d4a910d0d47d4c83aee1c09e0f5f6bc98db --join-evidence experiments/rostam/results/overlap-20260724-r1 primary 5b153d0452df5033261d81f01db74211a0cb87015694b25190d8aa69650507fd --baseline-config nccl-2.19.3-default --candidate-config nccl-2.20.5-default --median-threshold-pct 8.0 --median-absolute-threshold-us 1.0
