record_kind,completeness,allow_incomplete,issue_codes,run_id,manifest_sha256,selection_id,selection_sha256,verdict_sha256,cell_id,cell_identity_sha256,attempt_id,attempt_record_sha256,configuration_id,workload_id,repetition,value_us,sample_count,measurement_schema,producer_schema,measurement_artifact_sha256,repository_commit,repository_dirty,repository_patch_sha256,source_archive_sha256,environment_sha256,execution_identity_sha256,input_hashes,regeneration_command
campaign,COMPLETE,false,,overlap-20260724-r1,5d5eb9f4822e14f86023106742efdd48823b20b6a7cb866c3370367aced31d17,primary,e012e40613f57db8dc38d519dd85b85864f99dd3f95724b8cf0f7c62996239d9,5b153d0452df5033261d81f01db74211a0cb87015694b25190d8aa69650507fd,,,,,,,,,,,,,2855275288e67a1a2d0bbefff0740841fdf0ecf0,false,,8c5f30748596f665cca0bde76d4637074ffff3fa077387dd12b993cf98d2cee6,,,commcanary-wheel=954c9fe0ef908a448b5343c91e7d58e8785fc20a7fd029b699ca0e252614304d;environment-lock=d4b8b2dc177cb09cea84a5b5a51c99d4510a3270fe70286d2133382fbc4abd8b;gemm-calibration=cc4952da314e43f9885fd24dd85afa97440b0007edb2b0d6773d96f2b2deeecf;param-patch-contract=182942ecf6ed3c0ea267b1660a19be8601c16768640dd6ef3f112601a0b26f34;rostam-catalog=a4926ec9b012724b926fbc583b865bb083b7ad6526fee9ffc3e95129717195b8,python -m experiments.rostam.analyze verify --run-directory experiments/rostam/results/overlap-20260724-r1 --selection-id primary --verdict-sha256 5b153d0452df5033261d81f01db74211a0cb87015694b25190d8aa69650507fd --output-directory experiments/rostam/results/publications/overlap-20260724-r1-primary --archive-descriptor experiments/rostam/results/archives/overlap-20260724-r1-primary-5b153d0452df5033261d81f01db74211a0cb87015694b25190d8aa69650507fd.raw-archive-descriptor.json --raw-archive experiments/rostam/results/archives/overlap-20260724-r1-primary-5b153d0452df5033261d81f01db74211a0cb87015694b25190d8aa69650507fd.raw.tar.gz --baseline-config nccl-2.19.3-default --candidate-config nccl-2.20.5-default --median-threshold-pct 8.0 --median-absolute-threshold-us 1.0
measurement,COMPLETE,false,,overlap-20260724-r1,5d5eb9f4822e14f86023106742efdd48823b20b6a7cb866c3370367aced31d17,primary,e012e40613f57db8dc38d519dd85b85864f99dd3f95724b8cf0f7c62996239d9,5b153d0452df5033261d81f01db74211a0cb87015694b25190d8aa69650507fd,c-canary-overlap-nccl-2.19.3-defaul-r000000-24e2357b122098ce,24e2357b122098ceb25977a3e81a4dc90f6cecb6d6a7a03d6fd6c296643c19c1,a-000001,0f4af0be53b84bf8127fd34d15b48339d32a4f3809cb222adc1e0b646e0307d9,nccl-2.19.3-default,canary-overlap,0,145.408000,8192,commcanary.rostam.physical.overlap-measurement.v1,commcanary.rostam.physical.overlap-producer.v1,d5c3c49d364f6fbd841c23aa5f97e2de67263dce51c05751fce6311bca866366,2855275288e67a1a2d0bbefff0740841fdf0ecf0,false,,8c5f30748596f665cca0bde76d4637074ffff3fa077387dd12b993cf98d2cee6,c298d01d33f50bd79beb8b6f08b88d5d7d4ae75d120814bc8c73281ee54ac600,8053820cbbf788c8eae65da8de85229c3acb62cbdcb8ea3b21a4a1836479af40,commcanary-wheel=954c9fe0ef908a448b5343c91e7d58e8785fc20a7fd029b699ca0e252614304d;environment-lock=d4b8b2dc177cb09cea84a5b5a51c99d4510a3270fe70286d2133382fbc4abd8b;gemm-calibration=cc4952da314e43f9885fd24dd85afa97440b0007edb2b0d6773d96f2b2deeecf;param-patch-contract=182942ecf6ed3c0ea267b1660a19be8601c16768640dd6ef3f112601a0b26f34;rostam-catalog=a4926ec9b012724b926fbc583b865bb083b7ad6526fee9ffc3e95129717195b8,python -m experiments.rostam.analyze verify --run-directory experiments/rostam/results/overlap-20260724-r1 --selection-id primary --verdict-sha256 5b153d0452df5033261d81f01db74211a0cb87015694b25190d8aa69650507fd --output-directory experiments/rostam/results/publications/overlap-20260724-r1-primary --archive-descriptor experiments/rostam/results/archives/overlap-20260724-r1-primary-5b153d0452df5033261d81f01db74211a0cb87015694b25190d8aa69650507fd.raw-archive-descriptor.json --raw-archive experiments/rostam/results/archives/overlap-20260724-r1-primary-5b153d0452df5033261d81f01db74211a0cb87015694b25190d8aa69650507fd.raw.tar.gz --baseline-config nccl-2.19.3-default --candidate-config nccl-2.20.5-default --median-threshold-pct 8.0 --median-absolute-threshold-us 1.0
measurement,COMPLETE,false,,overlap-20260724-r1,5d5eb9f4822e14f86023106742efdd48823b20b6a7cb866c3370367aced31d17,primary,e012e40613f57db8dc38d519dd85b85864f99dd3f95724b8cf0f7c62996239d9,5b153d0452df5033261d81f01db74211a0cb87015694b25190d8aa69650507fd,c-canary-overlap-nccl-2.19.3-defaul-r000001-6015fd808b09ffee,6015fd808b09ffeee9f05565ae3681942ced94306eb510a9d697363a08e79aea,a-000001,a8680057b46a525d713d7d867d3ec80f7b0c854a9ebe5b4aa4e4eed0d5426067,nccl-2.19.3-default,canary-overlap,1,144.384000,8192,commcanary.rostam.physical.overlap-measurement.v1,commcanary.rostam.physical.overlap-producer.v1,bff0c8d25f68e1d0337685b944381a921198f97c524096aa8053a104f1354eee,2855275288e67a1a2d0bbefff0740841fdf0ecf0,false,,8c5f30748596f665cca0bde76d4637074ffff3fa077387dd12b993cf98d2cee6,f0c2536e1d9ed06b18d34ddc11d0a0c4b3bc2c8869435f0513bf3f6b98940b86,2bac2ec82f689202720886b490453bbbc90b79fd78c8f093777cd06ff20adf33,commcanary-wheel=954c9fe0ef908a448b5343c91e7d58e8785fc20a7fd029b699ca0e252614304d;environment-lock=d4b8b2dc177cb09cea84a5b5a51c99d4510a3270fe70286d2133382fbc4abd8b;gemm-calibration=cc4952da314e43f9885fd24dd85afa97440b0007edb2b0d6773d96f2b2deeecf;param-patch-contract=182942ecf6ed3c0ea267b1660a19be8601c16768640dd6ef3f112601a0b26f34;rostam-catalog=a4926ec9b012724b926fbc583b865bb083b7ad6526fee9ffc3e95129717195b8,python -m experiments.rostam.analyze verify --run-directory experiments/rostam/results/overlap-20260724-r1 --selection-id primary --verdict-sha256 5b153d0452df5033261d81f01db74211a0cb87015694b25190d8aa69650507fd --output-directory experiments/rostam/results/publications/overlap-20260724-r1-primary --archive-descriptor experiments/rostam/results/archives/overlap-20260724-r1-primary-5b153d0452df5033261d81f01db74211a0cb87015694b25190d8aa69650507fd.raw-archive-descriptor.json --raw-archive experiments/rostam/results/archives/overlap-20260724-r1-primary-5b153d0452df5033261d81f01db74211a0cb87015694b25190d8aa69650507fd.raw.tar.gz --baseline-config nccl-2.19.3-default --candidate-config nccl-2.20.5-default --median-threshold-pct 8.0 --median-absolute-threshold-us 1.0
measurement,COMPLETE,false,,overlap-20260724-r1,5d5eb9f4822e14f86023106742efdd48823b20b6a7cb866c3370367aced31d17,primary,e012e40613f57db8dc38d519dd85b85864f99dd3f95724b8cf0f7c62996239d9,5b153d0452df5033261d81f01db74211a0cb87015694b25190d8aa69650507fd,c-canary-overlap-nccl-2.19.3-defaul-r000002-73d38e80021ccf20,73d38e80021ccf20b624f78f26dbb0264da9ec80c199cc658e32ad94dd43cf39,a-000001,33301996649025c5510f4301e9b197c1cc68d1d576aaa98c585eb0a0820b6371,nccl-2.19.3-default,canary-overlap,2,128.000000,8192,commcanary.rostam.physical.overlap-measurement.v1,commcanary.rostam.physical.overlap-producer.v1,cd997e4054f6595c0ee677087d1ebc99e49b902421443d89148caecb62c38e96,2855275288e67a1a2d0bbefff0740841fdf0ecf0,false,,8c5f30748596f665cca0bde76d4637074ffff3fa077387dd12b993cf98d2cee6,1bbb5bd07e0da7c65fb3d1a880ff63b4be673c88cd30b623ecd2d869c8366f14,827c0519e13789a11c1ec8d6e4e107063f0e9e64076ad841f256a439ace2e703,commcanary-wheel=954c9fe0ef908a448b5343c91e7d58e8785fc20a7fd029b699ca0e252614304d;environment-lock=d4b8b2dc177cb09cea84a5b5a51c99d4510a3270fe70286d2133382fbc4abd8b;gemm-calibration=cc4952da314e43f9885fd24dd85afa97440b0007edb2b0d6773d96f2b2deeecf;param-patch-contract=182942ecf6ed3c0ea267b1660a19be8601c16768640dd6ef3f112601a0b26f34;rostam-catalog=a4926ec9b012724b926fbc583b865bb083b7ad6526fee9ffc3e95129717195b8,python -m experiments.rostam.analyze verify --run-directory experiments/rostam/results/overlap-20260724-r1 --selection-id primary --verdict-sha256 5b153d0452df5033261d81f01db74211a0cb87015694b25190d8aa69650507fd --output-directory experiments/rostam/results/publications/overlap-20260724-r1-primary --archive-descriptor experiments/rostam/results/archives/overlap-20260724-r1-primary-5b153d0452df5033261d81f01db74211a0cb87015694b25190d8aa69650507fd.raw-archive-descriptor.json --raw-archive experiments/rostam/results/archives/overlap-20260724-r1-primary-5b153d0452df5033261d81f01db74211a0cb87015694b25190d8aa69650507fd.raw.tar.gz --baseline-config nccl-2.19.3-default --candidate-config nccl-2.20.5-default --median-threshold-pct 8.0 --median-absolute-threshold-us 1.0
measurement,COMPLETE,false,,overlap-20260724-r1,5d5eb9f4822e14f86023106742efdd48823b20b6a7cb866c3370367aced31d17,primary,e012e40613f57db8dc38d519dd85b85864f99dd3f95724b8cf0f7c62996239d9,5b153d0452df5033261d81f01db74211a0cb87015694b25190d8aa69650507fd,c-canary-overlap-nccl-2.19.3-defaul-r000003-8b12264e9f3b5467,8b12264e9f3b546794f5446177062cb634ad9849430bfcdac3e99a14786ce8a4,a-000001,595a710b728264232cee6c9d4017a075c9ec42f5aeb9e8c8d4d29a2ede9d05c8,nccl-2.19.3-default,canary-overlap,3,146.432000,8192,commcanary.rostam.physical.overlap-measurement.v1,commcanary.rostam.physical.overlap-producer.v1,396192e8b647bc29888d0e7dddcec3e7396db8fb0f53b95c06e1c5a31fda535b,2855275288e67a1a2d0bbefff0740841fdf0ecf0,false,,8c5f30748596f665cca0bde76d4637074ffff3fa077387dd12b993cf98d2cee6,1ab35ed8472b7e70d064b64e05c9e811ec9824d237ab2be8f648c234673c8094,3e57bacd8cfd787b89782fe927e8d2b11fc3df01068cf9de6c69a8ff2bafac0f,commcanary-wheel=954c9fe0ef908a448b5343c91e7d58e8785fc20a7fd029b699ca0e252614304d;environment-lock=d4b8b2dc177cb09cea84a5b5a51c99d4510a3270fe70286d2133382fbc4abd8b;gemm-calibration=cc4952da314e43f9885fd24dd85afa97440b0007edb2b0d6773d96f2b2deeecf;param-patch-contract=182942ecf6ed3c0ea267b1660a19be8601c16768640dd6ef3f112601a0b26f34;rostam-catalog=a4926ec9b012724b926fbc583b865bb083b7ad6526fee9ffc3e95129717195b8,python -m experiments.rostam.analyze verify --run-directory experiments/rostam/results/overlap-20260724-r1 --selection-id primary --verdict-sha256 5b153d0452df5033261d81f01db74211a0cb87015694b25190d8aa69650507fd --output-directory experiments/rostam/results/publications/overlap-20260724-r1-primary --archive-descriptor experiments/rostam/results/archives/overlap-20260724-r1-primary-5b153d0452df5033261d81f01db74211a0cb87015694b25190d8aa69650507fd.raw-archive-descriptor.json --raw-archive experiments/rostam/results/archives/overlap-20260724-r1-primary-5b153d0452df5033261d81f01db74211a0cb87015694b25190d8aa69650507fd.raw.tar.gz --baseline-config nccl-2.19.3-default --candidate-config nccl-2.20.5-default --median-threshold-pct 8.0 --median-absolute-threshold-us 1.0
measurement,COMPLETE,false,,overlap-20260724-r1,5d5eb9f4822e14f86023106742efdd48823b20b6a7cb866c3370367aced31d17,primary,e012e40613f57db8dc38d519dd85b85864f99dd3f95724b8cf0f7c62996239d9,5b153d0452df5033261d81f01db74211a0cb87015694b25190d8aa69650507fd,c-canary-overlap-nccl-2.19.3-defaul-r000004-a12f0cbd8f6f2354,a12f0cbd8f6f23544df784a352b1418d5137da1341d19e47b68001cb5a3471b7,a-000001,c0502c78b14c10944fc4261195bbd965243c840c1b057b656c9ff470ca1e5e1a,nccl-2.19.3-default,canary-overlap,4,145.408000,8192,commcanary.rostam.physical.overlap-measurement.v1,commcanary.rostam.physical.overlap-producer.v1,4ac605818653cac2e1a0e7d46a9efb978ddeeb2663899236122429fa13017a01,2855275288e67a1a2d0bbefff0740841fdf0ecf0,false,,8c5f30748596f665cca0bde76d4637074ffff3fa077387dd12b993cf98d2cee6,79c1823a8d4a7ceeb83bb903852803a76ec3356cc61988e08001a6967614a8aa,607a95d5c4db69c90fed46f44e0a2722a37ee439d077db636907aab3e06e392e,commcanary-wheel=954c9fe0ef908a448b5343c91e7d58e8785fc20a7fd029b699ca0e252614304d;environment-lock=d4b8b2dc177cb09cea84a5b5a51c99d4510a3270fe70286d2133382fbc4abd8b;gemm-calibration=cc4952da314e43f9885fd24dd85afa97440b0007edb2b0d6773d96f2b2deeecf;param-patch-contract=182942ecf6ed3c0ea267b1660a19be8601c16768640dd6ef3f112601a0b26f34;rostam-catalog=a4926ec9b012724b926fbc583b865bb083b7ad6526fee9ffc3e95129717195b8,python -m experiments.rostam.analyze verify --run-directory experiments/rostam/results/overlap-20260724-r1 --selection-id primary --verdict-sha256 5b153d0452df5033261d81f01db74211a0cb87015694b25190d8aa69650507fd --output-directory experiments/rostam/results/publications/overlap-20260724-r1-primary --archive-descriptor experiments/rostam/results/archives/overlap-20260724-r1-primary-5b153d0452df5033261d81f01db74211a0cb87015694b25190d8aa69650507fd.raw-archive-descriptor.json --raw-archive experiments/rostam/results/archives/overlap-20260724-r1-primary-5b153d0452df5033261d81f01db74211a0cb87015694b25190d8aa69650507fd.raw.tar.gz --baseline-config nccl-2.19.3-default --candidate-config nccl-2.20.5-default --median-threshold-pct 8.0 --median-absolute-threshold-us 1.0
measurement,COMPLETE,false,,overlap-20260724-r1,5d5eb9f4822e14f86023106742efdd48823b20b6a7cb866c3370367aced31d17,primary,e012e40613f57db8dc38d519dd85b85864f99dd3f95724b8cf0f7c62996239d9,5b153d0452df5033261d81f01db74211a0cb87015694b25190d8aa69650507fd,c-canary-overlap-nccl-2.20.5-defaul-r000000-65453e78cdd80a57,65453e78cdd80a576d33971c19e7ce38b2c2a93bcc27d29696571f91391de9e6,a-000001,0a296d44e4695eaf6c2e76b5e07121c2908a4e80104793491e8309489738c25c,nccl-2.20.5-default,canary-overlap,0,145.408000,8192,commcanary.rostam.physical.overlap-measurement.v1,commcanary.rostam.physical.overlap-producer.v1,944967959b82226ad2e2707cf9bb1e680fd00c950de5fa8a5df71fd36349e143,2855275288e67a1a2d0bbefff0740841fdf0ecf0,false,,8c5f30748596f665cca0bde76d4637074ffff3fa077387dd12b993cf98d2cee6,a86e02eb4a8dcaedbd1573e612377c28f2d25f325aac4f7b0684ff76f77f6d73,438478cf36f8aa2ebb43fd49b212ec0d8f0fc056cde9cbdbe219eb0ff91a95cf,commcanary-wheel=954c9fe0ef908a448b5343c91e7d58e8785fc20a7fd029b699ca0e252614304d;environment-lock=d4b8b2dc177cb09cea84a5b5a51c99d4510a3270fe70286d2133382fbc4abd8b;gemm-calibration=cc4952da314e43f9885fd24dd85afa97440b0007edb2b0d6773d96f2b2deeecf;param-patch-contract=182942ecf6ed3c0ea267b1660a19be8601c16768640dd6ef3f112601a0b26f34;rostam-catalog=a4926ec9b012724b926fbc583b865bb083b7ad6526fee9ffc3e95129717195b8,python -m experiments.rostam.analyze verify --run-directory experiments/rostam/results/overlap-20260724-r1 --selection-id primary --verdict-sha256 5b153d0452df5033261d81f01db74211a0cb87015694b25190d8aa69650507fd --output-directory experiments/rostam/results/publications/overlap-20260724-r1-primary --archive-descriptor experiments/rostam/results/archives/overlap-20260724-r1-primary-5b153d0452df5033261d81f01db74211a0cb87015694b25190d8aa69650507fd.raw-archive-descriptor.json --raw-archive experiments/rostam/results/archives/overlap-20260724-r1-primary-5b153d0452df5033261d81f01db74211a0cb87015694b25190d8aa69650507fd.raw.tar.gz --baseline-config nccl-2.19.3-default --candidate-config nccl-2.20.5-default --median-threshold-pct 8.0 --median-absolute-threshold-us 1.0
measurement,COMPLETE,false,,overlap-20260724-r1,5d5eb9f4822e14f86023106742efdd48823b20b6a7cb866c3370367aced31d17,primary,e012e40613f57db8dc38d519dd85b85864f99dd3f95724b8cf0f7c62996239d9,5b153d0452df5033261d81f01db74211a0cb87015694b25190d8aa69650507fd,c-canary-overlap-nccl-2.20.5-defaul-r000001-34621c0aa9b7a28b,34621c0aa9b7a28b4145dbd4e270cd7f56e1fbd34b793256bc488ff3f623fe44,a-000001,efa0ce59e1fa055634010f0993c14f4802280db168a79412e98a5834d1f2f82a,nccl-2.20.5-default,canary-overlap,1,145.408000,8192,commcanary.rostam.physical.overlap-measurement.v1,commcanary.rostam.physical.overlap-producer.v1,b61e834d3f667db1e64958588ce26cebe733e433957ebc27caf28b722686976e,2855275288e67a1a2d0bbefff0740841fdf0ecf0,false,,8c5f30748596f665cca0bde76d4637074ffff3fa077387dd12b993cf98d2cee6,0c8b39b25715020cac497ba0e493e45fbb81ee1bb9740aaa53a5394d5e3a7bd2,45d30e460ae065788aded0e32fc0d6e164ccfa452e2e7245b4e0289b03d61983,commcanary-wheel=954c9fe0ef908a448b5343c91e7d58e8785fc20a7fd029b699ca0e252614304d;environment-lock=d4b8b2dc177cb09cea84a5b5a51c99d4510a3270fe70286d2133382fbc4abd8b;gemm-calibration=cc4952da314e43f9885fd24dd85afa97440b0007edb2b0d6773d96f2b2deeecf;param-patch-contract=182942ecf6ed3c0ea267b1660a19be8601c16768640dd6ef3f112601a0b26f34;rostam-catalog=a4926ec9b012724b926fbc583b865bb083b7ad6526fee9ffc3e95129717195b8,python -m experiments.rostam.analyze verify --run-directory experiments/rostam/results/overlap-20260724-r1 --selection-id primary --verdict-sha256 5b153d0452df5033261d81f01db74211a0cb87015694b25190d8aa69650507fd --output-directory experiments/rostam/results/publications/overlap-20260724-r1-primary --archive-descriptor experiments/rostam/results/archives/overlap-20260724-r1-primary-5b153d0452df5033261d81f01db74211a0cb87015694b25190d8aa69650507fd.raw-archive-descriptor.json --raw-archive experiments/rostam/results/archives/overlap-20260724-r1-primary-5b153d0452df5033261d81f01db74211a0cb87015694b25190d8aa69650507fd.raw.tar.gz --baseline-config nccl-2.19.3-default --candidate-config nccl-2.20.5-default --median-threshold-pct 8.0 --median-absolute-threshold-us 1.0
measurement,COMPLETE,false,,overlap-20260724-r1,5d5eb9f4822e14f86023106742efdd48823b20b6a7cb866c3370367aced31d17,primary,e012e40613f57db8dc38d519dd85b85864f99dd3f95724b8cf0f7c62996239d9,5b153d0452df5033261d81f01db74211a0cb87015694b25190d8aa69650507fd,c-canary-overlap-nccl-2.20.5-defaul-r000002-d660979dbaac2c64,d660979dbaac2c64eb881614e6b2ac5149d8709c1343a8ea6a9b4905e4c46130,a-000001,ed506b38266cbdfd4f8f90eea2974e94727200adb46311d9ab66d971fe56d2a8,nccl-2.20.5-default,canary-overlap,2,146.432000,8192,commcanary.rostam.physical.overlap-measurement.v1,commcanary.rostam.physical.overlap-producer.v1,40b3f7ad8d9f1b0d0504cccc432236d5f30ec7de35e4cc78a9172cf7bcd2297c,2855275288e67a1a2d0bbefff0740841fdf0ecf0,false,,8c5f30748596f665cca0bde76d4637074ffff3fa077387dd12b993cf98d2cee6,2a19c8bc24c558a00c069b4752155e1389d38024126e3ccc8da363ffcff603a3,3a01456f6bdbfb5a981b18a884271a97374169eca6d8dc4212c902f590cf1eea,commcanary-wheel=954c9fe0ef908a448b5343c91e7d58e8785fc20a7fd029b699ca0e252614304d;environment-lock=d4b8b2dc177cb09cea84a5b5a51c99d4510a3270fe70286d2133382fbc4abd8b;gemm-calibration=cc4952da314e43f9885fd24dd85afa97440b0007edb2b0d6773d96f2b2deeecf;param-patch-contract=182942ecf6ed3c0ea267b1660a19be8601c16768640dd6ef3f112601a0b26f34;rostam-catalog=a4926ec9b012724b926fbc583b865bb083b7ad6526fee9ffc3e95129717195b8,python -m experiments.rostam.analyze verify --run-directory experiments/rostam/results/overlap-20260724-r1 --selection-id primary --verdict-sha256 5b153d0452df5033261d81f01db74211a0cb87015694b25190d8aa69650507fd --output-directory experiments/rostam/results/publications/overlap-20260724-r1-primary --archive-descriptor experiments/rostam/results/archives/overlap-20260724-r1-primary-5b153d0452df5033261d81f01db74211a0cb87015694b25190d8aa69650507fd.raw-archive-descriptor.json --raw-archive experiments/rostam/results/archives/overlap-20260724-r1-primary-5b153d0452df5033261d81f01db74211a0cb87015694b25190d8aa69650507fd.raw.tar.gz --baseline-config nccl-2.19.3-default --candidate-config nccl-2.20.5-default --median-threshold-pct 8.0 --median-absolute-threshold-us 1.0
measurement,COMPLETE,false,,overlap-20260724-r1,5d5eb9f4822e14f86023106742efdd48823b20b6a7cb866c3370367aced31d17,primary,e012e40613f57db8dc38d519dd85b85864f99dd3f95724b8cf0f7c62996239d9,5b153d0452df5033261d81f01db74211a0cb87015694b25190d8aa69650507fd,c-canary-overlap-nccl-2.20.5-defaul-r000003-83c1506f54af615f,83c1506f54af615f7b97f435257900237cc466d12103c80c196ec67191370787,a-000001,bd44316c46b0ffac5fece85db1676b5779236924c8f8f5a17d185067f7db18bb,nccl-2.20.5-default,canary-overlap,3,145.408000,8192,commcanary.rostam.physical.overlap-measurement.v1,commcanary.rostam.physical.overlap-producer.v1,efd7860002b2cd9ecf505052a58b8f72d71c6e4e79c3c6b072e1f1226f2a6a70,2855275288e67a1a2d0bbefff0740841fdf0ecf0,false,,8c5f30748596f665cca0bde76d4637074ffff3fa077387dd12b993cf98d2cee6,35dedcea9888dc61f087cda785069f4e63ce17ed5592dbb4a5e0137377c149bd,f9c54fb7c15441c06b6e4e398157efa9db58d2fa7f962418216de192dfc5cca2,commcanary-wheel=954c9fe0ef908a448b5343c91e7d58e8785fc20a7fd029b699ca0e252614304d;environment-lock=d4b8b2dc177cb09cea84a5b5a51c99d4510a3270fe70286d2133382fbc4abd8b;gemm-calibration=cc4952da314e43f9885fd24dd85afa97440b0007edb2b0d6773d96f2b2deeecf;param-patch-contract=182942ecf6ed3c0ea267b1660a19be8601c16768640dd6ef3f112601a0b26f34;rostam-catalog=a4926ec9b012724b926fbc583b865bb083b7ad6526fee9ffc3e95129717195b8,python -m experiments.rostam.analyze verify --run-directory experiments/rostam/results/overlap-20260724-r1 --selection-id primary --verdict-sha256 5b153d0452df5033261d81f01db74211a0cb87015694b25190d8aa69650507fd --output-directory experiments/rostam/results/publications/overlap-20260724-r1-primary --archive-descriptor experiments/rostam/results/archives/overlap-20260724-r1-primary-5b153d0452df5033261d81f01db74211a0cb87015694b25190d8aa69650507fd.raw-archive-descriptor.json --raw-archive experiments/rostam/results/archives/overlap-20260724-r1-primary-5b153d0452df5033261d81f01db74211a0cb87015694b25190d8aa69650507fd.raw.tar.gz --baseline-config nccl-2.19.3-default --candidate-config nccl-2.20.5-default --median-threshold-pct 8.0 --median-absolute-threshold-us 1.0
measurement,COMPLETE,false,,overlap-20260724-r1,5d5eb9f4822e14f86023106742efdd48823b20b6a7cb866c3370367aced31d17,primary,e012e40613f57db8dc38d519dd85b85864f99dd3f95724b8cf0f7c62996239d9,5b153d0452df5033261d81f01db74211a0cb87015694b25190d8aa69650507fd,c-canary-overlap-nccl-2.20.5-defaul-r000004-0b3482443616c8c1,0b3482443616c8c1bc506f1884d143cceea0678af5840df9933ec69303e4cfed,a-000001,df57b12cad48898210c1847e73da18cccdb6a8573ec1ff3d92442065c50240a0,nccl-2.20.5-default,canary-overlap,4,144.384000,8192,commcanary.rostam.physical.overlap-measurement.v1,commcanary.rostam.physical.overlap-producer.v1,ec626a6f4018d09e73cad4100d038a7fa57ddc63ec3c9af316b9c8700d5550de,2855275288e67a1a2d0bbefff0740841fdf0ecf0,false,,8c5f30748596f665cca0bde76d4637074ffff3fa077387dd12b993cf98d2cee6,84dc9a077028434272278a68d777eea07cb61662ca448347396b0de8cd5c225e,2986e86c59b3786c1334511c3e6c5effa7ef045298245d63323ed46d8f1e87eb,commcanary-wheel=954c9fe0ef908a448b5343c91e7d58e8785fc20a7fd029b699ca0e252614304d;environment-lock=d4b8b2dc177cb09cea84a5b5a51c99d4510a3270fe70286d2133382fbc4abd8b;gemm-calibration=cc4952da314e43f9885fd24dd85afa97440b0007edb2b0d6773d96f2b2deeecf;param-patch-contract=182942ecf6ed3c0ea267b1660a19be8601c16768640dd6ef3f112601a0b26f34;rostam-catalog=a4926ec9b012724b926fbc583b865bb083b7ad6526fee9ffc3e95129717195b8,python -m experiments.rostam.analyze verify --run-directory experiments/rostam/results/overlap-20260724-r1 --selection-id primary --verdict-sha256 5b153d0452df5033261d81f01db74211a0cb87015694b25190d8aa69650507fd --output-directory experiments/rostam/results/publications/overlap-20260724-r1-primary --archive-descriptor experiments/rostam/results/archives/overlap-20260724-r1-primary-5b153d0452df5033261d81f01db74211a0cb87015694b25190d8aa69650507fd.raw-archive-descriptor.json --raw-archive experiments/rostam/results/archives/overlap-20260724-r1-primary-5b153d0452df5033261d81f01db74211a0cb87015694b25190d8aa69650507fd.raw.tar.gz --baseline-config nccl-2.19.3-default --candidate-config nccl-2.20.5-default --median-threshold-pct 8.0 --median-absolute-threshold-us 1.0
measurement,COMPLETE,false,,overlap-20260724-r1,5d5eb9f4822e14f86023106742efdd48823b20b6a7cb866c3370367aced31d17,primary,e012e40613f57db8dc38d519dd85b85864f99dd3f95724b8cf0f7c62996239d9,5b153d0452df5033261d81f01db74211a0cb87015694b25190d8aa69650507fd,c-canary-overlap-nccl-2.20.5-ring-l-r000000-8a3026014e915340,8a3026014e9153407f1785eb924d414d49ff81dd0c003fdddd9a1c58b6f20232,a-000001,fdef56fdace871ea67e573f1096d9b124b3dd1a4cbd016c6ec4a0d547127b430,nccl-2.20.5-ring-ll128,canary-overlap,0,144.384000,8192,commcanary.rostam.physical.overlap-measurement.v1,commcanary.rostam.physical.overlap-producer.v1,7041b4e9d5845d7a3b6ed102b1d40e9d28e834a1ac0233237729dc381c8f8d69,2855275288e67a1a2d0bbefff0740841fdf0ecf0,false,,8c5f30748596f665cca0bde76d4637074ffff3fa077387dd12b993cf98d2cee6,4e9ac2aa58f255bf236297ff33797de0aa4086d5c7d5f8e9b89b9f03ef87bc99,f93093b5845dd35e296a9516369e5f77777674f2471cdd88663365e8fb0f12f8,commcanary-wheel=954c9fe0ef908a448b5343c91e7d58e8785fc20a7fd029b699ca0e252614304d;environment-lock=d4b8b2dc177cb09cea84a5b5a51c99d4510a3270fe70286d2133382fbc4abd8b;gemm-calibration=cc4952da314e43f9885fd24dd85afa97440b0007edb2b0d6773d96f2b2deeecf;param-patch-contract=182942ecf6ed3c0ea267b1660a19be8601c16768640dd6ef3f112601a0b26f34;rostam-catalog=a4926ec9b012724b926fbc583b865bb083b7ad6526fee9ffc3e95129717195b8,python -m experiments.rostam.analyze verify --run-directory experiments/rostam/results/overlap-20260724-r1 --selection-id primary --verdict-sha256 5b153d0452df5033261d81f01db74211a0cb87015694b25190d8aa69650507fd --output-directory experiments/rostam/results/publications/overlap-20260724-r1-primary --archive-descriptor experiments/rostam/results/archives/overlap-20260724-r1-primary-5b153d0452df5033261d81f01db74211a0cb87015694b25190d8aa69650507fd.raw-archive-descriptor.json --raw-archive experiments/rostam/results/archives/overlap-20260724-r1-primary-5b153d0452df5033261d81f01db74211a0cb87015694b25190d8aa69650507fd.raw.tar.gz --baseline-config nccl-2.19.3-default --candidate-config nccl-2.20.5-default --median-threshold-pct 8.0 --median-absolute-threshold-us 1.0
measurement,COMPLETE,false,,overlap-20260724-r1,5d5eb9f4822e14f86023106742efdd48823b20b6a7cb866c3370367aced31d17,primary,e012e40613f57db8dc38d519dd85b85864f99dd3f95724b8cf0f7c62996239d9,5b153d0452df5033261d81f01db74211a0cb87015694b25190d8aa69650507fd,c-canary-overlap-nccl-2.20.5-ring-l-r000000-bbcbeab1953a6585,bbcbeab1953a6585900aa032d758222c46ab8d68078548be109367bc97327c71,a-000001,429bca43fffbfb61a88de04aee59c8c728c3664784dd7e73f0d47b262205b2b9,nccl-2.20.5-ring-ll,canary-overlap,0,147.456000,8192,commcanary.rostam.physical.overlap-measurement.v1,commcanary.rostam.physical.overlap-producer.v1,d3aa113ec453e1c6e8bf7ba21679bb407da224250baeb9620f98f3ba817803dd,2855275288e67a1a2d0bbefff0740841fdf0ecf0,false,,8c5f30748596f665cca0bde76d4637074ffff3fa077387dd12b993cf98d2cee6,c3e607f2d6116616d53a404cbf8fb9204295ac081f9aeb80f1f425ec7ead6257,6fdc4d904dfbd4161171c92dd35de7fd365519d5aabff6123c805ab996ca6de7,commcanary-wheel=954c9fe0ef908a448b5343c91e7d58e8785fc20a7fd029b699ca0e252614304d;environment-lock=d4b8b2dc177cb09cea84a5b5a51c99d4510a3270fe70286d2133382fbc4abd8b;gemm-calibration=cc4952da314e43f9885fd24dd85afa97440b0007edb2b0d6773d96f2b2deeecf;param-patch-contract=182942ecf6ed3c0ea267b1660a19be8601c16768640dd6ef3f112601a0b26f34;rostam-catalog=a4926ec9b012724b926fbc583b865bb083b7ad6526fee9ffc3e95129717195b8,python -m experiments.rostam.analyze verify --run-directory experiments/rostam/results/overlap-20260724-r1 --selection-id primary --verdict-sha256 5b153d0452df5033261d81f01db74211a0cb87015694b25190d8aa69650507fd --output-directory experiments/rostam/results/publications/overlap-20260724-r1-primary --archive-descriptor experiments/rostam/results/archives/overlap-20260724-r1-primary-5b153d0452df5033261d81f01db74211a0cb87015694b25190d8aa69650507fd.raw-archive-descriptor.json --raw-archive experiments/rostam/results/archives/overlap-20260724-r1-primary-5b153d0452df5033261d81f01db74211a0cb87015694b25190d8aa69650507fd.raw.tar.gz --baseline-config nccl-2.19.3-default --candidate-config nccl-2.20.5-default --median-threshold-pct 8.0 --median-absolute-threshold-us 1.0
measurement,COMPLETE,false,,overlap-20260724-r1,5d5eb9f4822e14f86023106742efdd48823b20b6a7cb866c3370367aced31d17,primary,e012e40613f57db8dc38d519dd85b85864f99dd3f95724b8cf0f7c62996239d9,5b153d0452df5033261d81f01db74211a0cb87015694b25190d8aa69650507fd,c-canary-overlap-nccl-2.20.5-ring-l-r000001-db18c4d41e75e730,db18c4d41e75e7307a322511c52b84d34190e93ea59a3fab30a43d52ba4cd8a9,a-000001,46e340ae780935d9c55f608f4ea9dc0aae9372edb41c5066da54bae8fc02f222,nccl-2.20.5-ring-ll128,canary-overlap,1,145.408000,8192,commcanary.rostam.physical.overlap-measurement.v1,commcanary.rostam.physical.overlap-producer.v1,cc95e4953cd4c1f0c2829919913e8202b9410cf66066a32dd8fbc00358bb852d,2855275288e67a1a2d0bbefff0740841fdf0ecf0,false,,8c5f30748596f665cca0bde76d4637074ffff3fa077387dd12b993cf98d2cee6,dae44b6cc287dd161444d53ac4f6e0f9181f3e26cbb293514a95e92bbed0905f,005bc10d8b51771d4846cbf18b504a404fc136b8bd128fe72f002e075c01fd02,commcanary-wheel=954c9fe0ef908a448b5343c91e7d58e8785fc20a7fd029b699ca0e252614304d;environment-lock=d4b8b2dc177cb09cea84a5b5a51c99d4510a3270fe70286d2133382fbc4abd8b;gemm-calibration=cc4952da314e43f9885fd24dd85afa97440b0007edb2b0d6773d96f2b2deeecf;param-patch-contract=182942ecf6ed3c0ea267b1660a19be8601c16768640dd6ef3f112601a0b26f34;rostam-catalog=a4926ec9b012724b926fbc583b865bb083b7ad6526fee9ffc3e95129717195b8,python -m experiments.rostam.analyze verify --run-directory experiments/rostam/results/overlap-20260724-r1 --selection-id primary --verdict-sha256 5b153d0452df5033261d81f01db74211a0cb87015694b25190d8aa69650507fd --output-directory experiments/rostam/results/publications/overlap-20260724-r1-primary --archive-descriptor experiments/rostam/results/archives/overlap-20260724-r1-primary-5b153d0452df5033261d81f01db74211a0cb87015694b25190d8aa69650507fd.raw-archive-descriptor.json --raw-archive experiments/rostam/results/archives/overlap-20260724-r1-primary-5b153d0452df5033261d81f01db74211a0cb87015694b25190d8aa69650507fd.raw.tar.gz --baseline-config nccl-2.19.3-default --candidate-config nccl-2.20.5-default --median-threshold-pct 8.0 --median-absolute-threshold-us 1.0
measurement,COMPLETE,false,,overlap-20260724-r1,5d5eb9f4822e14f86023106742efdd48823b20b6a7cb866c3370367aced31d17,primary,e012e40613f57db8dc38d519dd85b85864f99dd3f95724b8cf0f7c62996239d9,5b153d0452df5033261d81f01db74211a0cb87015694b25190d8aa69650507fd,c-canary-overlap-nccl-2.20.5-ring-l-r000001-fa50950b1049db4b,fa50950b1049db4b49d6a90c2bae02ba77a97f516145bd4c8baa69a83d964bd0,a-000001,e032db0ef884700998c7243b74c470c3ec900e698efaf31d5deca231430e6dd9,nccl-2.20.5-ring-ll,canary-overlap,1,137.216000,8192,commcanary.rostam.physical.overlap-measurement.v1,commcanary.rostam.physical.overlap-producer.v1,ef30cdaac010ff59dc93bcd08290c5eeeec9507d44d17b743d1421e1039a3d64,2855275288e67a1a2d0bbefff0740841fdf0ecf0,false,,8c5f30748596f665cca0bde76d4637074ffff3fa077387dd12b993cf98d2cee6,54fcd70c7359c602002278e8884e5788f1529690b31fff6bef67b24da0e0c5ed,4327aeb7aa45a3b8391a02ac596331cefe5450d4f418056b64631ada907145f6,commcanary-wheel=954c9fe0ef908a448b5343c91e7d58e8785fc20a7fd029b699ca0e252614304d;environment-lock=d4b8b2dc177cb09cea84a5b5a51c99d4510a3270fe70286d2133382fbc4abd8b;gemm-calibration=cc4952da314e43f9885fd24dd85afa97440b0007edb2b0d6773d96f2b2deeecf;param-patch-contract=182942ecf6ed3c0ea267b1660a19be8601c16768640dd6ef3f112601a0b26f34;rostam-catalog=a4926ec9b012724b926fbc583b865bb083b7ad6526fee9ffc3e95129717195b8,python -m experiments.rostam.analyze verify --run-directory experiments/rostam/results/overlap-20260724-r1 --selection-id primary --verdict-sha256 5b153d0452df5033261d81f01db74211a0cb87015694b25190d8aa69650507fd --output-directory experiments/rostam/results/publications/overlap-20260724-r1-primary --archive-descriptor experiments/rostam/results/archives/overlap-20260724-r1-primary-5b153d0452df5033261d81f01db74211a0cb87015694b25190d8aa69650507fd.raw-archive-descriptor.json --raw-archive experiments/rostam/results/archives/overlap-20260724-r1-primary-5b153d0452df5033261d81f01db74211a0cb87015694b25190d8aa69650507fd.raw.tar.gz --baseline-config nccl-2.19.3-default --candidate-config nccl-2.20.5-default --median-threshold-pct 8.0 --median-absolute-threshold-us 1.0
measurement,COMPLETE,false,,overlap-20260724-r1,5d5eb9f4822e14f86023106742efdd48823b20b6a7cb866c3370367aced31d17,primary,e012e40613f57db8dc38d519dd85b85864f99dd3f95724b8cf0f7c62996239d9,5b153d0452df5033261d81f01db74211a0cb87015694b25190d8aa69650507fd,c-canary-overlap-nccl-2.20.5-ring-l-r000002-1f2153737cfc0a89,1f2153737cfc0a89843eb65fd6bf1a4ec40e3d0fcb6a1a0a949abeb2f710e8e4,a-000001,ad028dd5e2f3938a56cc5ad4a38a0578792a9cc93eb180c0c68b87adb0fec3c6,nccl-2.20.5-ring-ll128,canary-overlap,2,135.168000,8192,commcanary.rostam.physical.overlap-measurement.v1,commcanary.rostam.physical.overlap-producer.v1,0f2ad800ee6ccb2096bd1926aba84ad0a8120745a8412febbb43b262ad9aa5c9,2855275288e67a1a2d0bbefff0740841fdf0ecf0,false,,8c5f30748596f665cca0bde76d4637074ffff3fa077387dd12b993cf98d2cee6,fa2b59256e02039c5226b0ab95c0ba14e5e4e89473a55fb0fd59e54e7eb6d636,d1d23aff6f15fbfd999ec408a23eaf349bf13120915dce1989e275d2a5f1f44c,commcanary-wheel=954c9fe0ef908a448b5343c91e7d58e8785fc20a7fd029b699ca0e252614304d;environment-lock=d4b8b2dc177cb09cea84a5b5a51c99d4510a3270fe70286d2133382fbc4abd8b;gemm-calibration=cc4952da314e43f9885fd24dd85afa97440b0007edb2b0d6773d96f2b2deeecf;param-patch-contract=182942ecf6ed3c0ea267b1660a19be8601c16768640dd6ef3f112601a0b26f34;rostam-catalog=a4926ec9b012724b926fbc583b865bb083b7ad6526fee9ffc3e95129717195b8,python -m experiments.rostam.analyze verify --run-directory experiments/rostam/results/overlap-20260724-r1 --selection-id primary --verdict-sha256 5b153d0452df5033261d81f01db74211a0cb87015694b25190d8aa69650507fd --output-directory experiments/rostam/results/publications/overlap-20260724-r1-primary --archive-descriptor experiments/rostam/results/archives/overlap-20260724-r1-primary-5b153d0452df5033261d81f01db74211a0cb87015694b25190d8aa69650507fd.raw-archive-descriptor.json --raw-archive experiments/rostam/results/archives/overlap-20260724-r1-primary-5b153d0452df5033261d81f01db74211a0cb87015694b25190d8aa69650507fd.raw.tar.gz --baseline-config nccl-2.19.3-default --candidate-config nccl-2.20.5-default --median-threshold-pct 8.0 --median-absolute-threshold-us 1.0
measurement,COMPLETE,false,,overlap-20260724-r1,5d5eb9f4822e14f86023106742efdd48823b20b6a7cb866c3370367aced31d17,primary,e012e40613f57db8dc38d519dd85b85864f99dd3f95724b8cf0f7c62996239d9,5b153d0452df5033261d81f01db74211a0cb87015694b25190d8aa69650507fd,c-canary-overlap-nccl-2.20.5-ring-l-r000002-e375df6b2c38b35b,e375df6b2c38b35b67687dc167a378425e681fb6bd693497a51c81b23df98d6c,a-000001,739235ce48bfc5370f74c5b9d37fac76127500518b4a3c0aa515fb9cebf9d4a1,nccl-2.20.5-ring-ll,canary-overlap,2,145.408000,8192,commcanary.rostam.physical.overlap-measurement.v1,commcanary.rostam.physical.overlap-producer.v1,f47bc16955054804314a569904156a968ac5a088b0495e1d599309df201a8dd6,2855275288e67a1a2d0bbefff0740841fdf0ecf0,false,,8c5f30748596f665cca0bde76d4637074ffff3fa077387dd12b993cf98d2cee6,8f5ed60eeadc2ba33026c0b3822f98014c9b10d52861a1689ff29bcf38a29055,a7522a8e3d76b4de55218b153b394edfcf7766513743e228d874f5d634735177,commcanary-wheel=954c9fe0ef908a448b5343c91e7d58e8785fc20a7fd029b699ca0e252614304d;environment-lock=d4b8b2dc177cb09cea84a5b5a51c99d4510a3270fe70286d2133382fbc4abd8b;gemm-calibration=cc4952da314e43f9885fd24dd85afa97440b0007edb2b0d6773d96f2b2deeecf;param-patch-contract=182942ecf6ed3c0ea267b1660a19be8601c16768640dd6ef3f112601a0b26f34;rostam-catalog=a4926ec9b012724b926fbc583b865bb083b7ad6526fee9ffc3e95129717195b8,python -m experiments.rostam.analyze verify --run-directory experiments/rostam/results/overlap-20260724-r1 --selection-id primary --verdict-sha256 5b153d0452df5033261d81f01db74211a0cb87015694b25190d8aa69650507fd --output-directory experiments/rostam/results/publications/overlap-20260724-r1-primary --archive-descriptor experiments/rostam/results/archives/overlap-20260724-r1-primary-5b153d0452df5033261d81f01db74211a0cb87015694b25190d8aa69650507fd.raw-archive-descriptor.json --raw-archive experiments/rostam/results/archives/overlap-20260724-r1-primary-5b153d0452df5033261d81f01db74211a0cb87015694b25190d8aa69650507fd.raw.tar.gz --baseline-config nccl-2.19.3-default --candidate-config nccl-2.20.5-default --median-threshold-pct 8.0 --median-absolute-threshold-us 1.0
measurement,COMPLETE,false,,overlap-20260724-r1,5d5eb9f4822e14f86023106742efdd48823b20b6a7cb866c3370367aced31d17,primary,e012e40613f57db8dc38d519dd85b85864f99dd3f95724b8cf0f7c62996239d9,5b153d0452df5033261d81f01db74211a0cb87015694b25190d8aa69650507fd,c-canary-overlap-nccl-2.20.5-ring-l-r000003-1ff7cef66fdc0e15,1ff7cef66fdc0e1567b9c09b73ab9206e327472f96e33e0ef90a96ff3d634132,a-000001,2c79e89b8ff0533a993aecfc8ef7922fe3ade274cf4bdb58a3873e5c4149180b,nccl-2.20.5-ring-ll128,canary-overlap,3,137.216000,8192,commcanary.rostam.physical.overlap-measurement.v1,commcanary.rostam.physical.overlap-producer.v1,eb56b0bbae7980fc2016310cfe6df23f2d798ee2e3a739cfa8778d03484f0549,2855275288e67a1a2d0bbefff0740841fdf0ecf0,false,,8c5f30748596f665cca0bde76d4637074ffff3fa077387dd12b993cf98d2cee6,66198bd40b8d064a4f0cb74eadc09f9fc17b7f5e2b7ac8447d122241505efa57,14b8ea56ecf7d737d41b60df71be90e890e3d76d58872ce64d4e761d0cf949a9,commcanary-wheel=954c9fe0ef908a448b5343c91e7d58e8785fc20a7fd029b699ca0e252614304d;environment-lock=d4b8b2dc177cb09cea84a5b5a51c99d4510a3270fe70286d2133382fbc4abd8b;gemm-calibration=cc4952da314e43f9885fd24dd85afa97440b0007edb2b0d6773d96f2b2deeecf;param-patch-contract=182942ecf6ed3c0ea267b1660a19be8601c16768640dd6ef3f112601a0b26f34;rostam-catalog=a4926ec9b012724b926fbc583b865bb083b7ad6526fee9ffc3e95129717195b8,python -m experiments.rostam.analyze verify --run-directory experiments/rostam/results/overlap-20260724-r1 --selection-id primary --verdict-sha256 5b153d0452df5033261d81f01db74211a0cb87015694b25190d8aa69650507fd --output-directory experiments/rostam/results/publications/overlap-20260724-r1-primary --archive-descriptor experiments/rostam/results/archives/overlap-20260724-r1-primary-5b153d0452df5033261d81f01db74211a0cb87015694b25190d8aa69650507fd.raw-archive-descriptor.json --raw-archive experiments/rostam/results/archives/overlap-20260724-r1-primary-5b153d0452df5033261d81f01db74211a0cb87015694b25190d8aa69650507fd.raw.tar.gz --baseline-config nccl-2.19.3-default --candidate-config nccl-2.20.5-default --median-threshold-pct 8.0 --median-absolute-threshold-us 1.0
measurement,COMPLETE,false,,overlap-20260724-r1,5d5eb9f4822e14f86023106742efdd48823b20b6a7cb866c3370367aced31d17,primary,e012e40613f57db8dc38d519dd85b85864f99dd3f95724b8cf0f7c62996239d9,5b153d0452df5033261d81f01db74211a0cb87015694b25190d8aa69650507fd,c-canary-overlap-nccl-2.20.5-ring-l-r000003-47b628e1fb05b53c,47b628e1fb05b53ccc4330bbe59e9ced2e568e025aa7c2373014599a2a5bf498,a-000001,7c275a328924a940b01c7841f9ccf4bdc6ec442bb3c24bb19d6385827ad776d7,nccl-2.20.5-ring-ll,canary-overlap,3,147.456000,8192,commcanary.rostam.physical.overlap-measurement.v1,commcanary.rostam.physical.overlap-producer.v1,0abd5a4c5c3b4a699bcdc002f93087ef62e466acf40ebf56cdf1707da033151a,2855275288e67a1a2d0bbefff0740841fdf0ecf0,false,,8c5f30748596f665cca0bde76d4637074ffff3fa077387dd12b993cf98d2cee6,9b3941a14ae46416ec5b647c8acdc77b36a25a462ebe113a03652c96fa09d927,ed679d79690d5e68dff53f09b93cf0be65fc9900f6f79d2d359bd01d17425fe1,commcanary-wheel=954c9fe0ef908a448b5343c91e7d58e8785fc20a7fd029b699ca0e252614304d;environment-lock=d4b8b2dc177cb09cea84a5b5a51c99d4510a3270fe70286d2133382fbc4abd8b;gemm-calibration=cc4952da314e43f9885fd24dd85afa97440b0007edb2b0d6773d96f2b2deeecf;param-patch-contract=182942ecf6ed3c0ea267b1660a19be8601c16768640dd6ef3f112601a0b26f34;rostam-catalog=a4926ec9b012724b926fbc583b865bb083b7ad6526fee9ffc3e95129717195b8,python -m experiments.rostam.analyze verify --run-directory experiments/rostam/results/overlap-20260724-r1 --selection-id primary --verdict-sha256 5b153d0452df5033261d81f01db74211a0cb87015694b25190d8aa69650507fd --output-directory experiments/rostam/results/publications/overlap-20260724-r1-primary --archive-descriptor experiments/rostam/results/archives/overlap-20260724-r1-primary-5b153d0452df5033261d81f01db74211a0cb87015694b25190d8aa69650507fd.raw-archive-descriptor.json --raw-archive experiments/rostam/results/archives/overlap-20260724-r1-primary-5b153d0452df5033261d81f01db74211a0cb87015694b25190d8aa69650507fd.raw.tar.gz --baseline-config nccl-2.19.3-default --candidate-config nccl-2.20.5-default --median-threshold-pct 8.0 --median-absolute-threshold-us 1.0
measurement,COMPLETE,false,,overlap-20260724-r1,5d5eb9f4822e14f86023106742efdd48823b20b6a7cb866c3370367aced31d17,primary,e012e40613f57db8dc38d519dd85b85864f99dd3f95724b8cf0f7c62996239d9,5b153d0452df5033261d81f01db74211a0cb87015694b25190d8aa69650507fd,c-canary-overlap-nccl-2.20.5-ring-l-r000004-49d1f77ebe8c476f,49d1f77ebe8c476f9f604b3334d8a1ffdb2ddb56d01cc05867259ea9f1e395c0,a-000001,ce6d6fb1fff1ba8460b8653f372d1731021bf4435a251276e916035ae96f639a,nccl-2.20.5-ring-ll,canary-overlap,4,146.432000,8192,commcanary.rostam.physical.overlap-measurement.v1,commcanary.rostam.physical.overlap-producer.v1,a6b830ab2a97b7fa7c5baa94b4b4a317d73335727c443e858f3dbbd38c324863,2855275288e67a1a2d0bbefff0740841fdf0ecf0,false,,8c5f30748596f665cca0bde76d4637074ffff3fa077387dd12b993cf98d2cee6,b16a9acc3ea517f0476ff883b9919b39f9868ec5c57d14bd3b21c23cccf29fca,09e6585118fce22a2fd4c25af00543b32adaed15f93452a1961a8604a2ddba9d,commcanary-wheel=954c9fe0ef908a448b5343c91e7d58e8785fc20a7fd029b699ca0e252614304d;environment-lock=d4b8b2dc177cb09cea84a5b5a51c99d4510a3270fe70286d2133382fbc4abd8b;gemm-calibration=cc4952da314e43f9885fd24dd85afa97440b0007edb2b0d6773d96f2b2deeecf;param-patch-contract=182942ecf6ed3c0ea267b1660a19be8601c16768640dd6ef3f112601a0b26f34;rostam-catalog=a4926ec9b012724b926fbc583b865bb083b7ad6526fee9ffc3e95129717195b8,python -m experiments.rostam.analyze verify --run-directory experiments/rostam/results/overlap-20260724-r1 --selection-id primary --verdict-sha256 5b153d0452df5033261d81f01db74211a0cb87015694b25190d8aa69650507fd --output-directory experiments/rostam/results/publications/overlap-20260724-r1-primary --archive-descriptor experiments/rostam/results/archives/overlap-20260724-r1-primary-5b153d0452df5033261d81f01db74211a0cb87015694b25190d8aa69650507fd.raw-archive-descriptor.json --raw-archive experiments/rostam/results/archives/overlap-20260724-r1-primary-5b153d0452df5033261d81f01db74211a0cb87015694b25190d8aa69650507fd.raw.tar.gz --baseline-config nccl-2.19.3-default --candidate-config nccl-2.20.5-default --median-threshold-pct 8.0 --median-absolute-threshold-us 1.0
measurement,COMPLETE,false,,overlap-20260724-r1,5d5eb9f4822e14f86023106742efdd48823b20b6a7cb866c3370367aced31d17,primary,e012e40613f57db8dc38d519dd85b85864f99dd3f95724b8cf0f7c62996239d9,5b153d0452df5033261d81f01db74211a0cb87015694b25190d8aa69650507fd,c-canary-overlap-nccl-2.20.5-ring-l-r000004-d6dbe8da38dd9ffc,d6dbe8da38dd9ffc56068d3642416338bfd7be8854dff3e7c5c2b2443eb2e982,a-000001,06f807d0e2c9816a56ef1b5f53b2a29cdfcfb07b86197a2fb332fa67498b9ce3,nccl-2.20.5-ring-ll128,canary-overlap,4,147.456000,8192,commcanary.rostam.physical.overlap-measurement.v1,commcanary.rostam.physical.overlap-producer.v1,6f2ae188e7f152cae8f3f9819c9e9f869b3f315b8a7c6a2a5d3ac308fa8d84e3,2855275288e67a1a2d0bbefff0740841fdf0ecf0,false,,8c5f30748596f665cca0bde76d4637074ffff3fa077387dd12b993cf98d2cee6,64d82496ae82b870f889e70ace2422259aca89c61db8f60c14d1b302d7d4e8d2,daf1befa0106ee0446727ef5aa5bd822100d09cdacbbec70aceea92aa077a7ae,commcanary-wheel=954c9fe0ef908a448b5343c91e7d58e8785fc20a7fd029b699ca0e252614304d;environment-lock=d4b8b2dc177cb09cea84a5b5a51c99d4510a3270fe70286d2133382fbc4abd8b;gemm-calibration=cc4952da314e43f9885fd24dd85afa97440b0007edb2b0d6773d96f2b2deeecf;param-patch-contract=182942ecf6ed3c0ea267b1660a19be8601c16768640dd6ef3f112601a0b26f34;rostam-catalog=a4926ec9b012724b926fbc583b865bb083b7ad6526fee9ffc3e95129717195b8,python -m experiments.rostam.analyze verify --run-directory experiments/rostam/results/overlap-20260724-r1 --selection-id primary --verdict-sha256 5b153d0452df5033261d81f01db74211a0cb87015694b25190d8aa69650507fd --output-directory experiments/rostam/results/publications/overlap-20260724-r1-primary --archive-descriptor experiments/rostam/results/archives/overlap-20260724-r1-primary-5b153d0452df5033261d81f01db74211a0cb87015694b25190d8aa69650507fd.raw-archive-descriptor.json --raw-archive experiments/rostam/results/archives/overlap-20260724-r1-primary-5b153d0452df5033261d81f01db74211a0cb87015694b25190d8aa69650507fd.raw.tar.gz --baseline-config nccl-2.19.3-default --candidate-config nccl-2.20.5-default --median-threshold-pct 8.0 --median-absolute-threshold-us 1.0
measurement,COMPLETE,false,,overlap-20260724-r1,5d5eb9f4822e14f86023106742efdd48823b20b6a7cb866c3370367aced31d17,primary,e012e40613f57db8dc38d519dd85b85864f99dd3f95724b8cf0f7c62996239d9,5b153d0452df5033261d81f01db74211a0cb87015694b25190d8aa69650507fd,c-canary-overlap-nccl-2.20.5-ring-s-r000000-72d56a522bfe2977,72d56a522bfe2977391efbbc6daf5c14818c12b9ef4a2f8eada6c5a7356f8ae9,a-000001,f91f230b8589168ffbb561d17659a83b778ae4fddd56263349c901a7d1195407,nccl-2.20.5-ring-simple,canary-overlap,0,144.384000,8192,commcanary.rostam.physical.overlap-measurement.v1,commcanary.rostam.physical.overlap-producer.v1,307f969271b559c7d3376bd1c5a74de42917ae442d540c7f17e679087b2343ed,2855275288e67a1a2d0bbefff0740841fdf0ecf0,false,,8c5f30748596f665cca0bde76d4637074ffff3fa077387dd12b993cf98d2cee6,ae97cc85bbcffb1b65463fb9c766d70f0d1586339999ab0576a95e1019cbf73a,d53dc2da0847efce5f1f85050924c741821fbccd4033203b6b0b6562a3e79f8c,commcanary-wheel=954c9fe0ef908a448b5343c91e7d58e8785fc20a7fd029b699ca0e252614304d;environment-lock=d4b8b2dc177cb09cea84a5b5a51c99d4510a3270fe70286d2133382fbc4abd8b;gemm-calibration=cc4952da314e43f9885fd24dd85afa97440b0007edb2b0d6773d96f2b2deeecf;param-patch-contract=182942ecf6ed3c0ea267b1660a19be8601c16768640dd6ef3f112601a0b26f34;rostam-catalog=a4926ec9b012724b926fbc583b865bb083b7ad6526fee9ffc3e95129717195b8,python -m experiments.rostam.analyze verify --run-directory experiments/rostam/results/overlap-20260724-r1 --selection-id primary --verdict-sha256 5b153d0452df5033261d81f01db74211a0cb87015694b25190d8aa69650507fd --output-directory experiments/rostam/results/publications/overlap-20260724-r1-primary --archive-descriptor experiments/rostam/results/archives/overlap-20260724-r1-primary-5b153d0452df5033261d81f01db74211a0cb87015694b25190d8aa69650507fd.raw-archive-descriptor.json --raw-archive experiments/rostam/results/archives/overlap-20260724-r1-primary-5b153d0452df5033261d81f01db74211a0cb87015694b25190d8aa69650507fd.raw.tar.gz --baseline-config nccl-2.19.3-default --candidate-config nccl-2.20.5-default --median-threshold-pct 8.0 --median-absolute-threshold-us 1.0
measurement,COMPLETE,false,,overlap-20260724-r1,5d5eb9f4822e14f86023106742efdd48823b20b6a7cb866c3370367aced31d17,primary,e012e40613f57db8dc38d519dd85b85864f99dd3f95724b8cf0f7c62996239d9,5b153d0452df5033261d81f01db74211a0cb87015694b25190d8aa69650507fd,c-canary-overlap-nccl-2.20.5-ring-s-r000001-c0d48bdbb818c7e8,c0d48bdbb818c7e8c09482f76ca07d66a42b377eea269e34ce4e790922c67b7d,a-000001,60f8cc82056b6cc139e4b8f3a9597ec4b10c9869f050dcae1d3ffd9d121f8353,nccl-2.20.5-ring-simple,canary-overlap,1,131.072000,8192,commcanary.rostam.physical.overlap-measurement.v1,commcanary.rostam.physical.overlap-producer.v1,c7c9c8b786da869f6194d45231979657cf0b85c3292a4eafe2788df0c0f31ff7,2855275288e67a1a2d0bbefff0740841fdf0ecf0,false,,8c5f30748596f665cca0bde76d4637074ffff3fa077387dd12b993cf98d2cee6,ba2271080d55034410c7e0670dd688d8d5067969ea0bfab634b5c934e537c9ce,187d02e87f47838d3267a21dd07b9537b4f10a9d5ced6c2794a7ea9222ba2858,commcanary-wheel=954c9fe0ef908a448b5343c91e7d58e8785fc20a7fd029b699ca0e252614304d;environment-lock=d4b8b2dc177cb09cea84a5b5a51c99d4510a3270fe70286d2133382fbc4abd8b;gemm-calibration=cc4952da314e43f9885fd24dd85afa97440b0007edb2b0d6773d96f2b2deeecf;param-patch-contract=182942ecf6ed3c0ea267b1660a19be8601c16768640dd6ef3f112601a0b26f34;rostam-catalog=a4926ec9b012724b926fbc583b865bb083b7ad6526fee9ffc3e95129717195b8,python -m experiments.rostam.analyze verify --run-directory experiments/rostam/results/overlap-20260724-r1 --selection-id primary --verdict-sha256 5b153d0452df5033261d81f01db74211a0cb87015694b25190d8aa69650507fd --output-directory experiments/rostam/results/publications/overlap-20260724-r1-primary --archive-descriptor experiments/rostam/results/archives/overlap-20260724-r1-primary-5b153d0452df5033261d81f01db74211a0cb87015694b25190d8aa69650507fd.raw-archive-descriptor.json --raw-archive experiments/rostam/results/archives/overlap-20260724-r1-primary-5b153d0452df5033261d81f01db74211a0cb87015694b25190d8aa69650507fd.raw.tar.gz --baseline-config nccl-2.19.3-default --candidate-config nccl-2.20.5-default --median-threshold-pct 8.0 --median-absolute-threshold-us 1.0
measurement,COMPLETE,false,,overlap-20260724-r1,5d5eb9f4822e14f86023106742efdd48823b20b6a7cb866c3370367aced31d17,primary,e012e40613f57db8dc38d519dd85b85864f99dd3f95724b8cf0f7c62996239d9,5b153d0452df5033261d81f01db74211a0cb87015694b25190d8aa69650507fd,c-canary-overlap-nccl-2.20.5-ring-s-r000002-1eaf21f2d6a789df,1eaf21f2d6a789df8178c2a3301a8c8ca40d160b1aafc9b963bb2a2d3daf919b,a-000001,3293bd04d1cb80969394b3111e383fdf1618750300e48599f3eb6bc4310c9bbb,nccl-2.20.5-ring-simple,canary-overlap,2,145.408000,8192,commcanary.rostam.physical.overlap-measurement.v1,commcanary.rostam.physical.overlap-producer.v1,c46ecadcccdf700470d78b82cdac9008ab36892f667d30d52949de5442bdbcbb,2855275288e67a1a2d0bbefff0740841fdf0ecf0,false,,8c5f30748596f665cca0bde76d4637074ffff3fa077387dd12b993cf98d2cee6,d51cc1f596dd9f3507c9a7bf80f1e95b2665f13d1bef48de607977e7d11d1e82,f2ce1859d77907e78749669a8251d40891ac4d01bc830f65d14e259bcdcfa624,commcanary-wheel=954c9fe0ef908a448b5343c91e7d58e8785fc20a7fd029b699ca0e252614304d;environment-lock=d4b8b2dc177cb09cea84a5b5a51c99d4510a3270fe70286d2133382fbc4abd8b;gemm-calibration=cc4952da314e43f9885fd24dd85afa97440b0007edb2b0d6773d96f2b2deeecf;param-patch-contract=182942ecf6ed3c0ea267b1660a19be8601c16768640dd6ef3f112601a0b26f34;rostam-catalog=a4926ec9b012724b926fbc583b865bb083b7ad6526fee9ffc3e95129717195b8,python -m experiments.rostam.analyze verify --run-directory experiments/rostam/results/overlap-20260724-r1 --selection-id primary --verdict-sha256 5b153d0452df5033261d81f01db74211a0cb87015694b25190d8aa69650507fd --output-directory experiments/rostam/results/publications/overlap-20260724-r1-primary --archive-descriptor experiments/rostam/results/archives/overlap-20260724-r1-primary-5b153d0452df5033261d81f01db74211a0cb87015694b25190d8aa69650507fd.raw-archive-descriptor.json --raw-archive experiments/rostam/results/archives/overlap-20260724-r1-primary-5b153d0452df5033261d81f01db74211a0cb87015694b25190d8aa69650507fd.raw.tar.gz --baseline-config nccl-2.19.3-default --candidate-config nccl-2.20.5-default --median-threshold-pct 8.0 --median-absolute-threshold-us 1.0
measurement,COMPLETE,false,,overlap-20260724-r1,5d5eb9f4822e14f86023106742efdd48823b20b6a7cb866c3370367aced31d17,primary,e012e40613f57db8dc38d519dd85b85864f99dd3f95724b8cf0f7c62996239d9,5b153d0452df5033261d81f01db74211a0cb87015694b25190d8aa69650507fd,c-canary-overlap-nccl-2.20.5-ring-s-r000003-85afc2fad667dbad,85afc2fad667dbad89adc5da5230cde071475c7a21586eb9f1bfea70e2cf0387,a-000001,89016d66d3224163fb615b0afe390c11c50c2b6a189e46ab665823f5d6432a06,nccl-2.20.5-ring-simple,canary-overlap,3,145.408000,8192,commcanary.rostam.physical.overlap-measurement.v1,commcanary.rostam.physical.overlap-producer.v1,2e663671c363599eac5ecdd2c7519372e0490c9d52da366d48df0d050838fff3,2855275288e67a1a2d0bbefff0740841fdf0ecf0,false,,8c5f30748596f665cca0bde76d4637074ffff3fa077387dd12b993cf98d2cee6,ef3e8bee92ba08b467c79c50115f12b1847934ec1b9427a9fc159389921e6276,860af7169e3cf36173824f401f35abe4ab5767c68bae9f0d0670e6e30fff3456,commcanary-wheel=954c9fe0ef908a448b5343c91e7d58e8785fc20a7fd029b699ca0e252614304d;environment-lock=d4b8b2dc177cb09cea84a5b5a51c99d4510a3270fe70286d2133382fbc4abd8b;gemm-calibration=cc4952da314e43f9885fd24dd85afa97440b0007edb2b0d6773d96f2b2deeecf;param-patch-contract=182942ecf6ed3c0ea267b1660a19be8601c16768640dd6ef3f112601a0b26f34;rostam-catalog=a4926ec9b012724b926fbc583b865bb083b7ad6526fee9ffc3e95129717195b8,python -m experiments.rostam.analyze verify --run-directory experiments/rostam/results/overlap-20260724-r1 --selection-id primary --verdict-sha256 5b153d0452df5033261d81f01db74211a0cb87015694b25190d8aa69650507fd --output-directory experiments/rostam/results/publications/overlap-20260724-r1-primary --archive-descriptor experiments/rostam/results/archives/overlap-20260724-r1-primary-5b153d0452df5033261d81f01db74211a0cb87015694b25190d8aa69650507fd.raw-archive-descriptor.json --raw-archive experiments/rostam/results/archives/overlap-20260724-r1-primary-5b153d0452df5033261d81f01db74211a0cb87015694b25190d8aa69650507fd.raw.tar.gz --baseline-config nccl-2.19.3-default --candidate-config nccl-2.20.5-default --median-threshold-pct 8.0 --median-absolute-threshold-us 1.0
measurement,COMPLETE,false,,overlap-20260724-r1,5d5eb9f4822e14f86023106742efdd48823b20b6a7cb866c3370367aced31d17,primary,e012e40613f57db8dc38d519dd85b85864f99dd3f95724b8cf0f7c62996239d9,5b153d0452df5033261d81f01db74211a0cb87015694b25190d8aa69650507fd,c-canary-overlap-nccl-2.20.5-ring-s-r000004-d61b5cf040829d9b,d61b5cf040829d9bebbc4413fd5a7afd19a9415f44ce8295119366cf65b4a8a4,a-000001,0cb63d5d2d370efa7eb2de1ac65e6d95ea153e27df6175ffd81646127ad8168a,nccl-2.20.5-ring-simple,canary-overlap,4,134.144000,8192,commcanary.rostam.physical.overlap-measurement.v1,commcanary.rostam.physical.overlap-producer.v1,bad2518cf7be96c97f68b0786a50b97c283a15064c8a7e71658bd22179100d05,2855275288e67a1a2d0bbefff0740841fdf0ecf0,false,,8c5f30748596f665cca0bde76d4637074ffff3fa077387dd12b993cf98d2cee6,abb6b99c1aa1213ae771a9a1e518c7f5896d7747bcbd4519dab451a6213f8e0c,f3d233e232a0483cf14c3c8a0629638f15d820b54b09082efe1978a9f897e78c,commcanary-wheel=954c9fe0ef908a448b5343c91e7d58e8785fc20a7fd029b699ca0e252614304d;environment-lock=d4b8b2dc177cb09cea84a5b5a51c99d4510a3270fe70286d2133382fbc4abd8b;gemm-calibration=cc4952da314e43f9885fd24dd85afa97440b0007edb2b0d6773d96f2b2deeecf;param-patch-contract=182942ecf6ed3c0ea267b1660a19be8601c16768640dd6ef3f112601a0b26f34;rostam-catalog=a4926ec9b012724b926fbc583b865bb083b7ad6526fee9ffc3e95129717195b8,python -m experiments.rostam.analyze verify --run-directory experiments/rostam/results/overlap-20260724-r1 --selection-id primary --verdict-sha256 5b153d0452df5033261d81f01db74211a0cb87015694b25190d8aa69650507fd --output-directory experiments/rostam/results/publications/overlap-20260724-r1-primary --archive-descriptor experiments/rostam/results/archives/overlap-20260724-r1-primary-5b153d0452df5033261d81f01db74211a0cb87015694b25190d8aa69650507fd.raw-archive-descriptor.json --raw-archive experiments/rostam/results/archives/overlap-20260724-r1-primary-5b153d0452df5033261d81f01db74211a0cb87015694b25190d8aa69650507fd.raw.tar.gz --baseline-config nccl-2.19.3-default --candidate-config nccl-2.20.5-default --median-threshold-pct 8.0 --median-absolute-threshold-us 1.0
measurement,COMPLETE,false,,overlap-20260724-r1,5d5eb9f4822e14f86023106742efdd48823b20b6a7cb866c3370367aced31d17,primary,e012e40613f57db8dc38d519dd85b85864f99dd3f95724b8cf0f7c62996239d9,5b153d0452df5033261d81f01db74211a0cb87015694b25190d8aa69650507fd,c-canary-overlap-nccl-2.20.5-tree-l-r000000-10e0a8e76beca2c9,10e0a8e76beca2c915a0247a6d76eb78ca0ad3bc27561df8beeb6f3a4c24038b,a-000001,aead88244181efa849c894518ef5971b0d31498dac3a655f3e4f517a19a2cbd0,nccl-2.20.5-tree-ll128,canary-overlap,0,154.624000,8192,commcanary.rostam.physical.overlap-measurement.v1,commcanary.rostam.physical.overlap-producer.v1,85e3caaf10ab6634915e468e87bc2323377f44733b06aa399752499a667c452b,2855275288e67a1a2d0bbefff0740841fdf0ecf0,false,,8c5f30748596f665cca0bde76d4637074ffff3fa077387dd12b993cf98d2cee6,f285907e711aecb8df61d8bbeb908b04842fd7c5f7a6885c647dc3ae36f7062b,0290ed44a6e58602b1e64c67294fadedbb7dc69c141fd7015b6c7db5ad376791,commcanary-wheel=954c9fe0ef908a448b5343c91e7d58e8785fc20a7fd029b699ca0e252614304d;environment-lock=d4b8b2dc177cb09cea84a5b5a51c99d4510a3270fe70286d2133382fbc4abd8b;gemm-calibration=cc4952da314e43f9885fd24dd85afa97440b0007edb2b0d6773d96f2b2deeecf;param-patch-contract=182942ecf6ed3c0ea267b1660a19be8601c16768640dd6ef3f112601a0b26f34;rostam-catalog=a4926ec9b012724b926fbc583b865bb083b7ad6526fee9ffc3e95129717195b8,python -m experiments.rostam.analyze verify --run-directory experiments/rostam/results/overlap-20260724-r1 --selection-id primary --verdict-sha256 5b153d0452df5033261d81f01db74211a0cb87015694b25190d8aa69650507fd --output-directory experiments/rostam/results/publications/overlap-20260724-r1-primary --archive-descriptor experiments/rostam/results/archives/overlap-20260724-r1-primary-5b153d0452df5033261d81f01db74211a0cb87015694b25190d8aa69650507fd.raw-archive-descriptor.json --raw-archive experiments/rostam/results/archives/overlap-20260724-r1-primary-5b153d0452df5033261d81f01db74211a0cb87015694b25190d8aa69650507fd.raw.tar.gz --baseline-config nccl-2.19.3-default --candidate-config nccl-2.20.5-default --median-threshold-pct 8.0 --median-absolute-threshold-us 1.0
measurement,COMPLETE,false,,overlap-20260724-r1,5d5eb9f4822e14f86023106742efdd48823b20b6a7cb866c3370367aced31d17,primary,e012e40613f57db8dc38d519dd85b85864f99dd3f95724b8cf0f7c62996239d9,5b153d0452df5033261d81f01db74211a0cb87015694b25190d8aa69650507fd,c-canary-overlap-nccl-2.20.5-tree-l-r000000-8e3458de9aa7293f,8e3458de9aa7293f20a1ac4856905ade1d2a601cb672e966792faa6a9f397226,a-000001,38cf3bbb1372bacbf297a969ca04d4965e6bf2d72a7f79c26bce576d8d3cdfb8,nccl-2.20.5-tree-ll,canary-overlap,0,167.936000,8192,commcanary.rostam.physical.overlap-measurement.v1,commcanary.rostam.physical.overlap-producer.v1,eef9674168fbc5cbd21f42e0aa957201a522fdabdeb5dd22d0ed8a0396a12585,2855275288e67a1a2d0bbefff0740841fdf0ecf0,false,,8c5f30748596f665cca0bde76d4637074ffff3fa077387dd12b993cf98d2cee6,65921dfccc2ecd2e5cfce14d07ef40c03c18c30ea92e6e0f072030d78844cbc4,c087b0f6d3bcaad793e762ec4c1452a65023c1f4634958ed12c097395533586f,commcanary-wheel=954c9fe0ef908a448b5343c91e7d58e8785fc20a7fd029b699ca0e252614304d;environment-lock=d4b8b2dc177cb09cea84a5b5a51c99d4510a3270fe70286d2133382fbc4abd8b;gemm-calibration=cc4952da314e43f9885fd24dd85afa97440b0007edb2b0d6773d96f2b2deeecf;param-patch-contract=182942ecf6ed3c0ea267b1660a19be8601c16768640dd6ef3f112601a0b26f34;rostam-catalog=a4926ec9b012724b926fbc583b865bb083b7ad6526fee9ffc3e95129717195b8,python -m experiments.rostam.analyze verify --run-directory experiments/rostam/results/overlap-20260724-r1 --selection-id primary --verdict-sha256 5b153d0452df5033261d81f01db74211a0cb87015694b25190d8aa69650507fd --output-directory experiments/rostam/results/publications/overlap-20260724-r1-primary --archive-descriptor experiments/rostam/results/archives/overlap-20260724-r1-primary-5b153d0452df5033261d81f01db74211a0cb87015694b25190d8aa69650507fd.raw-archive-descriptor.json --raw-archive experiments/rostam/results/archives/overlap-20260724-r1-primary-5b153d0452df5033261d81f01db74211a0cb87015694b25190d8aa69650507fd.raw.tar.gz --baseline-config nccl-2.19.3-default --candidate-config nccl-2.20.5-default --median-threshold-pct 8.0 --median-absolute-threshold-us 1.0
measurement,COMPLETE,false,,overlap-20260724-r1,5d5eb9f4822e14f86023106742efdd48823b20b6a7cb866c3370367aced31d17,primary,e012e40613f57db8dc38d519dd85b85864f99dd3f95724b8cf0f7c62996239d9,5b153d0452df5033261d81f01db74211a0cb87015694b25190d8aa69650507fd,c-canary-overlap-nccl-2.20.5-tree-l-r000001-1e3b42bf1ac8e522,1e3b42bf1ac8e5228938c3fd4ae20d7ebf0d81e4cd08c2b4f406f1539e2a3ec7,a-000001,1ee954b1a97d011b486db09e927639693723253ad52c62e4f0ceb957d81f8666,nccl-2.20.5-tree-ll,canary-overlap,1,155.648000,8192,commcanary.rostam.physical.overlap-measurement.v1,commcanary.rostam.physical.overlap-producer.v1,3438d21ed69dc63cae96fdcd6cad6edd925e964b58b979dd698a429f76e62313,2855275288e67a1a2d0bbefff0740841fdf0ecf0,false,,8c5f30748596f665cca0bde76d4637074ffff3fa077387dd12b993cf98d2cee6,6311652e94e2943d750d23f8b1e6763463e1f63eca044d873fe29c47be0c8818,3b609c13ee446db0def868270c39200d7e92553c647539bcfa7c427e0a68396f,commcanary-wheel=954c9fe0ef908a448b5343c91e7d58e8785fc20a7fd029b699ca0e252614304d;environment-lock=d4b8b2dc177cb09cea84a5b5a51c99d4510a3270fe70286d2133382fbc4abd8b;gemm-calibration=cc4952da314e43f9885fd24dd85afa97440b0007edb2b0d6773d96f2b2deeecf;param-patch-contract=182942ecf6ed3c0ea267b1660a19be8601c16768640dd6ef3f112601a0b26f34;rostam-catalog=a4926ec9b012724b926fbc583b865bb083b7ad6526fee9ffc3e95129717195b8,python -m experiments.rostam.analyze verify --run-directory experiments/rostam/results/overlap-20260724-r1 --selection-id primary --verdict-sha256 5b153d0452df5033261d81f01db74211a0cb87015694b25190d8aa69650507fd --output-directory experiments/rostam/results/publications/overlap-20260724-r1-primary --archive-descriptor experiments/rostam/results/archives/overlap-20260724-r1-primary-5b153d0452df5033261d81f01db74211a0cb87015694b25190d8aa69650507fd.raw-archive-descriptor.json --raw-archive experiments/rostam/results/archives/overlap-20260724-r1-primary-5b153d0452df5033261d81f01db74211a0cb87015694b25190d8aa69650507fd.raw.tar.gz --baseline-config nccl-2.19.3-default --candidate-config nccl-2.20.5-default --median-threshold-pct 8.0 --median-absolute-threshold-us 1.0
measurement,COMPLETE,false,,overlap-20260724-r1,5d5eb9f4822e14f86023106742efdd48823b20b6a7cb866c3370367aced31d17,primary,e012e40613f57db8dc38d519dd85b85864f99dd3f95724b8cf0f7c62996239d9,5b153d0452df5033261d81f01db74211a0cb87015694b25190d8aa69650507fd,c-canary-overlap-nccl-2.20.5-tree-l-r000001-33b99c975e59bdd1,33b99c975e59bdd1786d11ae4e24524b8be8c20b8c7a0052023707924d673392,a-000001,76f3306da8227cf21cd1fb19393f4a89c4e1082ca019bba197e8381421a40dd3,nccl-2.20.5-tree-ll128,canary-overlap,1,154.624000,8192,commcanary.rostam.physical.overlap-measurement.v1,commcanary.rostam.physical.overlap-producer.v1,13cf1e910cf7595203ad69ac4099324d3e7609f5be8c5718d2ae16417a0992c8,2855275288e67a1a2d0bbefff0740841fdf0ecf0,false,,8c5f30748596f665cca0bde76d4637074ffff3fa077387dd12b993cf98d2cee6,7c061e33718afa27d380434857dad081a88c65531cf37544ef887db6c11b955b,62ca0293511e96a515cc2c0955b4c4af84780ab29630d6244973df47962a5ab4,commcanary-wheel=954c9fe0ef908a448b5343c91e7d58e8785fc20a7fd029b699ca0e252614304d;environment-lock=d4b8b2dc177cb09cea84a5b5a51c99d4510a3270fe70286d2133382fbc4abd8b;gemm-calibration=cc4952da314e43f9885fd24dd85afa97440b0007edb2b0d6773d96f2b2deeecf;param-patch-contract=182942ecf6ed3c0ea267b1660a19be8601c16768640dd6ef3f112601a0b26f34;rostam-catalog=a4926ec9b012724b926fbc583b865bb083b7ad6526fee9ffc3e95129717195b8,python -m experiments.rostam.analyze verify --run-directory experiments/rostam/results/overlap-20260724-r1 --selection-id primary --verdict-sha256 5b153d0452df5033261d81f01db74211a0cb87015694b25190d8aa69650507fd --output-directory experiments/rostam/results/publications/overlap-20260724-r1-primary --archive-descriptor experiments/rostam/results/archives/overlap-20260724-r1-primary-5b153d0452df5033261d81f01db74211a0cb87015694b25190d8aa69650507fd.raw-archive-descriptor.json --raw-archive experiments/rostam/results/archives/overlap-20260724-r1-primary-5b153d0452df5033261d81f01db74211a0cb87015694b25190d8aa69650507fd.raw.tar.gz --baseline-config nccl-2.19.3-default --candidate-config nccl-2.20.5-default --median-threshold-pct 8.0 --median-absolute-threshold-us 1.0
measurement,COMPLETE,false,,overlap-20260724-r1,5d5eb9f4822e14f86023106742efdd48823b20b6a7cb866c3370367aced31d17,primary,e012e40613f57db8dc38d519dd85b85864f99dd3f95724b8cf0f7c62996239d9,5b153d0452df5033261d81f01db74211a0cb87015694b25190d8aa69650507fd,c-canary-overlap-nccl-2.20.5-tree-l-r000002-b7c4aff3fe3d83cc,b7c4aff3fe3d83cc2439296649bae5d18152fa838655c8cd8c04d0ec077d145d,a-000001,25cbef11a69173a15d201ba5a57ca6156beac32ad2a66b794f5c7351bc4a1529,nccl-2.20.5-tree-ll,canary-overlap,2,178.176000,8192,commcanary.rostam.physical.overlap-measurement.v1,commcanary.rostam.physical.overlap-producer.v1,6c350406238e0fbc8f92c67c7af68cb035264fe6d97df719f1bcf0ed5b096f65,2855275288e67a1a2d0bbefff0740841fdf0ecf0,false,,8c5f30748596f665cca0bde76d4637074ffff3fa077387dd12b993cf98d2cee6,e8989ecd0b331b0ee3dde064dd5c2ebbee210c97b37be91a1166846cdaf6f8e9,769a85e1598f1049fedf1de093c763a85fe1d5c541b10f708942a2a0797e84b0,commcanary-wheel=954c9fe0ef908a448b5343c91e7d58e8785fc20a7fd029b699ca0e252614304d;environment-lock=d4b8b2dc177cb09cea84a5b5a51c99d4510a3270fe70286d2133382fbc4abd8b;gemm-calibration=cc4952da314e43f9885fd24dd85afa97440b0007edb2b0d6773d96f2b2deeecf;param-patch-contract=182942ecf6ed3c0ea267b1660a19be8601c16768640dd6ef3f112601a0b26f34;rostam-catalog=a4926ec9b012724b926fbc583b865bb083b7ad6526fee9ffc3e95129717195b8,python -m experiments.rostam.analyze verify --run-directory experiments/rostam/results/overlap-20260724-r1 --selection-id primary --verdict-sha256 5b153d0452df5033261d81f01db74211a0cb87015694b25190d8aa69650507fd --output-directory experiments/rostam/results/publications/overlap-20260724-r1-primary --archive-descriptor experiments/rostam/results/archives/overlap-20260724-r1-primary-5b153d0452df5033261d81f01db74211a0cb87015694b25190d8aa69650507fd.raw-archive-descriptor.json --raw-archive experiments/rostam/results/archives/overlap-20260724-r1-primary-5b153d0452df5033261d81f01db74211a0cb87015694b25190d8aa69650507fd.raw.tar.gz --baseline-config nccl-2.19.3-default --candidate-config nccl-2.20.5-default --median-threshold-pct 8.0 --median-absolute-threshold-us 1.0
measurement,COMPLETE,false,,overlap-20260724-r1,5d5eb9f4822e14f86023106742efdd48823b20b6a7cb866c3370367aced31d17,primary,e012e40613f57db8dc38d519dd85b85864f99dd3f95724b8cf0f7c62996239d9,5b153d0452df5033261d81f01db74211a0cb87015694b25190d8aa69650507fd,c-canary-overlap-nccl-2.20.5-tree-l-r000002-c3c3e4e7cd510aff,c3c3e4e7cd510aff69b3042f8a57610acbb4c6183b3bc43501beeef17dd210ab,a-000001,2216021ad4120c9772f0a2fca731c3b9d91bbc35d59ab61af09736a713c30c8a,nccl-2.20.5-tree-ll128,canary-overlap,2,155.648000,8192,commcanary.rostam.physical.overlap-measurement.v1,commcanary.rostam.physical.overlap-producer.v1,98d564d630b8bfed1308c463555fbe10da6e1a36965310915fa0ff11d05b143b,2855275288e67a1a2d0bbefff0740841fdf0ecf0,false,,8c5f30748596f665cca0bde76d4637074ffff3fa077387dd12b993cf98d2cee6,ac67d3aede6c89748544678cefb7bfc0e666d0342c4beb74922530a68b17c968,0ea18c814ca7c521f1c559ee55765ec9628cdd52e7b40be2b01a3a5c367ed0c2,commcanary-wheel=954c9fe0ef908a448b5343c91e7d58e8785fc20a7fd029b699ca0e252614304d;environment-lock=d4b8b2dc177cb09cea84a5b5a51c99d4510a3270fe70286d2133382fbc4abd8b;gemm-calibration=cc4952da314e43f9885fd24dd85afa97440b0007edb2b0d6773d96f2b2deeecf;param-patch-contract=182942ecf6ed3c0ea267b1660a19be8601c16768640dd6ef3f112601a0b26f34;rostam-catalog=a4926ec9b012724b926fbc583b865bb083b7ad6526fee9ffc3e95129717195b8,python -m experiments.rostam.analyze verify --run-directory experiments/rostam/results/overlap-20260724-r1 --selection-id primary --verdict-sha256 5b153d0452df5033261d81f01db74211a0cb87015694b25190d8aa69650507fd --output-directory experiments/rostam/results/publications/overlap-20260724-r1-primary --archive-descriptor experiments/rostam/results/archives/overlap-20260724-r1-primary-5b153d0452df5033261d81f01db74211a0cb87015694b25190d8aa69650507fd.raw-archive-descriptor.json --raw-archive experiments/rostam/results/archives/overlap-20260724-r1-primary-5b153d0452df5033261d81f01db74211a0cb87015694b25190d8aa69650507fd.raw.tar.gz --baseline-config nccl-2.19.3-default --candidate-config nccl-2.20.5-default --median-threshold-pct 8.0 --median-absolute-threshold-us 1.0
measurement,COMPLETE,false,,overlap-20260724-r1,5d5eb9f4822e14f86023106742efdd48823b20b6a7cb866c3370367aced31d17,primary,e012e40613f57db8dc38d519dd85b85864f99dd3f95724b8cf0f7c62996239d9,5b153d0452df5033261d81f01db74211a0cb87015694b25190d8aa69650507fd,c-canary-overlap-nccl-2.20.5-tree-l-r000003-05b1ead2b563a582,05b1ead2b563a582936b01880d85d2749c6eb8f64046eb9b47e11e9d9dd42e34,a-000001,68bc0545486bffd9e4280e3a3ec555b1ccd07301ae7bf9c93869f923ff2a7a40,nccl-2.20.5-tree-ll128,canary-overlap,3,145.408000,8192,commcanary.rostam.physical.overlap-measurement.v1,commcanary.rostam.physical.overlap-producer.v1,bffa9f68d133a243b5b399cc6118ad7e621620c741bdb7e2f1aa269649bc4769,2855275288e67a1a2d0bbefff0740841fdf0ecf0,false,,8c5f30748596f665cca0bde76d4637074ffff3fa077387dd12b993cf98d2cee6,8f95a9c73f3aee02d76a806eaf21d3072ccbb714444d7380aaca9b27c1f8eda1,b600e5311c8bb8df61c6cf3cdbb2155683d4ff526e9e240e6d219d7e5f39a551,commcanary-wheel=954c9fe0ef908a448b5343c91e7d58e8785fc20a7fd029b699ca0e252614304d;environment-lock=d4b8b2dc177cb09cea84a5b5a51c99d4510a3270fe70286d2133382fbc4abd8b;gemm-calibration=cc4952da314e43f9885fd24dd85afa97440b0007edb2b0d6773d96f2b2deeecf;param-patch-contract=182942ecf6ed3c0ea267b1660a19be8601c16768640dd6ef3f112601a0b26f34;rostam-catalog=a4926ec9b012724b926fbc583b865bb083b7ad6526fee9ffc3e95129717195b8,python -m experiments.rostam.analyze verify --run-directory experiments/rostam/results/overlap-20260724-r1 --selection-id primary --verdict-sha256 5b153d0452df5033261d81f01db74211a0cb87015694b25190d8aa69650507fd --output-directory experiments/rostam/results/publications/overlap-20260724-r1-primary --archive-descriptor experiments/rostam/results/archives/overlap-20260724-r1-primary-5b153d0452df5033261d81f01db74211a0cb87015694b25190d8aa69650507fd.raw-archive-descriptor.json --raw-archive experiments/rostam/results/archives/overlap-20260724-r1-primary-5b153d0452df5033261d81f01db74211a0cb87015694b25190d8aa69650507fd.raw.tar.gz --baseline-config nccl-2.19.3-default --candidate-config nccl-2.20.5-default --median-threshold-pct 8.0 --median-absolute-threshold-us 1.0
measurement,COMPLETE,false,,overlap-20260724-r1,5d5eb9f4822e14f86023106742efdd48823b20b6a7cb866c3370367aced31d17,primary,e012e40613f57db8dc38d519dd85b85864f99dd3f95724b8cf0f7c62996239d9,5b153d0452df5033261d81f01db74211a0cb87015694b25190d8aa69650507fd,c-canary-overlap-nccl-2.20.5-tree-l-r000003-5ff40fb62316c034,5ff40fb62316c0343c7c389591a94c78926aaef67a678849e3ce82ccf6583836,a-000001,67ea7ab80a4ea29e83f9121c330c43d9edb3e002516ce8f6876a1432b85569ad,nccl-2.20.5-tree-ll,canary-overlap,3,180.224000,8192,commcanary.rostam.physical.overlap-measurement.v1,commcanary.rostam.physical.overlap-producer.v1,f464ee5915871019002a3e54f343ba356eb47fec48de68d43fc6e6f6c8eaf1ae,2855275288e67a1a2d0bbefff0740841fdf0ecf0,false,,8c5f30748596f665cca0bde76d4637074ffff3fa077387dd12b993cf98d2cee6,21ff6764fab3395ad2c6713336874ce040328338ac256d0a24b03949a8012131,dea959385236d00d0fd50bbf5ccebd3f7b0b7a5f0913029d93994a1ecec59f24,commcanary-wheel=954c9fe0ef908a448b5343c91e7d58e8785fc20a7fd029b699ca0e252614304d;environment-lock=d4b8b2dc177cb09cea84a5b5a51c99d4510a3270fe70286d2133382fbc4abd8b;gemm-calibration=cc4952da314e43f9885fd24dd85afa97440b0007edb2b0d6773d96f2b2deeecf;param-patch-contract=182942ecf6ed3c0ea267b1660a19be8601c16768640dd6ef3f112601a0b26f34;rostam-catalog=a4926ec9b012724b926fbc583b865bb083b7ad6526fee9ffc3e95129717195b8,python -m experiments.rostam.analyze verify --run-directory experiments/rostam/results/overlap-20260724-r1 --selection-id primary --verdict-sha256 5b153d0452df5033261d81f01db74211a0cb87015694b25190d8aa69650507fd --output-directory experiments/rostam/results/publications/overlap-20260724-r1-primary --archive-descriptor experiments/rostam/results/archives/overlap-20260724-r1-primary-5b153d0452df5033261d81f01db74211a0cb87015694b25190d8aa69650507fd.raw-archive-descriptor.json --raw-archive experiments/rostam/results/archives/overlap-20260724-r1-primary-5b153d0452df5033261d81f01db74211a0cb87015694b25190d8aa69650507fd.raw.tar.gz --baseline-config nccl-2.19.3-default --candidate-config nccl-2.20.5-default --median-threshold-pct 8.0 --median-absolute-threshold-us 1.0
measurement,COMPLETE,false,,overlap-20260724-r1,5d5eb9f4822e14f86023106742efdd48823b20b6a7cb866c3370367aced31d17,primary,e012e40613f57db8dc38d519dd85b85864f99dd3f95724b8cf0f7c62996239d9,5b153d0452df5033261d81f01db74211a0cb87015694b25190d8aa69650507fd,c-canary-overlap-nccl-2.20.5-tree-l-r000004-25c93544e0d11ac4,25c93544e0d11ac45226da5067cec98a3defef1804c75b289f86338bc3ce2788,a-000001,44f9b6a4b43dafce2760cc183873c15b95a0ec3190920d73d5b45bc2d379a9ae,nccl-2.20.5-tree-ll128,canary-overlap,4,156.672000,8192,commcanary.rostam.physical.overlap-measurement.v1,commcanary.rostam.physical.overlap-producer.v1,2086db0635bbba384158c5cc06eb0987807274d3e1a4d9ff80ea83078737b22d,2855275288e67a1a2d0bbefff0740841fdf0ecf0,false,,8c5f30748596f665cca0bde76d4637074ffff3fa077387dd12b993cf98d2cee6,5263ecc70cbf8ddcd480bb727659c66782fef4bd2fb17477261872a83d994707,30c238b654275b4fde16273f66fbb61a6e3576d88aa2288349069524398de7fa,commcanary-wheel=954c9fe0ef908a448b5343c91e7d58e8785fc20a7fd029b699ca0e252614304d;environment-lock=d4b8b2dc177cb09cea84a5b5a51c99d4510a3270fe70286d2133382fbc4abd8b;gemm-calibration=cc4952da314e43f9885fd24dd85afa97440b0007edb2b0d6773d96f2b2deeecf;param-patch-contract=182942ecf6ed3c0ea267b1660a19be8601c16768640dd6ef3f112601a0b26f34;rostam-catalog=a4926ec9b012724b926fbc583b865bb083b7ad6526fee9ffc3e95129717195b8,python -m experiments.rostam.analyze verify --run-directory experiments/rostam/results/overlap-20260724-r1 --selection-id primary --verdict-sha256 5b153d0452df5033261d81f01db74211a0cb87015694b25190d8aa69650507fd --output-directory experiments/rostam/results/publications/overlap-20260724-r1-primary --archive-descriptor experiments/rostam/results/archives/overlap-20260724-r1-primary-5b153d0452df5033261d81f01db74211a0cb87015694b25190d8aa69650507fd.raw-archive-descriptor.json --raw-archive experiments/rostam/results/archives/overlap-20260724-r1-primary-5b153d0452df5033261d81f01db74211a0cb87015694b25190d8aa69650507fd.raw.tar.gz --baseline-config nccl-2.19.3-default --candidate-config nccl-2.20.5-default --median-threshold-pct 8.0 --median-absolute-threshold-us 1.0
measurement,COMPLETE,false,,overlap-20260724-r1,5d5eb9f4822e14f86023106742efdd48823b20b6a7cb866c3370367aced31d17,primary,e012e40613f57db8dc38d519dd85b85864f99dd3f95724b8cf0f7c62996239d9,5b153d0452df5033261d81f01db74211a0cb87015694b25190d8aa69650507fd,c-canary-overlap-nccl-2.20.5-tree-l-r000004-4c2489f482b61e35,4c2489f482b61e35acfa78bfb21a790b35f999d84904b13fea9faa4f60dbb69f,a-000001,2dc8f300c8a5c14ed2f9182b627641cc31740b8ba18c33e8ce3edde7a13b111d,nccl-2.20.5-tree-ll,canary-overlap,4,179.200000,8192,commcanary.rostam.physical.overlap-measurement.v1,commcanary.rostam.physical.overlap-producer.v1,d59ba19c48e0f2965209e24fc2c72a00eff83f7834942439fbfc70b961d996f0,2855275288e67a1a2d0bbefff0740841fdf0ecf0,false,,8c5f30748596f665cca0bde76d4637074ffff3fa077387dd12b993cf98d2cee6,88b6f0851a3d9ab61f149e92b6de399255219e01a6c449bfa61c842e6c0556d4,d985259e7bbc8c816b2d354bcfca8c947c1d8400a3bc894e6ba4cca5363381ea,commcanary-wheel=954c9fe0ef908a448b5343c91e7d58e8785fc20a7fd029b699ca0e252614304d;environment-lock=d4b8b2dc177cb09cea84a5b5a51c99d4510a3270fe70286d2133382fbc4abd8b;gemm-calibration=cc4952da314e43f9885fd24dd85afa97440b0007edb2b0d6773d96f2b2deeecf;param-patch-contract=182942ecf6ed3c0ea267b1660a19be8601c16768640dd6ef3f112601a0b26f34;rostam-catalog=a4926ec9b012724b926fbc583b865bb083b7ad6526fee9ffc3e95129717195b8,python -m experiments.rostam.analyze verify --run-directory experiments/rostam/results/overlap-20260724-r1 --selection-id primary --verdict-sha256 5b153d0452df5033261d81f01db74211a0cb87015694b25190d8aa69650507fd --output-directory experiments/rostam/results/publications/overlap-20260724-r1-primary --archive-descriptor experiments/rostam/results/archives/overlap-20260724-r1-primary-5b153d0452df5033261d81f01db74211a0cb87015694b25190d8aa69650507fd.raw-archive-descriptor.json --raw-archive experiments/rostam/results/archives/overlap-20260724-r1-primary-5b153d0452df5033261d81f01db74211a0cb87015694b25190d8aa69650507fd.raw.tar.gz --baseline-config nccl-2.19.3-default --candidate-config nccl-2.20.5-default --median-threshold-pct 8.0 --median-absolute-threshold-us 1.0
measurement,COMPLETE,false,,overlap-20260724-r1,5d5eb9f4822e14f86023106742efdd48823b20b6a7cb866c3370367aced31d17,primary,e012e40613f57db8dc38d519dd85b85864f99dd3f95724b8cf0f7c62996239d9,5b153d0452df5033261d81f01db74211a0cb87015694b25190d8aa69650507fd,c-canary-overlap-nccl-2.20.5-tree-s-r000000-1ac11280579477d9,1ac11280579477d947b941a3fce37e3646e59f7147876fe1d2d78b41dd0add91,a-000001,9bd671ad4e6737284559751cd1c264047b8d3053ce4440b4ed6b5b1896d38609,nccl-2.20.5-tree-simple,canary-overlap,0,152.576000,8192,commcanary.rostam.physical.overlap-measurement.v1,commcanary.rostam.physical.overlap-producer.v1,6af648ea81aaffb2ec50aa440d9ab50498351da217a5a7d4771d4d375bab438f,2855275288e67a1a2d0bbefff0740841fdf0ecf0,false,,8c5f30748596f665cca0bde76d4637074ffff3fa077387dd12b993cf98d2cee6,c56647fa9a2c997b3e0f97395a1b810740a53e998692f6485c27e895f698e834,484c3e4d1a3c7ff0c8f5de7384fa05bded0379044249a7841304698211366ba8,commcanary-wheel=954c9fe0ef908a448b5343c91e7d58e8785fc20a7fd029b699ca0e252614304d;environment-lock=d4b8b2dc177cb09cea84a5b5a51c99d4510a3270fe70286d2133382fbc4abd8b;gemm-calibration=cc4952da314e43f9885fd24dd85afa97440b0007edb2b0d6773d96f2b2deeecf;param-patch-contract=182942ecf6ed3c0ea267b1660a19be8601c16768640dd6ef3f112601a0b26f34;rostam-catalog=a4926ec9b012724b926fbc583b865bb083b7ad6526fee9ffc3e95129717195b8,python -m experiments.rostam.analyze verify --run-directory experiments/rostam/results/overlap-20260724-r1 --selection-id primary --verdict-sha256 5b153d0452df5033261d81f01db74211a0cb87015694b25190d8aa69650507fd --output-directory experiments/rostam/results/publications/overlap-20260724-r1-primary --archive-descriptor experiments/rostam/results/archives/overlap-20260724-r1-primary-5b153d0452df5033261d81f01db74211a0cb87015694b25190d8aa69650507fd.raw-archive-descriptor.json --raw-archive experiments/rostam/results/archives/overlap-20260724-r1-primary-5b153d0452df5033261d81f01db74211a0cb87015694b25190d8aa69650507fd.raw.tar.gz --baseline-config nccl-2.19.3-default --candidate-config nccl-2.20.5-default --median-threshold-pct 8.0 --median-absolute-threshold-us 1.0
measurement,COMPLETE,false,,overlap-20260724-r1,5d5eb9f4822e14f86023106742efdd48823b20b6a7cb866c3370367aced31d17,primary,e012e40613f57db8dc38d519dd85b85864f99dd3f95724b8cf0f7c62996239d9,5b153d0452df5033261d81f01db74211a0cb87015694b25190d8aa69650507fd,c-canary-overlap-nccl-2.20.5-tree-s-r000001-efdb730cb3556e93,efdb730cb3556e93f0d2972fbbbed617308ed18b58a0ee0f69dde3954f295587,a-000001,906c318422b052a65f0b9ef8917b5d658499ce6c0c8b09259a72146fbdc4670c,nccl-2.20.5-tree-simple,canary-overlap,1,151.552000,8192,commcanary.rostam.physical.overlap-measurement.v1,commcanary.rostam.physical.overlap-producer.v1,149bfcf1b3adddd8b7407e8ed44a5684fed664538b7d7b802417b3e49ecc96a7,2855275288e67a1a2d0bbefff0740841fdf0ecf0,false,,8c5f30748596f665cca0bde76d4637074ffff3fa077387dd12b993cf98d2cee6,88f95c9b44e690f51a4a1a8a3b4a18891677106b23fd782744e4079e23dee644,e83e1ceb94c6b15e9f4c14a89b63b7fe497fe716a187fef9858414898b5dca02,commcanary-wheel=954c9fe0ef908a448b5343c91e7d58e8785fc20a7fd029b699ca0e252614304d;environment-lock=d4b8b2dc177cb09cea84a5b5a51c99d4510a3270fe70286d2133382fbc4abd8b;gemm-calibration=cc4952da314e43f9885fd24dd85afa97440b0007edb2b0d6773d96f2b2deeecf;param-patch-contract=182942ecf6ed3c0ea267b1660a19be8601c16768640dd6ef3f112601a0b26f34;rostam-catalog=a4926ec9b012724b926fbc583b865bb083b7ad6526fee9ffc3e95129717195b8,python -m experiments.rostam.analyze verify --run-directory experiments/rostam/results/overlap-20260724-r1 --selection-id primary --verdict-sha256 5b153d0452df5033261d81f01db74211a0cb87015694b25190d8aa69650507fd --output-directory experiments/rostam/results/publications/overlap-20260724-r1-primary --archive-descriptor experiments/rostam/results/archives/overlap-20260724-r1-primary-5b153d0452df5033261d81f01db74211a0cb87015694b25190d8aa69650507fd.raw-archive-descriptor.json --raw-archive experiments/rostam/results/archives/overlap-20260724-r1-primary-5b153d0452df5033261d81f01db74211a0cb87015694b25190d8aa69650507fd.raw.tar.gz --baseline-config nccl-2.19.3-default --candidate-config nccl-2.20.5-default --median-threshold-pct 8.0 --median-absolute-threshold-us 1.0
measurement,COMPLETE,false,,overlap-20260724-r1,5d5eb9f4822e14f86023106742efdd48823b20b6a7cb866c3370367aced31d17,primary,e012e40613f57db8dc38d519dd85b85864f99dd3f95724b8cf0f7c62996239d9,5b153d0452df5033261d81f01db74211a0cb87015694b25190d8aa69650507fd,c-canary-overlap-nccl-2.20.5-tree-s-r000002-f5b43eb217945887,f5b43eb2179458876c2ec2778eee4a5e9110551fa3460c458632e8c1cac44fe6,a-000001,c90c424030876dd50a0df1988de1644def24fc9f2622d9044aa5059fd56f9512,nccl-2.20.5-tree-simple,canary-overlap,2,150.528000,8192,commcanary.rostam.physical.overlap-measurement.v1,commcanary.rostam.physical.overlap-producer.v1,999a0a8a0d9f348e6da8f4875b2991af0fadeed6962f2a90abbc28597061f12e,2855275288e67a1a2d0bbefff0740841fdf0ecf0,false,,8c5f30748596f665cca0bde76d4637074ffff3fa077387dd12b993cf98d2cee6,06508119cb8cc1ccb352e806f2c959084947cdbc22c6a91d0858c3e4f81f2210,c31b5002e22479ff91eb62266291506660d169e5a6584f82684a406630f42b75,commcanary-wheel=954c9fe0ef908a448b5343c91e7d58e8785fc20a7fd029b699ca0e252614304d;environment-lock=d4b8b2dc177cb09cea84a5b5a51c99d4510a3270fe70286d2133382fbc4abd8b;gemm-calibration=cc4952da314e43f9885fd24dd85afa97440b0007edb2b0d6773d96f2b2deeecf;param-patch-contract=182942ecf6ed3c0ea267b1660a19be8601c16768640dd6ef3f112601a0b26f34;rostam-catalog=a4926ec9b012724b926fbc583b865bb083b7ad6526fee9ffc3e95129717195b8,python -m experiments.rostam.analyze verify --run-directory experiments/rostam/results/overlap-20260724-r1 --selection-id primary --verdict-sha256 5b153d0452df5033261d81f01db74211a0cb87015694b25190d8aa69650507fd --output-directory experiments/rostam/results/publications/overlap-20260724-r1-primary --archive-descriptor experiments/rostam/results/archives/overlap-20260724-r1-primary-5b153d0452df5033261d81f01db74211a0cb87015694b25190d8aa69650507fd.raw-archive-descriptor.json --raw-archive experiments/rostam/results/archives/overlap-20260724-r1-primary-5b153d0452df5033261d81f01db74211a0cb87015694b25190d8aa69650507fd.raw.tar.gz --baseline-config nccl-2.19.3-default --candidate-config nccl-2.20.5-default --median-threshold-pct 8.0 --median-absolute-threshold-us 1.0
measurement,COMPLETE,false,,overlap-20260724-r1,5d5eb9f4822e14f86023106742efdd48823b20b6a7cb866c3370367aced31d17,primary,e012e40613f57db8dc38d519dd85b85864f99dd3f95724b8cf0f7c62996239d9,5b153d0452df5033261d81f01db74211a0cb87015694b25190d8aa69650507fd,c-canary-overlap-nccl-2.20.5-tree-s-r000003-ccd7080d6951f63c,ccd7080d6951f63cf5b3292e7215e88f80915454a88b120a2bd1d28b6761f69c,a-000001,0342693954e6e26a7b98e9a4dc2544e44f2da3c0b0f126d1ec4f49f40aa2b4ba,nccl-2.20.5-tree-simple,canary-overlap,3,149.504000,8192,commcanary.rostam.physical.overlap-measurement.v1,commcanary.rostam.physical.overlap-producer.v1,a04a59cdf1a137212a41d00d3654875014a75284693954cd0e98b05cda41a94b,2855275288e67a1a2d0bbefff0740841fdf0ecf0,false,,8c5f30748596f665cca0bde76d4637074ffff3fa077387dd12b993cf98d2cee6,bc0bfcdb749cdf26880c7a55c7a618ed66f382a6574d68547ab66033f3753122,7dc06d2e5ba1812489ff62afedee5051ee251b4a5f6599532269aeae09b94715,commcanary-wheel=954c9fe0ef908a448b5343c91e7d58e8785fc20a7fd029b699ca0e252614304d;environment-lock=d4b8b2dc177cb09cea84a5b5a51c99d4510a3270fe70286d2133382fbc4abd8b;gemm-calibration=cc4952da314e43f9885fd24dd85afa97440b0007edb2b0d6773d96f2b2deeecf;param-patch-contract=182942ecf6ed3c0ea267b1660a19be8601c16768640dd6ef3f112601a0b26f34;rostam-catalog=a4926ec9b012724b926fbc583b865bb083b7ad6526fee9ffc3e95129717195b8,python -m experiments.rostam.analyze verify --run-directory experiments/rostam/results/overlap-20260724-r1 --selection-id primary --verdict-sha256 5b153d0452df5033261d81f01db74211a0cb87015694b25190d8aa69650507fd --output-directory experiments/rostam/results/publications/overlap-20260724-r1-primary --archive-descriptor experiments/rostam/results/archives/overlap-20260724-r1-primary-5b153d0452df5033261d81f01db74211a0cb87015694b25190d8aa69650507fd.raw-archive-descriptor.json --raw-archive experiments/rostam/results/archives/overlap-20260724-r1-primary-5b153d0452df5033261d81f01db74211a0cb87015694b25190d8aa69650507fd.raw.tar.gz --baseline-config nccl-2.19.3-default --candidate-config nccl-2.20.5-default --median-threshold-pct 8.0 --median-absolute-threshold-us 1.0
measurement,COMPLETE,false,,overlap-20260724-r1,5d5eb9f4822e14f86023106742efdd48823b20b6a7cb866c3370367aced31d17,primary,e012e40613f57db8dc38d519dd85b85864f99dd3f95724b8cf0f7c62996239d9,5b153d0452df5033261d81f01db74211a0cb87015694b25190d8aa69650507fd,c-canary-overlap-nccl-2.20.5-tree-s-r000004-2a4e1f59db665301,2a4e1f59db6653018425dcf80fb348f89834566005debcc060d6319f0f241c03,a-000001,9429eb623148cf94ed50cdd3c171f8f58dfd3c5a7edba4e81c6b4ff44c3d0b4a,nccl-2.20.5-tree-simple,canary-overlap,4,150.528000,8192,commcanary.rostam.physical.overlap-measurement.v1,commcanary.rostam.physical.overlap-producer.v1,fc5bb4039b26837eac66945bbf2af01f190d6f5e8f6c84b5053be98190a41610,2855275288e67a1a2d0bbefff0740841fdf0ecf0,false,,8c5f30748596f665cca0bde76d4637074ffff3fa077387dd12b993cf98d2cee6,5e5b08ad2406db70eadd052a4df86dcea7c16eee9ee80ae8b7059d0e044ad0c5,d5f522966cd8ed6ad6233d54330927a96ffc611180de42fa7aed7846a90186a0,commcanary-wheel=954c9fe0ef908a448b5343c91e7d58e8785fc20a7fd029b699ca0e252614304d;environment-lock=d4b8b2dc177cb09cea84a5b5a51c99d4510a3270fe70286d2133382fbc4abd8b;gemm-calibration=cc4952da314e43f9885fd24dd85afa97440b0007edb2b0d6773d96f2b2deeecf;param-patch-contract=182942ecf6ed3c0ea267b1660a19be8601c16768640dd6ef3f112601a0b26f34;rostam-catalog=a4926ec9b012724b926fbc583b865bb083b7ad6526fee9ffc3e95129717195b8,python -m experiments.rostam.analyze verify --run-directory experiments/rostam/results/overlap-20260724-r1 --selection-id primary --verdict-sha256 5b153d0452df5033261d81f01db74211a0cb87015694b25190d8aa69650507fd --output-directory experiments/rostam/results/publications/overlap-20260724-r1-primary --archive-descriptor experiments/rostam/results/archives/overlap-20260724-r1-primary-5b153d0452df5033261d81f01db74211a0cb87015694b25190d8aa69650507fd.raw-archive-descriptor.json --raw-archive experiments/rostam/results/archives/overlap-20260724-r1-primary-5b153d0452df5033261d81f01db74211a0cb87015694b25190d8aa69650507fd.raw.tar.gz --baseline-config nccl-2.19.3-default --candidate-config nccl-2.20.5-default --median-threshold-pct 8.0 --median-absolute-threshold-us 1.0
measurement,COMPLETE,false,,overlap-20260724-r1,5d5eb9f4822e14f86023106742efdd48823b20b6a7cb866c3370367aced31d17,primary,e012e40613f57db8dc38d519dd85b85864f99dd3f95724b8cf0f7c62996239d9,5b153d0452df5033261d81f01db74211a0cb87015694b25190d8aa69650507fd,c-overlap-trace-buil-nccl-2.19.3-defaul-r000000-87d50cdc330ab426,87d50cdc330ab426f56847524e46e8be2873a7e43a043f08e614243c14bb94a7,a-000001,6194ec0143361f1e8f3de8005c4323defa517aeef527a0c284f94bbc9814aa6f,nccl-2.19.3-default,overlap-trace-build,0,80244089.008309,1,commcanary.rostam.physical.capture-measurement.v1,commcanary.rostam.physical.capture-producer.v1,ffa1b5773d273375adbcdf231432b5050ba5acc51d8dfdca35dc47cf16ef517c,2855275288e67a1a2d0bbefff0740841fdf0ecf0,false,,8c5f30748596f665cca0bde76d4637074ffff3fa077387dd12b993cf98d2cee6,cedaa44c291b85070e45b8de23ddb3643359a5a80e77709746b2cb3cea8b2dcc,f48b35f4b224875cc59e9d6891336d8964fc89eb50092900edba097bea664c16,commcanary-wheel=954c9fe0ef908a448b5343c91e7d58e8785fc20a7fd029b699ca0e252614304d;environment-lock=d4b8b2dc177cb09cea84a5b5a51c99d4510a3270fe70286d2133382fbc4abd8b;gemm-calibration=cc4952da314e43f9885fd24dd85afa97440b0007edb2b0d6773d96f2b2deeecf;param-patch-contract=182942ecf6ed3c0ea267b1660a19be8601c16768640dd6ef3f112601a0b26f34;rostam-catalog=a4926ec9b012724b926fbc583b865bb083b7ad6526fee9ffc3e95129717195b8,python -m experiments.rostam.analyze verify --run-directory experiments/rostam/results/overlap-20260724-r1 --selection-id primary --verdict-sha256 5b153d0452df5033261d81f01db74211a0cb87015694b25190d8aa69650507fd --output-directory experiments/rostam/results/publications/overlap-20260724-r1-primary --archive-descriptor experiments/rostam/results/archives/overlap-20260724-r1-primary-5b153d0452df5033261d81f01db74211a0cb87015694b25190d8aa69650507fd.raw-archive-descriptor.json --raw-archive experiments/rostam/results/archives/overlap-20260724-r1-primary-5b153d0452df5033261d81f01db74211a0cb87015694b25190d8aa69650507fd.raw.tar.gz --baseline-config nccl-2.19.3-default --candidate-config nccl-2.20.5-default --median-threshold-pct 8.0 --median-absolute-threshold-us 1.0
measurement,COMPLETE,false,,overlap-20260724-r1,5d5eb9f4822e14f86023106742efdd48823b20b6a7cb866c3370367aced31d17,primary,e012e40613f57db8dc38d519dd85b85864f99dd3f95724b8cf0f7c62996239d9,5b153d0452df5033261d81f01db74211a0cb87015694b25190d8aa69650507fd,c-overlap-trace-buil-nccl-2.19.3-defaul-r000001-bba4b5729db85dc9,bba4b5729db85dc9116068c79583717a9aaab064120c8c76ddcdc5cbad14b52e,a-000001,fd77505f777c626d7299851fe97e80bb6d5d1eaf5c46d04a2360d06ca0995c3c,nccl-2.19.3-default,overlap-trace-build,1,60438296.157867,1,commcanary.rostam.physical.capture-measurement.v1,commcanary.rostam.physical.capture-producer.v1,ba01e4e58214492c702c5428db73dafab8906b5e6470d8f7b71b18f0c0ae1ff3,2855275288e67a1a2d0bbefff0740841fdf0ecf0,false,,8c5f30748596f665cca0bde76d4637074ffff3fa077387dd12b993cf98d2cee6,76a0f19e4d118f014a8142463769cfa5b2301d2113d37bc78edac4aeebed77a7,10adb612b2bb4d7f9f6f514e7aa83b62aa49a1c3f894ed9da916f0883e21126e,commcanary-wheel=954c9fe0ef908a448b5343c91e7d58e8785fc20a7fd029b699ca0e252614304d;environment-lock=d4b8b2dc177cb09cea84a5b5a51c99d4510a3270fe70286d2133382fbc4abd8b;gemm-calibration=cc4952da314e43f9885fd24dd85afa97440b0007edb2b0d6773d96f2b2deeecf;param-patch-contract=182942ecf6ed3c0ea267b1660a19be8601c16768640dd6ef3f112601a0b26f34;rostam-catalog=a4926ec9b012724b926fbc583b865bb083b7ad6526fee9ffc3e95129717195b8,python -m experiments.rostam.analyze verify --run-directory experiments/rostam/results/overlap-20260724-r1 --selection-id primary --verdict-sha256 5b153d0452df5033261d81f01db74211a0cb87015694b25190d8aa69650507fd --output-directory experiments/rostam/results/publications/overlap-20260724-r1-primary --archive-descriptor experiments/rostam/results/archives/overlap-20260724-r1-primary-5b153d0452df5033261d81f01db74211a0cb87015694b25190d8aa69650507fd.raw-archive-descriptor.json --raw-archive experiments/rostam/results/archives/overlap-20260724-r1-primary-5b153d0452df5033261d81f01db74211a0cb87015694b25190d8aa69650507fd.raw.tar.gz --baseline-config nccl-2.19.3-default --candidate-config nccl-2.20.5-default --median-threshold-pct 8.0 --median-absolute-threshold-us 1.0
measurement,COMPLETE,false,,overlap-20260724-r1,5d5eb9f4822e14f86023106742efdd48823b20b6a7cb866c3370367aced31d17,primary,e012e40613f57db8dc38d519dd85b85864f99dd3f95724b8cf0f7c62996239d9,5b153d0452df5033261d81f01db74211a0cb87015694b25190d8aa69650507fd,c-overlap-trace-buil-nccl-2.19.3-defaul-r000002-a545d811d2d50c87,a545d811d2d50c871f39c5fc803afe04b7129b5ffd37207fb28dd45b0fdbdba3,a-000001,25fa8883ddb86214dc8f1d716fdebe3809df6f97d6f443ddd25d8c70570fcb02,nccl-2.19.3-default,overlap-trace-build,2,60214082.299732,1,commcanary.rostam.physical.capture-measurement.v1,commcanary.rostam.physical.capture-producer.v1,1d6820fab612b0193a7b9b0370a86eb9d52878f3af53d2b9194c2577b315648a,2855275288e67a1a2d0bbefff0740841fdf0ecf0,false,,8c5f30748596f665cca0bde76d4637074ffff3fa077387dd12b993cf98d2cee6,ea64c4cf83bcc3a2e3080929b14f8aa4f439bdd5dc4ea18ff2fb662d77c04427,c7a74eae8e6851f7a838e7366bd4ead3668767aa224d4027d9a6c9a1ed78d73d,commcanary-wheel=954c9fe0ef908a448b5343c91e7d58e8785fc20a7fd029b699ca0e252614304d;environment-lock=d4b8b2dc177cb09cea84a5b5a51c99d4510a3270fe70286d2133382fbc4abd8b;gemm-calibration=cc4952da314e43f9885fd24dd85afa97440b0007edb2b0d6773d96f2b2deeecf;param-patch-contract=182942ecf6ed3c0ea267b1660a19be8601c16768640dd6ef3f112601a0b26f34;rostam-catalog=a4926ec9b012724b926fbc583b865bb083b7ad6526fee9ffc3e95129717195b8,python -m experiments.rostam.analyze verify --run-directory experiments/rostam/results/overlap-20260724-r1 --selection-id primary --verdict-sha256 5b153d0452df5033261d81f01db74211a0cb87015694b25190d8aa69650507fd --output-directory experiments/rostam/results/publications/overlap-20260724-r1-primary --archive-descriptor experiments/rostam/results/archives/overlap-20260724-r1-primary-5b153d0452df5033261d81f01db74211a0cb87015694b25190d8aa69650507fd.raw-archive-descriptor.json --raw-archive experiments/rostam/results/archives/overlap-20260724-r1-primary-5b153d0452df5033261d81f01db74211a0cb87015694b25190d8aa69650507fd.raw.tar.gz --baseline-config nccl-2.19.3-default --candidate-config nccl-2.20.5-default --median-threshold-pct 8.0 --median-absolute-threshold-us 1.0
measurement,COMPLETE,false,,overlap-20260724-r1,5d5eb9f4822e14f86023106742efdd48823b20b6a7cb866c3370367aced31d17,primary,e012e40613f57db8dc38d519dd85b85864f99dd3f95724b8cf0f7c62996239d9,5b153d0452df5033261d81f01db74211a0cb87015694b25190d8aa69650507fd,c-overlap-trace-buil-nccl-2.19.3-defaul-r000003-e69e856c72ad45ca,e69e856c72ad45ca392d754bcaf9515ce5754455a5cb60567e4ecca77b8a9d9d,a-000001,60031290652412261603809fb7c27dfea0ece681f83460eaf88d531721c091f0,nccl-2.19.3-default,overlap-trace-build,3,60335375.492461,1,commcanary.rostam.physical.capture-measurement.v1,commcanary.rostam.physical.capture-producer.v1,4d27e84f392fdafec7b825ca4ebe8b129e880ce4bcaaa6a6dea95ea0d3ddad0a,2855275288e67a1a2d0bbefff0740841fdf0ecf0,false,,8c5f30748596f665cca0bde76d4637074ffff3fa077387dd12b993cf98d2cee6,b269cdc6cd95a3cc01ebb281d0e647f1dfc7d9c07aa0e0671c802a4d11040782,206cb6552a52b51e688e38e61dc6738c0efca208be4649c0f45c28cb701e1aae,commcanary-wheel=954c9fe0ef908a448b5343c91e7d58e8785fc20a7fd029b699ca0e252614304d;environment-lock=d4b8b2dc177cb09cea84a5b5a51c99d4510a3270fe70286d2133382fbc4abd8b;gemm-calibration=cc4952da314e43f9885fd24dd85afa97440b0007edb2b0d6773d96f2b2deeecf;param-patch-contract=182942ecf6ed3c0ea267b1660a19be8601c16768640dd6ef3f112601a0b26f34;rostam-catalog=a4926ec9b012724b926fbc583b865bb083b7ad6526fee9ffc3e95129717195b8,python -m experiments.rostam.analyze verify --run-directory experiments/rostam/results/overlap-20260724-r1 --selection-id primary --verdict-sha256 5b153d0452df5033261d81f01db74211a0cb87015694b25190d8aa69650507fd --output-directory experiments/rostam/results/publications/overlap-20260724-r1-primary --archive-descriptor experiments/rostam/results/archives/overlap-20260724-r1-primary-5b153d0452df5033261d81f01db74211a0cb87015694b25190d8aa69650507fd.raw-archive-descriptor.json --raw-archive experiments/rostam/results/archives/overlap-20260724-r1-primary-5b153d0452df5033261d81f01db74211a0cb87015694b25190d8aa69650507fd.raw.tar.gz --baseline-config nccl-2.19.3-default --candidate-config nccl-2.20.5-default --median-threshold-pct 8.0 --median-absolute-threshold-us 1.0
measurement,COMPLETE,false,,overlap-20260724-r1,5d5eb9f4822e14f86023106742efdd48823b20b6a7cb866c3370367aced31d17,primary,e012e40613f57db8dc38d519dd85b85864f99dd3f95724b8cf0f7c62996239d9,5b153d0452df5033261d81f01db74211a0cb87015694b25190d8aa69650507fd,c-overlap-trace-buil-nccl-2.19.3-defaul-r000004-203e132b62668795,203e132b62668795ba4b8493fc54e9c51e5e58bf6bcafe28ade6ed2506c8fd30,a-000001,62ab7184a4c6fb79d113745e746f6228a0e95735d7292db73a264920f3cc03c0,nccl-2.19.3-default,overlap-trace-build,4,60956646.153703,1,commcanary.rostam.physical.capture-measurement.v1,commcanary.rostam.physical.capture-producer.v1,498f9f4494a24f8230b3da32dd695d9c19da13aa7a308ce880cde99bf0e48206,2855275288e67a1a2d0bbefff0740841fdf0ecf0,false,,8c5f30748596f665cca0bde76d4637074ffff3fa077387dd12b993cf98d2cee6,3bf39bdedcdada5363e4c2a2fe48409585c8103e6118c27690e4be68d1ef025b,b5d60488f89ce702fda169304ec13e200140e2b903cfd125db581fc24f54923d,commcanary-wheel=954c9fe0ef908a448b5343c91e7d58e8785fc20a7fd029b699ca0e252614304d;environment-lock=d4b8b2dc177cb09cea84a5b5a51c99d4510a3270fe70286d2133382fbc4abd8b;gemm-calibration=cc4952da314e43f9885fd24dd85afa97440b0007edb2b0d6773d96f2b2deeecf;param-patch-contract=182942ecf6ed3c0ea267b1660a19be8601c16768640dd6ef3f112601a0b26f34;rostam-catalog=a4926ec9b012724b926fbc583b865bb083b7ad6526fee9ffc3e95129717195b8,python -m experiments.rostam.analyze verify --run-directory experiments/rostam/results/overlap-20260724-r1 --selection-id primary --verdict-sha256 5b153d0452df5033261d81f01db74211a0cb87015694b25190d8aa69650507fd --output-directory experiments/rostam/results/publications/overlap-20260724-r1-primary --archive-descriptor experiments/rostam/results/archives/overlap-20260724-r1-primary-5b153d0452df5033261d81f01db74211a0cb87015694b25190d8aa69650507fd.raw-archive-descriptor.json --raw-archive experiments/rostam/results/archives/overlap-20260724-r1-primary-5b153d0452df5033261d81f01db74211a0cb87015694b25190d8aa69650507fd.raw.tar.gz --baseline-config nccl-2.19.3-default --candidate-config nccl-2.20.5-default --median-threshold-pct 8.0 --median-absolute-threshold-us 1.0
measurement,COMPLETE,false,,overlap-20260724-r1,5d5eb9f4822e14f86023106742efdd48823b20b6a7cb866c3370367aced31d17,primary,e012e40613f57db8dc38d519dd85b85864f99dd3f95724b8cf0f7c62996239d9,5b153d0452df5033261d81f01db74211a0cb87015694b25190d8aa69650507fd,c-overlap-trace-buil-nccl-2.20.5-defaul-r000000-b370a1ffa23a23e0,b370a1ffa23a23e03d011cca34cd22e53650abc4d9b64551f682985d91396b6b,a-000001,8b2c3b2681c7562c4b0704ce7cc5a6e1ad94259381b61e36bb8f9d0575ff1b91,nccl-2.20.5-default,overlap-trace-build,0,79464399.231598,1,commcanary.rostam.physical.capture-measurement.v1,commcanary.rostam.physical.capture-producer.v1,9c475686c305529fdb661ad07b61bafdf38f422b8a9b44b024d575ddd2781e5f,2855275288e67a1a2d0bbefff0740841fdf0ecf0,false,,8c5f30748596f665cca0bde76d4637074ffff3fa077387dd12b993cf98d2cee6,8477b95231b514dd5d39536e3c684c7414c19887fb5ed74631d47c986297a3eb,6bdaf023c9dbc0ed0ea089c07961234b072c80e228374bcde5a67c6bbcfe2373,commcanary-wheel=954c9fe0ef908a448b5343c91e7d58e8785fc20a7fd029b699ca0e252614304d;environment-lock=d4b8b2dc177cb09cea84a5b5a51c99d4510a3270fe70286d2133382fbc4abd8b;gemm-calibration=cc4952da314e43f9885fd24dd85afa97440b0007edb2b0d6773d96f2b2deeecf;param-patch-contract=182942ecf6ed3c0ea267b1660a19be8601c16768640dd6ef3f112601a0b26f34;rostam-catalog=a4926ec9b012724b926fbc583b865bb083b7ad6526fee9ffc3e95129717195b8,python -m experiments.rostam.analyze verify --run-directory experiments/rostam/results/overlap-20260724-r1 --selection-id primary --verdict-sha256 5b153d0452df5033261d81f01db74211a0cb87015694b25190d8aa69650507fd --output-directory experiments/rostam/results/publications/overlap-20260724-r1-primary --archive-descriptor experiments/rostam/results/archives/overlap-20260724-r1-primary-5b153d0452df5033261d81f01db74211a0cb87015694b25190d8aa69650507fd.raw-archive-descriptor.json --raw-archive experiments/rostam/results/archives/overlap-20260724-r1-primary-5b153d0452df5033261d81f01db74211a0cb87015694b25190d8aa69650507fd.raw.tar.gz --baseline-config nccl-2.19.3-default --candidate-config nccl-2.20.5-default --median-threshold-pct 8.0 --median-absolute-threshold-us 1.0
measurement,COMPLETE,false,,overlap-20260724-r1,5d5eb9f4822e14f86023106742efdd48823b20b6a7cb866c3370367aced31d17,primary,e012e40613f57db8dc38d519dd85b85864f99dd3f95724b8cf0f7c62996239d9,5b153d0452df5033261d81f01db74211a0cb87015694b25190d8aa69650507fd,c-overlap-trace-buil-nccl-2.20.5-defaul-r000001-767ac6e4a6815293,767ac6e4a68152937a78c24b62aa713702315ae1e8e521082247d503d75d9bb8,a-000001,47e160e945661b5cf928433da71edb3e96a07b6961bae71d76e742dd12813914,nccl-2.20.5-default,overlap-trace-build,1,60259524.764493,1,commcanary.rostam.physical.capture-measurement.v1,commcanary.rostam.physical.capture-producer.v1,cd15b80676dfded5f1693ae9dfd6c278ad7997a40d7766e8974e2b2024161634,2855275288e67a1a2d0bbefff0740841fdf0ecf0,false,,8c5f30748596f665cca0bde76d4637074ffff3fa077387dd12b993cf98d2cee6,cba559dcb7046e61ea0485239c37ded5c04ffc65e8b2a8d627a4886140b3f09f,7f7a02254547baea3970dc55f94d645da542bddb2530624bbeaada80e4e37794,commcanary-wheel=954c9fe0ef908a448b5343c91e7d58e8785fc20a7fd029b699ca0e252614304d;environment-lock=d4b8b2dc177cb09cea84a5b5a51c99d4510a3270fe70286d2133382fbc4abd8b;gemm-calibration=cc4952da314e43f9885fd24dd85afa97440b0007edb2b0d6773d96f2b2deeecf;param-patch-contract=182942ecf6ed3c0ea267b1660a19be8601c16768640dd6ef3f112601a0b26f34;rostam-catalog=a4926ec9b012724b926fbc583b865bb083b7ad6526fee9ffc3e95129717195b8,python -m experiments.rostam.analyze verify --run-directory experiments/rostam/results/overlap-20260724-r1 --selection-id primary --verdict-sha256 5b153d0452df5033261d81f01db74211a0cb87015694b25190d8aa69650507fd --output-directory experiments/rostam/results/publications/overlap-20260724-r1-primary --archive-descriptor experiments/rostam/results/archives/overlap-20260724-r1-primary-5b153d0452df5033261d81f01db74211a0cb87015694b25190d8aa69650507fd.raw-archive-descriptor.json --raw-archive experiments/rostam/results/archives/overlap-20260724-r1-primary-5b153d0452df5033261d81f01db74211a0cb87015694b25190d8aa69650507fd.raw.tar.gz --baseline-config nccl-2.19.3-default --candidate-config nccl-2.20.5-default --median-threshold-pct 8.0 --median-absolute-threshold-us 1.0
measurement,COMPLETE,false,,overlap-20260724-r1,5d5eb9f4822e14f86023106742efdd48823b20b6a7cb866c3370367aced31d17,primary,e012e40613f57db8dc38d519dd85b85864f99dd3f95724b8cf0f7c62996239d9,5b153d0452df5033261d81f01db74211a0cb87015694b25190d8aa69650507fd,c-overlap-trace-buil-nccl-2.20.5-defaul-r000002-8818770d77231fcb,8818770d77231fcb74b55b5a760e7acd20976afc0e1986ac153d4b02b91b9bd5,a-000001,59459743c82cd356155a4d10cad31866fe7a9abc535e8cbf28037b5dbb0e0c89,nccl-2.20.5-default,overlap-trace-build,2,60187070.010230,1,commcanary.rostam.physical.capture-measurement.v1,commcanary.rostam.physical.capture-producer.v1,3f23506625cf90611dc12e2c7331b8e14119421fdeed06daf32d665c1b8225ea,2855275288e67a1a2d0bbefff0740841fdf0ecf0,false,,8c5f30748596f665cca0bde76d4637074ffff3fa077387dd12b993cf98d2cee6,3298e82a76f055f6196ced6556d48bdcc06bdc03cae737208b3e0e31485807c6,b6c8447951f5514a5d9f1aeaaaca0ef6a73202ce01b5d2d9f3d54b04fde83ea3,commcanary-wheel=954c9fe0ef908a448b5343c91e7d58e8785fc20a7fd029b699ca0e252614304d;environment-lock=d4b8b2dc177cb09cea84a5b5a51c99d4510a3270fe70286d2133382fbc4abd8b;gemm-calibration=cc4952da314e43f9885fd24dd85afa97440b0007edb2b0d6773d96f2b2deeecf;param-patch-contract=182942ecf6ed3c0ea267b1660a19be8601c16768640dd6ef3f112601a0b26f34;rostam-catalog=a4926ec9b012724b926fbc583b865bb083b7ad6526fee9ffc3e95129717195b8,python -m experiments.rostam.analyze verify --run-directory experiments/rostam/results/overlap-20260724-r1 --selection-id primary --verdict-sha256 5b153d0452df5033261d81f01db74211a0cb87015694b25190d8aa69650507fd --output-directory experiments/rostam/results/publications/overlap-20260724-r1-primary --archive-descriptor experiments/rostam/results/archives/overlap-20260724-r1-primary-5b153d0452df5033261d81f01db74211a0cb87015694b25190d8aa69650507fd.raw-archive-descriptor.json --raw-archive experiments/rostam/results/archives/overlap-20260724-r1-primary-5b153d0452df5033261d81f01db74211a0cb87015694b25190d8aa69650507fd.raw.tar.gz --baseline-config nccl-2.19.3-default --candidate-config nccl-2.20.5-default --median-threshold-pct 8.0 --median-absolute-threshold-us 1.0
measurement,COMPLETE,false,,overlap-20260724-r1,5d5eb9f4822e14f86023106742efdd48823b20b6a7cb866c3370367aced31d17,primary,e012e40613f57db8dc38d519dd85b85864f99dd3f95724b8cf0f7c62996239d9,5b153d0452df5033261d81f01db74211a0cb87015694b25190d8aa69650507fd,c-overlap-trace-buil-nccl-2.20.5-defaul-r000003-1fdb0e8317f92b1e,1fdb0e8317f92b1edf3550e524281863418357fc650ac17a6dc2428c2f4a6954,a-000001,ad8531b854ab05687bb6877a11d2f43f8ad89732f8bf8689d7b4cd082842aab8,nccl-2.20.5-default,overlap-trace-build,3,60463669.841178,1,commcanary.rostam.physical.capture-measurement.v1,commcanary.rostam.physical.capture-producer.v1,ef8e0c3ec52301a02c8294df83cda432d817312f492ded3b875808d0a5cadac1,2855275288e67a1a2d0bbefff0740841fdf0ecf0,false,,8c5f30748596f665cca0bde76d4637074ffff3fa077387dd12b993cf98d2cee6,a220cb7240aed49916a70a81415f03717bf0fa2a133a702ac16671dae10e6bc8,67b06e83b667134b46fbccff70b510895a315c4ae5b97c6de279639945e48bdd,commcanary-wheel=954c9fe0ef908a448b5343c91e7d58e8785fc20a7fd029b699ca0e252614304d;environment-lock=d4b8b2dc177cb09cea84a5b5a51c99d4510a3270fe70286d2133382fbc4abd8b;gemm-calibration=cc4952da314e43f9885fd24dd85afa97440b0007edb2b0d6773d96f2b2deeecf;param-patch-contract=182942ecf6ed3c0ea267b1660a19be8601c16768640dd6ef3f112601a0b26f34;rostam-catalog=a4926ec9b012724b926fbc583b865bb083b7ad6526fee9ffc3e95129717195b8,python -m experiments.rostam.analyze verify --run-directory experiments/rostam/results/overlap-20260724-r1 --selection-id primary --verdict-sha256 5b153d0452df5033261d81f01db74211a0cb87015694b25190d8aa69650507fd --output-directory experiments/rostam/results/publications/overlap-20260724-r1-primary --archive-descriptor experiments/rostam/results/archives/overlap-20260724-r1-primary-5b153d0452df5033261d81f01db74211a0cb87015694b25190d8aa69650507fd.raw-archive-descriptor.json --raw-archive experiments/rostam/results/archives/overlap-20260724-r1-primary-5b153d0452df5033261d81f01db74211a0cb87015694b25190d8aa69650507fd.raw.tar.gz --baseline-config nccl-2.19.3-default --candidate-config nccl-2.20.5-default --median-threshold-pct 8.0 --median-absolute-threshold-us 1.0
measurement,COMPLETE,false,,overlap-20260724-r1,5d5eb9f4822e14f86023106742efdd48823b20b6a7cb866c3370367aced31d17,primary,e012e40613f57db8dc38d519dd85b85864f99dd3f95724b8cf0f7c62996239d9,5b153d0452df5033261d81f01db74211a0cb87015694b25190d8aa69650507fd,c-overlap-trace-buil-nccl-2.20.5-defaul-r000004-2e241d91a85c853c,2e241d91a85c853c3602d3213cfab0351086901624aaf710b1eff1b991fa8827,a-000001,6403da07beaf0fbd0b9c694888fb679c45def9573b35d54cdefdc790dfe29e63,nccl-2.20.5-default,overlap-trace-build,4,59988287.702203,1,commcanary.rostam.physical.capture-measurement.v1,commcanary.rostam.physical.capture-producer.v1,a06e202105a06bd4623479a822344a16c7878e8ec0b9be6f499df6b55d57f560,2855275288e67a1a2d0bbefff0740841fdf0ecf0,false,,8c5f30748596f665cca0bde76d4637074ffff3fa077387dd12b993cf98d2cee6,8475ddc7ededdf8e88e2803fcb555cf0c4cd0c4770a5e8c1fbf0a86a5a0a8538,8650d87cc366c3e6a454d09892c4876cfd7cfde600301afc0dddb6a0e80e7700,commcanary-wheel=954c9fe0ef908a448b5343c91e7d58e8785fc20a7fd029b699ca0e252614304d;environment-lock=d4b8b2dc177cb09cea84a5b5a51c99d4510a3270fe70286d2133382fbc4abd8b;gemm-calibration=cc4952da314e43f9885fd24dd85afa97440b0007edb2b0d6773d96f2b2deeecf;param-patch-contract=182942ecf6ed3c0ea267b1660a19be8601c16768640dd6ef3f112601a0b26f34;rostam-catalog=a4926ec9b012724b926fbc583b865bb083b7ad6526fee9ffc3e95129717195b8,python -m experiments.rostam.analyze verify --run-directory experiments/rostam/results/overlap-20260724-r1 --selection-id primary --verdict-sha256 5b153d0452df5033261d81f01db74211a0cb87015694b25190d8aa69650507fd --output-directory experiments/rostam/results/publications/overlap-20260724-r1-primary --archive-descriptor experiments/rostam/results/archives/overlap-20260724-r1-primary-5b153d0452df5033261d81f01db74211a0cb87015694b25190d8aa69650507fd.raw-archive-descriptor.json --raw-archive experiments/rostam/results/archives/overlap-20260724-r1-primary-5b153d0452df5033261d81f01db74211a0cb87015694b25190d8aa69650507fd.raw.tar.gz --baseline-config nccl-2.19.3-default --candidate-config nccl-2.20.5-default --median-threshold-pct 8.0 --median-absolute-threshold-us 1.0
measurement,COMPLETE,false,,overlap-20260724-r1,5d5eb9f4822e14f86023106742efdd48823b20b6a7cb866c3370367aced31d17,primary,e012e40613f57db8dc38d519dd85b85864f99dd3f95724b8cf0f7c62996239d9,5b153d0452df5033261d81f01db74211a0cb87015694b25190d8aa69650507fd,c-overlap-trace-buil-nccl-2.20.5-ring-l-r000000-301d0108ed87ea23,301d0108ed87ea233f618ed45118f0832c436dc2a039bd550a577ba33e934c42,a-000001,5b381e0c2e42a7fa5a7883a89b12369da37a27ee2b28aa2088d91a5285561704,nccl-2.20.5-ring-ll,overlap-trace-build,0,60072596.397251,1,commcanary.rostam.physical.capture-measurement.v1,commcanary.rostam.physical.capture-producer.v1,a1a2c7087cc38e6c01c538bad1e1edab46086fd17df25d327874da730c45e24f,2855275288e67a1a2d0bbefff0740841fdf0ecf0,false,,8c5f30748596f665cca0bde76d4637074ffff3fa077387dd12b993cf98d2cee6,72c20ecfec480ed5cd7d5408cf47881b22260ad0cdff42465b908697b3fb19f8,9fe8286e9c329efb3325f79ead0ee302238363914344cc658675f6749156d809,commcanary-wheel=954c9fe0ef908a448b5343c91e7d58e8785fc20a7fd029b699ca0e252614304d;environment-lock=d4b8b2dc177cb09cea84a5b5a51c99d4510a3270fe70286d2133382fbc4abd8b;gemm-calibration=cc4952da314e43f9885fd24dd85afa97440b0007edb2b0d6773d96f2b2deeecf;param-patch-contract=182942ecf6ed3c0ea267b1660a19be8601c16768640dd6ef3f112601a0b26f34;rostam-catalog=a4926ec9b012724b926fbc583b865bb083b7ad6526fee9ffc3e95129717195b8,python -m experiments.rostam.analyze verify --run-directory experiments/rostam/results/overlap-20260724-r1 --selection-id primary --verdict-sha256 5b153d0452df5033261d81f01db74211a0cb87015694b25190d8aa69650507fd --output-directory experiments/rostam/results/publications/overlap-20260724-r1-primary --archive-descriptor experiments/rostam/results/archives/overlap-20260724-r1-primary-5b153d0452df5033261d81f01db74211a0cb87015694b25190d8aa69650507fd.raw-archive-descriptor.json --raw-archive experiments/rostam/results/archives/overlap-20260724-r1-primary-5b153d0452df5033261d81f01db74211a0cb87015694b25190d8aa69650507fd.raw.tar.gz --baseline-config nccl-2.19.3-default --candidate-config nccl-2.20.5-default --median-threshold-pct 8.0 --median-absolute-threshold-us 1.0
measurement,COMPLETE,false,,overlap-20260724-r1,5d5eb9f4822e14f86023106742efdd48823b20b6a7cb866c3370367aced31d17,primary,e012e40613f57db8dc38d519dd85b85864f99dd3f95724b8cf0f7c62996239d9,5b153d0452df5033261d81f01db74211a0cb87015694b25190d8aa69650507fd,c-overlap-trace-buil-nccl-2.20.5-ring-l-r000000-4d9bd43198b18f87,4d9bd43198b18f87b83776f0b62b5e7810907491b82a506808f37b27a895d93f,a-000001,045a552bcaf1af37e5231d6b54c77f15967a6409bf099a4962d7bb7e364b64b0,nccl-2.20.5-ring-ll128,overlap-trace-build,0,60077175.762504,1,commcanary.rostam.physical.capture-measurement.v1,commcanary.rostam.physical.capture-producer.v1,c8d4f3ecc9124419831fb649b8526d640d7f505c32bee58271023960870b8e87,2855275288e67a1a2d0bbefff0740841fdf0ecf0,false,,8c5f30748596f665cca0bde76d4637074ffff3fa077387dd12b993cf98d2cee6,77b39fd5a260e74607fd92d8ca5aa0254b26487a8168f501503c10a0ca2ec49f,90cccc2157d82dc9cefa1591d66c26e11262274353a4c608b0a8a8a699ef7bc1,commcanary-wheel=954c9fe0ef908a448b5343c91e7d58e8785fc20a7fd029b699ca0e252614304d;environment-lock=d4b8b2dc177cb09cea84a5b5a51c99d4510a3270fe70286d2133382fbc4abd8b;gemm-calibration=cc4952da314e43f9885fd24dd85afa97440b0007edb2b0d6773d96f2b2deeecf;param-patch-contract=182942ecf6ed3c0ea267b1660a19be8601c16768640dd6ef3f112601a0b26f34;rostam-catalog=a4926ec9b012724b926fbc583b865bb083b7ad6526fee9ffc3e95129717195b8,python -m experiments.rostam.analyze verify --run-directory experiments/rostam/results/overlap-20260724-r1 --selection-id primary --verdict-sha256 5b153d0452df5033261d81f01db74211a0cb87015694b25190d8aa69650507fd --output-directory experiments/rostam/results/publications/overlap-20260724-r1-primary --archive-descriptor experiments/rostam/results/archives/overlap-20260724-r1-primary-5b153d0452df5033261d81f01db74211a0cb87015694b25190d8aa69650507fd.raw-archive-descriptor.json --raw-archive experiments/rostam/results/archives/overlap-20260724-r1-primary-5b153d0452df5033261d81f01db74211a0cb87015694b25190d8aa69650507fd.raw.tar.gz --baseline-config nccl-2.19.3-default --candidate-config nccl-2.20.5-default --median-threshold-pct 8.0 --median-absolute-threshold-us 1.0
measurement,COMPLETE,false,,overlap-20260724-r1,5d5eb9f4822e14f86023106742efdd48823b20b6a7cb866c3370367aced31d17,primary,e012e40613f57db8dc38d519dd85b85864f99dd3f95724b8cf0f7c62996239d9,5b153d0452df5033261d81f01db74211a0cb87015694b25190d8aa69650507fd,c-overlap-trace-buil-nccl-2.20.5-ring-l-r000001-05e681e759203998,05e681e759203998c32056dd670bcd21fc2574ec978b3c62d142a293873964af,a-000001,209120467cbe3a3d04398c9310e04c43dedc1edfecada8043859da06b0e32957,nccl-2.20.5-ring-ll,overlap-trace-build,1,60516730.585136,1,commcanary.rostam.physical.capture-measurement.v1,commcanary.rostam.physical.capture-producer.v1,4175e6d36022d0eba23bc31dac111895282d23922963ee1a3e652d745f8209eb,2855275288e67a1a2d0bbefff0740841fdf0ecf0,false,,8c5f30748596f665cca0bde76d4637074ffff3fa077387dd12b993cf98d2cee6,d4c818f7d4db27d71d28148082566178b48c13af26bdeff77caef702814a9a3f,0e3e9a7c7e662b45a55feebaa95acb5b5fc9d4efb30971038ba5b9468f35a1d5,commcanary-wheel=954c9fe0ef908a448b5343c91e7d58e8785fc20a7fd029b699ca0e252614304d;environment-lock=d4b8b2dc177cb09cea84a5b5a51c99d4510a3270fe70286d2133382fbc4abd8b;gemm-calibration=cc4952da314e43f9885fd24dd85afa97440b0007edb2b0d6773d96f2b2deeecf;param-patch-contract=182942ecf6ed3c0ea267b1660a19be8601c16768640dd6ef3f112601a0b26f34;rostam-catalog=a4926ec9b012724b926fbc583b865bb083b7ad6526fee9ffc3e95129717195b8,python -m experiments.rostam.analyze verify --run-directory experiments/rostam/results/overlap-20260724-r1 --selection-id primary --verdict-sha256 5b153d0452df5033261d81f01db74211a0cb87015694b25190d8aa69650507fd --output-directory experiments/rostam/results/publications/overlap-20260724-r1-primary --archive-descriptor experiments/rostam/results/archives/overlap-20260724-r1-primary-5b153d0452df5033261d81f01db74211a0cb87015694b25190d8aa69650507fd.raw-archive-descriptor.json --raw-archive experiments/rostam/results/archives/overlap-20260724-r1-primary-5b153d0452df5033261d81f01db74211a0cb87015694b25190d8aa69650507fd.raw.tar.gz --baseline-config nccl-2.19.3-default --candidate-config nccl-2.20.5-default --median-threshold-pct 8.0 --median-absolute-threshold-us 1.0
measurement,COMPLETE,false,,overlap-20260724-r1,5d5eb9f4822e14f86023106742efdd48823b20b6a7cb866c3370367aced31d17,primary,e012e40613f57db8dc38d519dd85b85864f99dd3f95724b8cf0f7c62996239d9,5b153d0452df5033261d81f01db74211a0cb87015694b25190d8aa69650507fd,c-overlap-trace-buil-nccl-2.20.5-ring-l-r000001-81d28706a870c0f2,81d28706a870c0f24809a6122fe1a5c9b64054c23b02758003ebd794020baaae,a-000001,1e76965fb320c28fa72ee5c81dcec34cf0b37baed9589fec148f32c78898badc,nccl-2.20.5-ring-ll128,overlap-trace-build,1,60326077.346690,1,commcanary.rostam.physical.capture-measurement.v1,commcanary.rostam.physical.capture-producer.v1,b855962f9cdbf89d45e549f259b41972bc9f4cfb66b194709f8f5e77293c19be,2855275288e67a1a2d0bbefff0740841fdf0ecf0,false,,8c5f30748596f665cca0bde76d4637074ffff3fa077387dd12b993cf98d2cee6,3ad637a062d67bc99a9ceddcad47407701e9fbb9ed2dede68860cce7ac613114,034eaac9477c53cc172fa61fc13bcef08da87a9e9b4ed8a5eb3af3b20dbfbd2f,commcanary-wheel=954c9fe0ef908a448b5343c91e7d58e8785fc20a7fd029b699ca0e252614304d;environment-lock=d4b8b2dc177cb09cea84a5b5a51c99d4510a3270fe70286d2133382fbc4abd8b;gemm-calibration=cc4952da314e43f9885fd24dd85afa97440b0007edb2b0d6773d96f2b2deeecf;param-patch-contract=182942ecf6ed3c0ea267b1660a19be8601c16768640dd6ef3f112601a0b26f34;rostam-catalog=a4926ec9b012724b926fbc583b865bb083b7ad6526fee9ffc3e95129717195b8,python -m experiments.rostam.analyze verify --run-directory experiments/rostam/results/overlap-20260724-r1 --selection-id primary --verdict-sha256 5b153d0452df5033261d81f01db74211a0cb87015694b25190d8aa69650507fd --output-directory experiments/rostam/results/publications/overlap-20260724-r1-primary --archive-descriptor experiments/rostam/results/archives/overlap-20260724-r1-primary-5b153d0452df5033261d81f01db74211a0cb87015694b25190d8aa69650507fd.raw-archive-descriptor.json --raw-archive experiments/rostam/results/archives/overlap-20260724-r1-primary-5b153d0452df5033261d81f01db74211a0cb87015694b25190d8aa69650507fd.raw.tar.gz --baseline-config nccl-2.19.3-default --candidate-config nccl-2.20.5-default --median-threshold-pct 8.0 --median-absolute-threshold-us 1.0
measurement,COMPLETE,false,,overlap-20260724-r1,5d5eb9f4822e14f86023106742efdd48823b20b6a7cb866c3370367aced31d17,primary,e012e40613f57db8dc38d519dd85b85864f99dd3f95724b8cf0f7c62996239d9,5b153d0452df5033261d81f01db74211a0cb87015694b25190d8aa69650507fd,c-overlap-trace-buil-nccl-2.20.5-ring-l-r000002-23be44551c70f9ac,23be44551c70f9ac3c8b8d0749394d0743af918a2cb6092dbcb57e2043ae3dc4,a-000001,a2a9a410e8dedca99d5a3d3b95b702ebf60cfc67a36cc49f84d5096c8e48cff3,nccl-2.20.5-ring-ll,overlap-trace-build,2,60244972.308166,1,commcanary.rostam.physical.capture-measurement.v1,commcanary.rostam.physical.capture-producer.v1,39783626b0cb94e831d3ca1460145340c45c1465cc54b503178f14926a1fb294,2855275288e67a1a2d0bbefff0740841fdf0ecf0,false,,8c5f30748596f665cca0bde76d4637074ffff3fa077387dd12b993cf98d2cee6,52709ef89731f19c4d24e076eeab9cac38b3c42354734cd66a63ba5ff9fa9ff2,735039e235992234160e5a4784d61fa1cc8428cf09e728f053fcdaae19577198,commcanary-wheel=954c9fe0ef908a448b5343c91e7d58e8785fc20a7fd029b699ca0e252614304d;environment-lock=d4b8b2dc177cb09cea84a5b5a51c99d4510a3270fe70286d2133382fbc4abd8b;gemm-calibration=cc4952da314e43f9885fd24dd85afa97440b0007edb2b0d6773d96f2b2deeecf;param-patch-contract=182942ecf6ed3c0ea267b1660a19be8601c16768640dd6ef3f112601a0b26f34;rostam-catalog=a4926ec9b012724b926fbc583b865bb083b7ad6526fee9ffc3e95129717195b8,python -m experiments.rostam.analyze verify --run-directory experiments/rostam/results/overlap-20260724-r1 --selection-id primary --verdict-sha256 5b153d0452df5033261d81f01db74211a0cb87015694b25190d8aa69650507fd --output-directory experiments/rostam/results/publications/overlap-20260724-r1-primary --archive-descriptor experiments/rostam/results/archives/overlap-20260724-r1-primary-5b153d0452df5033261d81f01db74211a0cb87015694b25190d8aa69650507fd.raw-archive-descriptor.json --raw-archive experiments/rostam/results/archives/overlap-20260724-r1-primary-5b153d0452df5033261d81f01db74211a0cb87015694b25190d8aa69650507fd.raw.tar.gz --baseline-config nccl-2.19.3-default --candidate-config nccl-2.20.5-default --median-threshold-pct 8.0 --median-absolute-threshold-us 1.0
measurement,COMPLETE,false,,overlap-20260724-r1,5d5eb9f4822e14f86023106742efdd48823b20b6a7cb866c3370367aced31d17,primary,e012e40613f57db8dc38d519dd85b85864f99dd3f95724b8cf0f7c62996239d9,5b153d0452df5033261d81f01db74211a0cb87015694b25190d8aa69650507fd,c-overlap-trace-buil-nccl-2.20.5-ring-l-r000002-676d4396fd192796,676d4396fd1927964bcb65eb77ca0f6dd5ecaf665f3aeddfd575607307024bfc,a-000001,b7b40725a9d22ffe501bbe6805b1c0692cea91bc693baa3184f02f40bd2deca6,nccl-2.20.5-ring-ll128,overlap-trace-build,2,60041678.746231,1,commcanary.rostam.physical.capture-measurement.v1,commcanary.rostam.physical.capture-producer.v1,cf0f179a93999e4b53dc10e556c6bb5a165ae758e3c5bb7b82923638a51ba623,2855275288e67a1a2d0bbefff0740841fdf0ecf0,false,,8c5f30748596f665cca0bde76d4637074ffff3fa077387dd12b993cf98d2cee6,4940bd8d9394840022e8d712c4d6db81b36c70005118443fdba8e2e33a7fff07,40303a782f84560e5af8dcce17e4fa29c16b21bb4dd3f95d10ce5292a317f430,commcanary-wheel=954c9fe0ef908a448b5343c91e7d58e8785fc20a7fd029b699ca0e252614304d;environment-lock=d4b8b2dc177cb09cea84a5b5a51c99d4510a3270fe70286d2133382fbc4abd8b;gemm-calibration=cc4952da314e43f9885fd24dd85afa97440b0007edb2b0d6773d96f2b2deeecf;param-patch-contract=182942ecf6ed3c0ea267b1660a19be8601c16768640dd6ef3f112601a0b26f34;rostam-catalog=a4926ec9b012724b926fbc583b865bb083b7ad6526fee9ffc3e95129717195b8,python -m experiments.rostam.analyze verify --run-directory experiments/rostam/results/overlap-20260724-r1 --selection-id primary --verdict-sha256 5b153d0452df5033261d81f01db74211a0cb87015694b25190d8aa69650507fd --output-directory experiments/rostam/results/publications/overlap-20260724-r1-primary --archive-descriptor experiments/rostam/results/archives/overlap-20260724-r1-primary-5b153d0452df5033261d81f01db74211a0cb87015694b25190d8aa69650507fd.raw-archive-descriptor.json --raw-archive experiments/rostam/results/archives/overlap-20260724-r1-primary-5b153d0452df5033261d81f01db74211a0cb87015694b25190d8aa69650507fd.raw.tar.gz --baseline-config nccl-2.19.3-default --candidate-config nccl-2.20.5-default --median-threshold-pct 8.0 --median-absolute-threshold-us 1.0
measurement,COMPLETE,false,,overlap-20260724-r1,5d5eb9f4822e14f86023106742efdd48823b20b6a7cb866c3370367aced31d17,primary,e012e40613f57db8dc38d519dd85b85864f99dd3f95724b8cf0f7c62996239d9,5b153d0452df5033261d81f01db74211a0cb87015694b25190d8aa69650507fd,c-overlap-trace-buil-nccl-2.20.5-ring-l-r000003-60bb1685c3052201,60bb1685c3052201e3bb0dd82bb9d41ca5adca26733b06512839734449dc11dc,a-000001,c2b6b897bacf2a5cf1b53a5aae9895515e7d07362fc1c8272d7c3e37ccfd3329,nccl-2.20.5-ring-ll128,overlap-trace-build,3,60380250.605755,1,commcanary.rostam.physical.capture-measurement.v1,commcanary.rostam.physical.capture-producer.v1,8df8e1294bb1cd19bf48a43c9488398449340c7dbe67e72af5681e52be68db8c,2855275288e67a1a2d0bbefff0740841fdf0ecf0,false,,8c5f30748596f665cca0bde76d4637074ffff3fa077387dd12b993cf98d2cee6,a3cef51a6fe04a3a85b07e4c50326a64e699f585481b9e96363abd50e39951bc,4347658feb6597e1373f483cfe3d16dcba39d95c1e5679393640b9298880e55d,commcanary-wheel=954c9fe0ef908a448b5343c91e7d58e8785fc20a7fd029b699ca0e252614304d;environment-lock=d4b8b2dc177cb09cea84a5b5a51c99d4510a3270fe70286d2133382fbc4abd8b;gemm-calibration=cc4952da314e43f9885fd24dd85afa97440b0007edb2b0d6773d96f2b2deeecf;param-patch-contract=182942ecf6ed3c0ea267b1660a19be8601c16768640dd6ef3f112601a0b26f34;rostam-catalog=a4926ec9b012724b926fbc583b865bb083b7ad6526fee9ffc3e95129717195b8,python -m experiments.rostam.analyze verify --run-directory experiments/rostam/results/overlap-20260724-r1 --selection-id primary --verdict-sha256 5b153d0452df5033261d81f01db74211a0cb87015694b25190d8aa69650507fd --output-directory experiments/rostam/results/publications/overlap-20260724-r1-primary --archive-descriptor experiments/rostam/results/archives/overlap-20260724-r1-primary-5b153d0452df5033261d81f01db74211a0cb87015694b25190d8aa69650507fd.raw-archive-descriptor.json --raw-archive experiments/rostam/results/archives/overlap-20260724-r1-primary-5b153d0452df5033261d81f01db74211a0cb87015694b25190d8aa69650507fd.raw.tar.gz --baseline-config nccl-2.19.3-default --candidate-config nccl-2.20.5-default --median-threshold-pct 8.0 --median-absolute-threshold-us 1.0
measurement,COMPLETE,false,,overlap-20260724-r1,5d5eb9f4822e14f86023106742efdd48823b20b6a7cb866c3370367aced31d17,primary,e012e40613f57db8dc38d519dd85b85864f99dd3f95724b8cf0f7c62996239d9,5b153d0452df5033261d81f01db74211a0cb87015694b25190d8aa69650507fd,c-overlap-trace-buil-nccl-2.20.5-ring-l-r000003-93dc8eb8c24b9c9c,93dc8eb8c24b9c9c6809e87a76be270dc3f52067a0b36830a801636de40b0fe2,a-000001,704e70fcece9dfdd3263361a5bb72167b96f4292bebf6a15e3842843b45428c0,nccl-2.20.5-ring-ll,overlap-trace-build,3,60402927.846648,1,commcanary.rostam.physical.capture-measurement.v1,commcanary.rostam.physical.capture-producer.v1,f396803ee148d9981d2cb43e14c57d57020ae8882dc49278b12c4e985e25b20e,2855275288e67a1a2d0bbefff0740841fdf0ecf0,false,,8c5f30748596f665cca0bde76d4637074ffff3fa077387dd12b993cf98d2cee6,67b30776fa76e61779ec64c17df722d5ac3ae015323a808df088a4b840679d5b,96138d754ed9f7d3d5c2e8cd668473d8d78d4c2d16206128b8216ef359c2e989,commcanary-wheel=954c9fe0ef908a448b5343c91e7d58e8785fc20a7fd029b699ca0e252614304d;environment-lock=d4b8b2dc177cb09cea84a5b5a51c99d4510a3270fe70286d2133382fbc4abd8b;gemm-calibration=cc4952da314e43f9885fd24dd85afa97440b0007edb2b0d6773d96f2b2deeecf;param-patch-contract=182942ecf6ed3c0ea267b1660a19be8601c16768640dd6ef3f112601a0b26f34;rostam-catalog=a4926ec9b012724b926fbc583b865bb083b7ad6526fee9ffc3e95129717195b8,python -m experiments.rostam.analyze verify --run-directory experiments/rostam/results/overlap-20260724-r1 --selection-id primary --verdict-sha256 5b153d0452df5033261d81f01db74211a0cb87015694b25190d8aa69650507fd --output-directory experiments/rostam/results/publications/overlap-20260724-r1-primary --archive-descriptor experiments/rostam/results/archives/overlap-20260724-r1-primary-5b153d0452df5033261d81f01db74211a0cb87015694b25190d8aa69650507fd.raw-archive-descriptor.json --raw-archive experiments/rostam/results/archives/overlap-20260724-r1-primary-5b153d0452df5033261d81f01db74211a0cb87015694b25190d8aa69650507fd.raw.tar.gz --baseline-config nccl-2.19.3-default --candidate-config nccl-2.20.5-default --median-threshold-pct 8.0 --median-absolute-threshold-us 1.0
measurement,COMPLETE,false,,overlap-20260724-r1,5d5eb9f4822e14f86023106742efdd48823b20b6a7cb866c3370367aced31d17,primary,e012e40613f57db8dc38d519dd85b85864f99dd3f95724b8cf0f7c62996239d9,5b153d0452df5033261d81f01db74211a0cb87015694b25190d8aa69650507fd,c-overlap-trace-buil-nccl-2.20.5-ring-l-r000004-8e9efc85ace1d309,8e9efc85ace1d309eefd08183415e8a1b26cbb6ecb3f139a3234eb00e75d43ef,a-000001,91f5f68913f355613a9055b48119b09545220019a123a00c18009a0913a1fd23,nccl-2.20.5-ring-ll,overlap-trace-build,4,60354856.530204,1,commcanary.rostam.physical.capture-measurement.v1,commcanary.rostam.physical.capture-producer.v1,e645dfceb77813ba0b5502fa60b657939a2fa4612c6efce2b0c5e37af5f0cf2b,2855275288e67a1a2d0bbefff0740841fdf0ecf0,false,,8c5f30748596f665cca0bde76d4637074ffff3fa077387dd12b993cf98d2cee6,5da327ac681e938f04da4a176b352b80ea26aba0a7707db858dcd43834285f69,080c3f3c1e297e4761555f82db08030be0902076b59b846d3fb4194568db1b4f,commcanary-wheel=954c9fe0ef908a448b5343c91e7d58e8785fc20a7fd029b699ca0e252614304d;environment-lock=d4b8b2dc177cb09cea84a5b5a51c99d4510a3270fe70286d2133382fbc4abd8b;gemm-calibration=cc4952da314e43f9885fd24dd85afa97440b0007edb2b0d6773d96f2b2deeecf;param-patch-contract=182942ecf6ed3c0ea267b1660a19be8601c16768640dd6ef3f112601a0b26f34;rostam-catalog=a4926ec9b012724b926fbc583b865bb083b7ad6526fee9ffc3e95129717195b8,python -m experiments.rostam.analyze verify --run-directory experiments/rostam/results/overlap-20260724-r1 --selection-id primary --verdict-sha256 5b153d0452df5033261d81f01db74211a0cb87015694b25190d8aa69650507fd --output-directory experiments/rostam/results/publications/overlap-20260724-r1-primary --archive-descriptor experiments/rostam/results/archives/overlap-20260724-r1-primary-5b153d0452df5033261d81f01db74211a0cb87015694b25190d8aa69650507fd.raw-archive-descriptor.json --raw-archive experiments/rostam/results/archives/overlap-20260724-r1-primary-5b153d0452df5033261d81f01db74211a0cb87015694b25190d8aa69650507fd.raw.tar.gz --baseline-config nccl-2.19.3-default --candidate-config nccl-2.20.5-default --median-threshold-pct 8.0 --median-absolute-threshold-us 1.0
measurement,COMPLETE,false,,overlap-20260724-r1,5d5eb9f4822e14f86023106742efdd48823b20b6a7cb866c3370367aced31d17,primary,e012e40613f57db8dc38d519dd85b85864f99dd3f95724b8cf0f7c62996239d9,5b153d0452df5033261d81f01db74211a0cb87015694b25190d8aa69650507fd,c-overlap-trace-buil-nccl-2.20.5-ring-l-r000004-e47faa705c517912,e47faa705c51791240232c25b8cfc729696c2f568a06a6e6f14c1a286d83dbd8,a-000001,c57e0773cf2d330acb57ec2c1f4d1d1882189e3d6d564ba2a671934db036dd76,nccl-2.20.5-ring-ll128,overlap-trace-build,4,60093134.428374,1,commcanary.rostam.physical.capture-measurement.v1,commcanary.rostam.physical.capture-producer.v1,da540310513fbe4c1582c3f888b538f8a547030ab31f2b78bbc686202dfa0f22,2855275288e67a1a2d0bbefff0740841fdf0ecf0,false,,8c5f30748596f665cca0bde76d4637074ffff3fa077387dd12b993cf98d2cee6,392a9fb6a61dd75cac60d1f261cdbc4f58b2fb2a16bc35677fc9fed1a264b9a6,048cb6bcf886972f0110dbf74a277f0fefea17f45e35d45c5e0dc84920684b25,commcanary-wheel=954c9fe0ef908a448b5343c91e7d58e8785fc20a7fd029b699ca0e252614304d;environment-lock=d4b8b2dc177cb09cea84a5b5a51c99d4510a3270fe70286d2133382fbc4abd8b;gemm-calibration=cc4952da314e43f9885fd24dd85afa97440b0007edb2b0d6773d96f2b2deeecf;param-patch-contract=182942ecf6ed3c0ea267b1660a19be8601c16768640dd6ef3f112601a0b26f34;rostam-catalog=a4926ec9b012724b926fbc583b865bb083b7ad6526fee9ffc3e95129717195b8,python -m experiments.rostam.analyze verify --run-directory experiments/rostam/results/overlap-20260724-r1 --selection-id primary --verdict-sha256 5b153d0452df5033261d81f01db74211a0cb87015694b25190d8aa69650507fd --output-directory experiments/rostam/results/publications/overlap-20260724-r1-primary --archive-descriptor experiments/rostam/results/archives/overlap-20260724-r1-primary-5b153d0452df5033261d81f01db74211a0cb87015694b25190d8aa69650507fd.raw-archive-descriptor.json --raw-archive experiments/rostam/results/archives/overlap-20260724-r1-primary-5b153d0452df5033261d81f01db74211a0cb87015694b25190d8aa69650507fd.raw.tar.gz --baseline-config nccl-2.19.3-default --candidate-config nccl-2.20.5-default --median-threshold-pct 8.0 --median-absolute-threshold-us 1.0
measurement,COMPLETE,false,,overlap-20260724-r1,5d5eb9f4822e14f86023106742efdd48823b20b6a7cb866c3370367aced31d17,primary,e012e40613f57db8dc38d519dd85b85864f99dd3f95724b8cf0f7c62996239d9,5b153d0452df5033261d81f01db74211a0cb87015694b25190d8aa69650507fd,c-overlap-trace-buil-nccl-2.20.5-ring-s-r000000-4c3408a5ab23baea,4c3408a5ab23baea29d140e89bd32b7cebf57a4407a28ae59f176977f89ce17d,a-000001,4969f83a8431787fa4fcf0e8ca9166a2dde90b7f3c285f96ad998811ad63d1d0,nccl-2.20.5-ring-simple,overlap-trace-build,0,60333338.577300,1,commcanary.rostam.physical.capture-measurement.v1,commcanary.rostam.physical.capture-producer.v1,7e1b632bde460144ab60daaf1aa432ee579fd0e6966c98d127da61fb43978d58,2855275288e67a1a2d0bbefff0740841fdf0ecf0,false,,8c5f30748596f665cca0bde76d4637074ffff3fa077387dd12b993cf98d2cee6,c005556c59b5502ba2d0291b94acce74d95ef99bc072c8294a5c77cb85f8f16f,39ae216bda1bb1899ede7cfa0d456160b555d9bb12022faba6f5a895d6ed1145,commcanary-wheel=954c9fe0ef908a448b5343c91e7d58e8785fc20a7fd029b699ca0e252614304d;environment-lock=d4b8b2dc177cb09cea84a5b5a51c99d4510a3270fe70286d2133382fbc4abd8b;gemm-calibration=cc4952da314e43f9885fd24dd85afa97440b0007edb2b0d6773d96f2b2deeecf;param-patch-contract=182942ecf6ed3c0ea267b1660a19be8601c16768640dd6ef3f112601a0b26f34;rostam-catalog=a4926ec9b012724b926fbc583b865bb083b7ad6526fee9ffc3e95129717195b8,python -m experiments.rostam.analyze verify --run-directory experiments/rostam/results/overlap-20260724-r1 --selection-id primary --verdict-sha256 5b153d0452df5033261d81f01db74211a0cb87015694b25190d8aa69650507fd --output-directory experiments/rostam/results/publications/overlap-20260724-r1-primary --archive-descriptor experiments/rostam/results/archives/overlap-20260724-r1-primary-5b153d0452df5033261d81f01db74211a0cb87015694b25190d8aa69650507fd.raw-archive-descriptor.json --raw-archive experiments/rostam/results/archives/overlap-20260724-r1-primary-5b153d0452df5033261d81f01db74211a0cb87015694b25190d8aa69650507fd.raw.tar.gz --baseline-config nccl-2.19.3-default --candidate-config nccl-2.20.5-default --median-threshold-pct 8.0 --median-absolute-threshold-us 1.0
measurement,COMPLETE,false,,overlap-20260724-r1,5d5eb9f4822e14f86023106742efdd48823b20b6a7cb866c3370367aced31d17,primary,e012e40613f57db8dc38d519dd85b85864f99dd3f95724b8cf0f7c62996239d9,5b153d0452df5033261d81f01db74211a0cb87015694b25190d8aa69650507fd,c-overlap-trace-buil-nccl-2.20.5-ring-s-r000001-5718e7749e25cc41,5718e7749e25cc41b85c1dcb40829d5da21cd98c50d08b873a0aeaf7c2cf5da5,a-000001,e2c0eda4fd3b0fac7c1382410cb31268e2e7e2e74b4d47ca0a20bf005db0d0ec,nccl-2.20.5-ring-simple,overlap-trace-build,1,60322694.669478,1,commcanary.rostam.physical.capture-measurement.v1,commcanary.rostam.physical.capture-producer.v1,777dd21794a705fe81c153f9c5ad990e9f997274f204090d0b88e491ceb10183,2855275288e67a1a2d0bbefff0740841fdf0ecf0,false,,8c5f30748596f665cca0bde76d4637074ffff3fa077387dd12b993cf98d2cee6,75e052efad9e300eb67e0d7f236ab20d9a9e71d2e7cad7cfa6622df30fce735f,d3532921766e0485cf936605db1cac48bfdf4b09660f813d4603f4a32235705a,commcanary-wheel=954c9fe0ef908a448b5343c91e7d58e8785fc20a7fd029b699ca0e252614304d;environment-lock=d4b8b2dc177cb09cea84a5b5a51c99d4510a3270fe70286d2133382fbc4abd8b;gemm-calibration=cc4952da314e43f9885fd24dd85afa97440b0007edb2b0d6773d96f2b2deeecf;param-patch-contract=182942ecf6ed3c0ea267b1660a19be8601c16768640dd6ef3f112601a0b26f34;rostam-catalog=a4926ec9b012724b926fbc583b865bb083b7ad6526fee9ffc3e95129717195b8,python -m experiments.rostam.analyze verify --run-directory experiments/rostam/results/overlap-20260724-r1 --selection-id primary --verdict-sha256 5b153d0452df5033261d81f01db74211a0cb87015694b25190d8aa69650507fd --output-directory experiments/rostam/results/publications/overlap-20260724-r1-primary --archive-descriptor experiments/rostam/results/archives/overlap-20260724-r1-primary-5b153d0452df5033261d81f01db74211a0cb87015694b25190d8aa69650507fd.raw-archive-descriptor.json --raw-archive experiments/rostam/results/archives/overlap-20260724-r1-primary-5b153d0452df5033261d81f01db74211a0cb87015694b25190d8aa69650507fd.raw.tar.gz --baseline-config nccl-2.19.3-default --candidate-config nccl-2.20.5-default --median-threshold-pct 8.0 --median-absolute-threshold-us 1.0
measurement,COMPLETE,false,,overlap-20260724-r1,5d5eb9f4822e14f86023106742efdd48823b20b6a7cb866c3370367aced31d17,primary,e012e40613f57db8dc38d519dd85b85864f99dd3f95724b8cf0f7c62996239d9,5b153d0452df5033261d81f01db74211a0cb87015694b25190d8aa69650507fd,c-overlap-trace-buil-nccl-2.20.5-ring-s-r000002-10a30c91e4570e30,10a30c91e4570e302f020101b8f7569423e2a2ed891c478157e4e1fc9d3d9721,a-000001,3752e8ff9193abbd587e5597e5e93e9e61eeddfb777bafcbb7e58230f9c0a23c,nccl-2.20.5-ring-simple,overlap-trace-build,2,60382003.413513,1,commcanary.rostam.physical.capture-measurement.v1,commcanary.rostam.physical.capture-producer.v1,fab61aec53e529a04fdd4f0067c9fe68bb31f4b7a2f613ce89fe93957a4ed624,2855275288e67a1a2d0bbefff0740841fdf0ecf0,false,,8c5f30748596f665cca0bde76d4637074ffff3fa077387dd12b993cf98d2cee6,f4d0abb316368473fd2f3bf7d83a69fe60afe062d1c8f92fcbe4fa6e1d746237,ec402f29f50d9455656f8428e7db916b3d3f67bccb779f5df2b0dc54e423031e,commcanary-wheel=954c9fe0ef908a448b5343c91e7d58e8785fc20a7fd029b699ca0e252614304d;environment-lock=d4b8b2dc177cb09cea84a5b5a51c99d4510a3270fe70286d2133382fbc4abd8b;gemm-calibration=cc4952da314e43f9885fd24dd85afa97440b0007edb2b0d6773d96f2b2deeecf;param-patch-contract=182942ecf6ed3c0ea267b1660a19be8601c16768640dd6ef3f112601a0b26f34;rostam-catalog=a4926ec9b012724b926fbc583b865bb083b7ad6526fee9ffc3e95129717195b8,python -m experiments.rostam.analyze verify --run-directory experiments/rostam/results/overlap-20260724-r1 --selection-id primary --verdict-sha256 5b153d0452df5033261d81f01db74211a0cb87015694b25190d8aa69650507fd --output-directory experiments/rostam/results/publications/overlap-20260724-r1-primary --archive-descriptor experiments/rostam/results/archives/overlap-20260724-r1-primary-5b153d0452df5033261d81f01db74211a0cb87015694b25190d8aa69650507fd.raw-archive-descriptor.json --raw-archive experiments/rostam/results/archives/overlap-20260724-r1-primary-5b153d0452df5033261d81f01db74211a0cb87015694b25190d8aa69650507fd.raw.tar.gz --baseline-config nccl-2.19.3-default --candidate-config nccl-2.20.5-default --median-threshold-pct 8.0 --median-absolute-threshold-us 1.0
measurement,COMPLETE,false,,overlap-20260724-r1,5d5eb9f4822e14f86023106742efdd48823b20b6a7cb866c3370367aced31d17,primary,e012e40613f57db8dc38d519dd85b85864f99dd3f95724b8cf0f7c62996239d9,5b153d0452df5033261d81f01db74211a0cb87015694b25190d8aa69650507fd,c-overlap-trace-buil-nccl-2.20.5-ring-s-r000003-63e77b4b02b5133a,63e77b4b02b5133a0a22e411c8f7339bbaaba4e1235af134d18d33a2e9097fd8,a-000001,59f0692c8804868e5d3ea9bb8bf5f810276efe94d522dce10a3543f41b74a9b6,nccl-2.20.5-ring-simple,overlap-trace-build,3,61124081.773683,1,commcanary.rostam.physical.capture-measurement.v1,commcanary.rostam.physical.capture-producer.v1,c11dd79442b4d269ff95658cf4c2e88d2fcbf47ed62aa4a4be1b1bad616af251,2855275288e67a1a2d0bbefff0740841fdf0ecf0,false,,8c5f30748596f665cca0bde76d4637074ffff3fa077387dd12b993cf98d2cee6,e2edb309bcd114537ad60445c55fc456a9f308d2c94506be92a984a9b7cabd58,772ea77d1d38801da4bf54e53c9c904cf0fff8dea4cf15b398c77cc7d3b05812,commcanary-wheel=954c9fe0ef908a448b5343c91e7d58e8785fc20a7fd029b699ca0e252614304d;environment-lock=d4b8b2dc177cb09cea84a5b5a51c99d4510a3270fe70286d2133382fbc4abd8b;gemm-calibration=cc4952da314e43f9885fd24dd85afa97440b0007edb2b0d6773d96f2b2deeecf;param-patch-contract=182942ecf6ed3c0ea267b1660a19be8601c16768640dd6ef3f112601a0b26f34;rostam-catalog=a4926ec9b012724b926fbc583b865bb083b7ad6526fee9ffc3e95129717195b8,python -m experiments.rostam.analyze verify --run-directory experiments/rostam/results/overlap-20260724-r1 --selection-id primary --verdict-sha256 5b153d0452df5033261d81f01db74211a0cb87015694b25190d8aa69650507fd --output-directory experiments/rostam/results/publications/overlap-20260724-r1-primary --archive-descriptor experiments/rostam/results/archives/overlap-20260724-r1-primary-5b153d0452df5033261d81f01db74211a0cb87015694b25190d8aa69650507fd.raw-archive-descriptor.json --raw-archive experiments/rostam/results/archives/overlap-20260724-r1-primary-5b153d0452df5033261d81f01db74211a0cb87015694b25190d8aa69650507fd.raw.tar.gz --baseline-config nccl-2.19.3-default --candidate-config nccl-2.20.5-default --median-threshold-pct 8.0 --median-absolute-threshold-us 1.0
measurement,COMPLETE,false,,overlap-20260724-r1,5d5eb9f4822e14f86023106742efdd48823b20b6a7cb866c3370367aced31d17,primary,e012e40613f57db8dc38d519dd85b85864f99dd3f95724b8cf0f7c62996239d9,5b153d0452df5033261d81f01db74211a0cb87015694b25190d8aa69650507fd,c-overlap-trace-buil-nccl-2.20.5-ring-s-r000004-a6679e1c7f57dacf,a6679e1c7f57dacfa7e7117fc131caf76404d4288290b9e6731392cd91c58b72,a-000001,d77d5116bdc0fb4d153cae88819159cb3963ae31fcaeb43733ec0ba7804f2fdf,nccl-2.20.5-ring-simple,overlap-trace-build,4,59824645.121582,1,commcanary.rostam.physical.capture-measurement.v1,commcanary.rostam.physical.capture-producer.v1,3a0d881e3f6a374612a442f26b69570ea513e0518a36dd9dd0b06982f98b6171,2855275288e67a1a2d0bbefff0740841fdf0ecf0,false,,8c5f30748596f665cca0bde76d4637074ffff3fa077387dd12b993cf98d2cee6,aafc2104faa1952cd0fd1744b93c31b1f8141289ebe6227df0f310fd870f8602,d97209f285106ea53a9d05c83116102fca3a0b692ca34603ba0a6d6261536e0e,commcanary-wheel=954c9fe0ef908a448b5343c91e7d58e8785fc20a7fd029b699ca0e252614304d;environment-lock=d4b8b2dc177cb09cea84a5b5a51c99d4510a3270fe70286d2133382fbc4abd8b;gemm-calibration=cc4952da314e43f9885fd24dd85afa97440b0007edb2b0d6773d96f2b2deeecf;param-patch-contract=182942ecf6ed3c0ea267b1660a19be8601c16768640dd6ef3f112601a0b26f34;rostam-catalog=a4926ec9b012724b926fbc583b865bb083b7ad6526fee9ffc3e95129717195b8,python -m experiments.rostam.analyze verify --run-directory experiments/rostam/results/overlap-20260724-r1 --selection-id primary --verdict-sha256 5b153d0452df5033261d81f01db74211a0cb87015694b25190d8aa69650507fd --output-directory experiments/rostam/results/publications/overlap-20260724-r1-primary --archive-descriptor experiments/rostam/results/archives/overlap-20260724-r1-primary-5b153d0452df5033261d81f01db74211a0cb87015694b25190d8aa69650507fd.raw-archive-descriptor.json --raw-archive experiments/rostam/results/archives/overlap-20260724-r1-primary-5b153d0452df5033261d81f01db74211a0cb87015694b25190d8aa69650507fd.raw.tar.gz --baseline-config nccl-2.19.3-default --candidate-config nccl-2.20.5-default --median-threshold-pct 8.0 --median-absolute-threshold-us 1.0
measurement,COMPLETE,false,,overlap-20260724-r1,5d5eb9f4822e14f86023106742efdd48823b20b6a7cb866c3370367aced31d17,primary,e012e40613f57db8dc38d519dd85b85864f99dd3f95724b8cf0f7c62996239d9,5b153d0452df5033261d81f01db74211a0cb87015694b25190d8aa69650507fd,c-overlap-trace-buil-nccl-2.20.5-tree-l-r000000-31729c6e045a58c1,31729c6e045a58c1bdc1275e6139efcd66ce3bc431e13bdfdf550407868cdf58,a-000001,328f7ee5f070679cabb6c5fc2021c7e6c075a0d9512c42b518dbdc72cfff0de8,nccl-2.20.5-tree-ll,overlap-trace-build,0,61455118.762329,1,commcanary.rostam.physical.capture-measurement.v1,commcanary.rostam.physical.capture-producer.v1,3b0109a3146b76b8fa115ead2285a09e9562bc0893ccf354f320ac60b7296ab2,2855275288e67a1a2d0bbefff0740841fdf0ecf0,false,,8c5f30748596f665cca0bde76d4637074ffff3fa077387dd12b993cf98d2cee6,2a615711bba9592a0aea6f7b88e3c552bf4fce3a5f28161540a2a085854e98df,45692edfa89c02538c611cdb0f53075fc7d215a39886faf46c1574d158fb4f43,commcanary-wheel=954c9fe0ef908a448b5343c91e7d58e8785fc20a7fd029b699ca0e252614304d;environment-lock=d4b8b2dc177cb09cea84a5b5a51c99d4510a3270fe70286d2133382fbc4abd8b;gemm-calibration=cc4952da314e43f9885fd24dd85afa97440b0007edb2b0d6773d96f2b2deeecf;param-patch-contract=182942ecf6ed3c0ea267b1660a19be8601c16768640dd6ef3f112601a0b26f34;rostam-catalog=a4926ec9b012724b926fbc583b865bb083b7ad6526fee9ffc3e95129717195b8,python -m experiments.rostam.analyze verify --run-directory experiments/rostam/results/overlap-20260724-r1 --selection-id primary --verdict-sha256 5b153d0452df5033261d81f01db74211a0cb87015694b25190d8aa69650507fd --output-directory experiments/rostam/results/publications/overlap-20260724-r1-primary --archive-descriptor experiments/rostam/results/archives/overlap-20260724-r1-primary-5b153d0452df5033261d81f01db74211a0cb87015694b25190d8aa69650507fd.raw-archive-descriptor.json --raw-archive experiments/rostam/results/archives/overlap-20260724-r1-primary-5b153d0452df5033261d81f01db74211a0cb87015694b25190d8aa69650507fd.raw.tar.gz --baseline-config nccl-2.19.3-default --candidate-config nccl-2.20.5-default --median-threshold-pct 8.0 --median-absolute-threshold-us 1.0
measurement,COMPLETE,false,,overlap-20260724-r1,5d5eb9f4822e14f86023106742efdd48823b20b6a7cb866c3370367aced31d17,primary,e012e40613f57db8dc38d519dd85b85864f99dd3f95724b8cf0f7c62996239d9,5b153d0452df5033261d81f01db74211a0cb87015694b25190d8aa69650507fd,c-overlap-trace-buil-nccl-2.20.5-tree-l-r000000-af5454518ca06e43,af5454518ca06e4331bd1b4271c8008102a5e00914fa03c6bdbfd6c6fdec1559,a-000001,05343455d162af3d7a56aaa41eca4af6c392f1158f7e569d4832a273f9bafe66,nccl-2.20.5-tree-ll128,overlap-trace-build,0,60686622.980051,1,commcanary.rostam.physical.capture-measurement.v1,commcanary.rostam.physical.capture-producer.v1,5a20106a515c372456357248385215c2be9fec4d7b4f1596ee0cdda6ac6be737,2855275288e67a1a2d0bbefff0740841fdf0ecf0,false,,8c5f30748596f665cca0bde76d4637074ffff3fa077387dd12b993cf98d2cee6,7c0aeb8dd57433682bd246cc3aeda54c02380f8d328f42db9d16ca63d9c98e67,99fb69491b1a88f41eda2dda4998a6f11f82c07c1554ef9a4fca1b6315b7b9f5,commcanary-wheel=954c9fe0ef908a448b5343c91e7d58e8785fc20a7fd029b699ca0e252614304d;environment-lock=d4b8b2dc177cb09cea84a5b5a51c99d4510a3270fe70286d2133382fbc4abd8b;gemm-calibration=cc4952da314e43f9885fd24dd85afa97440b0007edb2b0d6773d96f2b2deeecf;param-patch-contract=182942ecf6ed3c0ea267b1660a19be8601c16768640dd6ef3f112601a0b26f34;rostam-catalog=a4926ec9b012724b926fbc583b865bb083b7ad6526fee9ffc3e95129717195b8,python -m experiments.rostam.analyze verify --run-directory experiments/rostam/results/overlap-20260724-r1 --selection-id primary --verdict-sha256 5b153d0452df5033261d81f01db74211a0cb87015694b25190d8aa69650507fd --output-directory experiments/rostam/results/publications/overlap-20260724-r1-primary --archive-descriptor experiments/rostam/results/archives/overlap-20260724-r1-primary-5b153d0452df5033261d81f01db74211a0cb87015694b25190d8aa69650507fd.raw-archive-descriptor.json --raw-archive experiments/rostam/results/archives/overlap-20260724-r1-primary-5b153d0452df5033261d81f01db74211a0cb87015694b25190d8aa69650507fd.raw.tar.gz --baseline-config nccl-2.19.3-default --candidate-config nccl-2.20.5-default --median-threshold-pct 8.0 --median-absolute-threshold-us 1.0
measurement,COMPLETE,false,,overlap-20260724-r1,5d5eb9f4822e14f86023106742efdd48823b20b6a7cb866c3370367aced31d17,primary,e012e40613f57db8dc38d519dd85b85864f99dd3f95724b8cf0f7c62996239d9,5b153d0452df5033261d81f01db74211a0cb87015694b25190d8aa69650507fd,c-overlap-trace-buil-nccl-2.20.5-tree-l-r000001-7ffa2c474959f0fd,7ffa2c474959f0fd7b06947436640a4a1ee8c51467d7cab46cfdf3feab897feb,a-000001,a485d1a3fa774f0385abbe161b14941c248d77a0c07d88c2e643b329e1163fe4,nccl-2.20.5-tree-ll128,overlap-trace-build,1,60506860.797293,1,commcanary.rostam.physical.capture-measurement.v1,commcanary.rostam.physical.capture-producer.v1,ea6400977ef653f70d168b58e9ffa92c79d2c8d6b334ebde217a2d32f7bad96b,2855275288e67a1a2d0bbefff0740841fdf0ecf0,false,,8c5f30748596f665cca0bde76d4637074ffff3fa077387dd12b993cf98d2cee6,2f3bd9466152a9f704d5ea348c473a992cb267ad5d53fb27cb012d6b5226040a,e8436126aacaf86ee314afaec7d31a7a4680a31cd25438b47ec4bc8533745db5,commcanary-wheel=954c9fe0ef908a448b5343c91e7d58e8785fc20a7fd029b699ca0e252614304d;environment-lock=d4b8b2dc177cb09cea84a5b5a51c99d4510a3270fe70286d2133382fbc4abd8b;gemm-calibration=cc4952da314e43f9885fd24dd85afa97440b0007edb2b0d6773d96f2b2deeecf;param-patch-contract=182942ecf6ed3c0ea267b1660a19be8601c16768640dd6ef3f112601a0b26f34;rostam-catalog=a4926ec9b012724b926fbc583b865bb083b7ad6526fee9ffc3e95129717195b8,python -m experiments.rostam.analyze verify --run-directory experiments/rostam/results/overlap-20260724-r1 --selection-id primary --verdict-sha256 5b153d0452df5033261d81f01db74211a0cb87015694b25190d8aa69650507fd --output-directory experiments/rostam/results/publications/overlap-20260724-r1-primary --archive-descriptor experiments/rostam/results/archives/overlap-20260724-r1-primary-5b153d0452df5033261d81f01db74211a0cb87015694b25190d8aa69650507fd.raw-archive-descriptor.json --raw-archive experiments/rostam/results/archives/overlap-20260724-r1-primary-5b153d0452df5033261d81f01db74211a0cb87015694b25190d8aa69650507fd.raw.tar.gz --baseline-config nccl-2.19.3-default --candidate-config nccl-2.20.5-default --median-threshold-pct 8.0 --median-absolute-threshold-us 1.0
measurement,COMPLETE,false,,overlap-20260724-r1,5d5eb9f4822e14f86023106742efdd48823b20b6a7cb866c3370367aced31d17,primary,e012e40613f57db8dc38d519dd85b85864f99dd3f95724b8cf0f7c62996239d9,5b153d0452df5033261d81f01db74211a0cb87015694b25190d8aa69650507fd,c-overlap-trace-buil-nccl-2.20.5-tree-l-r000001-bac4536b433ec592,bac4536b433ec5921a8acf73cf84c42d0a1b874d3bb0085030a903587f6829dc,a-000001,b2fe7ac55b0e93239c496cbafcfa298dfcedcd0aec6d43aa3e74f0a6854d5470,nccl-2.20.5-tree-ll,overlap-trace-build,1,60705331.321806,1,commcanary.rostam.physical.capture-measurement.v1,commcanary.rostam.physical.capture-producer.v1,b5444ef665a948a2d5deb29a3c5f0548511a9a94b25b4821317dfaa45b6afdab,2855275288e67a1a2d0bbefff0740841fdf0ecf0,false,,8c5f30748596f665cca0bde76d4637074ffff3fa077387dd12b993cf98d2cee6,9fb5428b4709405ee5986e8b1cae9f788347b300f69804cfe25c856eef74f2f5,c397ebdb0e654df8b64c4ffa8bfe56a5bae11f76c38699294bf9eb808328b199,commcanary-wheel=954c9fe0ef908a448b5343c91e7d58e8785fc20a7fd029b699ca0e252614304d;environment-lock=d4b8b2dc177cb09cea84a5b5a51c99d4510a3270fe70286d2133382fbc4abd8b;gemm-calibration=cc4952da314e43f9885fd24dd85afa97440b0007edb2b0d6773d96f2b2deeecf;param-patch-contract=182942ecf6ed3c0ea267b1660a19be8601c16768640dd6ef3f112601a0b26f34;rostam-catalog=a4926ec9b012724b926fbc583b865bb083b7ad6526fee9ffc3e95129717195b8,python -m experiments.rostam.analyze verify --run-directory experiments/rostam/results/overlap-20260724-r1 --selection-id primary --verdict-sha256 5b153d0452df5033261d81f01db74211a0cb87015694b25190d8aa69650507fd --output-directory experiments/rostam/results/publications/overlap-20260724-r1-primary --archive-descriptor experiments/rostam/results/archives/overlap-20260724-r1-primary-5b153d0452df5033261d81f01db74211a0cb87015694b25190d8aa69650507fd.raw-archive-descriptor.json --raw-archive experiments/rostam/results/archives/overlap-20260724-r1-primary-5b153d0452df5033261d81f01db74211a0cb87015694b25190d8aa69650507fd.raw.tar.gz --baseline-config nccl-2.19.3-default --candidate-config nccl-2.20.5-default --median-threshold-pct 8.0 --median-absolute-threshold-us 1.0
measurement,COMPLETE,false,,overlap-20260724-r1,5d5eb9f4822e14f86023106742efdd48823b20b6a7cb866c3370367aced31d17,primary,e012e40613f57db8dc38d519dd85b85864f99dd3f95724b8cf0f7c62996239d9,5b153d0452df5033261d81f01db74211a0cb87015694b25190d8aa69650507fd,c-overlap-trace-buil-nccl-2.20.5-tree-l-r000002-4fd35e22ed08bf20,4fd35e22ed08bf20d6b80f656e5e3203e5195171e6b80dc972032ac54e8ee7f9,a-000001,2ecdb3d33bf21ad591955eb791aa59af11d4de082d853ef4baf431e5f27e637c,nccl-2.20.5-tree-ll,overlap-trace-build,2,61188966.759481,1,commcanary.rostam.physical.capture-measurement.v1,commcanary.rostam.physical.capture-producer.v1,1536ee7e7ad9a0e8bdc3016ca645f0fbad3b736a36e48961d97c65641e109aee,2855275288e67a1a2d0bbefff0740841fdf0ecf0,false,,8c5f30748596f665cca0bde76d4637074ffff3fa077387dd12b993cf98d2cee6,65d1c9255d82bcb4c97c20408046a840f730a456cb88444fe1afc75b4c557967,a54b3a27901f7975c41657c266ad499275ce182db58a4d8695e5394617ca777e,commcanary-wheel=954c9fe0ef908a448b5343c91e7d58e8785fc20a7fd029b699ca0e252614304d;environment-lock=d4b8b2dc177cb09cea84a5b5a51c99d4510a3270fe70286d2133382fbc4abd8b;gemm-calibration=cc4952da314e43f9885fd24dd85afa97440b0007edb2b0d6773d96f2b2deeecf;param-patch-contract=182942ecf6ed3c0ea267b1660a19be8601c16768640dd6ef3f112601a0b26f34;rostam-catalog=a4926ec9b012724b926fbc583b865bb083b7ad6526fee9ffc3e95129717195b8,python -m experiments.rostam.analyze verify --run-directory experiments/rostam/results/overlap-20260724-r1 --selection-id primary --verdict-sha256 5b153d0452df5033261d81f01db74211a0cb87015694b25190d8aa69650507fd --output-directory experiments/rostam/results/publications/overlap-20260724-r1-primary --archive-descriptor experiments/rostam/results/archives/overlap-20260724-r1-primary-5b153d0452df5033261d81f01db74211a0cb87015694b25190d8aa69650507fd.raw-archive-descriptor.json --raw-archive experiments/rostam/results/archives/overlap-20260724-r1-primary-5b153d0452df5033261d81f01db74211a0cb87015694b25190d8aa69650507fd.raw.tar.gz --baseline-config nccl-2.19.3-default --candidate-config nccl-2.20.5-default --median-threshold-pct 8.0 --median-absolute-threshold-us 1.0
measurement,COMPLETE,false,,overlap-20260724-r1,5d5eb9f4822e14f86023106742efdd48823b20b6a7cb866c3370367aced31d17,primary,e012e40613f57db8dc38d519dd85b85864f99dd3f95724b8cf0f7c62996239d9,5b153d0452df5033261d81f01db74211a0cb87015694b25190d8aa69650507fd,c-overlap-trace-buil-nccl-2.20.5-tree-l-r000002-cebb8bf5c2ac793f,cebb8bf5c2ac793ffb633fd05f304516114e13b5c41146a30a2358eecafe937a,a-000001,f249be530e0c0ce0bc342efe1e60318938c2dd627ce2f97bff40e9598a3a8753,nccl-2.20.5-tree-ll128,overlap-trace-build,2,60368008.768186,1,commcanary.rostam.physical.capture-measurement.v1,commcanary.rostam.physical.capture-producer.v1,79de752b0196ba8ea6fe4d572f7ed41c44f589c5c554c5e0bdd1b09e146d1ec2,2855275288e67a1a2d0bbefff0740841fdf0ecf0,false,,8c5f30748596f665cca0bde76d4637074ffff3fa077387dd12b993cf98d2cee6,f376f4ac4c635def3b1a96f228747cca9c392f78053802d08e222b59ef9452aa,1afb179ad0429d277920799bb66e512ce28dbfaed3eb990d7427ccdb48561e2d,commcanary-wheel=954c9fe0ef908a448b5343c91e7d58e8785fc20a7fd029b699ca0e252614304d;environment-lock=d4b8b2dc177cb09cea84a5b5a51c99d4510a3270fe70286d2133382fbc4abd8b;gemm-calibration=cc4952da314e43f9885fd24dd85afa97440b0007edb2b0d6773d96f2b2deeecf;param-patch-contract=182942ecf6ed3c0ea267b1660a19be8601c16768640dd6ef3f112601a0b26f34;rostam-catalog=a4926ec9b012724b926fbc583b865bb083b7ad6526fee9ffc3e95129717195b8,python -m experiments.rostam.analyze verify --run-directory experiments/rostam/results/overlap-20260724-r1 --selection-id primary --verdict-sha256 5b153d0452df5033261d81f01db74211a0cb87015694b25190d8aa69650507fd --output-directory experiments/rostam/results/publications/overlap-20260724-r1-primary --archive-descriptor experiments/rostam/results/archives/overlap-20260724-r1-primary-5b153d0452df5033261d81f01db74211a0cb87015694b25190d8aa69650507fd.raw-archive-descriptor.json --raw-archive experiments/rostam/results/archives/overlap-20260724-r1-primary-5b153d0452df5033261d81f01db74211a0cb87015694b25190d8aa69650507fd.raw.tar.gz --baseline-config nccl-2.19.3-default --candidate-config nccl-2.20.5-default --median-threshold-pct 8.0 --median-absolute-threshold-us 1.0
measurement,COMPLETE,false,,overlap-20260724-r1,5d5eb9f4822e14f86023106742efdd48823b20b6a7cb866c3370367aced31d17,primary,e012e40613f57db8dc38d519dd85b85864f99dd3f95724b8cf0f7c62996239d9,5b153d0452df5033261d81f01db74211a0cb87015694b25190d8aa69650507fd,c-overlap-trace-buil-nccl-2.20.5-tree-l-r000003-011d141364152295,011d1413641522953eef3538e817df07d3ccf857c952a6d24660f610e78c17b9,a-000001,8fcacdc12ee7bc6fcf53fe05214fd2f6e6957f190efd9d0d5aaaa0fb9224ac24,nccl-2.20.5-tree-ll,overlap-trace-build,3,61029590.186663,1,commcanary.rostam.physical.capture-measurement.v1,commcanary.rostam.physical.capture-producer.v1,c9e6f7099d1ac6fef92764ef9835baf0b15b6b31f9b44750a4f08e3ebdb3b995,2855275288e67a1a2d0bbefff0740841fdf0ecf0,false,,8c5f30748596f665cca0bde76d4637074ffff3fa077387dd12b993cf98d2cee6,b20d65bdfec5b917b81e58f61e0b0577c112eccba3fc1586e29fb7cc2795b339,0d82f482972e1fb652e20f5f3c5d30f4d9545df879fb89e83de21638e4f6e8e6,commcanary-wheel=954c9fe0ef908a448b5343c91e7d58e8785fc20a7fd029b699ca0e252614304d;environment-lock=d4b8b2dc177cb09cea84a5b5a51c99d4510a3270fe70286d2133382fbc4abd8b;gemm-calibration=cc4952da314e43f9885fd24dd85afa97440b0007edb2b0d6773d96f2b2deeecf;param-patch-contract=182942ecf6ed3c0ea267b1660a19be8601c16768640dd6ef3f112601a0b26f34;rostam-catalog=a4926ec9b012724b926fbc583b865bb083b7ad6526fee9ffc3e95129717195b8,python -m experiments.rostam.analyze verify --run-directory experiments/rostam/results/overlap-20260724-r1 --selection-id primary --verdict-sha256 5b153d0452df5033261d81f01db74211a0cb87015694b25190d8aa69650507fd --output-directory experiments/rostam/results/publications/overlap-20260724-r1-primary --archive-descriptor experiments/rostam/results/archives/overlap-20260724-r1-primary-5b153d0452df5033261d81f01db74211a0cb87015694b25190d8aa69650507fd.raw-archive-descriptor.json --raw-archive experiments/rostam/results/archives/overlap-20260724-r1-primary-5b153d0452df5033261d81f01db74211a0cb87015694b25190d8aa69650507fd.raw.tar.gz --baseline-config nccl-2.19.3-default --candidate-config nccl-2.20.5-default --median-threshold-pct 8.0 --median-absolute-threshold-us 1.0
measurement,COMPLETE,false,,overlap-20260724-r1,5d5eb9f4822e14f86023106742efdd48823b20b6a7cb866c3370367aced31d17,primary,e012e40613f57db8dc38d519dd85b85864f99dd3f95724b8cf0f7c62996239d9,5b153d0452df5033261d81f01db74211a0cb87015694b25190d8aa69650507fd,c-overlap-trace-buil-nccl-2.20.5-tree-l-r000003-d50025c132a63a08,d50025c132a63a083c7a89b73f01e2a97067b8e5b0e8251cf22e002579d4501c,a-000001,37d1800d3b1de1e27f82e2187fc25fa84ab2766541b14c4812d735587ad2c140,nccl-2.20.5-tree-ll128,overlap-trace-build,3,60161535.900086,1,commcanary.rostam.physical.capture-measurement.v1,commcanary.rostam.physical.capture-producer.v1,dc1e53b53ee82bf2580551719e23bfa4d98fbb56d2415857a13ec16488b9abcc,2855275288e67a1a2d0bbefff0740841fdf0ecf0,false,,8c5f30748596f665cca0bde76d4637074ffff3fa077387dd12b993cf98d2cee6,f1f79cdd23848de0145a97762a1c34925408c8eba3baa7de255b2b23dbcbd064,32b1f5156cc18fb68b03ad5233cce11340434adbe103c4593ebd173adf55bdfb,commcanary-wheel=954c9fe0ef908a448b5343c91e7d58e8785fc20a7fd029b699ca0e252614304d;environment-lock=d4b8b2dc177cb09cea84a5b5a51c99d4510a3270fe70286d2133382fbc4abd8b;gemm-calibration=cc4952da314e43f9885fd24dd85afa97440b0007edb2b0d6773d96f2b2deeecf;param-patch-contract=182942ecf6ed3c0ea267b1660a19be8601c16768640dd6ef3f112601a0b26f34;rostam-catalog=a4926ec9b012724b926fbc583b865bb083b7ad6526fee9ffc3e95129717195b8,python -m experiments.rostam.analyze verify --run-directory experiments/rostam/results/overlap-20260724-r1 --selection-id primary --verdict-sha256 5b153d0452df5033261d81f01db74211a0cb87015694b25190d8aa69650507fd --output-directory experiments/rostam/results/publications/overlap-20260724-r1-primary --archive-descriptor experiments/rostam/results/archives/overlap-20260724-r1-primary-5b153d0452df5033261d81f01db74211a0cb87015694b25190d8aa69650507fd.raw-archive-descriptor.json --raw-archive experiments/rostam/results/archives/overlap-20260724-r1-primary-5b153d0452df5033261d81f01db74211a0cb87015694b25190d8aa69650507fd.raw.tar.gz --baseline-config nccl-2.19.3-default --candidate-config nccl-2.20.5-default --median-threshold-pct 8.0 --median-absolute-threshold-us 1.0
measurement,COMPLETE,false,,overlap-20260724-r1,5d5eb9f4822e14f86023106742efdd48823b20b6a7cb866c3370367aced31d17,primary,e012e40613f57db8dc38d519dd85b85864f99dd3f95724b8cf0f7c62996239d9,5b153d0452df5033261d81f01db74211a0cb87015694b25190d8aa69650507fd,c-overlap-trace-buil-nccl-2.20.5-tree-l-r000004-1d0ef4bc5ca7e6c7,1d0ef4bc5ca7e6c706ba5292286fa95ed8f4c9cea0e1359a7c38685faaebd1d8,a-000001,bc0b108d38897d84ab080d64b2b099772437f60d6f883e51a02323d333eed17c,nccl-2.20.5-tree-ll,overlap-trace-build,4,61093421.047553,1,commcanary.rostam.physical.capture-measurement.v1,commcanary.rostam.physical.capture-producer.v1,8863f143ece0db94000ab05d36adc7c4832089c89a22832cb48c7ffb943a3167,2855275288e67a1a2d0bbefff0740841fdf0ecf0,false,,8c5f30748596f665cca0bde76d4637074ffff3fa077387dd12b993cf98d2cee6,d3fb7c1fc4d251176778731b51a33706432edf8d4c6736398264013a87c3c4aa,2adb93cdd358cf004eb69262f0afac87e4023f022cf393d88fd10aada28e5d65,commcanary-wheel=954c9fe0ef908a448b5343c91e7d58e8785fc20a7fd029b699ca0e252614304d;environment-lock=d4b8b2dc177cb09cea84a5b5a51c99d4510a3270fe70286d2133382fbc4abd8b;gemm-calibration=cc4952da314e43f9885fd24dd85afa97440b0007edb2b0d6773d96f2b2deeecf;param-patch-contract=182942ecf6ed3c0ea267b1660a19be8601c16768640dd6ef3f112601a0b26f34;rostam-catalog=a4926ec9b012724b926fbc583b865bb083b7ad6526fee9ffc3e95129717195b8,python -m experiments.rostam.analyze verify --run-directory experiments/rostam/results/overlap-20260724-r1 --selection-id primary --verdict-sha256 5b153d0452df5033261d81f01db74211a0cb87015694b25190d8aa69650507fd --output-directory experiments/rostam/results/publications/overlap-20260724-r1-primary --archive-descriptor experiments/rostam/results/archives/overlap-20260724-r1-primary-5b153d0452df5033261d81f01db74211a0cb87015694b25190d8aa69650507fd.raw-archive-descriptor.json --raw-archive experiments/rostam/results/archives/overlap-20260724-r1-primary-5b153d0452df5033261d81f01db74211a0cb87015694b25190d8aa69650507fd.raw.tar.gz --baseline-config nccl-2.19.3-default --candidate-config nccl-2.20.5-default --median-threshold-pct 8.0 --median-absolute-threshold-us 1.0
measurement,COMPLETE,false,,overlap-20260724-r1,5d5eb9f4822e14f86023106742efdd48823b20b6a7cb866c3370367aced31d17,primary,e012e40613f57db8dc38d519dd85b85864f99dd3f95724b8cf0f7c62996239d9,5b153d0452df5033261d81f01db74211a0cb87015694b25190d8aa69650507fd,c-overlap-trace-buil-nccl-2.20.5-tree-l-r000004-4181469091479e85,4181469091479e8540bee15b2362b40b9598887ad4126a291fac82b58bb6e8c5,a-000001,33b18e1b35a820e37c0b2b08916c7b12548ca60654f2318c6121fabb90d8c421,nccl-2.20.5-tree-ll128,overlap-trace-build,4,60292305.812240,1,commcanary.rostam.physical.capture-measurement.v1,commcanary.rostam.physical.capture-producer.v1,aaf65a8b18c8bc9137fe2f032d08d647a530fa28a1ff3cbe50ad03a5a4dfffba,2855275288e67a1a2d0bbefff0740841fdf0ecf0,false,,8c5f30748596f665cca0bde76d4637074ffff3fa077387dd12b993cf98d2cee6,d7aabd1f77d5879adb981b4d16e5b99ca7b98bbb38b81d6926662c1119a7eb1a,130bf42fe6a9fcebd24d6c17d376e448101742a5f95500c5a488033ce2c08c80,commcanary-wheel=954c9fe0ef908a448b5343c91e7d58e8785fc20a7fd029b699ca0e252614304d;environment-lock=d4b8b2dc177cb09cea84a5b5a51c99d4510a3270fe70286d2133382fbc4abd8b;gemm-calibration=cc4952da314e43f9885fd24dd85afa97440b0007edb2b0d6773d96f2b2deeecf;param-patch-contract=182942ecf6ed3c0ea267b1660a19be8601c16768640dd6ef3f112601a0b26f34;rostam-catalog=a4926ec9b012724b926fbc583b865bb083b7ad6526fee9ffc3e95129717195b8,python -m experiments.rostam.analyze verify --run-directory experiments/rostam/results/overlap-20260724-r1 --selection-id primary --verdict-sha256 5b153d0452df5033261d81f01db74211a0cb87015694b25190d8aa69650507fd --output-directory experiments/rostam/results/publications/overlap-20260724-r1-primary --archive-descriptor experiments/rostam/results/archives/overlap-20260724-r1-primary-5b153d0452df5033261d81f01db74211a0cb87015694b25190d8aa69650507fd.raw-archive-descriptor.json --raw-archive experiments/rostam/results/archives/overlap-20260724-r1-primary-5b153d0452df5033261d81f01db74211a0cb87015694b25190d8aa69650507fd.raw.tar.gz --baseline-config nccl-2.19.3-default --candidate-config nccl-2.20.5-default --median-threshold-pct 8.0 --median-absolute-threshold-us 1.0
measurement,COMPLETE,false,,overlap-20260724-r1,5d5eb9f4822e14f86023106742efdd48823b20b6a7cb866c3370367aced31d17,primary,e012e40613f57db8dc38d519dd85b85864f99dd3f95724b8cf0f7c62996239d9,5b153d0452df5033261d81f01db74211a0cb87015694b25190d8aa69650507fd,c-overlap-trace-buil-nccl-2.20.5-tree-s-r000000-bdbd33e462ddd908,bdbd33e462ddd908c0551d56380d22fc5aff34745c3cdc16dc514443b158bf2c,a-000001,d58b996cb6363ec0da71fa4a4f973fc9570a97fcff493103822c1328a6ed31ca,nccl-2.20.5-tree-simple,overlap-trace-build,0,60294538.442977,1,commcanary.rostam.physical.capture-measurement.v1,commcanary.rostam.physical.capture-producer.v1,f4df0f494b7a3ed047a8c73a97bfd492a9655cae1bc2ebc6a8d86032b7be3951,2855275288e67a1a2d0bbefff0740841fdf0ecf0,false,,8c5f30748596f665cca0bde76d4637074ffff3fa077387dd12b993cf98d2cee6,19a21ee5b70f3a3c52764c9d932025d11740631b735967c9632d9ab4ea62ae49,60af88125f8a415a5d3378dbd28632014849e2453b754e5b4c6633c876771360,commcanary-wheel=954c9fe0ef908a448b5343c91e7d58e8785fc20a7fd029b699ca0e252614304d;environment-lock=d4b8b2dc177cb09cea84a5b5a51c99d4510a3270fe70286d2133382fbc4abd8b;gemm-calibration=cc4952da314e43f9885fd24dd85afa97440b0007edb2b0d6773d96f2b2deeecf;param-patch-contract=182942ecf6ed3c0ea267b1660a19be8601c16768640dd6ef3f112601a0b26f34;rostam-catalog=a4926ec9b012724b926fbc583b865bb083b7ad6526fee9ffc3e95129717195b8,python -m experiments.rostam.analyze verify --run-directory experiments/rostam/results/overlap-20260724-r1 --selection-id primary --verdict-sha256 5b153d0452df5033261d81f01db74211a0cb87015694b25190d8aa69650507fd --output-directory experiments/rostam/results/publications/overlap-20260724-r1-primary --archive-descriptor experiments/rostam/results/archives/overlap-20260724-r1-primary-5b153d0452df5033261d81f01db74211a0cb87015694b25190d8aa69650507fd.raw-archive-descriptor.json --raw-archive experiments/rostam/results/archives/overlap-20260724-r1-primary-5b153d0452df5033261d81f01db74211a0cb87015694b25190d8aa69650507fd.raw.tar.gz --baseline-config nccl-2.19.3-default --candidate-config nccl-2.20.5-default --median-threshold-pct 8.0 --median-absolute-threshold-us 1.0
measurement,COMPLETE,false,,overlap-20260724-r1,5d5eb9f4822e14f86023106742efdd48823b20b6a7cb866c3370367aced31d17,primary,e012e40613f57db8dc38d519dd85b85864f99dd3f95724b8cf0f7c62996239d9,5b153d0452df5033261d81f01db74211a0cb87015694b25190d8aa69650507fd,c-overlap-trace-buil-nccl-2.20.5-tree-s-r000001-41b8d461f0ab33e1,41b8d461f0ab33e10ae40e482e3db7459e08ec32fc984a6b644c054be23c52df,a-000001,f4c778c3d4d2194afa89ba0da907fd7d3bed1f645eda840b57bb453f38a60d73,nccl-2.20.5-tree-simple,overlap-trace-build,1,60442416.843958,1,commcanary.rostam.physical.capture-measurement.v1,commcanary.rostam.physical.capture-producer.v1,be97cdad74c7c4246ea27b24c0def878234d723fbaf5460007796d31ec275da3,2855275288e67a1a2d0bbefff0740841fdf0ecf0,false,,8c5f30748596f665cca0bde76d4637074ffff3fa077387dd12b993cf98d2cee6,e406dec61bb5312b30c88a15d7874aee2c3a10f3009c744c08a376209d1922f5,b0cf468033544f01cce5d6841b8db6e8a20a9d2b44df627e24e1b559c2f4ce20,commcanary-wheel=954c9fe0ef908a448b5343c91e7d58e8785fc20a7fd029b699ca0e252614304d;environment-lock=d4b8b2dc177cb09cea84a5b5a51c99d4510a3270fe70286d2133382fbc4abd8b;gemm-calibration=cc4952da314e43f9885fd24dd85afa97440b0007edb2b0d6773d96f2b2deeecf;param-patch-contract=182942ecf6ed3c0ea267b1660a19be8601c16768640dd6ef3f112601a0b26f34;rostam-catalog=a4926ec9b012724b926fbc583b865bb083b7ad6526fee9ffc3e95129717195b8,python -m experiments.rostam.analyze verify --run-directory experiments/rostam/results/overlap-20260724-r1 --selection-id primary --verdict-sha256 5b153d0452df5033261d81f01db74211a0cb87015694b25190d8aa69650507fd --output-directory experiments/rostam/results/publications/overlap-20260724-r1-primary --archive-descriptor experiments/rostam/results/archives/overlap-20260724-r1-primary-5b153d0452df5033261d81f01db74211a0cb87015694b25190d8aa69650507fd.raw-archive-descriptor.json --raw-archive experiments/rostam/results/archives/overlap-20260724-r1-primary-5b153d0452df5033261d81f01db74211a0cb87015694b25190d8aa69650507fd.raw.tar.gz --baseline-config nccl-2.19.3-default --candidate-config nccl-2.20.5-default --median-threshold-pct 8.0 --median-absolute-threshold-us 1.0
measurement,COMPLETE,false,,overlap-20260724-r1,5d5eb9f4822e14f86023106742efdd48823b20b6a7cb866c3370367aced31d17,primary,e012e40613f57db8dc38d519dd85b85864f99dd3f95724b8cf0f7c62996239d9,5b153d0452df5033261d81f01db74211a0cb87015694b25190d8aa69650507fd,c-overlap-trace-buil-nccl-2.20.5-tree-s-r000002-87c6c1c73c221ac3,87c6c1c73c221ac373bdb16352bc5d8daf3556840dc59358d5a84980faf1cbf7,a-000001,1891c42bc6faedbdac6ed4fbb5ab475abff0e1e6f60e4027f1286a94097c3f96,nccl-2.20.5-tree-simple,overlap-trace-build,2,60393350.044265,1,commcanary.rostam.physical.capture-measurement.v1,commcanary.rostam.physical.capture-producer.v1,eef999931036c5fa224de6e6d2101ee2dc35497e85667f0b8962f7955ee95d26,2855275288e67a1a2d0bbefff0740841fdf0ecf0,false,,8c5f30748596f665cca0bde76d4637074ffff3fa077387dd12b993cf98d2cee6,107f26d1f7113ac7ff1fd38db7646e0a2fb92563c170be45b2e0de282284b259,d6f3c66e2503bfee1f2cd5d953807f78c04363cd61c51a09edfc13f3d58df3dd,commcanary-wheel=954c9fe0ef908a448b5343c91e7d58e8785fc20a7fd029b699ca0e252614304d;environment-lock=d4b8b2dc177cb09cea84a5b5a51c99d4510a3270fe70286d2133382fbc4abd8b;gemm-calibration=cc4952da314e43f9885fd24dd85afa97440b0007edb2b0d6773d96f2b2deeecf;param-patch-contract=182942ecf6ed3c0ea267b1660a19be8601c16768640dd6ef3f112601a0b26f34;rostam-catalog=a4926ec9b012724b926fbc583b865bb083b7ad6526fee9ffc3e95129717195b8,python -m experiments.rostam.analyze verify --run-directory experiments/rostam/results/overlap-20260724-r1 --selection-id primary --verdict-sha256 5b153d0452df5033261d81f01db74211a0cb87015694b25190d8aa69650507fd --output-directory experiments/rostam/results/publications/overlap-20260724-r1-primary --archive-descriptor experiments/rostam/results/archives/overlap-20260724-r1-primary-5b153d0452df5033261d81f01db74211a0cb87015694b25190d8aa69650507fd.raw-archive-descriptor.json --raw-archive experiments/rostam/results/archives/overlap-20260724-r1-primary-5b153d0452df5033261d81f01db74211a0cb87015694b25190d8aa69650507fd.raw.tar.gz --baseline-config nccl-2.19.3-default --candidate-config nccl-2.20.5-default --median-threshold-pct 8.0 --median-absolute-threshold-us 1.0
measurement,COMPLETE,false,,overlap-20260724-r1,5d5eb9f4822e14f86023106742efdd48823b20b6a7cb866c3370367aced31d17,primary,e012e40613f57db8dc38d519dd85b85864f99dd3f95724b8cf0f7c62996239d9,5b153d0452df5033261d81f01db74211a0cb87015694b25190d8aa69650507fd,c-overlap-trace-buil-nccl-2.20.5-tree-s-r000003-2f63532a4bac1d02,2f63532a4bac1d020d670159452ef7dad75d4e6230899e07a427de0c86e33af0,a-000001,81c404eb53d4f05700196c18801013358846f74b7934b748b11d0c1da66bb1f1,nccl-2.20.5-tree-simple,overlap-trace-build,3,60709080.248140,1,commcanary.rostam.physical.capture-measurement.v1,commcanary.rostam.physical.capture-producer.v1,f83723b5a17535541c6c38a780f8efb678676fd7a471c2c865cb56264c116328,2855275288e67a1a2d0bbefff0740841fdf0ecf0,false,,8c5f30748596f665cca0bde76d4637074ffff3fa077387dd12b993cf98d2cee6,9c979d40bea766996067a36208a56e97c7737d1fc9d265153f7bac7c7323c503,9527f9ecce19f41e4bc04ea94344a227426d40aff40c4419ba23c1b4c0d40e6c,commcanary-wheel=954c9fe0ef908a448b5343c91e7d58e8785fc20a7fd029b699ca0e252614304d;environment-lock=d4b8b2dc177cb09cea84a5b5a51c99d4510a3270fe70286d2133382fbc4abd8b;gemm-calibration=cc4952da314e43f9885fd24dd85afa97440b0007edb2b0d6773d96f2b2deeecf;param-patch-contract=182942ecf6ed3c0ea267b1660a19be8601c16768640dd6ef3f112601a0b26f34;rostam-catalog=a4926ec9b012724b926fbc583b865bb083b7ad6526fee9ffc3e95129717195b8,python -m experiments.rostam.analyze verify --run-directory experiments/rostam/results/overlap-20260724-r1 --selection-id primary --verdict-sha256 5b153d0452df5033261d81f01db74211a0cb87015694b25190d8aa69650507fd --output-directory experiments/rostam/results/publications/overlap-20260724-r1-primary --archive-descriptor experiments/rostam/results/archives/overlap-20260724-r1-primary-5b153d0452df5033261d81f01db74211a0cb87015694b25190d8aa69650507fd.raw-archive-descriptor.json --raw-archive experiments/rostam/results/archives/overlap-20260724-r1-primary-5b153d0452df5033261d81f01db74211a0cb87015694b25190d8aa69650507fd.raw.tar.gz --baseline-config nccl-2.19.3-default --candidate-config nccl-2.20.5-default --median-threshold-pct 8.0 --median-absolute-threshold-us 1.0
measurement,COMPLETE,false,,overlap-20260724-r1,5d5eb9f4822e14f86023106742efdd48823b20b6a7cb866c3370367aced31d17,primary,e012e40613f57db8dc38d519dd85b85864f99dd3f95724b8cf0f7c62996239d9,5b153d0452df5033261d81f01db74211a0cb87015694b25190d8aa69650507fd,c-overlap-trace-buil-nccl-2.20.5-tree-s-r000004-f4781ac471ab7e51,f4781ac471ab7e514900351cf4f408f5b27c8c7dcffc14390435f3d9c5ac1d48,a-000001,bec4701e37d3998d88fa5ddce2a3d82ee5db77d524380d53c984631916662502,nccl-2.20.5-tree-simple,overlap-trace-build,4,60755756.468512,1,commcanary.rostam.physical.capture-measurement.v1,commcanary.rostam.physical.capture-producer.v1,d10a63a25ff117566c21d0ddbf5088f1f022e06037c39c1e11d59aa4ce15081d,2855275288e67a1a2d0bbefff0740841fdf0ecf0,false,,8c5f30748596f665cca0bde76d4637074ffff3fa077387dd12b993cf98d2cee6,b506d4974059cd65a2689ffd8846802f9e8a029b76d43a3306e747d9fd1c3316,4b787cb37d9c6c4e68f65e18206ae60a4353d4800e7a94cdae0a241caed20a86,commcanary-wheel=954c9fe0ef908a448b5343c91e7d58e8785fc20a7fd029b699ca0e252614304d;environment-lock=d4b8b2dc177cb09cea84a5b5a51c99d4510a3270fe70286d2133382fbc4abd8b;gemm-calibration=cc4952da314e43f9885fd24dd85afa97440b0007edb2b0d6773d96f2b2deeecf;param-patch-contract=182942ecf6ed3c0ea267b1660a19be8601c16768640dd6ef3f112601a0b26f34;rostam-catalog=a4926ec9b012724b926fbc583b865bb083b7ad6526fee9ffc3e95129717195b8,python -m experiments.rostam.analyze verify --run-directory experiments/rostam/results/overlap-20260724-r1 --selection-id primary --verdict-sha256 5b153d0452df5033261d81f01db74211a0cb87015694b25190d8aa69650507fd --output-directory experiments/rostam/results/publications/overlap-20260724-r1-primary --archive-descriptor experiments/rostam/results/archives/overlap-20260724-r1-primary-5b153d0452df5033261d81f01db74211a0cb87015694b25190d8aa69650507fd.raw-archive-descriptor.json --raw-archive experiments/rostam/results/archives/overlap-20260724-r1-primary-5b153d0452df5033261d81f01db74211a0cb87015694b25190d8aa69650507fd.raw.tar.gz --baseline-config nccl-2.19.3-default --candidate-config nccl-2.20.5-default --median-threshold-pct 8.0 --median-absolute-threshold-us 1.0
